trade_id,entry_time,exit_time,entry_price,exit_price,side,matched_5s,matched_10s,matched_30s,matched_60s,matched_300s,root_cause
,2024-03-08T15:38:28.345842+00:00,2024-03-08T15:38:42.645950+00:00,18374.5,18383.75,SHORT,False,False,False,False,False,NO_LOG_FILLS
,2024-03-08T15:41:19.997650+00:00,2024-03-08T15:41:31.504128+00:00,18388.5,18395.0,SHORT,False,False,False,False,False,NO_LOG_FILLS
,2024-03-08T15:43:30.999138+00:00,2024-03-08T15:45:13.327571+00:00,18384.0,18375.75,SHORT,False,False,False,False,False,NO_LOG_FILLS
,2024-03-08T15:43:30.999138+00:00,2024-03-08T15:45:20.833045+00:00,18384.0,18367.5,SHORT,False,False,False,False,False,NO_LOG_FILLS
,2024-03-08T15:43:30.999138+00:00,2024-03-08T15:46:03.407450+00:00,18384.0,18353.0,SHORT,False,False,False,False,False,NO_LOG_FILLS
,2024-03-08T16:03:59.640349+00:00,2024-03-08T16:05:35.297751+00:00,18326.0,18308.25,LONG,False,False,False,False,False,NO_LOG_FILLS
,2024-03-08T16:06:09.276870+00:00,2024-03-08T16:06:18.713047+00:00,18309.75,18318.5,LONG,False,False,False,False,False,NO_LOG_FILLS
,2024-03-08T16:06:09.276870+00:00,2024-03-08T16:08:44.428932+00:00,18309.75,18297.5,LONG,False,False,False,False,False,NO_LOG_FILLS
,2024-03-08T16:10:11.259849+00:00,2024-03-08T16:13:01.624936+00:00,18277.5,18285.5,LONG,False,False,False,False,False,NO_LOG_FILLS
,2024-03-08T16:10:11.259849+00:00,2024-03-08T16:17:03.500890+00:00,18277.5,18257.5,LONG,False,False,False,False,False,NO_LOG_FILLS
,2024-03-08T16:18:14.787355+00:00,2024-03-08T16:18:36.301507+00:00,18254.0,18241.25,LONG,False,False,False,False,False,NO_LOG_FILLS
,2024-03-08T16:19:03.351751+00:00,2024-03-08T16:20:26.323471+00:00,18250.75,18260.0,LONG,False,False,False,False,False,NO_LOG_FILLS
,2024-03-08T16:19:03.351751+00:00,2024-03-08T16:20:39.376914+00:00,18250.75,18269.25,LONG,False,False,False,False,False,NO_LOG_FILLS
,2024-03-08T16:19:03.351751+00:00,2024-03-08T16:20:52.817361+00:00,18250.75,18263.5,LONG,False,False,False,False,False,NO_LOG_FILLS
,2024-03-08T16:21:37.903540+00:00,2024-03-08T16:22:14.765942+00:00,18265.25,18255.5,SHORT,False,False,False,False,False,NO_LOG_FILLS
,2024-03-08T16:21:37.903540+00:00,2024-03-08T16:23:26.913439+00:00,18265.25,18245.75,SHORT,False,False,False,False,False,NO_LOG_FILLS
,2024-03-08T16:21:37.903540+00:00,2024-03-08T16:24:48.471214+00:00,18265.25,18228.75,SHORT,False,False,False,False,False,NO_LOG_FILLS
,2024-03-08T16:26:30.506082+00:00,2024-03-08T16:28:09.733427+00:00,18227.0,18216.75,SHORT,False,False,False,False,False,NO_LOG_FILLS
,2024-03-08T16:26:30.506082+00:00,2024-03-08T16:28:12.237432+00:00,18227.0,18206.25,SHORT,False,False,False,False,False,NO_LOG_FILLS
,2024-03-08T16:26:30.506082+00:00,2024-03-08T16:28:57.520529+00:00,18227.0,18203.25,SHORT,False,False,False,False,False,NO_LOG_FILLS
,2024-03-08T16:31:44.488928+00:00,2024-03-08T16:32:00.148684+00:00,18174.5,18163.5,LONG,False,False,False,False,False,NO_LOG_FILLS
,2024-03-08T16:36:08.135567+00:00,2024-03-08T16:36:49.473321+00:00,18203.75,18217.25,SHORT,False,False,False,False,False,NO_LOG_FILLS
,2024-03-08T16:41:05.673276+00:00,2024-03-08T16:41:32.355544+00:00,18219.0,18209.25,LONG,False,False,False,False,False,NO_LOG_FILLS
,2024-03-08T16:48:50.360786+00:00,2024-03-08T16:49:34.268599+00:00,18177.5,18188.5,LONG,False,False,False,False,False,NO_LOG_FILLS
,2024-03-08T16:48:50.360786+00:00,2024-03-08T16:50:39.503631+00:00,18177.5,18199.5,LONG,False,False,False,False,False,NO_LOG_FILLS
,2024-03-08T16:48:50.360786+00:00,2024-03-08T16:51:09.602738+00:00,18177.5,18196.5,LONG,False,False,False,False,False,NO_LOG_FILLS
,2024-03-08T17:07:24.180508+00:00,2024-03-08T17:07:31.850199+00:00,18207.75,18197.25,LONG,False,False,False,False,False,NO_LOG_FILLS
,2024-03-08T17:11:01.301208+00:00,2024-03-08T17:11:07.458064+00:00,18147.75,18159.25,LONG,False,False,False,False,False,NO_LOG_FILLS
,2024-03-08T17:11:01.301208+00:00,2024-03-08T17:11:09.989926+00:00,18147.75,18170.75,LONG,False,False,False,False,False,NO_LOG_FILLS
,2024-03-08T17:11:01.301208+00:00,2024-03-08T17:11:25.461309+00:00,18147.75,18177.0,LONG,False,False,False,False,False,NO_LOG_FILLS
,2024-03-08T17:20:12.131073+00:00,2024-03-08T17:20:23.164723+00:00,18147.0,18158.5,LONG,False,False,False,False,False,NO_LOG_FILLS
,2024-03-08T17:20:12.131073+00:00,2024-03-08T17:26:04.986342+00:00,18147.0,18170.25,LONG,False,False,False,False,False,NO_LOG_FILLS
,2024-03-08T17:20:12.131073+00:00,2024-03-08T17:27:41.242377+00:00,18147.0,18181.5,LONG,False,False,False,False,False,NO_LOG_FILLS
,2024-03-08T17:31:30.834192+00:00,2024-03-08T17:35:14.244200+00:00,18186.0,18174.25,SHORT,False,False,False,False,False,NO_LOG_FILLS
,2024-03-08T17:31:30.834192+00:00,2024-03-08T17:37:15.435452+00:00,18186.0,18162.5,SHORT,False,False,False,False,False,NO_LOG_FILLS
,2024-03-08T17:31:30.834192+00:00,2024-03-08T17:37:30.662662+00:00,18186.0,18166.25,SHORT,False,False,False,False,False,NO_LOG_FILLS
,2024-03-08T17:37:31.906932+00:00,2024-03-08T17:38:21.728604+00:00,18169.0,18180.75,LONG,False,False,False,False,False,NO_LOG_FILLS
,2024-03-08T17:37:31.906932+00:00,2024-03-08T17:45:18.843593+00:00,18169.0,18155.75,LONG,False,False,False,False,False,NO_LOG_FILLS
,2024-03-08T17:51:08.233641+00:00,2024-03-08T17:51:14.575862+00:00,18140.25,18151.5,LONG,False,False,False,False,False,NO_LOG_FILLS
,2024-03-08T17:51:08.233641+00:00,2024-03-08T17:51:40.486660+00:00,18140.25,18128.0,LONG,False,False,False,False,False,NO_LOG_FILLS
,2024-03-08T17:51:09.636266+00:00,2024-03-08T18:00:54.211610+00:00,18140.25,18054.25,LONG,False,False,False,False,False,NO_LOG_FILLS
,2024-03-08T17:59:38.958562+00:00,2024-03-08T18:01:18.979628+00:00,18077.0,18065.75,LONG,False,False,False,False,False,NO_LOG_FILLS
,2024-03-08T17:59:38.958562+00:00,2024-03-08T18:02:27.744104+00:00,18077.0,18075.25,LONG,False,False,False,False,False,NO_LOG_FILLS
,2024-03-08T17:59:38.958562+00:00,2024-03-08T18:02:52.964207+00:00,18077.0,18069.5,LONG,False,False,False,False,False,NO_LOG_FILLS
,2024-03-08T17:59:40.446230+00:00,2024-03-08T18:34:09.471365+00:00,18077.0,18043.25,LONG,False,False,False,False,False,NO_LOG_FILLS
,2024-03-08T18:01:13.604237+00:00,2024-03-08T18:38:02.820174+00:00,18056.0,18032.25,LONG,False,False,False,False,False,NO_LOG_FILLS
,2024-03-08T18:01:13.604237+00:00,2024-03-08T18:46:13.840447+00:00,18056.0,18042.5,LONG,False,False,False,False,False,NO_LOG_FILLS
,2024-03-08T18:01:13.604237+00:00,2024-03-08T18:47:55.164245+00:00,18056.0,18036.25,LONG,False,False,False,False,False,NO_LOG_FILLS
,2024-03-08T18:01:15.027526+00:00,2024-03-08T19:15:53.081449+00:00,18056.0,18086.75,LONG,False,False,False,False,False,NO_LOG_FILLS
,2024-03-08T18:01:15.027526+00:00,2024-03-08T19:18:38.640683+00:00,18056.0,18096.25,LONG,False,False,False,False,False,NO_LOG_FILLS
,2024-03-08T18:01:15.027526+00:00,2024-03-08T19:19:38.639574+00:00,18056.0,18091.25,LONG,False,False,False,False,False,NO_LOG_FILLS
,2024-03-08T18:30:51.998678+00:00,2024-03-08T19:22:34.204557+00:00,18066.0,18111.0,LONG,False,False,False,False,False,NO_LOG_FILLS
,2024-03-08T18:30:53.600068+00:00,2024-03-08T19:22:35.876740+00:00,18066.0,18111.0,LONG,False,False,False,False,False,NO_LOG_FILLS
,2024-03-08T18:37:05.308217+00:00,2024-03-08T19:30:08.443713+00:00,18021.75,18133.0,LONG,False,False,False,False,False,NO_LOG_FILLS
,2024-03-08T18:37:05.308217+00:00,2024-03-08T19:35:02.224601+00:00,18021.75,18142.0,LONG,False,False,False,False,False,NO_LOG_FILLS
,2024-03-08T18:37:05.308217+00:00,2024-03-08T19:38:12.902924+00:00,18021.75,18148.25,LONG,False,False,False,False,False,NO_LOG_FILLS
,2024-03-08T18:37:06.783195+00:00,2024-03-08T19:38:13.999348+00:00,18021.75,18145.75,LONG,False,False,False,False,False,NO_LOG_FILLS
,2024-03-08T19:14:57.570196+00:00,2024-03-08T19:38:15.786628+00:00,18077.25,18145.75,LONG,False,False,False,False,False,NO_LOG_FILLS
,2024-03-08T19:14:59.169604+00:00,2024-03-08T19:43:03.061452+00:00,18077.25,18159.0,LONG,False,False,False,False,False,NO_LOG_FILLS
,2024-03-08T19:22:51.621109+00:00,2024-03-08T19:43:04.798751+00:00,18117.0,18159.0,LONG,False,False,False,False,False,NO_LOG_FILLS
,2024-03-08T19:30:02.394775+00:00,2024-03-08T19:59:50.507484+00:00,18124.0,18144.75,LONG,False,False,False,False,False,NO_LOG_FILLS
,2024-03-08T19:30:04.228553+00:00,2024-03-08T19:59:52.567495+00:00,18124.0,18144.75,LONG,False,False,False,False,False,NO_LOG_FILLS
,2024-03-08T19:42:28.210308+00:00,2024-03-08T20:11:00.435586+00:00,18158.0,18105.0,LONG,False,False,False,False,False,NO_LOG_FILLS
,2024-03-08T19:43:27.662006+00:00,2024-03-08T20:11:02.393945+00:00,18165.25,18105.0,LONG,False,False,False,False,False,NO_LOG_FILLS
,2024-03-08T20:00:21.795302+00:00,2024-03-08T20:52:47.348163+00:00,18151.75,18060.5,LONG,False,False,False,False,False,NO_LOG_FILLS
,2024-03-08T20:10:59.896948+00:00,2024-03-08T21:22:36.410339+00:00,18106.25,18054.5,LONG,False,False,False,False,False,NO_LOG_FILLS
,2024-03-10T22:24:43.172330+00:00,2024-03-10T22:31:51.756926+00:00,18012.75,18021.25,LONG,False,False,False,False,False,NO_LOG_FILLS
,2024-03-10T22:24:43.172330+00:00,2024-03-10T22:43:24.243540+00:00,18012.75,17992.25,LONG,False,False,False,False,False,NO_LOG_FILLS
,2024-03-11T07:23:01.977801+00:00,2024-03-11T08:04:27.750875+00:00,18017.25,18003.25,SHORT,False,False,False,False,False,NO_LOG_FILLS
,2024-03-11T07:23:01.977801+00:00,2024-03-11T08:05:21.812978+00:00,18017.25,17989.5,SHORT,False,False,False,False,False,NO_LOG_FILLS
,2024-03-11T07:23:01.977801+00:00,2024-03-11T08:05:44.209781+00:00,18017.25,17997.25,SHORT,False,False,False,False,False,NO_LOG_FILLS
,2024-03-11T08:31:48.626853+00:00,2024-03-11T08:35:02.175605+00:00,17988.0,18010.0,SHORT,False,False,False,False,False,NO_LOG_FILLS
,2024-03-11T10:20:57.162525+00:00,2024-03-11T10:24:49.166264+00:00,18013.5,17997.25,SHORT,False,False,False,False,False,NO_LOG_FILLS
,2024-03-11T10:20:57.162525+00:00,2024-03-11T10:40:05.136169+00:00,18013.5,18034.25,SHORT,False,False,False,False,False,NO_LOG_FILLS
,2024-03-11T12:12:17.893174+00:00,2024-03-11T12:18:59.367410+00:00,17929.0,17945.25,LONG,False,False,False,False,False,NO_LOG_FILLS
,2024-03-11T12:12:17.893174+00:00,2024-03-11T12:20:30.922276+00:00,17929.0,17961.5,LONG,False,False,False,False,False,NO_LOG_FILLS
,2024-03-11T12:12:17.893174+00:00,2024-03-11T12:21:10.206462+00:00,17929.0,17954.5,LONG,False,False,False,False,False,NO_LOG_FILLS
,2024-03-11T12:52:13.173593+00:00,2024-03-11T13:11:45.237497+00:00,17953.0,17969.75,LONG,False,False,False,False,False,NO_LOG_FILLS
,2024-03-11T12:52:13.173593+00:00,2024-03-11T13:19:10.611900+00:00,17953.0,17986.5,LONG,False,False,False,False,False,NO_LOG_FILLS
,2024-03-11T12:52:13.173593+00:00,2024-03-11T13:23:30.028024+00:00,17953.0,17980.5,LONG,False,False,False,False,False,NO_LOG_FILLS
,2024-03-11T13:32:50.770769+00:00,2024-03-11T13:32:56.322749+00:00,17924.25,17940.25,LONG,False,False,False,False,False,NO_LOG_FILLS
,2024-03-11T13:32:50.770769+00:00,2024-03-11T13:33:48.864220+00:00,17924.25,17912.75,LONG,False,False,False,False,False,NO_LOG_FILLS
,2024-03-11T13:48:27.781663+00:00,2024-03-11T13:52:11.370630+00:00,17962.5,17946.0,SHORT,False,False,False,False,False,NO_LOG_FILLS
,2024-03-11T13:48:27.781663+00:00,2024-03-11T13:54:57.368193+00:00,17962.5,17929.75,SHORT,False,False,False,False,False,NO_LOG_FILLS
,2024-03-11T13:48:27.781663+00:00,2024-03-11T13:56:01.765677+00:00,17962.5,17924.5,SHORT,False,False,False,False,False,NO_LOG_FILLS
,2024-03-11T15:00:00.404765+00:00,2024-03-11T15:07:54.932368+00:00,17996.75,17981.0,SHORT,False,False,False,False,False,NO_LOG_FILLS
,2024-03-11T15:00:00.404765+00:00,2024-03-11T15:11:02.127333+00:00,17996.75,17965.25,SHORT,False,False,False,False,False,NO_LOG_FILLS
,2024-03-11T15:00:00.404765+00:00,2024-03-11T15:12:04.014529+00:00,17996.75,17952.25,SHORT,False,False,False,False,False,NO_LOG_FILLS
,2024-03-11T15:14:41.520279+00:00,2024-03-11T15:23:06.348497+00:00,17967.0,17941.5,LONG,False,False,False,False,False,NO_LOG_FILLS
,2024-03-11T15:23:06.984969+00:00,2024-03-11T15:23:07.487482+00:00,17940.75,17940.0,LONG,False,False,False,False,False,NO_LOG_FILLS
,2024-03-11T16:17:56.349529+00:00,2024-03-11T16:19:07.784983+00:00,17975.75,17991.5,LONG,False,False,False,False,False,NO_LOG_FILLS
,2024-03-11T16:17:56.349529+00:00,2024-03-11T17:07:26.142786+00:00,17975.75,17958.75,LONG,False,False,False,False,False,NO_LOG_FILLS
,2024-03-11T17:55:07.883820+00:00,2024-03-11T18:03:24.040533+00:00,17966.75,17982.5,LONG,False,False,False,False,False,NO_LOG_FILLS
,2024-03-11T17:55:07.883820+00:00,2024-03-11T18:31:16.594885+00:00,17966.75,17998.0,LONG,False,False,False,False,False,NO_LOG_FILLS
,2024-03-11T17:55:07.883820+00:00,2024-03-11T18:32:52.540663+00:00,17966.75,17992.75,LONG,False,False,False,False,False,NO_LOG_FILLS
,2024-03-11T19:47:51.511671+00:00,2024-03-11T19:52:17.418266+00:00,17969.0,17953.5,SHORT,False,False,False,False,False,NO_LOG_FILLS
,2024-03-11T19:47:51.511671+00:00,2024-03-11T20:20:55.726110+00:00,17969.0,17992.25,SHORT,False,False,False,False,False,NO_LOG_FILLS
,2024-03-12T08:30:00.972753+00:00,2024-03-12T08:30:34.199889+00:00,18049.25,18035.25,SHORT,False,False,False,False,False,NO_LOG_FILLS
,2024-03-12T08:30:00.972753+00:00,2024-03-12T12:30:00.441147+00:00,18049.25,18021.0,SHORT,False,False,False,False,False,NO_LOG_FILLS
,2024-03-12T08:30:00.972753+00:00,2024-03-12T12:30:03.285102+00:00,18049.25,17999.75,SHORT,False,False,False,False,False,NO_LOG_FILLS
,2024-03-12T12:44:20.225798+00:00,2024-03-12T12:55:05.595998+00:00,18117.5,18074.75,LONG,False,False,False,False,False,NO_LOG_FILLS
,2024-03-12T13:24:59.697455+00:00,2024-03-12T13:30:00.130936+00:00,18050.0,18071.25,LONG,False,False,False,False,False,NO_LOG_FILLS
,2024-03-12T13:24:59.697455+00:00,2024-03-12T13:30:46.329706+00:00,18050.0,18092.5,LONG,False,False,False,False,False,NO_LOG_FILLS
,2024-03-12T13:24:59.697455+00:00,2024-03-12T13:30:57.273109+00:00,18050.0,18082.0,LONG,False,False,False,False,False,NO_LOG_FILLS
,2024-03-12T15:16:18.109477+00:00,2024-03-12T15:45:13.626558+00:00,18193.25,18150.25,LONG,False,False,False,False,False,NO_LOG_FILLS
,2024-03-12T15:47:42.942927+00:00,2024-03-12T15:50:55.544679+00:00,18163.0,18178.75,LONG,False,False,False,False,False,NO_LOG_FILLS
,2024-03-12T15:47:42.942927+00:00,2024-03-12T16:04:23.468845+00:00,18163.0,18142.0,LONG,False,False,False,False,False,NO_LOG_FILLS
,2024-03-12T16:45:56.627412+00:00,2024-03-12T16:51:12.079389+00:00,18092.5,18108.5,LONG,False,False,False,False,False,NO_LOG_FILLS
,2024-03-12T16:45:56.627412+00:00,2024-03-12T17:18:19.858273+00:00,18092.5,18124.75,LONG,False,False,False,False,False,NO_LOG_FILLS
,2024-03-12T16:45:56.627412+00:00,2024-03-12T17:23:13.012441+00:00,18092.5,18145.0,LONG,False,False,False,False,False,NO_LOG_FILLS
,2024-03-12T18:50:10.542485+00:00,2024-03-12T18:52:14.021058+00:00,18197.5,18219.0,LONG,False,False,False,False,False,NO_LOG_FILLS
,2024-03-12T18:50:10.542485+00:00,2024-03-12T19:43:15.929761+00:00,18197.5,18233.25,LONG,False,False,False,False,False,NO_LOG_FILLS
,2024-03-12T18:50:10.542485+00:00,2024-03-12T19:43:52.814072+00:00,18197.5,18224.75,LONG,False,False,False,False,False,NO_LOG_FILLS
,2024-03-13T04:13:55.294804+00:00,2024-03-13T05:28:45.634035+00:00,18217.25,18232.5,LONG,False,False,False,False,False,NO_LOG_FILLS
,2024-03-13T04:13:55.294804+00:00,2024-03-13T07:03:25.820512+00:00,18217.25,18248.0,LONG,False,False,False,False,False,NO_LOG_FILLS
,2024-03-13T04:13:55.294804+00:00,2024-03-13T07:05:48.017774+00:00,18217.25,18239.25,LONG,False,False,False,False,False,NO_LOG_FILLS
,2024-03-13T11:12:11.374773+00:00,2024-03-13T12:25:22.545794+00:00,18238.0,18188.0,LONG,False,False,False,False,False,NO_LOG_FILLS
,2024-03-13T16:31:49.237586+00:00,2024-03-13T16:43:06.140658+00:00,18074.75,18100.25,SHORT,False,False,False,False,False,NO_LOG_FILLS
,2024-03-13T19:07:01.508779+00:00,2024-03-13T19:27:45.636491+00:00,18121.0,18099.25,SHORT,False,False,False,False,False,NO_LOG_FILLS
,2024-03-13T19:07:01.508779+00:00,2024-03-13T19:28:00.561956+00:00,18121.0,18077.25,SHORT,False,False,False,False,False,NO_LOG_FILLS
,2024-03-13T19:07:01.508779+00:00,2024-03-13T19:28:52.212202+00:00,18121.0,18058.25,SHORT,False,False,False,False,False,NO_LOG_FILLS
,2024-03-14T01:45:55.518413+00:00,2024-03-14T11:46:49.901369+00:00,18129.5,18394.75,SHORT,False,False,False,False,False,NO_LOG_FILLS
,2024-03-14T07:59:15.642171+00:00,2024-03-14T12:29:59.833155+00:00,18150.75,18384.75,SHORT,False,False,False,False,False,NO_LOG_FILLS
,2024-03-14T08:44:09.341597+00:00,2024-03-14T12:30:00.772770+00:00,18404.75,18394.75,SHORT,False,False,False,False,False,NO_LOG_FILLS
,2024-03-14T08:44:09.341597+00:00,2024-03-14T12:50:45.160874+00:00,18404.75,18372.75,SHORT,False,False,False,False,False,NO_LOG_FILLS
,2024-03-14T12:50:45.160874+00:00,2024-03-14T12:50:59.912225+00:00,18372.75,18363.5,LONG,False,False,False,False,False,NO_LOG_FILLS
,2024-03-14T12:50:59.912225+00:00,2024-03-14T13:09:14.565936+00:00,18363.5,18356.75,SHORT,False,False,False,False,False,NO_LOG_FILLS
,2024-03-14T13:09:14.565936+00:00,2024-03-14T13:12:59.625347+00:00,18356.75,18352.75,LONG,False,False,False,False,False,NO_LOG_FILLS
,2024-03-14T13:12:59.625347+00:00,2024-03-14T13:37:02.637485+00:00,18352.75,18384.0,SHORT,False,False,False,False,False,NO_LOG_FILLS
,2024-03-14T13:32:07.839747+00:00,2024-03-14T13:37:02.637485+00:00,18089.0,18384.0,SHORT,False,False,False,False,False,NO_LOG_FILLS
,2024-03-14T13:32:07.839747+00:00,2024-03-14T13:41:15.135725+00:00,18089.0,18371.75,SHORT,False,False,False,False,False,NO_LOG_FILLS
,2024-03-14T13:35:18.881254+00:00,2024-03-14T13:43:52.694954+00:00,18367.0,18362.5,SHORT,False,False,False,False,False,NO_LOG_FILLS
,2024-03-14T13:35:18.881254+00:00,2024-03-14T13:44:15.107669+00:00,18367.0,18370.0,SHORT,False,False,False,False,False,NO_LOG_FILLS
,2024-03-14T13:35:18.881254+00:00,2024-03-14T13:49:24.474901+00:00,18367.0,18285.25,SHORT,False,False,False,False,False,NO_LOG_FILLS
,2024-03-14T13:39:23.473811+00:00,2024-03-14T13:49:24.474901+00:00,18380.75,18285.25,SHORT,False,False,False,False,False,NO_LOG_FILLS
,2024-03-14T13:39:23.473811+00:00,2024-03-14T14:01:31.759069+00:00,18380.75,18213.5,SHORT,False,False,False,False,False,NO_LOG_FILLS
,2024-03-14T13:49:58.645822+00:00,2024-03-14T14:01:31.759069+00:00,18273.0,18213.5,SHORT,False,False,False,False,False,NO_LOG_FILLS
,2024-03-14T13:49:58.645822+00:00,2024-03-14T14:11:12.516727+00:00,18273.0,18269.25,SHORT,False,False,False,False,False,NO_LOG_FILLS
,2024-03-14T14:01:46.449277+00:00,2024-03-14T14:11:12.516727+00:00,18222.0,18269.25,SHORT,False,False,False,False,False,NO_LOG_FILLS
,2024-03-14T14:02:42.396249+00:00,2024-03-14T14:11:12.516727+00:00,18230.75,18269.25,SHORT,False,False,False,False,False,NO_LOG_FILLS
,2024-03-14T14:03:00.837027+00:00,2024-03-14T14:49:44.401875+00:00,18222.25,18283.5,SHORT,False,False,False,False,False,NO_LOG_FILLS
,2024-03-14T14:11:28.114796+00:00,2024-03-14T15:01:06.955637+00:00,18277.5,18316.5,SHORT,False,False,False,False,False,NO_LOG_FILLS
,2024-03-14T14:11:49.428076+00:00,2024-03-14T15:01:06.955637+00:00,18285.75,18316.5,SHORT,False,False,False,False,False,NO_LOG_FILLS
,2024-03-14T14:12:19.091545+00:00,2024-03-14T15:02:11.029455+00:00,18289.25,18328.5,SHORT,False,False,False,False,False,NO_LOG_FILLS
,2024-03-14T14:49:07.671616+00:00,2024-03-14T15:02:11.029455+00:00,18292.25,18328.5,SHORT,False,False,False,False,False,NO_LOG_FILLS
,2024-03-14T14:49:07.671616+00:00,2024-03-14T15:17:12.676963+00:00,18292.25,18310.0,SHORT,False,False,False,False,False,NO_LOG_FILLS
,2024-03-14T15:01:32.430532+00:00,2024-03-14T15:19:48.832780+00:00,18323.0,18300.75,SHORT,False,False,False,False,False,NO_LOG_FILLS
,2024-03-14T15:01:32.430532+00:00,2024-03-14T15:21:23.531965+00:00,18323.0,18286.0,SHORT,False,False,False,False,False,NO_LOG_FILLS
,2024-03-14T15:01:32.430532+00:00,2024-03-14T15:24:15.546179+00:00,18323.0,18271.5,SHORT,False,False,False,False,False,NO_LOG_FILLS
,2024-03-14T15:14:39.318948+00:00,2024-03-14T15:24:15.546179+00:00,18319.25,18271.5,SHORT,False,False,False,False,False,NO_LOG_FILLS
,2024-03-14T15:14:39.318948+00:00,2024-03-14T15:45:54.026598+00:00,18319.25,18297.25,SHORT,False,False,False,False,False,NO_LOG_FILLS
,2024-03-14T15:24:29.472062+00:00,2024-03-14T15:45:54.026598+00:00,18266.0,18297.25,SHORT,False,False,False,False,False,NO_LOG_FILLS
,2024-03-14T15:24:29.472062+00:00,2024-03-14T15:50:45.486173+00:00,18266.0,18291.0,SHORT,False,False,False,False,False,NO_LOG_FILLS
,2024-03-14T15:49:01.826851+00:00,2024-03-14T15:50:45.486173+00:00,18278.5,18291.0,SHORT,False,False,False,False,False,NO_LOG_FILLS
,2024-03-14T15:49:01.826851+00:00,2024-03-14T16:07:01.189224+00:00,18278.5,18260.5,SHORT,False,False,False,False,False,NO_LOG_FILLS
,2024-03-14T15:50:45.921925+00:00,2024-03-14T16:07:01.189224+00:00,18290.25,18260.5,SHORT,False,False,False,False,False,NO_LOG_FILLS
,2024-03-14T15:50:45.921925+00:00,2024-03-14T16:40:24.561168+00:00,18290.25,18278.75,SHORT,False,False,False,False,False,NO_LOG_FILLS
,2024-03-14T16:08:09.201171+00:00,2024-03-14T16:44:53.031957+00:00,18249.0,18269.5,SHORT,False,False,False,False,False,NO_LOG_FILLS
,2024-03-14T16:08:09.201171+00:00,2024-03-14T16:45:13.036144+00:00,18249.0,18278.75,SHORT,False,False,False,False,False,NO_LOG_FILLS
,2024-03-14T16:08:09.201171+00:00,2024-03-14T16:50:52.501721+00:00,18249.0,18271.75,SHORT,False,False,False,False,False,NO_LOG_FILLS
,2024-03-14T16:38:39.651506+00:00,2024-03-14T16:50:52.501721+00:00,18288.0,18271.75,SHORT,False,False,False,False,False,NO_LOG_FILLS
,2024-03-14T16:38:39.651506+00:00,2024-03-14T16:58:52.929300+00:00,18288.0,18253.75,SHORT,False,False,False,False,False,NO_LOG_FILLS
,2024-03-14T16:53:07.168398+00:00,2024-03-14T16:58:52.929300+00:00,18281.0,18253.75,SHORT,False,False,False,False,False,NO_LOG_FILLS
,2024-03-14T16:57:11.555379+00:00,2024-03-14T16:58:52.929300+00:00,18258.0,18253.75,SHORT,False,False,False,False,False,NO_LOG_FILLS
,2024-03-14T16:57:11.555379+00:00,2024-03-14T17:22:09.273410+00:00,18258.0,18228.0,SHORT,False,False,False,False,False,NO_LOG_FILLS
,2024-03-14T16:58:53.868153+00:00,2024-03-14T17:22:09.273410+00:00,18253.5,18228.0,SHORT,False,False,False,False,False,NO_LOG_FILLS
,2024-03-14T16:58:53.868153+00:00,2024-03-14T17:30:09.685923+00:00,18253.5,18227.75,SHORT,False,False,False,False,False,NO_LOG_FILLS
,2024-03-14T17:23:40.881099+00:00,2024-03-14T17:35:06.263278+00:00,18237.25,18248.0,SHORT,False,False,False,False,False,NO_LOG_FILLS
,2024-03-14T17:25:23.713098+00:00,2024-03-14T17:35:06.263278+00:00,18246.5,18248.0,SHORT,False,False,False,False,False,NO_LOG_FILLS
,2024-03-14T17:26:41.194374+00:00,2024-03-14T18:09:35.223460+00:00,18239.75,18320.0,SHORT,False,False,False,False,False,NO_LOG_FILLS
,2024-03-14T17:29:13.034243+00:00,2024-03-14T18:09:35.223460+00:00,18236.75,18320.0,SHORT,False,False,False,False,False,NO_LOG_FILLS
,2024-03-14T17:29:13.034243+00:00,2024-03-14T18:26:34.208099+00:00,18236.75,18304.75,SHORT,False,False,False,False,False,NO_LOG_FILLS
,2024-03-14T18:10:02.750708+00:00,2024-03-14T18:26:34.208099+00:00,18325.75,18304.75,SHORT,False,False,False,False,False,NO_LOG_FILLS
,2024-03-14T18:12:08.399184+00:00,2024-03-14T18:26:34.208099+00:00,18332.25,18304.75,SHORT,False,False,False,False,False,NO_LOG_FILLS
,2024-03-14T18:12:56.473731+00:00,2024-03-14T18:42:59.322478+00:00,18323.25,18286.0,SHORT,False,False,False,False,False,NO_LOG_FILLS
,2024-03-14T18:27:26.233643+00:00,2024-03-14T18:42:59.322478+00:00,18311.0,18286.0,SHORT,False,False,False,False,False,NO_LOG_FILLS
,2024-03-14T18:31:45.394713+00:00,2024-03-14T18:42:59.322478+00:00,18293.25,18286.0,SHORT,False,False,False,False,False,NO_LOG_FILLS
,2024-03-14T18:31:45.394713+00:00,2024-03-14T19:15:09.947293+00:00,18293.25,18193.25,SHORT,False,False,False,False,False,NO_LOG_FILLS
,2024-03-14T18:44:03.271975+00:00,2024-03-14T19:15:09.947293+00:00,18293.25,18193.25,SHORT,False,False,False,False,False,NO_LOG_FILLS
,2024-03-14T18:46:01.011620+00:00,2024-03-14T19:15:09.947293+00:00,18300.5,18193.25,SHORT,False,False,False,False,False,NO_LOG_FILLS
,2024-03-14T18:49:19.861898+00:00,2024-03-14T19:41:27.760233+00:00,18304.25,18208.75,SHORT,False,False,False,False,False,NO_LOG_FILLS
,2024-03-14T19:15:23.730917+00:00,2024-03-14T19:41:27.760233+00:00,18189.5,18208.75,SHORT,False,False,False,False,False,NO_LOG_FILLS
,2024-03-14T19:15:23.730917+00:00,2024-03-14T19:49:57.471490+00:00,18189.5,18226.5,SHORT,False,False,False,False,False,NO_LOG_FILLS
,2024-03-14T19:40:31.624165+00:00,2024-03-14T19:49:57.471490+00:00,18197.25,18226.5,SHORT,False,False,False,False,False,NO_LOG_FILLS
,2024-03-15T07:05:59.827098+00:00,2024-03-15T07:12:43.090807+00:00,18223.75,18233.5,LONG,False,False,False,False,False,NO_LOG_FILLS
,2024-03-15T07:05:59.827098+00:00,2024-03-15T08:06:47.053305+00:00,18223.75,18243.0,LONG,False,False,False,False,False,NO_LOG_FILLS
,2024-03-15T07:05:59.827098+00:00,2024-03-15T08:16:58.380906+00:00,18223.75,18241.25,LONG,False,False,False,False,False,NO_LOG_FILLS
,2024-03-15T10:35:39.098414+00:00,2024-03-15T10:36:58.682722+00:00,18313.75,18317.75,SHORT,False,False,False,False,False,NO_LOG_FILLS
,2024-03-15T12:41:34.088946+00:00,2024-03-15T12:42:21.107112+00:00,18245.25,18237.5,LONG,False,False,False,False,False,NO_LOG_FILLS
,2024-03-15T12:44:18.378342+00:00,2024-03-15T12:50:39.882943+00:00,18246.5,18255.25,LONG,False,False,False,False,False,NO_LOG_FILLS
,2024-03-15T12:44:18.378342+00:00,2024-03-15T13:08:46.434774+00:00,18246.5,18232.25,LONG,False,False,False,False,False,NO_LOG_FILLS
,2024-03-15T13:12:47.267715+00:00,2024-03-15T13:14:09.379787+00:00,18225.0,18219.75,LONG,False,False,False,False,False,NO_LOG_FILLS
,2024-03-15T13:27:15.208307+00:00,2024-03-15T13:27:40.622605+00:00,18195.75,18168.25,LONG,False,False,False,False,False,NO_LOG_FILLS
,2024-03-15T13:28:41.222274+00:00,2024-03-15T13:28:52.505752+00:00,18163.0,18150.5,LONG,False,False,False,False,False,NO_LOG_FILLS
,2024-03-15T13:31:14.665381+00:00,2024-03-15T13:37:57.915472+00:00,18130.75,18120.5,SHORT,False,False,False,False,False,NO_LOG_FILLS
,2024-03-15T13:31:14.665381+00:00,2024-03-15T13:38:02.543997+00:00,18130.75,18110.25,SHORT,False,False,False,False,False,NO_LOG_FILLS
,2024-03-15T13:31:14.665381+00:00,2024-03-15T13:38:08.012354+00:00,18130.75,18119.0,SHORT,False,False,False,False,False,NO_LOG_FILLS
,2024-03-15T13:39:15.523244+00:00,2024-03-15T13:39:16.620111+00:00,18109.0,18108.5,LONG,False,False,False,False,False,NO_LOG_FILLS
,2024-03-15T13:45:13.182065+00:00,2024-03-15T13:45:17.994327+00:00,18080.0,18088.75,LONG,False,False,False,False,False,NO_LOG_FILLS
,2024-03-15T13:45:13.182065+00:00,2024-03-15T13:45:23.621104+00:00,18080.0,18097.25,LONG,False,False,False,False,False,NO_LOG_FILLS
,2024-03-15T13:45:13.182065+00:00,2024-03-15T13:45:29.469118+00:00,18080.0,18088.25,LONG,False,False,False,False,False,NO_LOG_FILLS
,2024-03-15T13:54:16.249530+00:00,2024-03-15T13:54:36.092330+00:00,18108.25,18100.0,SHORT,False,False,False,False,False,NO_LOG_FILLS
,2024-03-15T13:54:16.249530+00:00,2024-03-15T13:55:28.603701+00:00,18108.25,18118.5,SHORT,False,False,False,False,False,NO_LOG_FILLS
,2024-03-15T14:00:59.866897+00:00,2024-03-15T14:01:30.196878+00:00,18109.5,18076.75,LONG,False,False,False,False,False,NO_LOG_FILLS
,2024-03-15T14:02:09.457442+00:00,2024-03-15T14:02:40.210314+00:00,18075.0,18085.0,LONG,False,False,False,False,False,NO_LOG_FILLS
,2024-03-15T14:02:09.457442+00:00,2024-03-15T14:05:10.846486+00:00,18075.0,18061.5,LONG,False,False,False,False,False,NO_LOG_FILLS
,2024-03-15T14:08:25.478768+00:00,2024-03-15T14:08:58.360709+00:00,18045.5,18051.75,SHORT,False,False,False,False,False,NO_LOG_FILLS
,2024-03-15T14:36:12.097049+00:00,2024-03-15T14:36:19.537094+00:00,18128.5,18137.5,SHORT,False,False,False,False,False,NO_LOG_FILLS
,2024-03-15T15:09:32.092320+00:00,2024-03-15T15:10:47.121528+00:00,18109.5,18116.5,LONG,False,False,False,False,False,NO_LOG_FILLS
,2024-03-15T15:09:32.092320+00:00,2024-03-15T15:11:04.623591+00:00,18109.5,18123.5,LONG,False,False,False,False,False,NO_LOG_FILLS
,2024-03-15T15:09:32.092320+00:00,2024-03-15T15:11:25.657012+00:00,18109.5,18115.0,LONG,False,False,False,False,False,NO_LOG_FILLS
,2024-03-15T15:20:22.440119+00:00,2024-03-15T15:21:05.168067+00:00,18100.5,18091.5,LONG,False,False,False,False,False,NO_LOG_FILLS
,2024-03-15T15:23:11.905409+00:00,2024-03-15T15:24:47.020419+00:00,18096.5,18082.0,LONG,False,False,False,False,False,NO_LOG_FILLS
,2024-03-15T15:26:11.406222+00:00,2024-03-15T15:28:26.656284+00:00,18092.75,18101.0,LONG,False,False,False,False,False,NO_LOG_FILLS
,2024-03-15T15:26:11.406222+00:00,2024-03-15T15:30:20.110879+00:00,18092.75,18109.0,LONG,False,False,False,False,False,NO_LOG_FILLS
,2024-03-15T15:26:11.406222+00:00,2024-03-15T15:30:45.830741+00:00,18092.75,18101.5,LONG,False,False,False,False,False,NO_LOG_FILLS
,2024-03-15T15:50:17.538631+00:00,2024-03-15T15:51:59.023624+00:00,18062.25,18069.25,LONG,False,False,False,False,False,NO_LOG_FILLS
,2024-03-15T15:50:17.538631+00:00,2024-03-15T16:11:07.287898+00:00,18062.25,18049.75,LONG,False,False,False,False,False,NO_LOG_FILLS
,2024-03-15T16:12:20.709192+00:00,2024-03-15T16:12:37.201672+00:00,18049.5,18042.5,LONG,False,False,False,False,False,NO_LOG_FILLS
,2024-03-15T16:17:42.118793+00:00,2024-03-15T16:18:25.117738+00:00,18025.25,18032.0,LONG,False,False,False,False,False,NO_LOG_FILLS
,2024-03-15T16:17:42.118793+00:00,2024-03-15T16:19:16.375527+00:00,18025.25,18038.75,LONG,False,False,False,False,False,NO_LOG_FILLS
,2024-03-15T16:17:42.118793+00:00,2024-03-15T16:26:26.076596+00:00,18025.25,18042.75,LONG,False,False,False,False,False,NO_LOG_FILLS
,2024-03-15T16:50:45.848977+00:00,2024-03-15T16:51:36.738625+00:00,18034.25,18027.5,SHORT,False,False,False,False,False,NO_LOG_FILLS
,2024-03-15T16:50:45.848977+00:00,2024-03-15T16:51:52.365367+00:00,18034.25,18020.75,SHORT,False,False,False,False,False,NO_LOG_FILLS
,2024-03-15T16:50:45.848977+00:00,2024-03-15T16:53:03.391393+00:00,18034.25,18025.25,SHORT,False,False,False,False,False,NO_LOG_FILLS
,2024-03-15T16:53:04.107175+00:00,2024-03-15T16:54:58.721835+00:00,18026.75,18014.75,LONG,False,False,False,False,False,NO_LOG_FILLS
,2024-03-15T17:13:22.942071+00:00,2024-03-15T17:20:48.212547+00:00,18040.5,18053.25,SHORT,False,False,False,False,False,NO_LOG_FILLS
,2024-03-15T17:44:59.939823+00:00,2024-03-15T17:46:21.829697+00:00,18061.5,18053.75,SHORT,False,False,False,False,False,NO_LOG_FILLS
,2024-03-15T17:44:59.939823+00:00,2024-03-15T17:48:47.133813+00:00,18061.5,18045.75,SHORT,False,False,False,False,False,NO_LOG_FILLS
,2024-03-15T17:44:59.939823+00:00,2024-03-15T17:50:31.861927+00:00,18061.5,18045.25,SHORT,False,False,False,False,False,NO_LOG_FILLS
,2024-03-15T17:57:05.724479+00:00,2024-03-15T17:58:58.683121+00:00,18073.0,18082.75,SHORT,False,False,False,False,False,NO_LOG_FILLS
,2024-03-15T19:04:42.415355+00:00,2024-03-15T19:05:39.371867+00:00,18101.0,18089.5,LONG,False,False,False,False,False,NO_LOG_FILLS
,2024-03-15T19:11:32.513675+00:00,2024-03-15T19:21:07.539403+00:00,18080.75,18067.5,LONG,False,False,False,False,False,NO_LOG_FILLS
,2024-03-15T19:28:31.891412+00:00,2024-03-15T19:28:36.366269+00:00,18101.5,18105.75,SHORT,False,False,False,False,False,NO_LOG_FILLS
,2024-03-15T19:35:14.511650+00:00,2024-03-15T19:38:36.526310+00:00,18086.75,18072.5,LONG,False,False,False,False,False,NO_LOG_FILLS
,2024-03-15T19:41:01.497346+00:00,2024-03-15T19:42:36.809756+00:00,18074.25,18066.0,LONG,False,False,False,False,False,NO_LOG_FILLS
,2024-03-15T19:46:17.226331+00:00,2024-03-15T19:50:15.049516+00:00,18071.75,18060.75,LONG,False,False,False,False,False,NO_LOG_FILLS
,2024-03-15T20:18:31.664373+00:00,2024-03-15T20:25:49.875402+00:00,18069.0,18075.0,LONG,False,False,False,False,False,NO_LOG_FILLS
,2024-03-15T20:18:31.664373+00:00,2024-03-15T20:41:44.965659+00:00,18069.0,18062.5,LONG,False,False,False,False,False,NO_LOG_FILLS
,2024-03-15T20:50:45.257022+00:00,2024-03-15T20:51:53.376515+00:00,18063.5,18060.0,LONG,False,False,False,False,False,NO_LOG_FILLS
,2024-03-17T20:59:27.874344+00:00,2024-03-17T22:35:40.234018+00:00,17896.5,18087.75,LONG,False,False,False,False,False,NO_LOG_FILLS
,2024-03-17T22:35:40.234018+00:00,2024-03-17T22:53:32.988768+00:00,18087.75,18081.75,SHORT,False,False,False,False,False,NO_LOG_FILLS
,2024-03-17T22:35:40.234018+00:00,2024-03-17T22:59:37.662486+00:00,18087.75,18075.5,SHORT,False,False,False,False,False,NO_LOG_FILLS
,2024-03-18T01:06:43.308162+00:00,2024-03-18T01:13:53.495302+00:00,18096.0,18103.5,LONG,False,False,False,False,False,NO_LOG_FILLS
,2024-03-18T01:06:43.308162+00:00,2024-03-18T01:56:11.813968+00:00,18096.0,18111.0,LONG,False,False,False,False,False,NO_LOG_FILLS
,2024-03-18T01:06:43.308162+00:00,2024-03-18T02:08:24.413666+00:00,18096.0,18106.75,LONG,False,False,False,False,False,NO_LOG_FILLS
,2024-03-18T07:28:09.501442+00:00,2024-03-18T07:30:10.821486+00:00,18157.0,18147.5,SHORT,False,False,False,False,False,NO_LOG_FILLS
,2024-03-18T07:28:09.501442+00:00,2024-03-18T08:11:10.078347+00:00,18157.0,18169.25,SHORT,False,False,False,False,False,NO_LOG_FILLS
,2024-03-18T08:17:23.015708+00:00,2024-03-18T08:20:24.143291+00:00,18163.5,18153.0,SHORT,False,False,False,False,False,NO_LOG_FILLS
,2024-03-18T08:17:23.015708+00:00,2024-03-18T08:30:01.687334+00:00,18163.5,18142.75,SHORT,False,False,False,False,False,NO_LOG_FILLS
,2024-03-18T08:17:23.015708+00:00,2024-03-18T08:31:09.137901+00:00,18163.5,18148.0,SHORT,False,False,False,False,False,NO_LOG_FILLS
,2024-03-18T08:31:09.574069+00:00,2024-03-18T08:40:49.900207+00:00,18148.25,18158.75,LONG,False,False,False,False,False,NO_LOG_FILLS
,2024-03-18T08:31:09.574069+00:00,2024-03-18T08:49:18.600962+00:00,18148.25,18169.25,LONG,False,False,False,False,False,NO_LOG_FILLS
,2024-03-18T08:31:09.574069+00:00,2024-03-18T09:08:59.456148+00:00,18148.25,18188.25,LONG,False,False,False,False,False,NO_LOG_FILLS
,2024-03-18T11:21:21.072615+00:00,2024-03-18T11:21:47.042742+00:00,18226.25,18231.25,SHORT,False,False,False,False,False,NO_LOG_FILLS
,2024-03-18T11:33:05.716189+00:00,2024-03-18T11:39:29.013820+00:00,18258.5,18250.25,SHORT,False,False,False,False,False,NO_LOG_FILLS
,2024-03-18T11:33:05.716189+00:00,2024-03-18T11:45:25.238175+00:00,18258.5,18263.25,SHORT,False,False,False,False,False,NO_LOG_FILLS
,2024-03-18T12:04:16.581918+00:00,2024-03-18T12:12:37.277938+00:00,18274.75,18280.0,SHORT,False,False,False,False,False,NO_LOG_FILLS
,2024-03-18T12:30:20.614054+00:00,2024-03-18T12:32:13.267910+00:00,18279.25,18272.0,SHORT,False,False,False,False,False,NO_LOG_FILLS
,2024-03-18T12:30:20.614054+00:00,2024-03-18T12:53:36.821196+00:00,18279.25,18264.75,SHORT,False,False,False,False,False,NO_LOG_FILLS
,2024-03-18T12:30:20.614054+00:00,2024-03-18T12:54:35.314507+00:00,18279.25,18268.0,SHORT,False,False,False,False,False,NO_LOG_FILLS
,2024-03-18T13:28:57.206579+00:00,2024-03-18T13:29:22.648469+00:00,18272.5,18279.75,LONG,False,False,False,False,False,NO_LOG_FILLS
,2024-03-18T13:28:57.206579+00:00,2024-03-18T13:29:59.217669+00:00,18272.5,18287.0,LONG,False,False,False,False,False,NO_LOG_FILLS
,2024-03-18T13:28:57.206579+00:00,2024-03-18T13:30:05.782212+00:00,18272.5,18283.5,LONG,False,False,False,False,False,NO_LOG_FILLS
,2024-03-18T13:34:44.767899+00:00,2024-03-18T13:34:59.572431+00:00,18313.75,18321.0,LONG,False,False,False,False,False,NO_LOG_FILLS
,2024-03-18T13:34:44.767899+00:00,2024-03-18T13:35:05.491502+00:00,18313.75,18328.25,LONG,False,False,False,False,False,NO_LOG_FILLS
,2024-03-18T13:34:44.767899+00:00,2024-03-18T13:35:25.493266+00:00,18313.75,18324.25,LONG,False,False,False,False,False,NO_LOG_FILLS
,2024-03-18T13:36:17.218808+00:00,2024-03-18T13:37:41.676370+00:00,18323.5,18316.5,SHORT,False,False,False,False,False,NO_LOG_FILLS
,2024-03-18T13:36:17.218808+00:00,2024-03-18T13:39:16.054260+00:00,18323.5,18337.5,SHORT,False,False,False,False,False,NO_LOG_FILLS
,2024-03-18T13:42:10.321052+00:00,2024-03-18T13:42:37.639722+00:00,18339.75,18332.25,SHORT,False,False,False,False,False,NO_LOG_FILLS
,2024-03-18T13:42:10.321052+00:00,2024-03-18T13:45:04.854561+00:00,18339.75,18343.75,SHORT,False,False,False,False,False,NO_LOG_FILLS
,2024-03-18T13:49:06.013408+00:00,2024-03-18T13:51:57.351810+00:00,18340.25,18324.25,LONG,False,False,False,False,False,NO_LOG_FILLS
,2024-03-18T13:52:02.492112+00:00,2024-03-18T13:52:17.734767+00:00,18323.0,18315.75,SHORT,False,False,False,False,False,NO_LOG_FILLS
,2024-03-18T13:52:02.492112+00:00,2024-03-18T13:54:07.067465+00:00,18323.0,18308.5,SHORT,False,False,False,False,False,NO_LOG_FILLS
,2024-03-18T13:52:02.492112+00:00,2024-03-18T13:54:15.476011+00:00,18323.0,18318.0,SHORT,False,False,False,False,False,NO_LOG_FILLS
,2024-03-18T14:00:53.547392+00:00,2024-03-18T14:00:55.298312+00:00,18289.0,18290.75,SHORT,False,False,False,False,False,NO_LOG_FILLS
,2024-03-18T14:13:15.202860+00:00,2024-03-18T14:14:06.793168+00:00,18349.25,18342.25,SHORT,False,False,False,False,False,NO_LOG_FILLS
,2024-03-18T14:13:15.202860+00:00,2024-03-18T14:24:57.546104+00:00,18349.25,18357.5,SHORT,False,False,False,False,False,NO_LOG_FILLS
,2024-03-18T14:29:41.034760+00:00,2024-03-18T14:29:53.541120+00:00,18372.75,18365.75,SHORT,False,False,False,False,False,NO_LOG_FILLS
,2024-03-18T14:29:41.034760+00:00,2024-03-18T14:30:12.289419+00:00,18372.75,18377.0,SHORT,False,False,False,False,False,NO_LOG_FILLS
,2024-03-18T14:43:03.957041+00:00,2024-03-18T14:43:11.091806+00:00,18372.75,18375.0,SHORT,False,False,False,False,False,NO_LOG_FILLS
,2024-03-18T14:45:51.862842+00:00,2024-03-18T14:47:07.269880+00:00,18373.75,18367.5,SHORT,False,False,False,False,False,NO_LOG_FILLS
,2024-03-18T14:45:51.862842+00:00,2024-03-18T14:47:32.658286+00:00,18373.75,18361.5,SHORT,False,False,False,False,False,NO_LOG_FILLS
,2024-03-18T14:45:51.862842+00:00,2024-03-18T14:48:21.542481+00:00,18373.75,18364.25,SHORT,False,False,False,False,False,NO_LOG_FILLS
,2024-03-18T15:16:10.118381+00:00,2024-03-18T15:16:40.281354+00:00,18313.75,18311.25,LONG,False,False,False,False,False,NO_LOG_FILLS
,2024-03-18T15:17:49.634333+00:00,2024-03-18T15:18:06.855808+00:00,18309.75,18316.0,LONG,False,False,False,False,False,NO_LOG_FILLS
,2024-03-18T15:17:49.634333+00:00,2024-03-18T15:21:55.302748+00:00,18309.75,18322.0,LONG,False,False,False,False,False,NO_LOG_FILLS
,2024-03-18T15:17:49.634333+00:00,2024-03-18T15:24:40.873811+00:00,18309.75,18319.25,LONG,False,False,False,False,False,NO_LOG_FILLS
,2024-03-18T15:36:10.262515+00:00,2024-03-18T15:38:36.543505+00:00,18303.0,18309.5,LONG,False,False,False,False,False,NO_LOG_FILLS
,2024-03-18T15:36:10.262515+00:00,2024-03-18T15:52:43.910200+00:00,18303.0,18283.75,LONG,False,False,False,False,False,NO_LOG_FILLS
,2024-03-18T16:00:26.522387+00:00,2024-03-18T16:02:24.542747+00:00,18288.25,18281.25,SHORT,False,False,False,False,False,NO_LOG_FILLS
,2024-03-18T16:00:26.522387+00:00,2024-03-18T16:03:04.251039+00:00,18288.25,18274.5,SHORT,False,False,False,False,False,NO_LOG_FILLS
,2024-03-18T16:00:26.522387+00:00,2024-03-18T16:03:29.775646+00:00,18288.25,18280.5,SHORT,False,False,False,False,False,NO_LOG_FILLS
,2024-03-18T16:03:50.400798+00:00,2024-03-18T16:04:31.414650+00:00,18282.5,18289.0,LONG,False,False,False,False,False,NO_LOG_FILLS
,2024-03-18T16:03:50.400798+00:00,2024-03-18T16:07:59.264223+00:00,18282.5,18295.5,LONG,False,False,False,False,False,NO_LOG_FILLS
,2024-03-18T16:03:50.400798+00:00,2024-03-18T16:11:00.776443+00:00,18282.5,18299.5,LONG,False,False,False,False,False,NO_LOG_FILLS
,2024-03-18T16:27:48.683682+00:00,2024-03-18T16:30:21.122382+00:00,18298.25,18287.75,LONG,False,False,False,False,False,NO_LOG_FILLS
,2024-03-18T16:33:32.431342+00:00,2024-03-18T16:35:43.735721+00:00,18281.25,18288.25,LONG,False,False,False,False,False,NO_LOG_FILLS
,2024-03-18T16:33:32.431342+00:00,2024-03-18T16:42:29.402292+00:00,18281.25,18295.0,LONG,False,False,False,False,False,NO_LOG_FILLS
,2024-03-18T16:33:32.431342+00:00,2024-03-18T16:45:10.884440+00:00,18281.25,18293.75,LONG,False,False,False,False,False,NO_LOG_FILLS
,2024-03-18T16:50:56.491888+00:00,2024-03-18T16:51:14.335410+00:00,18265.25,18272.25,LONG,False,False,False,False,False,NO_LOG_FILLS
,2024-03-18T16:50:56.491888+00:00,2024-03-18T16:51:56.625235+00:00,18265.25,18257.5,LONG,False,False,False,False,False,NO_LOG_FILLS
,2024-03-18T17:05:28.080754+00:00,2024-03-18T17:05:58.775126+00:00,18243.5,18250.0,LONG,False,False,False,False,False,NO_LOG_FILLS
,2024-03-18T17:05:28.080754+00:00,2024-03-18T17:08:18.206540+00:00,18243.5,18256.5,LONG,False,False,False,False,False,NO_LOG_FILLS
,2024-03-18T17:05:28.080754+00:00,2024-03-18T17:09:10.119560+00:00,18243.5,18254.25,LONG,False,False,False,False,False,NO_LOG_FILLS
,2024-03-18T17:19:48.046916+00:00,2024-03-18T17:20:34.778129+00:00,18258.75,18265.25,LONG,False,False,False,False,False,NO_LOG_FILLS
,2024-03-18T17:19:48.046916+00:00,2024-03-18T17:21:19.783355+00:00,18258.75,18271.75,LONG,False,False,False,False,False,NO_LOG_FILLS
,2024-03-18T17:19:48.046916+00:00,2024-03-18T17:22:01.131983+00:00,18258.75,18272.5,LONG,False,False,False,False,False,NO_LOG_FILLS
,2024-03-18T17:42:49.633620+00:00,2024-03-18T17:44:47.081706+00:00,18255.75,18262.25,LONG,False,False,False,False,False,NO_LOG_FILLS
,2024-03-18T17:42:49.633620+00:00,2024-03-18T17:49:59.913400+00:00,18255.75,18268.75,LONG,False,False,False,False,False,NO_LOG_FILLS
,2024-03-18T17:42:49.633620+00:00,2024-03-18T17:51:40.558079+00:00,18255.75,18263.25,LONG,False,False,False,False,False,NO_LOG_FILLS
,2024-03-18T18:16:19.720332+00:00,2024-03-18T18:25:18.075558+00:00,18289.5,18296.5,LONG,False,False,False,False,False,NO_LOG_FILLS
,2024-03-18T18:16:19.720332+00:00,2024-03-18T18:26:37.362020+00:00,18289.5,18303.5,LONG,False,False,False,False,False,NO_LOG_FILLS
,2024-03-18T18:16:19.720332+00:00,2024-03-18T18:27:19.869463+00:00,18289.5,18304.25,LONG,False,False,False,False,False,NO_LOG_FILLS
,2024-03-18T19:15:04.370440+00:00,2024-03-18T19:19:01.161243+00:00,18289.0,18282.25,SHORT,False,False,False,False,False,NO_LOG_FILLS
,2024-03-18T19:15:04.370440+00:00,2024-03-18T19:25:37.792620+00:00,18289.0,18275.25,SHORT,False,False,False,False,False,NO_LOG_FILLS
,2024-03-18T19:15:04.370440+00:00,2024-03-18T19:30:58.857055+00:00,18289.0,18282.75,SHORT,False,False,False,False,False,NO_LOG_FILLS
,2024-03-18T19:54:58.864161+00:00,2024-03-18T19:55:09.752370+00:00,18244.75,18232.5,LONG,False,False,False,False,False,NO_LOG_FILLS
,2024-03-18T19:59:55.342995+00:00,2024-03-18T20:00:06.440607+00:00,18229.25,18223.0,SHORT,False,False,False,False,False,NO_LOG_FILLS
,2024-03-18T19:59:55.342995+00:00,2024-03-18T20:00:13.939902+00:00,18229.25,18216.5,SHORT,False,False,False,False,False,NO_LOG_FILLS
,2024-03-18T19:59:55.342995+00:00,2024-03-18T20:00:46.132979+00:00,18229.25,18219.75,SHORT,False,False,False,False,False,NO_LOG_FILLS
,2024-03-18T20:04:55.991295+00:00,2024-03-18T20:06:42.324857+00:00,18220.25,18226.25,LONG,False,False,False,False,False,NO_LOG_FILLS
,2024-03-18T20:04:55.991295+00:00,2024-03-18T20:07:55.241386+00:00,18220.25,18232.0,LONG,False,False,False,False,False,NO_LOG_FILLS
,2024-03-18T20:04:55.991295+00:00,2024-03-18T20:10:45.775280+00:00,18220.25,18229.5,LONG,False,False,False,False,False,NO_LOG_FILLS
,2024-03-18T20:16:37.587368+00:00,2024-03-18T20:17:31.877718+00:00,18218.75,18225.0,LONG,False,False,False,False,False,NO_LOG_FILLS
,2024-03-18T20:16:37.587368+00:00,2024-03-18T20:17:52.130746+00:00,18218.75,18231.0,LONG,False,False,False,False,False,NO_LOG_FILLS
,2024-03-18T20:16:37.587368+00:00,2024-03-18T20:18:16.229730+00:00,18218.75,18222.0,LONG,False,False,False,False,False,NO_LOG_FILLS
,2024-03-19T01:44:36.098700+00:00,2024-03-19T02:06:35.895013+00:00,18166.75,18177.5,LONG,False,False,False,False,False,NO_LOG_FILLS
,2024-03-19T01:44:36.098700+00:00,2024-03-19T02:12:47.157710+00:00,18166.75,18188.25,LONG,False,False,False,False,False,NO_LOG_FILLS
,2024-03-19T01:44:36.098700+00:00,2024-03-19T02:15:37.898703+00:00,18166.75,18185.75,LONG,False,False,False,False,False,NO_LOG_FILLS
,2024-03-19T03:26:05.174106+00:00,2024-03-19T03:34:55.948753+00:00,18187.5,18176.5,SHORT,False,False,False,False,False,NO_LOG_FILLS
,2024-03-19T03:26:05.174106+00:00,2024-03-19T03:40:09.013119+00:00,18187.5,18200.25,SHORT,False,False,False,False,False,NO_LOG_FILLS
,2024-03-19T04:06:25.000018+00:00,2024-03-19T05:51:09.837121+00:00,18188.25,18200.25,LONG,False,False,False,False,False,NO_LOG_FILLS
,2024-03-19T04:06:25.000018+00:00,2024-03-19T08:41:45.926161+00:00,18188.25,18212.25,LONG,False,False,False,False,False,NO_LOG_FILLS
,2024-03-19T04:06:25.000018+00:00,2024-03-19T08:46:10.872816+00:00,18188.25,18223.0,LONG,False,False,False,False,False,NO_LOG_FILLS
,2024-03-19T09:17:25.461107+00:00,2024-03-19T09:35:12.154664+00:00,18215.5,18195.75,LONG,False,False,False,False,False,NO_LOG_FILLS
,2024-03-19T11:01:31.594496+00:00,2024-03-19T11:03:31.987133+00:00,18160.25,18154.0,LONG,False,False,False,False,False,NO_LOG_FILLS
,2024-03-19T11:08:46.765120+00:00,2024-03-19T11:11:32.561372+00:00,18155.75,18142.5,LONG,False,False,False,False,False,NO_LOG_FILLS
,2024-03-19T12:32:40.130509+00:00,2024-03-19T12:32:57.133128+00:00,18106.75,18098.0,SHORT,False,False,False,False,False,NO_LOG_FILLS
,2024-03-19T12:32:40.130509+00:00,2024-03-19T12:33:06.097496+00:00,18106.75,18089.25,SHORT,False,False,False,False,False,NO_LOG_FILLS
,2024-03-19T12:32:40.130509+00:00,2024-03-19T12:33:13.012749+00:00,18106.75,18098.25,SHORT,False,False,False,False,False,NO_LOG_FILLS
,2024-03-19T12:44:12.907703+00:00,2024-03-19T12:48:41.503339+00:00,18102.25,18119.0,SHORT,False,False,False,False,False,NO_LOG_FILLS
,2024-03-19T13:30:42.805175+00:00,2024-03-19T13:31:09.280314+00:00,18136.5,18127.25,SHORT,False,False,False,False,False,NO_LOG_FILLS
,2024-03-19T13:30:42.805175+00:00,2024-03-19T13:31:24.501416+00:00,18136.5,18118.0,SHORT,False,False,False,False,False,NO_LOG_FILLS
,2024-03-19T13:30:42.805175+00:00,2024-03-19T13:31:56.160045+00:00,18136.5,18114.25,SHORT,False,False,False,False,False,NO_LOG_FILLS
,2024-03-19T13:31:56.978982+00:00,2024-03-19T13:32:03.260280+00:00,18114.25,18123.25,LONG,False,False,False,False,False,NO_LOG_FILLS
,2024-03-19T13:31:56.978982+00:00,2024-03-19T13:32:12.014889+00:00,18114.25,18132.25,LONG,False,False,False,False,False,NO_LOG_FILLS
,2024-03-19T13:31:56.978982+00:00,2024-03-19T13:32:26.704614+00:00,18114.25,18130.0,LONG,False,False,False,False,False,NO_LOG_FILLS
,2024-03-19T13:42:10.622486+00:00,2024-03-19T13:42:11.457295+00:00,18062.5,18064.75,SHORT,False,False,False,False,False,NO_LOG_FILLS
,2024-03-19T13:49:09.719083+00:00,2024-03-19T13:49:54.382455+00:00,18071.0,18078.75,SHORT,False,False,False,False,False,NO_LOG_FILLS
,2024-03-19T14:03:12.400031+00:00,2024-03-19T14:05:01.356302+00:00,18105.25,18113.75,LONG,False,False,False,False,False,NO_LOG_FILLS
,2024-03-19T14:03:12.400031+00:00,2024-03-19T14:06:31.999347+00:00,18105.25,18122.25,LONG,False,False,False,False,False,NO_LOG_FILLS
,2024-03-19T14:03:12.400031+00:00,2024-03-19T14:06:48.563332+00:00,18105.25,18121.75,LONG,False,False,False,False,False,NO_LOG_FILLS
,2024-03-19T14:21:42.282886+00:00,2024-03-19T14:25:06.129807+00:00,18078.0,18086.5,LONG,False,False,False,False,False,NO_LOG_FILLS
,2024-03-19T14:21:42.282886+00:00,2024-03-19T14:25:32.698098+00:00,18078.0,18095.25,LONG,False,False,False,False,False,NO_LOG_FILLS
,2024-03-19T14:21:42.282886+00:00,2024-03-19T14:27:19.249385+00:00,18078.0,18094.5,LONG,False,False,False,False,False,NO_LOG_FILLS
,2024-03-19T14:27:19.905486+00:00,2024-03-19T14:27:43.315208+00:00,18095.25,18103.75,SHORT,False,False,False,False,False,NO_LOG_FILLS
,2024-03-19T14:31:31.325250+00:00,2024-03-19T14:34:09.853529+00:00,18084.25,18092.5,LONG,False,False,False,False,False,NO_LOG_FILLS
,2024-03-19T14:31:31.325250+00:00,2024-03-19T14:35:26.428971+00:00,18084.25,18101.0,LONG,False,False,False,False,False,NO_LOG_FILLS
,2024-03-19T14:31:31.325250+00:00,2024-03-19T14:35:55.796474+00:00,18084.25,18104.25,LONG,False,False,False,False,False,NO_LOG_FILLS
,2024-03-19T14:40:30.137292+00:00,2024-03-19T14:42:20.313224+00:00,18115.0,18122.5,SHORT,False,False,False,False,False,NO_LOG_FILLS
,2024-03-19T14:54:05.376358+00:00,2024-03-19T14:55:40.050101+00:00,18129.0,18135.0,LONG,False,False,False,False,False,NO_LOG_FILLS
,2024-03-19T14:54:05.376358+00:00,2024-03-19T14:59:19.038243+00:00,18129.0,18118.75,LONG,False,False,False,False,False,NO_LOG_FILLS
,2024-03-19T15:04:14.847211+00:00,2024-03-19T15:04:49.769982+00:00,18123.25,18129.25,LONG,False,False,False,False,False,NO_LOG_FILLS
,2024-03-19T15:04:14.847211+00:00,2024-03-19T15:05:17.939006+00:00,18123.25,18135.25,LONG,False,False,False,False,False,NO_LOG_FILLS
,2024-03-19T15:04:14.847211+00:00,2024-03-19T15:06:28.540770+00:00,18123.25,18135.25,LONG,False,False,False,False,False,NO_LOG_FILLS
,2024-03-19T15:42:02.678033+00:00,2024-03-19T15:46:01.244401+00:00,18153.25,18142.0,LONG,False,False,False,False,False,NO_LOG_FILLS
,2024-03-19T15:48:05.239148+00:00,2024-03-19T15:54:10.604884+00:00,18152.25,18138.0,LONG,False,False,False,False,False,NO_LOG_FILLS
,2024-03-19T16:00:06.432095+00:00,2024-03-19T16:00:06.927106+00:00,18157.75,18155.5,SHORT,False,False,False,False,False,NO_LOG_FILLS
,2024-03-19T16:05:47.042775+00:00,2024-03-19T16:07:54.781133+00:00,18164.0,18169.75,LONG,False,False,False,False,False,NO_LOG_FILLS
,2024-03-19T16:05:47.042775+00:00,2024-03-19T16:10:02.011360+00:00,18164.0,18155.25,LONG,False,False,False,False,False,NO_LOG_FILLS
,2024-03-19T16:14:40.758639+00:00,2024-03-19T16:16:11.714340+00:00,18149.25,18156.75,SHORT,False,False,False,False,False,NO_LOG_FILLS
,2024-03-19T16:30:46.837181+00:00,2024-03-19T16:32:12.727587+00:00,18210.5,18216.5,SHORT,False,False,False,False,False,NO_LOG_FILLS
,2024-03-19T16:32:29.270470+00:00,2024-03-19T16:33:08.901638+00:00,18213.25,18207.5,SHORT,False,False,False,False,False,NO_LOG_FILLS
,2024-03-19T16:32:29.270470+00:00,2024-03-19T16:35:31.405711+00:00,18213.25,18218.5,SHORT,False,False,False,False,False,NO_LOG_FILLS
,2024-03-19T16:50:13.294349+00:00,2024-03-19T16:51:04.989857+00:00,18251.0,18257.0,LONG,False,False,False,False,False,NO_LOG_FILLS
,2024-03-19T16:50:13.294349+00:00,2024-03-19T16:51:41.796479+00:00,18251.0,18262.75,LONG,False,False,False,False,False,NO_LOG_FILLS
,2024-03-19T16:50:13.294349+00:00,2024-03-19T16:53:16.887481+00:00,18251.0,18262.0,LONG,False,False,False,False,False,NO_LOG_FILLS
,2024-03-19T16:59:59.993360+00:00,2024-03-19T17:00:19.002099+00:00,18248.25,18254.0,LONG,False,False,False,False,False,NO_LOG_FILLS
,2024-03-19T16:59:59.993360+00:00,2024-03-19T17:01:13.787779+00:00,18248.25,18260.0,LONG,False,False,False,False,False,NO_LOG_FILLS
,2024-03-19T16:59:59.993360+00:00,2024-03-19T17:02:02.229301+00:00,18248.25,18275.0,LONG,False,False,False,False,False,NO_LOG_FILLS
,2024-03-19T17:17:06.331874+00:00,2024-03-19T17:18:53.191402+00:00,18241.75,18249.25,LONG,False,False,False,False,False,NO_LOG_FILLS
,2024-03-19T17:17:06.331874+00:00,2024-03-19T17:27:11.345667+00:00,18241.75,18255.25,LONG,False,False,False,False,False,NO_LOG_FILLS
,2024-03-19T17:17:06.331874+00:00,2024-03-19T17:28:20.168748+00:00,18241.75,18250.5,LONG,False,False,False,False,False,NO_LOG_FILLS
,2024-03-19T17:39:35.698482+00:00,2024-03-19T17:45:26.115940+00:00,18266.0,18275.75,LONG,False,False,False,False,False,NO_LOG_FILLS
,2024-03-19T17:39:35.698482+00:00,2024-03-19T17:53:13.043367+00:00,18266.0,18250.75,LONG,False,False,False,False,False,NO_LOG_FILLS
,2024-03-19T18:28:55.405386+00:00,2024-03-19T18:30:08.402982+00:00,18266.5,18273.75,LONG,False,False,False,False,False,NO_LOG_FILLS
,2024-03-19T18:28:55.405386+00:00,2024-03-19T18:32:08.294088+00:00,18266.5,18281.0,LONG,False,False,False,False,False,NO_LOG_FILLS
,2024-03-19T18:28:55.405386+00:00,2024-03-19T18:33:19.429944+00:00,18266.5,18280.25,LONG,False,False,False,False,False,NO_LOG_FILLS
,2024-03-19T18:56:59.972549+00:00,2024-03-19T18:58:41.312677+00:00,18265.75,18271.5,LONG,False,False,False,False,False,NO_LOG_FILLS
,2024-03-19T18:56:59.972549+00:00,2024-03-19T19:05:26.054981+00:00,18265.75,18255.75,LONG,False,False,False,False,False,NO_LOG_FILLS
,2024-03-19T19:11:26.845585+00:00,2024-03-19T19:12:24.335362+00:00,18255.0,18243.0,LONG,False,False,False,False,False,NO_LOG_FILLS
,2024-03-19T19:14:16.448158+00:00,2024-03-19T19:15:04.958245+00:00,18238.5,18232.25,LONG,False,False,False,False,False,NO_LOG_FILLS
,2024-03-20T01:49:24.584513+00:00,2024-03-20T02:14:11.265701+00:00,18235.25,18242.5,LONG,False,False,False,False,False,NO_LOG_FILLS
,2024-03-20T01:49:24.584513+00:00,2024-03-20T04:34:46.219251+00:00,18235.25,18249.75,LONG,False,False,False,False,False,NO_LOG_FILLS
,2024-03-20T01:49:24.584513+00:00,2024-03-20T04:46:16.730237+00:00,18235.25,18247.25,LONG,False,False,False,False,False,NO_LOG_FILLS
,2024-03-20T04:46:17.314185+00:00,2024-03-20T04:56:59.921104+00:00,18247.0,18240.25,SHORT,False,False,False,False,False,NO_LOG_FILLS
,2024-03-20T06:22:51.646228+00:00,2024-03-20T06:30:26.923343+00:00,18253.75,18247.25,LONG,False,False,False,False,False,NO_LOG_FILLS
,2024-03-20T10:32:08.504790+00:00,2024-03-20T10:33:39.401681+00:00,18279.25,18289.5,LONG,False,False,False,False,False,NO_LOG_FILLS
,2024-03-20T10:32:08.504790+00:00,2024-03-20T11:04:59.175685+00:00,18279.25,18300.0,LONG,False,False,False,False,False,NO_LOG_FILLS
,2024-03-20T10:32:08.504790+00:00,2024-03-20T11:18:16.848790+00:00,18279.25,18310.75,LONG,False,False,False,False,False,NO_LOG_FILLS
,2024-03-20T11:18:17.198067+00:00,2024-03-20T11:20:00.177399+00:00,18310.5,18318.5,SHORT,False,False,False,False,False,NO_LOG_FILLS
,2024-03-20T12:40:00.028838+00:00,2024-03-20T12:41:10.141738+00:00,18299.75,18291.75,SHORT,False,False,False,False,False,NO_LOG_FILLS
,2024-03-20T12:40:00.028838+00:00,2024-03-20T12:41:24.448915+00:00,18299.75,18283.5,SHORT,False,False,False,False,False,NO_LOG_FILLS
,2024-03-20T12:40:00.028838+00:00,2024-03-20T12:41:51.087161+00:00,18299.75,18289.0,SHORT,False,False,False,False,False,NO_LOG_FILLS
,2024-03-20T13:04:14.326095+00:00,2024-03-20T13:09:33.756771+00:00,18289.5,18302.25,SHORT,False,False,False,False,False,NO_LOG_FILLS
,2024-03-20T13:30:12.721201+00:00,2024-03-20T13:30:34.788465+00:00,18313.75,18327.75,SHORT,False,False,False,False,False,NO_LOG_FILLS
,2024-03-20T13:31:03.229881+00:00,2024-03-20T13:31:12.019274+00:00,18324.5,18333.5,SHORT,False,False,False,False,False,NO_LOG_FILLS
,2024-03-20T13:32:07.872367+00:00,2024-03-20T13:32:29.182300+00:00,18324.25,18316.0,SHORT,False,False,False,False,False,NO_LOG_FILLS
,2024-03-20T13:32:07.872367+00:00,2024-03-20T13:34:33.589992+00:00,18324.25,18307.75,SHORT,False,False,False,False,False,NO_LOG_FILLS
,2024-03-20T13:32:07.872367+00:00,2024-03-20T13:35:42.966573+00:00,18324.25,18306.0,SHORT,False,False,False,False,False,NO_LOG_FILLS
,2024-03-20T13:35:43.249287+00:00,2024-03-20T13:35:59.813463+00:00,18304.75,18296.5,LONG,False,False,False,False,False,NO_LOG_FILLS
,2024-03-20T13:43:05.919224+00:00,2024-03-20T13:43:56.335594+00:00,18271.25,18263.0,SHORT,False,False,False,False,False,NO_LOG_FILLS
,2024-03-20T13:43:05.919224+00:00,2024-03-20T13:44:19.153505+00:00,18271.25,18254.75,SHORT,False,False,False,False,False,NO_LOG_FILLS
,2024-03-20T13:43:05.919224+00:00,2024-03-20T13:44:44.154795+00:00,18271.25,18255.0,SHORT,False,False,False,False,False,NO_LOG_FILLS
,2024-03-20T13:48:13.567800+00:00,2024-03-20T13:49:10.199400+00:00,18249.5,18253.25,SHORT,False,False,False,False,False,NO_LOG_FILLS
,2024-03-20T13:50:02.960657+00:00,2024-03-20T13:53:06.997193+00:00,18258.25,18266.0,LONG,False,False,False,False,False,NO_LOG_FILLS
,2024-03-20T13:50:02.960657+00:00,2024-03-20T14:23:35.628670+00:00,18258.25,18273.5,LONG,False,False,False,False,False,NO_LOG_FILLS
,2024-03-20T13:50:02.960657+00:00,2024-03-20T14:28:26.912638+00:00,18258.25,18300.25,LONG,False,False,False,False,False,NO_LOG_FILLS
,2024-03-20T14:30:06.135698+00:00,2024-03-20T14:30:07.318976+00:00,18302.75,18300.0,LONG,False,False,False,False,False,NO_LOG_FILLS
,2024-03-20T14:45:00.385349+00:00,2024-03-20T14:45:14.292308+00:00,18256.75,18258.25,SHORT,False,False,False,False,False,NO_LOG_FILLS
,2024-03-20T15:08:41.695668+00:00,2024-03-20T15:11:13.754985+00:00,18274.75,18284.25,SHORT,False,False,False,False,False,NO_LOG_FILLS
,2024-03-20T15:26:40.604788+00:00,2024-03-20T15:30:10.763802+00:00,18286.5,18293.75,SHORT,False,False,False,False,False,NO_LOG_FILLS
,2024-03-20T15:50:31.918891+00:00,2024-03-20T15:50:46.238881+00:00,18265.25,18271.25,LONG,False,False,False,False,False,NO_LOG_FILLS
,2024-03-20T15:50:31.918891+00:00,2024-03-20T15:52:28.962324+00:00,18265.25,18277.5,LONG,False,False,False,False,False,NO_LOG_FILLS
,2024-03-20T15:50:31.918891+00:00,2024-03-20T15:54:59.608227+00:00,18265.25,18277.0,LONG,False,False,False,False,False,NO_LOG_FILLS
,2024-03-20T15:55:00.060228+00:00,2024-03-20T15:55:42.443487+00:00,18276.75,18279.25,SHORT,False,False,False,False,False,NO_LOG_FILLS
,2024-03-20T16:30:19.014506+00:00,2024-03-20T16:31:10.086643+00:00,18273.25,18266.75,SHORT,False,False,False,False,False,NO_LOG_FILLS
,2024-03-20T16:30:19.014506+00:00,2024-03-20T16:32:08.224547+00:00,18273.25,18260.5,SHORT,False,False,False,False,False,NO_LOG_FILLS
,2024-03-20T16:30:19.014506+00:00,2024-03-20T16:32:42.039051+00:00,18273.25,18262.0,SHORT,False,False,False,False,False,NO_LOG_FILLS
,2024-03-20T17:02:38.857879+00:00,2024-03-20T17:11:09.511527+00:00,18280.5,18274.0,SHORT,False,False,False,False,False,NO_LOG_FILLS
,2024-03-20T17:02:38.857879+00:00,2024-03-20T17:13:03.517551+00:00,18280.5,18267.5,SHORT,False,False,False,False,False,NO_LOG_FILLS
,2024-03-20T17:02:38.857879+00:00,2024-03-20T17:16:47.587155+00:00,18280.5,18262.25,SHORT,False,False,False,False,False,NO_LOG_FILLS
,2024-03-20T17:17:23.509048+00:00,2024-03-20T17:40:17.069574+00:00,18266.75,18254.25,LONG,False,False,False,False,False,NO_LOG_FILLS
,2024-03-20T17:49:36.382608+00:00,2024-03-20T17:50:44.681666+00:00,18261.75,18269.25,LONG,False,False,False,False,False,NO_LOG_FILLS
,2024-03-20T17:49:36.382608+00:00,2024-03-20T17:59:59.435893+00:00,18261.75,18277.0,LONG,False,False,False,False,False,NO_LOG_FILLS
,2024-03-20T17:49:36.382608+00:00,2024-03-20T18:00:03.728224+00:00,18261.75,18305.0,LONG,False,False,False,False,False,NO_LOG_FILLS
,2024-03-20T18:00:53.667669+00:00,2024-03-20T18:00:56.838080+00:00,18303.0,18313.5,SHORT,False,False,False,False,False,NO_LOG_FILLS
,2024-03-20T18:06:24.279692+00:00,2024-03-20T18:07:37.923560+00:00,18381.5,18367.75,SHORT,False,False,False,False,False,NO_LOG_FILLS
,2024-03-20T18:06:24.279692+00:00,2024-03-20T18:07:45.964582+00:00,18381.5,18354.0,SHORT,False,False,False,False,False,NO_LOG_FILLS
,2024-03-20T18:06:24.279692+00:00,2024-03-20T18:07:59.802395+00:00,18381.5,18345.0,SHORT,False,False,False,False,False,NO_LOG_FILLS
,2024-03-20T18:12:03.078147+00:00,2024-03-20T18:13:32.972032+00:00,18363.0,18349.25,SHORT,False,False,False,False,False,NO_LOG_FILLS
,2024-03-20T18:12:03.078147+00:00,2024-03-20T18:15:06.302458+00:00,18363.0,18335.75,SHORT,False,False,False,False,False,NO_LOG_FILLS
,2024-03-20T18:12:03.078147+00:00,2024-03-20T18:15:34.432715+00:00,18363.0,18336.5,SHORT,False,False,False,False,False,NO_LOG_FILLS
,2024-03-20T18:22:58.153801+00:00,2024-03-20T18:23:35.796493+00:00,18348.25,18336.0,SHORT,False,False,False,False,False,NO_LOG_FILLS
,2024-03-20T18:22:58.153801+00:00,2024-03-20T18:28:08.343414+00:00,18348.25,18356.5,SHORT,False,False,False,False,False,NO_LOG_FILLS
,2024-03-20T18:30:41.401860+00:00,2024-03-20T18:31:00.529634+00:00,18362.5,18350.25,SHORT,False,False,False,False,False,NO_LOG_FILLS
,2024-03-20T18:30:41.401860+00:00,2024-03-20T18:31:34.217645+00:00,18362.5,18337.75,SHORT,False,False,False,False,False,NO_LOG_FILLS
,2024-03-20T18:30:41.401860+00:00,2024-03-20T18:32:19.763538+00:00,18362.5,18345.0,SHORT,False,False,False,False,False,NO_LOG_FILLS
,2024-03-20T18:43:49.135827+00:00,2024-03-20T18:44:05.313631+00:00,18384.75,18372.0,SHORT,False,False,False,False,False,NO_LOG_FILLS
,2024-03-20T18:43:49.135827+00:00,2024-03-20T18:44:20.602274+00:00,18384.75,18359.25,SHORT,False,False,False,False,False,NO_LOG_FILLS
,2024-03-20T18:43:49.135827+00:00,2024-03-20T18:44:33.426308+00:00,18384.75,18371.0,SHORT,False,False,False,False,False,NO_LOG_FILLS
,2024-03-20T18:50:33.831139+00:00,2024-03-20T18:50:59.711477+00:00,18428.0,18416.0,SHORT,False,False,False,False,False,NO_LOG_FILLS
,2024-03-20T18:50:33.831139+00:00,2024-03-20T18:52:29.729853+00:00,18428.0,18446.5,SHORT,False,False,False,False,False,NO_LOG_FILLS
,2024-03-20T19:01:46.668575+00:00,2024-03-20T19:01:55.678112+00:00,18434.75,18424.0,SHORT,False,False,False,False,False,NO_LOG_FILLS
,2024-03-20T19:01:46.668575+00:00,2024-03-20T19:05:24.134460+00:00,18434.75,18450.25,SHORT,False,False,False,False,False,NO_LOG_FILLS
,2024-03-20T19:06:20.046677+00:00,2024-03-20T19:06:40.785747+00:00,18458.75,18466.0,SHORT,False,False,False,False,False,NO_LOG_FILLS
,2024-03-20T19:14:08.888550+00:00,2024-03-20T19:15:22.059378+00:00,18431.0,18442.0,LONG,False,False,False,False,False,NO_LOG_FILLS
,2024-03-20T19:14:08.888550+00:00,2024-03-20T19:16:57.944702+00:00,18431.0,18452.75,LONG,False,False,False,False,False,NO_LOG_FILLS
,2024-03-20T19:14:08.888550+00:00,2024-03-20T19:17:28.246626+00:00,18431.0,18456.75,LONG,False,False,False,False,False,NO_LOG_FILLS
,2024-03-20T19:42:05.746654+00:00,2024-03-20T19:42:26.694169+00:00,18471.5,18463.0,SHORT,False,False,False,False,False,NO_LOG_FILLS
,2024-03-20T19:42:05.746654+00:00,2024-03-20T19:42:35.727498+00:00,18471.5,18454.5,SHORT,False,False,False,False,False,NO_LOG_FILLS
,2024-03-20T19:42:05.746654+00:00,2024-03-20T19:43:18.501994+00:00,18471.5,18458.5,SHORT,False,False,False,False,False,NO_LOG_FILLS
,2024-03-20T19:55:15.141568+00:00,2024-03-20T19:55:22.111519+00:00,18474.5,18472.75,LONG,False,False,False,False,False,NO_LOG_FILLS
,2024-03-20T19:59:15.684490+00:00,2024-03-20T19:59:29.940144+00:00,18474.25,18479.25,SHORT,False,False,False,False,False,NO_LOG_FILLS
,2024-03-20T20:00:20.226961+00:00,2024-03-20T20:01:18.986083+00:00,18476.75,18481.75,SHORT,False,False,False,False,False,NO_LOG_FILLS
,2024-03-20T20:03:19.885999+00:00,2024-03-20T20:03:45.575401+00:00,18512.25,18517.25,SHORT,False,False,False,False,False,NO_LOG_FILLS
,2024-03-20T20:04:35.164964+00:00,2024-03-20T20:05:18.951851+00:00,18518.25,18511.75,SHORT,False,False,False,False,False,NO_LOG_FILLS
,2024-03-20T20:04:35.164964+00:00,2024-03-20T20:07:05.232869+00:00,18518.25,18526.75,SHORT,False,False,False,False,False,NO_LOG_FILLS
,2024-03-20T20:45:25.929736+00:00,2024-03-20T20:58:58.327975+00:00,18534.25,18537.25,SHORT,False,False,False,False,False,NO_LOG_FILLS
,2024-03-20T22:20:00.036714+00:00,2024-03-20T22:52:35.182866+00:00,18541.75,18559.25,SHORT,False,False,False,False,False,NO_LOG_FILLS
,2024-03-21T02:13:16.810708+00:00,2024-03-21T02:22:53.522137+00:00,18574.75,18582.5,LONG,False,False,False,False,False,NO_LOG_FILLS
,2024-03-21T02:13:16.810708+00:00,2024-03-21T02:32:18.852782+00:00,18574.75,18590.0,LONG,False,False,False,False,False,NO_LOG_FILLS
,2024-03-21T02:13:16.810708+00:00,2024-03-21T03:41:06.025482+00:00,18574.75,18585.75,LONG,False,False,False,False,False,NO_LOG_FILLS
,2024-03-21T04:36:57.755561+00:00,2024-03-21T05:37:09.846195+00:00,18602.75,18606.5,SHORT,False,False,False,False,False,NO_LOG_FILLS
,2024-03-21T08:00:00.273788+00:00,2024-03-21T08:01:36.390091+00:00,18654.0,18647.0,SHORT,False,False,False,False,False,NO_LOG_FILLS
,2024-03-21T08:00:00.273788+00:00,2024-03-21T08:02:46.609140+00:00,18654.0,18639.75,SHORT,False,False,False,False,False,NO_LOG_FILLS
,2024-03-21T08:00:00.273788+00:00,2024-03-21T08:09:01.445817+00:00,18654.0,18642.0,SHORT,False,False,False,False,False,NO_LOG_FILLS
,2024-03-21T11:22:11.346908+00:00,2024-03-21T11:32:49.663775+00:00,18627.25,18636.25,SHORT,False,False,False,False,False,NO_LOG_FILLS
,2024-03-21T12:08:45.854767+00:00,2024-03-21T12:16:09.306444+00:00,18648.5,18656.5,SHORT,False,False,False,False,False,NO_LOG_FILLS
,2024-03-21T12:32:42.926191+00:00,2024-03-21T13:25:30.560450+00:00,18655.25,18674.75,SHORT,False,False,False,False,False,NO_LOG_FILLS
,2024-03-21T13:26:27.928855+00:00,2024-03-21T13:28:49.719340+00:00,18679.5,18685.5,SHORT,False,False,False,False,False,NO_LOG_FILLS
,2024-03-21T13:28:50.125607+00:00,2024-03-21T13:28:50.563189+00:00,18692.5,18692.0,SHORT,False,False,False,False,False,NO_LOG_FILLS
,2024-03-21T13:31:16.620253+00:00,2024-03-21T13:33:11.015100+00:00,18683.0,18668.5,LONG,False,False,False,False,False,NO_LOG_FILLS
,2024-03-21T13:40:59.880708+00:00,2024-03-21T13:41:14.745702+00:00,18701.0,18708.0,SHORT,False,False,False,False,False,NO_LOG_FILLS
,2024-03-21T13:57:11.850021+00:00,2024-03-21T13:58:44.856458+00:00,18631.25,18645.5,SHORT,False,False,False,False,False,NO_LOG_FILLS
,2024-03-21T14:08:23.444207+00:00,2024-03-21T14:08:49.904643+00:00,18650.25,18657.75,LONG,False,False,False,False,False,NO_LOG_FILLS
,2024-03-21T14:08:23.444207+00:00,2024-03-21T14:09:11.782549+00:00,18650.25,18665.25,LONG,False,False,False,False,False,NO_LOG_FILLS
,2024-03-21T14:08:23.444207+00:00,2024-03-21T14:09:34.519981+00:00,18650.25,18659.5,LONG,False,False,False,False,False,NO_LOG_FILLS
,2024-03-21T14:38:19.829262+00:00,2024-03-21T14:39:59.149228+00:00,18639.0,18631.75,SHORT,False,False,False,False,False,NO_LOG_FILLS
,2024-03-21T14:38:19.829262+00:00,2024-03-21T14:40:14.239863+00:00,18639.0,18624.75,SHORT,False,False,False,False,False,NO_LOG_FILLS
,2024-03-21T14:38:19.829262+00:00,2024-03-21T14:40:26.667651+00:00,18639.0,18631.75,SHORT,False,False,False,False,False,NO_LOG_FILLS
,2024-03-21T14:45:53.915458+00:00,2024-03-21T14:47:01.770732+00:00,18641.75,18654.0,SHORT,False,False,False,False,False,NO_LOG_FILLS
,2024-03-21T14:52:31.062349+00:00,2024-03-21T14:56:33.374506+00:00,18660.0,18648.75,LONG,False,False,False,False,False,NO_LOG_FILLS
,2024-03-21T15:07:58.472740+00:00,2024-03-21T15:08:45.522908+00:00,18619.75,18626.5,LONG,False,False,False,False,False,NO_LOG_FILLS
,2024-03-21T15:07:58.472740+00:00,2024-03-21T15:10:15.934193+00:00,18619.75,18633.25,LONG,False,False,False,False,False,NO_LOG_FILLS
,2024-03-21T15:07:58.472740+00:00,2024-03-21T15:11:15.314890+00:00,18619.75,18628.75,LONG,False,False,False,False,False,NO_LOG_FILLS
,2024-03-21T16:01:56.021225+00:00,2024-03-21T16:08:07.212918+00:00,18688.0,18694.25,LONG,False,False,False,False,False,NO_LOG_FILLS
,2024-03-21T16:01:56.021225+00:00,2024-03-21T16:15:49.736156+00:00,18688.0,18703.0,LONG,False,False,False,False,False,NO_LOG_FILLS
,2024-03-21T16:01:56.021225+00:00,2024-03-21T16:17:10.061360+00:00,18688.0,18693.25,LONG,False,False,False,False,False,NO_LOG_FILLS
,2024-03-21T16:48:42.028959+00:00,2024-03-21T16:53:19.644031+00:00,18685.5,18692.0,LONG,False,False,False,False,False,NO_LOG_FILLS
,2024-03-21T16:48:42.028959+00:00,2024-03-21T17:01:39.905427+00:00,18685.5,18677.75,LONG,False,False,False,False,False,NO_LOG_FILLS
,2024-03-21T18:02:49.245573+00:00,2024-03-21T18:04:00.836076+00:00,18605.5,18611.75,LONG,False,False,False,False,False,NO_LOG_FILLS
,2024-03-21T18:02:49.245573+00:00,2024-03-21T18:05:53.964986+00:00,18605.5,18618.25,LONG,False,False,False,False,False,NO_LOG_FILLS
,2024-03-21T18:02:49.245573+00:00,2024-03-21T18:07:04.294043+00:00,18605.5,18609.5,LONG,False,False,False,False,False,NO_LOG_FILLS
,2024-03-21T18:09:11.811464+00:00,2024-03-21T18:09:53.135156+00:00,18594.5,18587.5,LONG,False,False,False,False,False,NO_LOG_FILLS
,2024-03-21T18:10:23.856043+00:00,2024-03-21T18:10:47.126903+00:00,18590.5,18596.0,LONG,False,False,False,False,False,NO_LOG_FILLS
,2024-03-21T18:10:23.856043+00:00,2024-03-21T18:11:26.835697+00:00,18590.5,18601.5,LONG,False,False,False,False,False,NO_LOG_FILLS
,2024-03-21T18:10:23.856043+00:00,2024-03-21T18:11:54.098265+00:00,18590.5,18598.5,LONG,False,False,False,False,False,NO_LOG_FILLS
,2024-03-21T18:16:42.987672+00:00,2024-03-21T18:18:59.050648+00:00,18593.75,18602.75,SHORT,False,False,False,False,False,NO_LOG_FILLS
,2024-03-21T18:26:39.251847+00:00,2024-03-21T18:27:50.108332+00:00,18614.75,18611.5,LONG,False,False,False,False,False,NO_LOG_FILLS
,2024-03-21T18:31:56.500762+00:00,2024-03-21T18:33:59.214334+00:00,18606.5,18600.75,SHORT,False,False,False,False,False,NO_LOG_FILLS
,2024-03-21T18:31:56.500762+00:00,2024-03-21T18:34:56.032289+00:00,18606.5,18595.0,SHORT,False,False,False,False,False,NO_LOG_FILLS
,2024-03-21T18:31:56.500762+00:00,2024-03-21T18:35:17.245524+00:00,18606.5,18586.75,SHORT,False,False,False,False,False,NO_LOG_FILLS
,2024-03-21T18:42:57.058051+00:00,2024-03-21T18:42:57.512860+00:00,18565.0,18562.5,SHORT,False,False,False,False,False,NO_LOG_FILLS
,2024-03-21T18:43:22.538882+00:00,2024-03-21T18:44:14.922470+00:00,18563.5,18570.0,LONG,False,False,False,False,False,NO_LOG_FILLS
,2024-03-21T18:43:22.538882+00:00,2024-03-21T18:44:40.448216+00:00,18563.5,18576.5,LONG,False,False,False,False,False,NO_LOG_FILLS
,2024-03-21T18:43:22.538882+00:00,2024-03-21T18:49:20.566511+00:00,18563.5,18584.25,LONG,False,False,False,False,False,NO_LOG_FILLS
,2024-03-21T19:05:46.646274+00:00,2024-03-21T19:06:22.558964+00:00,18575.5,18572.25,LONG,False,False,False,False,False,NO_LOG_FILLS
,2024-03-21T19:20:49.514721+00:00,2024-03-21T19:21:22.645168+00:00,18590.0,18583.5,SHORT,False,False,False,False,False,NO_LOG_FILLS
,2024-03-21T19:20:49.514721+00:00,2024-03-21T19:23:57.568826+00:00,18590.0,18577.25,SHORT,False,False,False,False,False,NO_LOG_FILLS
,2024-03-21T19:20:49.514721+00:00,2024-03-21T19:25:00.390213+00:00,18590.0,18584.5,SHORT,False,False,False,False,False,NO_LOG_FILLS
,2024-03-21T19:30:17.245195+00:00,2024-03-21T19:31:18.348753+00:00,18589.0,18597.0,LONG,False,False,False,False,False,NO_LOG_FILLS
,2024-03-21T19:30:17.245195+00:00,2024-03-21T19:35:12.422479+00:00,18589.0,18574.0,LONG,False,False,False,False,False,NO_LOG_FILLS
,2024-03-21T19:45:47.071197+00:00,2024-03-21T19:46:34.253663+00:00,18587.75,18581.0,SHORT,False,False,False,False,False,NO_LOG_FILLS
,2024-03-21T19:45:47.071197+00:00,2024-03-21T19:48:05.531168+00:00,18587.75,18574.5,SHORT,False,False,False,False,False,NO_LOG_FILLS
,2024-03-21T19:45:47.071197+00:00,2024-03-21T19:49:57.456911+00:00,18587.75,18577.25,SHORT,False,False,False,False,False,NO_LOG_FILLS
,2024-03-21T19:49:58.145553+00:00,2024-03-21T19:50:57.785176+00:00,18579.25,18585.75,LONG,False,False,False,False,False,NO_LOG_FILLS
,2024-03-21T19:49:58.145553+00:00,2024-03-21T19:54:37.790019+00:00,18579.25,18568.25,LONG,False,False,False,False,False,NO_LOG_FILLS
,2024-03-21T19:59:45.349043+00:00,2024-03-21T19:59:45.844937+00:00,18567.25,18567.5,SHORT,False,False,False,False,False,NO_LOG_FILLS
,2024-03-21T22:09:33.376450+00:00,2024-03-21T22:09:33.793785+00:00,18573.75,18574.25,SHORT,False,False,False,False,False,NO_LOG_FILLS
,2024-03-22T00:43:38.070052+00:00,2024-03-22T01:09:37.557020+00:00,18582.75,18595.25,SHORT,False,False,False,False,False,NO_LOG_FILLS
,2024-03-22T03:57:29.521200+00:00,2024-03-22T04:01:26.041490+00:00,18552.75,18561.25,LONG,False,False,False,False,False,NO_LOG_FILLS
,2024-03-22T03:57:29.521200+00:00,2024-03-22T04:06:14.502028+00:00,18552.75,18569.5,LONG,False,False,False,False,False,NO_LOG_FILLS
,2024-03-22T03:57:29.521200+00:00,2024-03-22T06:29:34.391326+00:00,18552.75,18573.75,LONG,False,False,False,False,False,NO_LOG_FILLS
,2024-03-22T06:29:34.827932+00:00,2024-03-22T06:33:00.529236+00:00,18573.75,18571.25,SHORT,False,False,False,False,False,NO_LOG_FILLS
,2024-03-22T07:43:52.755683+00:00,2024-03-22T07:46:59.020443+00:00,18552.0,18561.25,LONG,False,False,False,False,False,NO_LOG_FILLS
,2024-03-22T07:43:52.755683+00:00,2024-03-22T07:50:02.078905+00:00,18552.0,18570.25,LONG,False,False,False,False,False,NO_LOG_FILLS
,2024-03-22T07:43:52.755683+00:00,2024-03-22T07:52:43.624223+00:00,18552.0,18563.0,LONG,False,False,False,False,False,NO_LOG_FILLS
,2024-03-22T09:26:41.786227+00:00,2024-03-22T11:20:14.363171+00:00,18579.25,18568.25,SHORT,False,False,False,False,False,NO_LOG_FILLS
,2024-03-22T09:26:41.786227+00:00,2024-03-22T11:25:29.077820+00:00,18579.25,18557.25,SHORT,False,False,False,False,False,NO_LOG_FILLS
,2024-03-22T09:26:41.786227+00:00,2024-03-22T11:53:36.806447+00:00,18579.25,18515.0,SHORT,False,False,False,False,False,NO_LOG_FILLS
,2024-03-22T12:17:36.783726+00:00,2024-03-22T12:18:02.882478+00:00,18505.5,18499.5,LONG,False,False,False,False,False,NO_LOG_FILLS
,2024-03-22T12:18:35.110073+00:00,2024-03-22T12:19:21.649466+00:00,18501.5,18510.0,LONG,False,False,False,False,False,NO_LOG_FILLS
,2024-03-22T12:18:35.110073+00:00,2024-03-22T12:35:15.103574+00:00,18501.5,18495.75,LONG,False,False,False,False,False,NO_LOG_FILLS
,2024-03-22T13:31:56.444255+00:00,2024-03-22T13:33:39.297581+00:00,18543.75,18518.75,LONG,False,False,False,False,False,NO_LOG_FILLS
,2024-03-22T13:42:17.154473+00:00,2024-03-22T13:44:01.597916+00:00,18522.25,18515.0,LONG,False,False,False,False,False,NO_LOG_FILLS
,2024-03-22T14:17:14.417575+00:00,2024-03-22T14:18:04.922167+00:00,18532.25,18538.25,SHORT,False,False,False,False,False,NO_LOG_FILLS
,2024-03-22T14:42:59.971672+00:00,2024-03-22T14:49:10.041004+00:00,18512.0,18519.5,LONG,False,False,False,False,False,NO_LOG_FILLS
,2024-03-22T14:42:59.971672+00:00,2024-03-22T14:51:57.320274+00:00,18512.0,18503.25,LONG,False,False,False,False,False,NO_LOG_FILLS
,2024-03-22T15:15:12.789665+00:00,2024-03-22T15:16:40.304899+00:00,18541.75,18535.5,SHORT,False,False,False,False,False,NO_LOG_FILLS
,2024-03-22T15:15:12.789665+00:00,2024-03-22T15:25:53.529749+00:00,18541.75,18554.0,SHORT,False,False,False,False,False,NO_LOG_FILLS
,2024-03-22T15:34:54.210375+00:00,2024-03-22T15:35:21.698369+00:00,18559.25,18561.75,SHORT,False,False,False,False,False,NO_LOG_FILLS
,2024-03-22T16:03:42.441785+00:00,2024-03-22T16:05:55.635326+00:00,18556.75,18550.25,SHORT,False,False,False,False,False,NO_LOG_FILLS
,2024-03-22T16:03:42.441785+00:00,2024-03-22T16:08:30.652674+00:00,18556.75,18544.0,SHORT,False,False,False,False,False,NO_LOG_FILLS
,2024-03-22T16:03:42.441785+00:00,2024-03-22T16:10:04.417165+00:00,18556.75,18550.25,SHORT,False,False,False,False,False,NO_LOG_FILLS
,2024-03-22T16:23:13.500679+00:00,2024-03-22T16:30:05.134813+00:00,18546.5,18556.75,SHORT,False,False,False,False,False,NO_LOG_FILLS
,2024-03-22T16:23:14.678327+00:00,2024-03-22T16:34:35.719280+00:00,18546.5,18538.75,SHORT,False,False,False,False,False,NO_LOG_FILLS
,2024-03-22T16:23:14.678327+00:00,2024-03-22T16:36:15.111954+00:00,18546.5,18531.75,SHORT,False,False,False,False,False,NO_LOG_FILLS
,2024-03-22T16:23:14.678327+00:00,2024-03-22T16:36:46.769491+00:00,18546.5,18539.75,SHORT,False,False,False,False,False,NO_LOG_FILLS
,2024-03-22T16:33:20.731892+00:00,2024-03-22T16:43:58.974053+00:00,18545.5,18553.25,SHORT,False,False,False,False,False,NO_LOG_FILLS
,2024-03-22T16:33:22.236253+00:00,2024-03-22T16:54:11.846826+00:00,18545.5,18576.75,SHORT,False,False,False,False,False,NO_LOG_FILLS
,2024-03-22T16:43:10.526828+00:00,2024-03-22T17:04:17.537902+00:00,18547.0,18585.75,SHORT,False,False,False,False,False,NO_LOG_FILLS
,2024-03-22T16:43:11.960893+00:00,2024-03-22T17:18:28.818194+00:00,18547.0,18606.25,SHORT,False,False,False,False,False,NO_LOG_FILLS
,2024-03-22T16:53:32.171498+00:00,2024-03-22T17:20:27.901939+00:00,18573.5,18596.0,SHORT,False,False,False,False,False,NO_LOG_FILLS
,2024-03-22T16:53:32.171498+00:00,2024-03-22T17:21:37.568638+00:00,18573.5,18590.5,SHORT,False,False,False,False,False,NO_LOG_FILLS
,2024-03-22T16:53:32.171498+00:00,2024-03-22T17:24:21.976121+00:00,18573.5,18593.5,SHORT,False,False,False,False,False,NO_LOG_FILLS
,2024-03-22T16:53:33.742588+00:00,2024-03-22T17:44:31.162788+00:00,18573.5,18597.75,SHORT,False,False,False,False,False,NO_LOG_FILLS
,2024-03-22T17:02:20.767226+00:00,2024-03-22T17:49:03.696822+00:00,18577.25,18606.5,SHORT,False,False,False,False,False,NO_LOG_FILLS
,2024-03-22T17:02:22.310221+00:00,2024-03-22T18:31:27.302580+00:00,18577.25,18601.5,SHORT,False,False,False,False,False,NO_LOG_FILLS
,2024-03-22T17:02:22.310221+00:00,2024-03-22T18:32:30.440669+00:00,18577.25,18596.25,SHORT,False,False,False,False,False,NO_LOG_FILLS
,2024-03-22T17:02:22.310221+00:00,2024-03-22T18:34:22.098759+00:00,18577.25,18603.25,SHORT,False,False,False,False,False,NO_LOG_FILLS
,2024-03-22T17:16:29.733899+00:00,2024-03-22T18:34:50.855895+00:00,18597.25,18607.0,SHORT,False,False,False,False,False,NO_LOG_FILLS
,2024-03-22T17:16:31.000834+00:00,2024-03-22T18:34:52.607261+00:00,18597.25,18607.0,SHORT,False,False,False,False,False,NO_LOG_FILLS
,2024-03-22T17:19:21.295958+00:00,2024-03-22T18:49:14.793015+00:00,18601.75,18592.5,SHORT,False,False,False,False,False,NO_LOG_FILLS
,2024-03-22T17:19:22.606070+00:00,2024-03-22T18:49:16.357010+00:00,18601.75,18592.5,SHORT,False,False,False,False,False,NO_LOG_FILLS
,2024-03-22T17:40:09.118242+00:00,2024-03-22T18:52:23.860108+00:00,18591.25,18587.0,SHORT,False,False,False,False,False,NO_LOG_FILLS
,2024-03-22T17:40:10.625318+00:00,2024-03-22T18:52:25.516114+00:00,18591.25,18587.0,SHORT,False,False,False,False,False,NO_LOG_FILLS
,2024-03-22T17:45:53.779750+00:00,2024-03-22T19:04:42.212109+00:00,18601.0,18590.5,SHORT,False,False,False,False,False,NO_LOG_FILLS
,2024-03-22T17:45:55.143654+00:00,2024-03-22T19:04:43.861301+00:00,18601.0,18590.5,SHORT,False,False,False,False,False,NO_LOG_FILLS
,2024-03-22T18:31:22.159967+00:00,2024-03-22T19:26:48.708211+00:00,18606.75,18568.75,SHORT,False,False,False,False,False,NO_LOG_FILLS
,2024-03-22T18:31:23.931516+00:00,2024-03-22T19:35:04.953338+00:00,18606.75,18571.0,SHORT,False,False,False,False,False,NO_LOG_FILLS
,2024-03-22T18:36:23.996048+00:00,2024-03-22T19:35:06.676475+00:00,18603.25,18571.0,SHORT,False,False,False,False,False,NO_LOG_FILLS
,2024-03-22T18:50:23.153245+00:00,2024-03-22T20:03:52.049957+00:00,18585.0,18565.75,SHORT,False,False,False,False,False,NO_LOG_FILLS
,2024-03-22T18:53:41.903966+00:00,2024-03-22T20:03:54.071811+00:00,18592.75,18565.75,SHORT,False,False,False,False,False,NO_LOG_FILLS
,2024-03-22T18:56:49.034785+00:00,2024-03-22T20:03:54.071811+00:00,18598.25,18565.75,SHORT,False,False,False,False,False,NO_LOG_FILLS
,2024-03-22T18:57:26.656247+00:00,2024-03-22T20:03:54.071811+00:00,18595.25,18565.75,SHORT,False,False,False,False,False,NO_LOG_FILLS
,2024-03-22T19:07:37.964536+00:00,2024-03-22T20:12:26.242843+00:00,18581.0,18562.5,SHORT,False,False,False,False,False,NO_LOG_FILLS
,2024-03-22T19:25:25.222682+00:00,2024-03-22T20:12:28.051823+00:00,18565.25,18562.5,SHORT,False,False,False,False,False,NO_LOG_FILLS
,2024-03-25T08:38:20.949198+00:00,2024-03-25T09:04:00.206536+00:00,18553.75,18543.75,SHORT,False,False,False,False,False,NO_LOG_FILLS
,2024-03-25T08:38:20.949198+00:00,2024-03-25T09:40:00.977777+00:00,18553.75,18533.75,SHORT,False,False,False,False,False,NO_LOG_FILLS
,2024-03-25T08:38:20.949198+00:00,2024-03-25T10:02:38.346047+00:00,18553.75,18526.0,SHORT,False,False,False,False,False,NO_LOG_FILLS
,2024-03-25T12:35:57.116193+00:00,2024-03-25T12:38:27.896576+00:00,18480.0,18470.5,SHORT,False,False,False,False,False,NO_LOG_FILLS
,2024-03-25T12:35:57.116193+00:00,2024-03-25T13:28:45.285972+00:00,18480.0,18461.0,SHORT,False,False,False,False,False,NO_LOG_FILLS
,2024-03-25T12:35:57.116193+00:00,2024-03-25T13:29:18.109663+00:00,18480.0,18460.75,SHORT,False,False,False,False,False,NO_LOG_FILLS
,2024-03-25T13:29:18.853243+00:00,2024-03-25T13:29:22.885092+00:00,18461.0,18459.0,LONG,False,False,False,False,False,NO_LOG_FILLS
,2024-03-25T13:30:41.340690+00:00,2024-03-25T13:32:26.039862+00:00,18457.0,18465.0,LONG,False,False,False,False,False,NO_LOG_FILLS
,2024-03-25T13:30:41.340690+00:00,2024-03-25T13:33:17.507870+00:00,18457.0,18473.0,LONG,False,False,False,False,False,NO_LOG_FILLS
,2024-03-25T13:30:41.340690+00:00,2024-03-25T13:33:38.452267+00:00,18457.0,18471.5,LONG,False,False,False,False,False,NO_LOG_FILLS
,2024-03-25T13:34:02.905085+00:00,2024-03-25T13:38:10.449034+00:00,18466.75,18458.5,SHORT,False,False,False,False,False,NO_LOG_FILLS
,2024-03-25T13:34:02.905085+00:00,2024-03-25T13:39:42.898184+00:00,18466.75,18450.5,SHORT,False,False,False,False,False,NO_LOG_FILLS
,2024-03-25T13:34:02.905085+00:00,2024-03-25T13:40:16.351635+00:00,18466.75,18449.0,SHORT,False,False,False,False,False,NO_LOG_FILLS
,2024-03-25T13:41:59.463510+00:00,2024-03-25T13:43:04.890229+00:00,18429.5,18421.5,LONG,False,False,False,False,False,NO_LOG_FILLS
,2024-03-25T13:52:21.698865+00:00,2024-03-25T13:54:57.790428+00:00,18473.25,18484.75,SHORT,False,False,False,False,False,NO_LOG_FILLS
,2024-03-25T13:57:24.253043+00:00,2024-03-25T13:58:51.548664+00:00,18480.5,18474.0,LONG,False,False,False,False,False,NO_LOG_FILLS
,2024-03-25T14:00:45.791398+00:00,2024-03-25T14:02:01.896777+00:00,18483.75,18471.0,LONG,False,False,False,False,False,NO_LOG_FILLS
,2024-03-25T14:21:43.833217+00:00,2024-03-25T14:21:46.001624+00:00,18533.0,18535.25,SHORT,False,False,False,False,False,NO_LOG_FILLS
,2024-03-25T14:21:50.767350+00:00,2024-03-25T14:22:27.869542+00:00,18536.0,18530.0,SHORT,False,False,False,False,False,NO_LOG_FILLS
,2024-03-25T14:21:50.767350+00:00,2024-03-25T14:24:43.207661+00:00,18536.0,18524.25,SHORT,False,False,False,False,False,NO_LOG_FILLS
,2024-03-25T14:21:50.767350+00:00,2024-03-25T14:25:12.898305+00:00,18536.0,18523.5,SHORT,False,False,False,False,False,NO_LOG_FILLS
,2024-03-25T14:46:04.283583+00:00,2024-03-25T14:47:59.601058+00:00,18508.5,18503.0,SHORT,False,False,False,False,False,NO_LOG_FILLS
,2024-03-25T14:46:04.283583+00:00,2024-03-25T14:59:40.310972+00:00,18508.5,18521.0,SHORT,False,False,False,False,False,NO_LOG_FILLS
,2024-03-25T15:07:17.506816+00:00,2024-03-25T15:09:22.657310+00:00,18531.0,18524.5,SHORT,False,False,False,False,False,NO_LOG_FILLS
,2024-03-25T15:07:17.506816+00:00,2024-03-25T15:15:47.587395+00:00,18531.0,18538.5,SHORT,False,False,False,False,False,NO_LOG_FILLS
,2024-03-25T15:50:34.731272+00:00,2024-03-25T15:51:11.890938+00:00,18544.25,18538.25,SHORT,False,False,False,False,False,NO_LOG_FILLS
,2024-03-25T15:50:34.731272+00:00,2024-03-25T15:53:05.556383+00:00,18544.25,18549.0,SHORT,False,False,False,False,False,NO_LOG_FILLS
,2024-03-25T16:22:32.512420+00:00,2024-03-25T16:30:28.035996+00:00,18528.0,18521.75,SHORT,False,False,False,False,False,NO_LOG_FILLS
,2024-03-25T16:22:32.512420+00:00,2024-03-25T16:39:39.043793+00:00,18528.0,18515.5,SHORT,False,False,False,False,False,NO_LOG_FILLS
,2024-03-25T16:22:32.512420+00:00,2024-03-25T16:41:35.596801+00:00,18528.0,18520.0,SHORT,False,False,False,False,False,NO_LOG_FILLS
,2024-03-25T16:50:36.256403+00:00,2024-03-25T16:51:50.331716+00:00,18520.25,18524.75,SHORT,False,False,False,False,False,NO_LOG_FILLS
,2024-03-25T16:56:47.854331+00:00,2024-03-25T17:06:33.760502+00:00,18530.5,18524.0,SHORT,False,False,False,False,False,NO_LOG_FILLS
,2024-03-25T16:56:47.854331+00:00,2024-03-25T17:11:42.297225+00:00,18530.5,18517.25,SHORT,False,False,False,False,False,NO_LOG_FILLS
,2024-03-25T16:56:47.854331+00:00,2024-03-25T17:12:40.964982+00:00,18530.5,18524.75,SHORT,False,False,False,False,False,NO_LOG_FILLS
,2024-03-25T17:30:55.163391+00:00,2024-03-25T17:40:32.767477+00:00,18542.0,18548.75,SHORT,False,False,False,False,False,NO_LOG_FILLS
,2024-03-25T18:24:03.211576+00:00,2024-03-25T18:27:02.118699+00:00,18560.25,18554.5,SHORT,False,False,False,False,False,NO_LOG_FILLS
,2024-03-25T18:24:03.211576+00:00,2024-03-25T18:33:05.591487+00:00,18560.25,18548.5,SHORT,False,False,False,False,False,NO_LOG_FILLS
,2024-03-25T18:24:03.211576+00:00,2024-03-25T18:37:02.804108+00:00,18560.25,18556.75,SHORT,False,False,False,False,False,NO_LOG_FILLS
,2024-03-25T18:57:53.024377+00:00,2024-03-25T19:02:23.271300+00:00,18564.5,18559.25,SHORT,False,False,False,False,False,NO_LOG_FILLS
,2024-03-25T18:57:53.024377+00:00,2024-03-25T19:04:50.379749+00:00,18564.5,18554.0,SHORT,False,False,False,False,False,NO_LOG_FILLS
,2024-03-25T18:57:53.024377+00:00,2024-03-25T19:05:50.236004+00:00,18564.5,18557.0,SHORT,False,False,False,False,False,NO_LOG_FILLS
,2024-03-25T19:20:25.921288+00:00,2024-03-25T19:21:38.468629+00:00,18541.0,18535.75,SHORT,False,False,False,False,False,NO_LOG_FILLS
,2024-03-25T19:20:25.921288+00:00,2024-03-25T19:22:57.113616+00:00,18541.0,18530.5,SHORT,False,False,False,False,False,NO_LOG_FILLS
,2024-03-25T19:20:25.921288+00:00,2024-03-25T19:24:40.571104+00:00,18541.0,18534.5,SHORT,False,False,False,False,False,NO_LOG_FILLS
,2024-03-25T19:37:03.290194+00:00,2024-03-25T19:41:13.587325+00:00,18538.0,18546.5,SHORT,False,False,False,False,False,NO_LOG_FILLS
,2024-03-25T19:58:04.755651+00:00,2024-03-25T19:58:39.353918+00:00,18514.0,18508.5,LONG,False,False,False,False,False,NO_LOG_FILLS
,2024-03-25T19:59:58.835556+00:00,2024-03-25T20:00:20.829774+00:00,18509.5,18517.0,SHORT,False,False,False,False,False,NO_LOG_FILLS
,2024-03-25T20:11:40.402807+00:00,2024-03-25T20:24:16.390123+00:00,18515.5,18520.0,LONG,False,False,False,False,False,NO_LOG_FILLS
,2024-03-25T20:11:40.402807+00:00,2024-03-25T20:41:28.279782+00:00,18515.5,18524.5,LONG,False,False,False,False,False,NO_LOG_FILLS
,2024-03-25T20:11:40.402807+00:00,2024-03-25T20:58:58.618759+00:00,18515.5,18530.5,LONG,False,False,False,False,False,NO_LOG_FILLS
,2024-03-26T07:39:55.388898+00:00,2024-03-26T07:46:34.344675+00:00,18592.5,18585.75,SHORT,False,False,False,False,False,NO_LOG_FILLS
,2024-03-26T07:39:55.388898+00:00,2024-03-26T07:46:57.190174+00:00,18592.5,18579.0,SHORT,False,False,False,False,False,NO_LOG_FILLS
,2024-03-26T07:39:55.388898+00:00,2024-03-26T08:01:00.677336+00:00,18592.5,18573.0,SHORT,False,False,False,False,False,NO_LOG_FILLS
,2024-03-26T09:13:49.827287+00:00,2024-03-26T09:16:44.436243+00:00,18592.75,18599.5,SHORT,False,False,False,False,False,NO_LOG_FILLS
,2024-03-26T10:46:14.855719+00:00,2024-03-26T11:04:01.244644+00:00,18605.5,18613.5,LONG,False,False,False,False,False,NO_LOG_FILLS
,2024-03-26T10:46:14.855719+00:00,2024-03-26T11:27:40.387330+00:00,18605.5,18598.0,LONG,False,False,False,False,False,NO_LOG_FILLS
,2024-03-26T11:38:45.251057+00:00,2024-03-26T12:00:00.049610+00:00,18607.75,18616.0,LONG,False,False,False,False,False,NO_LOG_FILLS
,2024-03-26T11:38:45.251057+00:00,2024-03-26T12:30:12.665138+00:00,18607.75,18593.0,LONG,False,False,False,False,False,NO_LOG_FILLS
,2024-03-26T13:15:12.349768+00:00,2024-03-26T13:16:27.385466+00:00,18561.5,18554.0,LONG,False,False,False,False,False,NO_LOG_FILLS
,2024-03-26T13:32:59.405696+00:00,2024-03-26T13:34:07.746954+00:00,18565.25,18579.5,SHORT,False,False,False,False,False,NO_LOG_FILLS
,2024-03-26T13:35:40.558853+00:00,2024-03-26T13:38:24.645539+00:00,18584.0,18575.25,SHORT,False,False,False,False,False,NO_LOG_FILLS
,2024-03-26T13:35:40.558853+00:00,2024-03-26T13:43:10.618398+00:00,18584.0,18566.25,SHORT,False,False,False,False,False,NO_LOG_FILLS
,2024-03-26T13:35:40.558853+00:00,2024-03-26T13:43:39.979870+00:00,18584.0,18575.25,SHORT,False,False,False,False,False,NO_LOG_FILLS
,2024-03-26T13:56:35.663741+00:00,2024-03-26T13:59:09.282041+00:00,18581.25,18588.75,LONG,False,False,False,False,False,NO_LOG_FILLS
,2024-03-26T13:56:35.663741+00:00,2024-03-26T14:00:30.799459+00:00,18581.25,18602.0,LONG,False,False,False,False,False,NO_LOG_FILLS
,2024-03-26T13:56:35.663741+00:00,2024-03-26T14:01:51.105538+00:00,18581.25,18599.75,LONG,False,False,False,False,False,NO_LOG_FILLS
,2024-03-26T14:05:49.128908+00:00,2024-03-26T14:05:49.633964+00:00,18601.25,18602.0,SHORT,False,False,False,False,False,NO_LOG_FILLS
,2024-03-26T14:11:42.911101+00:00,2024-03-26T14:12:12.721262+00:00,18580.75,18586.75,LONG,False,False,False,False,False,NO_LOG_FILLS
,2024-03-26T14:11:42.911101+00:00,2024-03-26T14:13:44.064316+00:00,18580.75,18592.75,LONG,False,False,False,False,False,NO_LOG_FILLS
,2024-03-26T14:11:42.911101+00:00,2024-03-26T14:14:06.148377+00:00,18580.75,18593.0,LONG,False,False,False,False,False,NO_LOG_FILLS
,2024-03-26T14:18:58.404087+00:00,2024-03-26T14:21:02.182961+00:00,18602.5,18596.75,SHORT,False,False,False,False,False,NO_LOG_FILLS
,2024-03-26T14:18:58.404087+00:00,2024-03-26T14:21:19.634533+00:00,18602.5,18590.75,SHORT,False,False,False,False,False,NO_LOG_FILLS
,2024-03-26T14:18:58.404087+00:00,2024-03-26T14:24:10.996991+00:00,18602.5,18592.75,SHORT,False,False,False,False,False,NO_LOG_FILLS
,2024-03-26T14:24:11.526242+00:00,2024-03-26T14:25:21.284140+00:00,18592.5,18584.25,LONG,False,False,False,False,False,NO_LOG_FILLS
,2024-03-26T14:32:25.584542+00:00,2024-03-26T14:32:55.656819+00:00,18543.0,18548.5,LONG,False,False,False,False,False,NO_LOG_FILLS
,2024-03-26T14:32:25.584542+00:00,2024-03-26T14:37:43.575691+00:00,18543.0,18553.75,LONG,False,False,False,False,False,NO_LOG_FILLS
,2024-03-26T14:32:25.584542+00:00,2024-03-26T14:38:30.040777+00:00,18543.0,18558.0,LONG,False,False,False,False,False,NO_LOG_FILLS
,2024-03-26T14:42:33.928341+00:00,2024-03-26T14:42:34.478816+00:00,18537.25,18537.5,LONG,False,False,False,False,False,NO_LOG_FILLS
,2024-03-26T14:51:16.811292+00:00,2024-03-26T14:53:35.249193+00:00,18549.25,18555.25,LONG,False,False,False,False,False,NO_LOG_FILLS
,2024-03-26T14:51:16.811292+00:00,2024-03-26T14:55:23.987588+00:00,18549.25,18561.5,LONG,False,False,False,False,False,NO_LOG_FILLS
,2024-03-26T14:51:16.811292+00:00,2024-03-26T14:56:22.348769+00:00,18549.25,18552.25,LONG,False,False,False,False,False,NO_LOG_FILLS
,2024-03-26T14:56:39.012974+00:00,2024-03-26T14:59:11.215648+00:00,18549.5,18562.0,SHORT,False,False,False,False,False,NO_LOG_FILLS
,2024-03-26T15:17:00.448780+00:00,2024-03-26T15:20:24.481546+00:00,18566.25,18560.0,SHORT,False,False,False,False,False,NO_LOG_FILLS
,2024-03-26T15:17:00.448780+00:00,2024-03-26T15:22:12.833658+00:00,18566.25,18576.5,SHORT,False,False,False,False,False,NO_LOG_FILLS
,2024-03-26T15:24:12.833190+00:00,2024-03-26T15:30:18.898473+00:00,18571.5,18565.0,SHORT,False,False,False,False,False,NO_LOG_FILLS
,2024-03-26T15:24:12.833190+00:00,2024-03-26T15:31:56.951978+00:00,18571.5,18558.75,SHORT,False,False,False,False,False,NO_LOG_FILLS
,2024-03-26T15:24:12.833190+00:00,2024-03-26T15:33:06.118243+00:00,18571.5,18567.25,SHORT,False,False,False,False,False,NO_LOG_FILLS
,2024-03-26T15:57:34.571685+00:00,2024-03-26T16:00:04.665370+00:00,18573.0,18582.5,SHORT,False,False,False,False,False,NO_LOG_FILLS
,2024-03-26T16:02:53.065386+00:00,2024-03-26T16:06:25.048235+00:00,18579.75,18574.0,SHORT,False,False,False,False,False,NO_LOG_FILLS
,2024-03-26T16:02:53.065386+00:00,2024-03-26T16:16:45.974352+00:00,18579.75,18568.5,SHORT,False,False,False,False,False,NO_LOG_FILLS
,2024-03-26T16:02:53.065386+00:00,2024-03-26T16:17:30.135926+00:00,18579.75,18567.25,SHORT,False,False,False,False,False,NO_LOG_FILLS
,2024-03-26T16:28:35.973198+00:00,2024-03-26T16:29:54.612634+00:00,18554.5,18560.25,LONG,False,False,False,False,False,NO_LOG_FILLS
,2024-03-26T16:28:35.973198+00:00,2024-03-26T16:43:01.538782+00:00,18554.5,18546.25,LONG,False,False,False,False,False,NO_LOG_FILLS
,2024-03-26T17:02:45.407189+00:00,2024-03-26T17:05:31.016617+00:00,18531.75,18548.25,SHORT,False,False,False,False,False,NO_LOG_FILLS
,2024-03-26T17:06:48.379470+00:00,2024-03-26T17:17:19.524069+00:00,18549.75,18545.75,LONG,False,False,False,False,False,NO_LOG_FILLS
,2024-03-26T17:18:12.041557+00:00,2024-03-26T17:18:52.661522+00:00,18546.75,18543.5,LONG,False,False,False,False,False,NO_LOG_FILLS
,2024-03-26T17:22:24.663830+00:00,2024-03-26T17:23:48.954210+00:00,18550.25,18542.0,LONG,False,False,False,False,False,NO_LOG_FILLS
,2024-03-26T17:36:54.657042+00:00,2024-03-26T17:39:36.540208+00:00,18550.0,18543.75,SHORT,False,False,False,False,False,NO_LOG_FILLS
,2024-03-26T17:36:54.657042+00:00,2024-03-26T17:45:27.815888+00:00,18550.0,18537.5,SHORT,False,False,False,False,False,NO_LOG_FILLS
,2024-03-26T17:36:54.657042+00:00,2024-03-26T17:46:32.823401+00:00,18550.0,18536.75,SHORT,False,False,False,False,False,NO_LOG_FILLS
,2024-03-26T17:58:13.590001+00:00,2024-03-26T18:02:34.543235+00:00,18542.5,18548.5,SHORT,False,False,False,False,False,NO_LOG_FILLS
,2024-03-26T18:52:47.787130+00:00,2024-03-26T18:55:19.733006+00:00,18549.0,18555.0,LONG,False,False,False,False,False,NO_LOG_FILLS
,2024-03-26T18:52:47.787130+00:00,2024-03-26T19:12:47.126748+00:00,18549.0,18536.25,LONG,False,False,False,False,False,NO_LOG_FILLS
,2024-03-26T19:33:15.738054+00:00,2024-03-26T19:33:53.824473+00:00,18489.75,18485.5,LONG,False,False,False,False,False,NO_LOG_FILLS
,2024-03-26T19:36:59.921865+00:00,2024-03-26T19:40:38.152332+00:00,18487.0,18495.25,SHORT,False,False,False,False,False,NO_LOG_FILLS
,2024-03-26T19:42:12.576418+00:00,2024-03-26T19:42:33.263405+00:00,18487.75,18482.5,SHORT,False,False,False,False,False,NO_LOG_FILLS
,2024-03-26T19:42:12.576418+00:00,2024-03-26T19:43:53.599066+00:00,18487.75,18477.5,SHORT,False,False,False,False,False,NO_LOG_FILLS
,2024-03-26T19:42:12.576418+00:00,2024-03-26T19:45:06.079193+00:00,18487.75,18467.75,SHORT,False,False,False,False,False,NO_LOG_FILLS
,2024-03-26T19:51:49.403695+00:00,2024-03-26T19:53:06.439332+00:00,18470.0,18464.0,SHORT,False,False,False,False,False,NO_LOG_FILLS
,2024-03-26T19:51:49.403695+00:00,2024-03-26T19:55:09.274220+00:00,18470.0,18458.0,SHORT,False,False,False,False,False,NO_LOG_FILLS
,2024-03-26T19:51:49.403695+00:00,2024-03-26T19:56:15.570445+00:00,18470.0,18456.75,SHORT,False,False,False,False,False,NO_LOG_FILLS
,2024-03-26T19:57:18.565055+00:00,2024-03-26T19:59:27.355661+00:00,18447.75,18453.75,LONG,False,False,False,False,False,NO_LOG_FILLS
,2024-03-26T19:57:18.565055+00:00,2024-03-26T20:00:28.607906+00:00,18447.75,18459.75,LONG,False,False,False,False,False,NO_LOG_FILLS
,2024-03-26T19:57:18.565055+00:00,2024-03-26T20:01:14.220107+00:00,18447.75,18466.0,LONG,False,False,False,False,False,NO_LOG_FILLS
,2024-03-27T00:43:08.776918+00:00,2024-03-27T00:47:48.956683+00:00,18484.0,18491.25,SHORT,False,False,False,False,False,NO_LOG_FILLS
,2024-03-27T04:13:17.157787+00:00,2024-03-27T04:52:44.784100+00:00,18506.5,18513.5,LONG,False,False,False,False,False,NO_LOG_FILLS
,2024-03-27T04:13:17.157787+00:00,2024-03-27T05:13:02.166414+00:00,18506.5,18520.75,LONG,False,False,False,False,False,NO_LOG_FILLS
,2024-03-27T04:13:17.157787+00:00,2024-03-27T05:27:08.100750+00:00,18506.5,18510.0,LONG,False,False,False,False,False,NO_LOG_FILLS
,2024-03-27T06:19:55.554169+00:00,2024-03-27T07:01:41.902342+00:00,18503.25,18495.75,SHORT,False,False,False,False,False,NO_LOG_FILLS
,2024-03-27T06:19:55.554169+00:00,2024-03-27T07:05:02.777191+00:00,18503.25,18488.0,SHORT,False,False,False,False,False,NO_LOG_FILLS
,2024-03-27T06:19:55.554169+00:00,2024-03-27T07:39:22.757887+00:00,18503.25,18484.0,SHORT,False,False,False,False,False,NO_LOG_FILLS
,2024-03-27T07:45:40.272246+00:00,2024-03-27T07:50:16.288717+00:00,18487.0,18474.0,LONG,False,False,False,False,False,NO_LOG_FILLS
,2024-03-27T09:42:55.484024+00:00,2024-03-27T10:07:59.894255+00:00,18516.0,18512.25,LONG,False,False,False,False,False,NO_LOG_FILLS
,2024-03-27T10:21:51.119397+00:00,2024-03-27T10:29:44.071739+00:00,18527.25,18534.25,SHORT,False,False,False,False,False,NO_LOG_FILLS
,2024-03-27T13:29:56.595510+00:00,2024-03-27T13:30:04.291866+00:00,18563.5,18556.75,SHORT,False,False,False,False,False,NO_LOG_FILLS
,2024-03-27T13:29:56.595510+00:00,2024-03-27T13:31:28.262005+00:00,18563.5,18550.0,SHORT,False,False,False,False,False,NO_LOG_FILLS
,2024-03-27T13:29:56.595510+00:00,2024-03-27T13:31:52.303508+00:00,18563.5,18552.5,SHORT,False,False,False,False,False,NO_LOG_FILLS
,2024-03-27T13:35:02.244010+00:00,2024-03-27T13:35:42.379955+00:00,18524.5,18515.75,LONG,False,False,False,False,False,NO_LOG_FILLS
,2024-03-27T13:42:36.954023+00:00,2024-03-27T13:44:29.004141+00:00,18501.75,18487.25,LONG,False,False,False,False,False,NO_LOG_FILLS
,2024-03-27T13:45:03.325784+00:00,2024-03-27T13:45:29.555129+00:00,18496.25,18502.5,LONG,False,False,False,False,False,NO_LOG_FILLS
,2024-03-27T13:45:03.325784+00:00,2024-03-27T13:46:26.435501+00:00,18496.25,18508.5,LONG,False,False,False,False,False,NO_LOG_FILLS
,2024-03-27T13:45:03.325784+00:00,2024-03-27T13:48:04.486334+00:00,18496.25,18504.5,LONG,False,False,False,False,False,NO_LOG_FILLS
,2024-03-27T13:48:04.949317+00:00,2024-03-27T13:48:07.489787+00:00,18504.0,18505.75,SHORT,False,False,False,False,False,NO_LOG_FILLS
,2024-03-27T13:52:16.025561+00:00,2024-03-27T13:52:56.168649+00:00,18496.0,18489.25,SHORT,False,False,False,False,False,NO_LOG_FILLS
,2024-03-27T13:52:16.025561+00:00,2024-03-27T13:53:19.919252+00:00,18496.0,18482.5,SHORT,False,False,False,False,False,NO_LOG_FILLS
,2024-03-27T13:52:16.025561+00:00,2024-03-27T13:53:30.945386+00:00,18496.0,18484.5,SHORT,False,False,False,False,False,NO_LOG_FILLS
,2024-03-27T13:54:56.616449+00:00,2024-03-27T13:54:57.066899+00:00,18469.5,18468.25,LONG,False,False,False,False,False,NO_LOG_FILLS
,2024-03-27T13:56:28.132712+00:00,2024-03-27T13:56:35.324500+00:00,18456.0,18449.25,SHORT,False,False,False,False,False,NO_LOG_FILLS
,2024-03-27T13:56:28.132712+00:00,2024-03-27T14:00:28.381748+00:00,18456.0,18442.75,SHORT,False,False,False,False,False,NO_LOG_FILLS
,2024-03-27T13:56:28.132712+00:00,2024-03-27T14:00:37.335858+00:00,18456.0,18449.5,SHORT,False,False,False,False,False,NO_LOG_FILLS
,2024-03-27T14:03:54.209140+00:00,2024-03-27T14:03:55.578303+00:00,18396.0,18390.75,SHORT,False,False,False,False,False,NO_LOG_FILLS
,2024-03-27T14:03:54.209140+00:00,2024-03-27T14:04:02.454393+00:00,18396.0,18400.5,SHORT,False,False,False,False,False,NO_LOG_FILLS
,2024-03-27T14:09:59.095689+00:00,2024-03-27T14:11:08.510641+00:00,18410.75,18404.5,SHORT,False,False,False,False,False,NO_LOG_FILLS
,2024-03-27T14:09:59.095689+00:00,2024-03-27T14:11:25.297612+00:00,18410.75,18398.5,SHORT,False,False,False,False,False,NO_LOG_FILLS
,2024-03-27T14:09:59.095689+00:00,2024-03-27T14:11:51.643497+00:00,18410.75,18399.0,SHORT,False,False,False,False,False,NO_LOG_FILLS
,2024-03-27T14:17:36.269757+00:00,2024-03-27T14:19:02.909563+00:00,18419.5,18429.5,SHORT,False,False,False,False,False,NO_LOG_FILLS
,2024-03-27T14:26:01.861740+00:00,2024-03-27T14:26:27.958905+00:00,18414.5,18420.75,LONG,False,False,False,False,False,NO_LOG_FILLS
,2024-03-27T14:26:01.861740+00:00,2024-03-27T14:28:24.823989+00:00,18414.5,18406.0,LONG,False,False,False,False,False,NO_LOG_FILLS
,2024-03-27T14:31:53.988468+00:00,2024-03-27T14:32:22.370362+00:00,18414.0,18406.75,SHORT,False,False,False,False,False,NO_LOG_FILLS
,2024-03-27T14:31:53.988468+00:00,2024-03-27T14:34:19.797428+00:00,18414.0,18429.75,SHORT,False,False,False,False,False,NO_LOG_FILLS
,2024-03-27T14:35:42.373084+00:00,2024-03-27T14:37:55.521440+00:00,18429.5,18435.75,SHORT,False,False,False,False,False,NO_LOG_FILLS
,2024-03-27T14:50:18.967547+00:00,2024-03-27T14:51:02.822596+00:00,18407.5,18414.5,LONG,False,False,False,False,False,NO_LOG_FILLS
,2024-03-27T14:50:18.967547+00:00,2024-03-27T14:53:12.530527+00:00,18407.5,18421.25,LONG,False,False,False,False,False,NO_LOG_FILLS
,2024-03-27T14:50:18.967547+00:00,2024-03-27T14:56:29.412040+00:00,18407.5,18414.75,LONG,False,False,False,False,False,NO_LOG_FILLS
,2024-03-27T15:02:35.477288+00:00,2024-03-27T15:04:27.173100+00:00,18411.5,18404.75,SHORT,False,False,False,False,False,NO_LOG_FILLS
,2024-03-27T15:02:35.477288+00:00,2024-03-27T15:17:24.794249+00:00,18411.5,18428.75,SHORT,False,False,False,False,False,NO_LOG_FILLS
,2024-03-27T15:27:15.623428+00:00,2024-03-27T15:29:27.675862+00:00,18418.25,18407.0,LONG,False,False,False,False,False,NO_LOG_FILLS
,2024-03-27T15:32:13.178360+00:00,2024-03-27T15:32:46.464870+00:00,18398.75,18391.75,LONG,False,False,False,False,False,NO_LOG_FILLS
,2024-03-27T15:40:12.824876+00:00,2024-03-27T15:41:40.218218+00:00,18409.25,18418.25,SHORT,False,False,False,False,False,NO_LOG_FILLS
,2024-03-27T15:45:54.448575+00:00,2024-03-27T15:46:56.246066+00:00,18418.0,18412.0,SHORT,False,False,False,False,False,NO_LOG_FILLS
,2024-03-27T15:45:54.448575+00:00,2024-03-27T15:54:53.347227+00:00,18418.0,18406.25,SHORT,False,False,False,False,False,NO_LOG_FILLS
,2024-03-27T15:45:54.448575+00:00,2024-03-27T15:56:02.412689+00:00,18418.0,18413.75,SHORT,False,False,False,False,False,NO_LOG_FILLS
,2024-03-27T16:00:59.364533+00:00,2024-03-27T16:01:48.982818+00:00,18408.25,18414.0,LONG,False,False,False,False,False,NO_LOG_FILLS
,2024-03-27T16:00:59.364533+00:00,2024-03-27T16:07:07.203715+00:00,18408.25,18419.75,LONG,False,False,False,False,False,NO_LOG_FILLS
,2024-03-27T16:00:59.364533+00:00,2024-03-27T16:08:26.317876+00:00,18408.25,18414.75,LONG,False,False,False,False,False,NO_LOG_FILLS
,2024-03-27T16:17:24.856007+00:00,2024-03-27T16:18:42.307902+00:00,18414.5,18421.25,LONG,False,False,False,False,False,NO_LOG_FILLS
,2024-03-27T16:17:24.856007+00:00,2024-03-27T16:21:06.953424+00:00,18414.5,18427.75,LONG,False,False,False,False,False,NO_LOG_FILLS
,2024-03-27T16:17:24.856007+00:00,2024-03-27T16:21:36.688127+00:00,18414.5,18427.75,LONG,False,False,False,False,False,NO_LOG_FILLS
,2024-03-27T16:24:41.115975+00:00,2024-03-27T16:24:49.512144+00:00,18431.75,18433.75,SHORT,False,False,False,False,False,NO_LOG_FILLS
,2024-03-27T16:50:32.035566+00:00,2024-03-27T16:50:32.759841+00:00,18443.5,18444.75,SHORT,False,False,False,False,False,NO_LOG_FILLS
,2024-03-27T17:05:06.262741+00:00,2024-03-27T17:06:15.875664+00:00,18430.5,18424.75,SHORT,False,False,False,False,False,NO_LOG_FILLS
,2024-03-27T17:05:06.262741+00:00,2024-03-27T17:07:50.559287+00:00,18430.5,18419.25,SHORT,False,False,False,False,False,NO_LOG_FILLS
,2024-03-27T17:05:06.262741+00:00,2024-03-27T17:11:05.597520+00:00,18430.5,18411.5,SHORT,False,False,False,False,False,NO_LOG_FILLS
,2024-03-27T17:23:09.952244+00:00,2024-03-27T17:27:32.837126+00:00,18429.5,18423.5,SHORT,False,False,False,False,False,NO_LOG_FILLS
,2024-03-27T17:23:09.952244+00:00,2024-03-27T18:07:52.781600+00:00,18429.5,18417.5,SHORT,False,False,False,False,False,NO_LOG_FILLS
,2024-03-27T17:23:09.952244+00:00,2024-03-27T18:13:17.863893+00:00,18429.5,18423.75,SHORT,False,False,False,False,False,NO_LOG_FILLS
,2024-03-27T18:13:30.539962+00:00,2024-03-27T18:16:01.640297+00:00,18426.0,18432.75,LONG,False,False,False,False,False,NO_LOG_FILLS
,2024-03-27T18:13:30.539962+00:00,2024-03-27T18:17:13.507397+00:00,18426.0,18439.5,LONG,False,False,False,False,False,NO_LOG_FILLS
,2024-03-27T18:13:30.539962+00:00,2024-03-27T18:19:53.613878+00:00,18426.0,18440.0,LONG,False,False,False,False,False,NO_LOG_FILLS
,2024-03-27T18:19:54.325561+00:00,2024-03-27T18:21:20.689629+00:00,18440.5,18448.5,SHORT,False,False,False,False,False,NO_LOG_FILLS
,2024-03-27T18:37:46.523504+00:00,2024-03-27T18:38:59.887656+00:00,18435.0,18432.25,LONG,False,False,False,False,False,NO_LOG_FILLS
,2024-03-27T18:51:29.955787+00:00,2024-03-27T18:54:26.580365+00:00,18424.75,18418.5,LONG,False,False,False,False,False,NO_LOG_FILLS
,2024-03-27T19:19:06.381927+00:00,2024-03-27T19:19:29.794608+00:00,18401.75,18397.0,LONG,False,False,False,False,False,NO_LOG_FILLS
,2024-03-27T19:46:30.276600+00:00,2024-03-27T19:46:31.276019+00:00,18488.75,18487.75,LONG,False,False,False,False,False,NO_LOG_FILLS
,2024-03-27T19:59:54.609162+00:00,2024-03-27T19:59:55.347247+00:00,18504.25,18506.25,SHORT,False,False,False,False,False,NO_LOG_FILLS
,2024-03-28T03:26:16.640949+00:00,2024-03-28T04:45:02.267241+00:00,18495.0,18502.5,LONG,False,False,False,False,False,NO_LOG_FILLS
,2024-03-28T03:26:16.640949+00:00,2024-03-28T07:08:21.466884+00:00,18495.0,18483.75,LONG,False,False,False,False,False,NO_LOG_FILLS
,2024-03-28T03:26:19.363151+00:00,2024-03-28T07:42:57.128881+00:00,18495.0,18503.5,LONG,False,False,False,False,False,NO_LOG_FILLS
,2024-03-28T03:26:19.363151+00:00,2024-03-28T08:00:08.163659+00:00,18495.0,18511.25,LONG,False,False,False,False,False,NO_LOG_FILLS
,2024-03-28T03:26:19.363151+00:00,2024-03-28T08:02:17.050895+00:00,18495.0,18509.5,LONG,False,False,False,False,False,NO_LOG_FILLS
,2024-03-28T07:36:08.131636+00:00,2024-03-28T16:01:56.339668+00:00,18495.5,18509.5,LONG,False,False,False,False,False,NO_LOG_FILLS
,2024-03-28T07:36:08.581211+00:00,2024-03-28T16:09:30.395190+00:00,18495.5,18488.5,LONG,False,False,False,False,False,NO_LOG_FILLS
,2024-03-28T16:03:59.745138+00:00,2024-03-28T16:29:32.113000+00:00,18503.5,18492.0,LONG,False,False,False,False,False,NO_LOG_FILLS
,2024-03-28T16:05:32.248652+00:00,2024-03-28T17:00:59.084115+00:00,18497.5,18472.5,LONG,False,False,False,False,False,NO_LOG_FILLS
,2024-03-28T16:09:03.518530+00:00,2024-03-28T17:00:59.084115+00:00,18489.25,18472.5,LONG,False,False,False,False,False,NO_LOG_FILLS
,2024-03-28T16:09:29.080646+00:00,2024-03-28T17:03:43.478878+00:00,18489.5,18473.75,LONG,False,False,False,False,False,NO_LOG_FILLS
,2024-03-28T16:09:29.080646+00:00,2024-03-28T17:05:51.625706+00:00,18489.5,18479.5,LONG,False,False,False,False,False,NO_LOG_FILLS
,2024-03-28T16:09:29.080646+00:00,2024-03-28T17:10:21.433830+00:00,18489.5,18476.25,LONG,False,False,False,False,False,NO_LOG_FILLS
,2024-03-28T16:26:37.088841+00:00,2024-03-28T17:10:21.747047+00:00,18486.5,18476.0,LONG,False,False,False,False,False,NO_LOG_FILLS
,2024-03-28T17:02:39.227459+00:00,2024-03-28T17:15:47.679810+00:00,18468.0,18468.25,LONG,False,False,False,False,False,NO_LOG_FILLS
,2024-03-28T17:02:39.227459+00:00,2024-03-28T17:17:00.506301+00:00,18468.0,18459.0,LONG,False,False,False,False,False,NO_LOG_FILLS
,2024-03-28T17:10:36.751302+00:00,2024-03-28T17:28:19.847276+00:00,18473.0,18462.5,LONG,False,False,False,False,False,NO_LOG_FILLS
,2024-03-28T17:13:04.993886+00:00,2024-03-28T18:11:01.408968+00:00,18462.5,18469.75,LONG,False,False,False,False,False,NO_LOG_FILLS
,2024-03-28T17:37:50.921016+00:00,2024-03-28T18:16:24.184040+00:00,18467.75,18472.5,LONG,False,False,False,False,False,NO_LOG_FILLS
,2024-03-28T18:12:01.511683+00:00,2024-03-28T18:46:13.261691+00:00,18477.5,18461.0,LONG,False,False,False,False,False,NO_LOG_FILLS
,2024-03-28T18:12:01.511683+00:00,2024-03-28T18:47:35.401240+00:00,18477.5,18466.75,LONG,False,False,False,False,False,NO_LOG_FILLS
,2024-03-28T18:12:01.511683+00:00,2024-03-28T18:55:08.921295+00:00,18477.5,18476.0,LONG,False,False,False,False,False,NO_LOG_FILLS
,2024-03-28T18:19:39.689435+00:00,2024-03-28T18:58:07.800735+00:00,18466.75,18499.5,LONG,False,False,False,False,False,NO_LOG_FILLS
,2024-03-28T18:41:25.428786+00:00,2024-03-28T18:58:07.800735+00:00,18461.0,18499.5,LONG,False,False,False,False,False,NO_LOG_FILLS
,2024-03-28T18:43:41.390280+00:00,2024-03-28T18:58:07.800735+00:00,18455.5,18499.5,LONG,False,False,False,False,False,NO_LOG_FILLS
,2024-03-28T18:43:41.893123+00:00,2024-03-28T19:02:04.434171+00:00,18455.25,18504.0,LONG,False,False,False,False,False,NO_LOG_FILLS
,2024-03-28T19:00:54.296109+00:00,2024-03-28T19:11:38.631170+00:00,18506.25,18490.25,LONG,False,False,False,False,False,NO_LOG_FILLS
,2024-03-28T19:03:53.926676+00:00,2024-03-28T19:21:22.456921+00:00,18498.75,18497.0,LONG,False,False,False,False,False,NO_LOG_FILLS
,2024-03-28T19:04:37.369403+00:00,2024-03-28T19:21:22.456921+00:00,18493.5,18497.0,LONG,False,False,False,False,False,NO_LOG_FILLS
,2024-03-28T19:07:51.498722+00:00,2024-03-28T19:21:22.456921+00:00,18481.75,18497.0,LONG,False,False,False,False,False,NO_LOG_FILLS
,2024-03-28T19:18:45.989660+00:00,2024-03-28T19:28:04.532445+00:00,18500.25,18496.75,LONG,False,False,False,False,False,NO_LOG_FILLS
,2024-03-28T19:26:20.392486+00:00,2024-03-28T19:46:19.283312+00:00,18503.25,18481.5,LONG,False,False,False,False,False,NO_LOG_FILLS
,2024-03-28T19:32:12.298380+00:00,2024-03-28T20:17:39.659631+00:00,18491.25,18467.75,LONG,False,False,False,False,False,NO_LOG_FILLS
,2024-03-28T19:38:10.051865+00:00,2024-03-28T20:17:39.659631+00:00,18486.0,18467.75,LONG,False,False,False,False,False,NO_LOG_FILLS
,2024-03-28T19:40:10.150746+00:00,2024-03-28T20:17:39.659631+00:00,18486.5,18467.75,LONG,False,False,False,False,False,NO_LOG_FILLS
,2024-03-31T22:18:35.041879+00:00,2024-03-31T23:26:45.115174+00:00,18572.0,18586.5,SHORT,False,False,False,False,False,NO_LOG_FILLS
,2024-04-01T00:40:18.510922+00:00,2024-04-01T01:19:57.784369+00:00,18599.75,18589.75,LONG,False,False,False,False,False,NO_LOG_FILLS
,2024-04-01T06:20:22.326030+00:00,2024-04-01T06:28:01.532114+00:00,18573.75,18578.5,SHORT,False,False,False,False,False,NO_LOG_FILLS
,2024-04-01T08:01:57.038580+00:00,2024-04-01T08:05:16.408243+00:00,18590.5,18580.5,SHORT,False,False,False,False,False,NO_LOG_FILLS
,2024-04-01T08:01:57.038580+00:00,2024-04-01T08:08:37.048163+00:00,18590.5,18570.25,SHORT,False,False,False,False,False,NO_LOG_FILLS
,2024-04-01T08:01:57.038580+00:00,2024-04-01T08:17:43.027307+00:00,18590.5,18567.0,SHORT,False,False,False,False,False,NO_LOG_FILLS
,2024-04-01T13:30:25.692674+00:00,2024-04-01T13:30:26.067241+00:00,18488.25,18490.0,SHORT,False,False,False,False,False,NO_LOG_FILLS
,2024-04-01T13:33:45.572016+00:00,2024-04-01T13:34:29.301629+00:00,18530.25,18540.25,SHORT,False,False,False,False,False,NO_LOG_FILLS
,2024-04-01T13:35:56.691919+00:00,2024-04-01T13:36:30.884893+00:00,18565.75,18576.5,SHORT,False,False,False,False,False,NO_LOG_FILLS
,2024-04-01T13:40:52.835182+00:00,2024-04-01T13:43:05.026153+00:00,18596.5,18589.25,SHORT,False,False,False,False,False,NO_LOG_FILLS
,2024-04-01T13:40:52.835182+00:00,2024-04-01T13:46:23.056394+00:00,18596.5,18605.25,SHORT,False,False,False,False,False,NO_LOG_FILLS
,2024-04-01T13:47:17.800493+00:00,2024-04-01T13:48:05.914735+00:00,18591.0,18585.0,SHORT,False,False,False,False,False,NO_LOG_FILLS
,2024-04-01T13:47:17.800493+00:00,2024-04-01T13:49:43.494755+00:00,18591.0,18579.0,SHORT,False,False,False,False,False,NO_LOG_FILLS
,2024-04-01T13:47:17.800493+00:00,2024-04-01T13:50:02.251750+00:00,18591.0,18588.75,SHORT,False,False,False,False,False,NO_LOG_FILLS
,2024-04-01T14:01:33.030481+00:00,2024-04-01T14:01:58.568350+00:00,18598.75,18603.0,SHORT,False,False,False,False,False,NO_LOG_FILLS
,2024-04-01T14:06:52.745248+00:00,2024-04-01T14:08:24.327537+00:00,18568.75,18576.0,LONG,False,False,False,False,False,NO_LOG_FILLS
,2024-04-01T14:06:52.745248+00:00,2024-04-01T14:10:14.945391+00:00,18568.75,18583.25,LONG,False,False,False,False,False,NO_LOG_FILLS
,2024-04-01T14:06:52.745248+00:00,2024-04-01T14:11:30.576149+00:00,18568.75,18579.0,LONG,False,False,False,False,False,NO_LOG_FILLS
,2024-04-01T14:36:14.876585+00:00,2024-04-01T14:36:32.255472+00:00,18524.25,18518.75,LONG,False,False,False,False,False,NO_LOG_FILLS
,2024-04-01T14:44:53.785743+00:00,2024-04-01T14:45:16.974995+00:00,18506.5,18499.0,SHORT,False,False,False,False,False,NO_LOG_FILLS
,2024-04-01T14:44:53.785743+00:00,2024-04-01T14:48:20.354398+00:00,18506.5,18491.5,SHORT,False,False,False,False,False,NO_LOG_FILLS
,2024-04-01T14:44:53.785743+00:00,2024-04-01T14:49:31.365279+00:00,18506.5,18494.25,SHORT,False,False,False,False,False,NO_LOG_FILLS
,2024-04-01T15:03:16.921211+00:00,2024-04-01T15:07:25.872168+00:00,18478.25,18485.0,LONG,False,False,False,False,False,NO_LOG_FILLS
,2024-04-01T15:03:16.921211+00:00,2024-04-01T15:10:28.034015+00:00,18478.25,18463.5,LONG,False,False,False,False,False,NO_LOG_FILLS
,2024-04-01T15:21:15.150911+00:00,2024-04-01T15:22:00.312770+00:00,18428.25,18432.0,SHORT,False,False,False,False,False,NO_LOG_FILLS
,2024-04-01T15:36:33.813814+00:00,2024-04-01T15:36:49.472689+00:00,18474.0,18467.75,SHORT,False,False,False,False,False,NO_LOG_FILLS
,2024-04-01T15:36:33.813814+00:00,2024-04-01T15:37:05.099200+00:00,18474.0,18461.5,SHORT,False,False,False,False,False,NO_LOG_FILLS
,2024-04-01T15:36:33.813814+00:00,2024-04-01T15:43:46.288016+00:00,18474.0,18459.0,SHORT,False,False,False,False,False,NO_LOG_FILLS
,2024-04-01T16:22:11.934751+00:00,2024-04-01T16:30:14.492895+00:00,18466.75,18478.75,SHORT,False,False,False,False,False,NO_LOG_FILLS
,2024-04-01T16:35:27.606920+00:00,2024-04-01T16:36:04.431145+00:00,18475.75,18485.5,SHORT,False,False,False,False,False,NO_LOG_FILLS
,2024-04-01T16:44:49.247345+00:00,2024-04-01T16:48:04.116066+00:00,18488.0,18479.5,LONG,False,False,False,False,False,NO_LOG_FILLS
,2024-04-01T16:55:51.494343+00:00,2024-04-01T16:55:56.967542+00:00,18474.0,18478.25,SHORT,False,False,False,False,False,NO_LOG_FILLS
,2024-04-01T17:32:36.068363+00:00,2024-04-01T17:37:23.495372+00:00,18447.5,18454.25,SHORT,False,False,False,False,False,NO_LOG_FILLS
,2024-04-01T18:07:17.107776+00:00,2024-04-01T18:12:57.795758+00:00,18459.0,18452.75,SHORT,False,False,False,False,False,NO_LOG_FILLS
,2024-04-01T18:07:17.107776+00:00,2024-04-01T18:20:08.750494+00:00,18459.0,18469.0,SHORT,False,False,False,False,False,NO_LOG_FILLS
,2024-04-01T18:28:46.142069+00:00,2024-04-01T18:28:46.879984+00:00,18470.75,18470.75,SHORT,False,False,False,False,False,NO_LOG_FILLS
,2024-04-01T19:08:05.075878+00:00,2024-04-01T19:11:37.071280+00:00,18477.0,18470.5,SHORT,False,False,False,False,False,NO_LOG_FILLS
,2024-04-01T19:08:05.075878+00:00,2024-04-01T19:29:02.139672+00:00,18477.0,18464.0,SHORT,False,False,False,False,False,NO_LOG_FILLS
,2024-04-01T19:08:05.075878+00:00,2024-04-01T19:31:36.384333+00:00,18477.0,18472.5,SHORT,False,False,False,False,False,NO_LOG_FILLS
,2024-04-01T19:31:37.062277+00:00,2024-04-01T19:32:25.708426+00:00,18472.5,18478.25,LONG,False,False,False,False,False,NO_LOG_FILLS
,2024-04-01T19:31:37.062277+00:00,2024-04-01T19:36:16.553020+00:00,18472.5,18463.25,LONG,False,False,False,False,False,NO_LOG_FILLS
,2024-04-01T19:51:09.001747+00:00,2024-04-01T19:51:31.128827+00:00,18486.0,18481.0,LONG,False,False,False,False,False,NO_LOG_FILLS
,2024-04-01T19:55:22.332602+00:00,2024-04-01T19:57:42.729321+00:00,18505.5,18499.75,SHORT,False,False,False,False,False,NO_LOG_FILLS
,2024-04-01T19:55:22.332602+00:00,2024-04-01T19:58:25.266875+00:00,18505.5,18494.0,SHORT,False,False,False,False,False,NO_LOG_FILLS
,2024-04-01T19:55:22.332602+00:00,2024-04-01T19:58:54.244337+00:00,18505.5,18492.5,SHORT,False,False,False,False,False,NO_LOG_FILLS
,2024-04-01T19:58:55.053682+00:00,2024-04-01T19:59:02.122670+00:00,18492.25,18497.25,LONG,False,False,False,False,False,NO_LOG_FILLS
,2024-04-01T19:58:55.053682+00:00,2024-04-01T19:59:19.308599+00:00,18492.25,18502.0,LONG,False,False,False,False,False,NO_LOG_FILLS
,2024-04-01T19:58:55.053682+00:00,2024-04-01T19:59:31.436163+00:00,18492.25,18496.5,LONG,False,False,False,False,False,NO_LOG_FILLS
,2024-04-01T19:59:57.899533+00:00,2024-04-01T20:00:13.615085+00:00,18494.0,18501.5,SHORT,False,False,False,False,False,NO_LOG_FILLS
,2024-04-01T20:00:45.949762+00:00,2024-04-01T20:00:50.606023+00:00,18495.25,18490.75,SHORT,False,False,False,False,False,NO_LOG_FILLS
,2024-04-01T20:00:45.949762+00:00,2024-04-01T20:13:25.343256+00:00,18495.25,18503.5,SHORT,False,False,False,False,False,NO_LOG_FILLS
,2024-04-01T21:59:58.897700+00:00,2024-04-01T21:59:59.490319+00:00,18495.75,18494.5,LONG,False,False,False,False,False,NO_LOG_FILLS
,2024-04-02T04:08:00.659309+00:00,2024-04-02T05:15:13.407083+00:00,18474.75,18467.75,SHORT,False,False,False,False,False,NO_LOG_FILLS
,2024-04-02T04:08:00.659309+00:00,2024-04-02T05:19:20.295766+00:00,18474.75,18460.75,SHORT,False,False,False,False,False,NO_LOG_FILLS
,2024-04-02T04:08:00.659309+00:00,2024-04-02T05:27:14.941733+00:00,18474.75,18465.5,SHORT,False,False,False,False,False,NO_LOG_FILLS
,2024-04-02T07:37:27.242507+00:00,2024-04-02T07:39:06.487763+00:00,18462.25,18471.5,LONG,False,False,False,False,False,NO_LOG_FILLS
,2024-04-02T07:37:27.242507+00:00,2024-04-02T08:01:41.217166+00:00,18462.25,18480.75,LONG,False,False,False,False,False,NO_LOG_FILLS
,2024-04-02T07:37:27.242507+00:00,2024-04-02T08:05:16.962976+00:00,18462.25,18495.5,LONG,False,False,False,False,False,NO_LOG_FILLS
,2024-04-02T09:52:11.134537+00:00,2024-04-02T09:52:28.248816+00:00,18467.75,18470.5,SHORT,False,False,False,False,False,NO_LOG_FILLS
,2024-04-02T10:43:23.946321+00:00,2024-04-02T10:49:25.329286+00:00,18427.75,18437.5,LONG,False,False,False,False,False,NO_LOG_FILLS
,2024-04-02T10:43:23.946321+00:00,2024-04-02T11:21:20.566174+00:00,18427.75,18420.75,LONG,False,False,False,False,False,NO_LOG_FILLS
,2024-04-02T11:54:16.784480+00:00,2024-04-02T12:15:14.620784+00:00,18404.25,18395.0,SHORT,False,False,False,False,False,NO_LOG_FILLS
,2024-04-02T11:54:16.784480+00:00,2024-04-02T12:29:53.671006+00:00,18404.25,18412.25,SHORT,False,False,False,False,False,NO_LOG_FILLS
,2024-04-02T12:42:34.270494+00:00,2024-04-02T12:43:14.748668+00:00,18359.0,18353.0,LONG,False,False,False,False,False,NO_LOG_FILLS
,2024-04-02T12:46:44.282441+00:00,2024-04-02T12:48:59.175002+00:00,18342.25,18334.75,LONG,False,False,False,False,False,NO_LOG_FILLS
,2024-04-02T12:50:18.911102+00:00,2024-04-02T12:52:44.102122+00:00,18338.25,18345.25,LONG,False,False,False,False,False,NO_LOG_FILLS
,2024-04-02T12:50:18.911102+00:00,2024-04-02T12:55:52.653547+00:00,18338.25,18331.5,LONG,False,False,False,False,False,NO_LOG_FILLS
,2024-04-02T12:56:40.176380+00:00,2024-04-02T13:00:41.424948+00:00,18337.0,18328.0,LONG,False,False,False,False,False,NO_LOG_FILLS
,2024-04-02T13:00:57.843818+00:00,2024-04-02T13:01:07.337198+00:00,18327.5,18334.0,LONG,False,False,False,False,False,NO_LOG_FILLS
,2024-04-02T13:00:57.843818+00:00,2024-04-02T13:01:31.360976+00:00,18327.5,18321.5,LONG,False,False,False,False,False,NO_LOG_FILLS
,2024-04-02T13:30:08.070006+00:00,2024-04-02T13:30:09.385493+00:00,18275.5,18281.25,LONG,False,False,False,False,False,NO_LOG_FILLS
,2024-04-02T13:30:08.070006+00:00,2024-04-02T13:30:40.230617+00:00,18275.5,18287.0,LONG,False,False,False,False,False,NO_LOG_FILLS
,2024-04-02T13:30:08.070006+00:00,2024-04-02T13:30:43.484286+00:00,18275.5,18286.5,LONG,False,False,False,False,False,NO_LOG_FILLS
,2024-04-02T13:31:12.600230+00:00,2024-04-02T13:31:19.380341+00:00,18275.0,18269.25,SHORT,False,False,False,False,False,NO_LOG_FILLS
,2024-04-02T13:31:12.600230+00:00,2024-04-02T13:33:58.387447+00:00,18275.0,18263.5,SHORT,False,False,False,False,False,NO_LOG_FILLS
,2024-04-02T13:31:12.600230+00:00,2024-04-02T13:34:07.196377+00:00,18275.0,18266.75,SHORT,False,False,False,False,False,NO_LOG_FILLS
,2024-04-02T13:35:10.676287+00:00,2024-04-02T13:36:39.068904+00:00,18275.25,18282.0,LONG,False,False,False,False,False,NO_LOG_FILLS
,2024-04-02T13:35:10.676287+00:00,2024-04-02T13:36:54.415118+00:00,18275.25,18289.0,LONG,False,False,False,False,False,NO_LOG_FILLS
,2024-04-02T13:35:10.676287+00:00,2024-04-02T13:37:32.869057+00:00,18275.25,18279.75,LONG,False,False,False,False,False,NO_LOG_FILLS
,2024-04-02T13:37:36.734933+00:00,2024-04-02T13:38:05.891875+00:00,18277.75,18270.75,SHORT,False,False,False,False,False,NO_LOG_FILLS
,2024-04-02T13:37:36.734933+00:00,2024-04-02T13:38:39.091700+00:00,18277.75,18263.75,SHORT,False,False,False,False,False,NO_LOG_FILLS
,2024-04-02T13:37:36.734933+00:00,2024-04-02T13:39:34.008145+00:00,18277.75,18255.5,SHORT,False,False,False,False,False,NO_LOG_FILLS
,2024-04-02T13:45:14.857642+00:00,2024-04-02T13:45:39.752067+00:00,18233.75,18244.25,SHORT,False,False,False,False,False,NO_LOG_FILLS
,2024-04-02T13:46:27.857644+00:00,2024-04-02T13:46:48.203493+00:00,18237.5,18250.0,SHORT,False,False,False,False,False,NO_LOG_FILLS
,2024-04-02T13:48:09.874634+00:00,2024-04-02T13:57:06.903821+00:00,18239.0,18231.75,SHORT,False,False,False,False,False,NO_LOG_FILLS
,2024-04-02T13:48:09.874634+00:00,2024-04-02T13:59:54.221678+00:00,18239.0,18251.0,SHORT,False,False,False,False,False,NO_LOG_FILLS
,2024-04-02T14:00:00.575135+00:00,2024-04-02T14:00:08.227355+00:00,18243.25,18235.5,SHORT,False,False,False,False,False,NO_LOG_FILLS
,2024-04-02T14:00:00.575135+00:00,2024-04-02T14:00:16.044734+00:00,18243.25,18228.0,SHORT,False,False,False,False,False,NO_LOG_FILLS
,2024-04-02T14:00:00.575135+00:00,2024-04-02T14:00:21.083197+00:00,18243.25,18224.5,SHORT,False,False,False,False,False,NO_LOG_FILLS
,2024-04-02T14:18:12.725942+00:00,2024-04-02T14:18:27.410235+00:00,18209.25,18202.25,SHORT,False,False,False,False,False,NO_LOG_FILLS
,2024-04-02T14:18:12.725942+00:00,2024-04-02T14:21:44.292912+00:00,18209.25,18224.25,SHORT,False,False,False,False,False,NO_LOG_FILLS
,2024-04-02T14:29:23.007436+00:00,2024-04-02T14:33:50.842305+00:00,18243.5,18230.75,LONG,False,False,False,False,False,NO_LOG_FILLS
,2024-04-02T14:45:25.912637+00:00,2024-04-02T14:48:08.850499+00:00,18239.75,18233.0,SHORT,False,False,False,False,False,NO_LOG_FILLS
,2024-04-02T14:45:25.912637+00:00,2024-04-02T14:48:13.237336+00:00,18239.75,18226.5,SHORT,False,False,False,False,False,NO_LOG_FILLS
,2024-04-02T14:45:25.912637+00:00,2024-04-02T14:49:37.865192+00:00,18239.75,18226.75,SHORT,False,False,False,False,False,NO_LOG_FILLS
,2024-04-02T15:11:47.271783+00:00,2024-04-02T15:11:52.119627+00:00,18251.0,18253.25,SHORT,False,False,False,False,False,NO_LOG_FILLS
,2024-04-02T15:35:28.292190+00:00,2024-04-02T15:36:30.003807+00:00,18273.25,18278.75,LONG,False,False,False,False,False,NO_LOG_FILLS
,2024-04-02T15:35:28.292190+00:00,2024-04-02T15:37:16.175141+00:00,18273.25,18284.25,LONG,False,False,False,False,False,NO_LOG_FILLS
,2024-04-02T15:35:28.292190+00:00,2024-04-02T15:37:50.634951+00:00,18273.25,18275.25,LONG,False,False,False,False,False,NO_LOG_FILLS
,2024-04-02T15:46:09.796422+00:00,2024-04-02T15:49:53.161579+00:00,18261.0,18250.5,LONG,False,False,False,False,False,NO_LOG_FILLS
,2024-04-02T15:59:23.134975+00:00,2024-04-02T16:04:48.545497+00:00,18231.25,18246.5,SHORT,False,False,False,False,False,NO_LOG_FILLS
,2024-04-02T16:09:40.757901+00:00,2024-04-02T16:11:38.312369+00:00,18240.75,18235.25,LONG,False,False,False,False,False,NO_LOG_FILLS
,2024-04-02T16:29:02.701805+00:00,2024-04-02T16:29:34.738937+00:00,18246.5,18253.25,SHORT,False,False,False,False,False,NO_LOG_FILLS
,2024-04-02T16:55:38.263377+00:00,2024-04-02T16:59:58.897483+00:00,18285.25,18291.5,LONG,False,False,False,False,False,NO_LOG_FILLS
,2024-04-02T16:55:38.263377+00:00,2024-04-02T17:07:05.496527+00:00,18285.25,18298.0,LONG,False,False,False,False,False,NO_LOG_FILLS
,2024-04-02T16:55:38.263377+00:00,2024-04-02T17:09:43.947153+00:00,18285.25,18294.0,LONG,False,False,False,False,False,NO_LOG_FILLS
,2024-04-02T17:38:48.078392+00:00,2024-04-02T17:39:08.309922+00:00,18270.5,18274.25,SHORT,False,False,False,False,False,NO_LOG_FILLS
,2024-04-02T18:34:23.288685+00:00,2024-04-02T18:35:45.146480+00:00,18290.0,18281.0,LONG,False,False,False,False,False,NO_LOG_FILLS
,2024-04-02T18:40:40.523849+00:00,2024-04-02T18:41:19.875257+00:00,18282.5,18288.75,LONG,False,False,False,False,False,NO_LOG_FILLS
,2024-04-02T18:40:40.523849+00:00,2024-04-02T18:46:08.655252+00:00,18282.5,18273.25,LONG,False,False,False,False,False,NO_LOG_FILLS
,2024-04-02T18:58:15.198078+00:00,2024-04-02T19:01:53.417387+00:00,18279.25,18287.0,SHORT,False,False,False,False,False,NO_LOG_FILLS
,2024-04-02T19:31:03.500728+00:00,2024-04-02T19:32:34.803071+00:00,18302.5,18311.5,SHORT,False,False,False,False,False,NO_LOG_FILLS
,2024-04-02T19:37:54.151655+00:00,2024-04-02T19:39:05.033983+00:00,18321.0,18327.75,SHORT,False,False,False,False,False,NO_LOG_FILLS
,2024-04-02T19:50:00.676648+00:00,2024-04-02T19:50:24.451133+00:00,18337.75,18332.25,SHORT,False,False,False,False,False,NO_LOG_FILLS
,2024-04-02T19:50:00.676648+00:00,2024-04-02T19:59:49.570398+00:00,18337.75,18326.75,SHORT,False,False,False,False,False,NO_LOG_FILLS
,2024-04-02T19:50:00.676648+00:00,2024-04-02T19:59:57.070795+00:00,18337.75,18331.75,SHORT,False,False,False,False,False,NO_LOG_FILLS
,2024-04-02T19:59:57.542490+00:00,2024-04-02T19:59:58.324282+00:00,18333.75,18333.5,LONG,False,False,False,False,False,NO_LOG_FILLS
,2024-04-02T22:04:59.105827+00:00,2024-04-02T22:15:00.338303+00:00,18333.5,18327.75,SHORT,False,False,False,False,False,NO_LOG_FILLS
,2024-04-03T00:05:01.533501+00:00,2024-04-03T05:06:36.265877+00:00,18322.0,18291.5,LONG,False,False,False,False,False,NO_LOG_FILLS
,2024-04-03T00:19:53.150386+00:00,2024-04-03T05:06:36.265877+00:00,18309.25,18291.5,LONG,False,False,False,False,False,NO_LOG_FILLS
,2024-04-03T01:25:59.116174+00:00,2024-04-03T05:06:36.265877+00:00,18307.0,18291.5,LONG,False,False,False,False,False,NO_LOG_FILLS
,2024-04-03T01:25:59.116174+00:00,2024-04-03T07:00:57.623446+00:00,18307.0,18289.5,LONG,False,False,False,False,False,NO_LOG_FILLS
,2024-04-03T01:25:59.116174+00:00,2024-04-03T07:41:51.491800+00:00,18307.0,18296.5,LONG,False,False,False,False,False,NO_LOG_FILLS
,2024-04-03T06:11:10.724018+00:00,2024-04-03T07:48:33.387639+00:00,18282.25,18289.75,LONG,False,False,False,False,False,NO_LOG_FILLS
,2024-04-03T06:11:10.724018+00:00,2024-04-03T11:52:51.041877+00:00,18282.25,18300.0,LONG,False,False,False,False,False,NO_LOG_FILLS
,2024-04-03T11:52:36.849062+00:00,2024-04-03T11:52:51.041877+00:00,18302.0,18300.0,LONG,False,False,False,False,False,NO_LOG_FILLS
,2024-04-03T11:52:36.849062+00:00,2024-04-03T12:06:49.566699+00:00,18302.0,18320.5,LONG,False,False,False,False,False,NO_LOG_FILLS
,2024-04-03T11:52:36.849062+00:00,2024-04-03T12:15:09.889271+00:00,18302.0,18299.5,LONG,False,False,False,False,False,NO_LOG_FILLS
,2024-04-03T12:03:45.649324+00:00,2024-04-03T12:15:09.889271+00:00,18309.5,18299.5,LONG,False,False,False,False,False,NO_LOG_FILLS
,2024-04-03T12:03:45.649324+00:00,2024-04-03T12:39:51.596957+00:00,18309.5,18279.25,LONG,False,False,False,False,False,NO_LOG_FILLS
,2024-04-03T12:03:45.649324+00:00,2024-04-03T12:50:22.312797+00:00,18309.5,18258.5,LONG,False,False,False,False,False,NO_LOG_FILLS
,2024-04-03T12:34:17.436022+00:00,2024-04-03T12:50:22.312797+00:00,18271.0,18258.5,LONG,False,False,False,False,False,NO_LOG_FILLS
,2024-04-03T12:34:17.436022+00:00,2024-04-03T12:50:29.577631+00:00,18271.0,18255.75,LONG,False,False,False,False,False,NO_LOG_FILLS
,2024-04-03T12:50:29.577631+00:00,2024-04-03T12:52:00.062533+00:00,18255.75,18261.0,SHORT,False,False,False,False,False,NO_LOG_FILLS
,2024-04-03T12:52:00.062533+00:00,2024-04-03T13:28:08.145708+00:00,18261.0,18234.5,LONG,False,False,False,False,False,NO_LOG_FILLS
,2024-04-03T13:24:54.140012+00:00,2024-04-03T13:28:08.145708+00:00,18241.25,18234.5,LONG,False,False,False,False,False,NO_LOG_FILLS
,2024-04-03T13:24:54.140012+00:00,2024-04-03T13:30:01.323954+00:00,18241.25,18245.75,LONG,False,False,False,False,False,NO_LOG_FILLS
,2024-04-03T13:30:00.825582+00:00,2024-04-03T13:30:01.323954+00:00,18244.75,18245.75,LONG,False,False,False,False,False,NO_LOG_FILLS
,2024-04-03T13:30:00.825582+00:00,2024-04-03T13:33:36.269722+00:00,18244.75,18261.5,LONG,False,False,False,False,False,NO_LOG_FILLS
,2024-04-03T13:33:36.269722+00:00,2024-04-03T13:35:30.698878+00:00,18261.5,18273.75,SHORT,False,False,False,False,False,NO_LOG_FILLS
,2024-04-03T13:35:30.698878+00:00,2024-04-03T13:43:59.799181+00:00,18273.75,18258.75,LONG,False,False,False,False,False,NO_LOG_FILLS
,2024-04-03T13:43:47.735496+00:00,2024-04-03T13:43:59.799181+00:00,18266.0,18258.75,LONG,False,False,False,False,False,NO_LOG_FILLS
,2024-04-03T13:43:47.735496+00:00,2024-04-03T13:59:59.954942+00:00,18266.0,18286.25,LONG,False,False,False,False,False,NO_LOG_FILLS
,2024-04-03T13:59:59.448285+00:00,2024-04-03T13:59:59.954942+00:00,18289.5,18286.25,LONG,False,False,False,False,False,NO_LOG_FILLS
,2024-04-03T13:59:59.448285+00:00,2024-04-03T14:16:02.078977+00:00,18289.5,18381.0,LONG,False,False,False,False,False,NO_LOG_FILLS
,2024-04-03T14:16:02.078977+00:00,2024-04-03T14:17:39.962449+00:00,18381.0,18374.5,SHORT,False,False,False,False,False,NO_LOG_FILLS
,2024-04-03T14:19:04.389451+00:00,2024-04-03T14:30:14.046592+00:00,18389.5,18418.75,LONG,False,False,False,False,False,NO_LOG_FILLS
,2024-04-03T14:19:04.389451+00:00,2024-04-03T14:30:28.735891+00:00,18389.5,18424.75,LONG,False,False,False,False,False,NO_LOG_FILLS
,2024-04-03T14:30:05.450552+00:00,2024-04-03T14:30:38.925297+00:00,18412.5,18417.0,LONG,False,False,False,False,False,NO_LOG_FILLS
,2024-04-03T14:30:05.450552+00:00,2024-04-03T14:41:43.467843+00:00,18412.5,18407.5,LONG,False,False,False,False,False,NO_LOG_FILLS
,2024-04-03T14:41:43.467843+00:00,2024-04-03T14:43:38.675347+00:00,18407.5,18417.0,SHORT,False,False,False,False,False,NO_LOG_FILLS
,2024-04-03T14:43:38.675347+00:00,2024-04-03T14:56:49.915761+00:00,18417.0,18424.25,LONG,False,False,False,False,False,NO_LOG_FILLS
,2024-04-03T14:43:38.675347+00:00,2024-04-03T14:57:14.892601+00:00,18417.0,18429.75,LONG,False,False,False,False,False,NO_LOG_FILLS
,2024-04-03T14:54:12.513352+00:00,2024-04-03T14:57:38.426643+00:00,18418.75,18426.75,LONG,False,False,False,False,False,NO_LOG_FILLS
,2024-04-03T14:54:12.513352+00:00,2024-04-03T15:01:33.094798+00:00,18418.75,18429.5,LONG,False,False,False,False,False,NO_LOG_FILLS
,2024-04-03T15:01:33.094798+00:00,2024-04-03T15:01:33.969013+00:00,18429.5,18430.5,SHORT,False,False,False,False,False,NO_LOG_FILLS
,2024-04-03T15:01:33.969013+00:00,2024-04-03T15:42:12.747018+00:00,18430.5,18445.5,LONG,False,False,False,False,False,NO_LOG_FILLS
,2024-04-03T15:01:33.969013+00:00,2024-04-03T15:45:23.318145+00:00,18430.5,18435.75,LONG,False,False,False,False,False,NO_LOG_FILLS
,2024-04-03T15:42:04.465638+00:00,2024-04-03T15:45:23.318145+00:00,18440.25,18435.75,LONG,False,False,False,False,False,NO_LOG_FILLS
,2024-04-03T15:42:04.465638+00:00,2024-04-03T16:23:21.385553+00:00,18440.25,18412.0,LONG,False,False,False,False,False,NO_LOG_FILLS
,2024-04-03T16:23:21.385553+00:00,2024-04-03T16:23:55.202223+00:00,18412.0,18420.5,SHORT,False,False,False,False,False,NO_LOG_FILLS
,2024-04-03T16:23:55.202223+00:00,2024-04-03T17:16:30.255962+00:00,18420.5,18409.5,LONG,False,False,False,False,False,NO_LOG_FILLS
,2024-04-03T17:10:20.090657+00:00,2024-04-03T17:16:30.255962+00:00,18419.0,18409.5,LONG,False,False,False,False,False,NO_LOG_FILLS
,2024-04-03T17:10:20.090657+00:00,2024-04-03T17:32:07.069649+00:00,18419.0,18417.75,LONG,False,False,False,False,False,NO_LOG_FILLS
,2024-04-03T17:32:07.069649+00:00,2024-04-03T17:39:08.428673+00:00,18417.75,18410.0,SHORT,False,False,False,False,False,NO_LOG_FILLS
,2024-04-03T17:51:23.802346+00:00,2024-04-03T18:07:53.890141+00:00,18426.25,18426.0,LONG,False,False,False,False,False,NO_LOG_FILLS
,2024-04-03T17:51:23.802346+00:00,2024-04-03T18:17:18.646655+00:00,18426.25,18411.5,LONG,False,False,False,False,False,NO_LOG_FILLS
,2024-04-03T18:06:08.113837+00:00,2024-04-03T18:17:18.646655+00:00,18419.0,18411.5,LONG,False,False,False,False,False,NO_LOG_FILLS
,2024-04-03T18:06:08.113837+00:00,2024-04-03T18:29:58.707108+00:00,18419.0,18407.25,LONG,False,False,False,False,False,NO_LOG_FILLS
,2024-04-03T18:29:58.707108+00:00,2024-04-03T18:31:08.781587+00:00,18407.25,18400.75,SHORT,False,False,False,False,False,NO_LOG_FILLS
,2024-04-03T18:35:02.023906+00:00,2024-04-03T19:14:59.440904+00:00,18414.25,18331.5,LONG,False,False,False,False,False,NO_LOG_FILLS
,2024-04-03T19:14:58.908419+00:00,2024-04-03T19:14:59.440904+00:00,18337.25,18331.5,LONG,False,False,False,False,False,NO_LOG_FILLS
,2024-04-03T19:14:58.908419+00:00,2024-04-03T19:15:21.915277+00:00,18337.25,18323.75,LONG,False,False,False,False,False,NO_LOG_FILLS
,2024-04-03T19:15:21.350803+00:00,2024-04-03T19:15:21.915277+00:00,18322.75,18323.75,LONG,False,False,False,False,False,NO_LOG_FILLS
,2024-04-03T19:15:21.350803+00:00,2024-04-03T19:48:00.517249+00:00,18322.75,18372.25,LONG,False,False,False,False,False,NO_LOG_FILLS
,2024-04-03T19:15:21.350803+00:00,2024-04-03T20:00:07.796180+00:00,18322.75,18379.75,LONG,False,False,False,False,False,NO_LOG_FILLS
,2024-04-03T19:43:49.474770+00:00,2024-04-03T20:04:22.392050+00:00,18364.75,18391.75,LONG,False,False,False,False,False,NO_LOG_FILLS
,2024-04-03T19:43:49.474770+00:00,2024-04-03T23:11:59.419596+00:00,18364.75,18397.75,LONG,False,False,False,False,False,NO_LOG_FILLS
,2024-04-03T19:43:49.474770+00:00,2024-04-03T23:24:38.763135+00:00,18364.75,18404.25,LONG,False,False,False,False,False,NO_LOG_FILLS
,2024-04-03T23:00:16.038890+00:00,2024-04-03T23:31:22.307278+00:00,18391.25,18477.5,LONG,False,False,False,False,False,NO_LOG_FILLS
,2024-04-03T23:00:16.038890+00:00,2024-04-03T23:31:27.090116+00:00,18391.25,18468.5,LONG,False,False,False,False,False,NO_LOG_FILLS
,2024-04-03T23:31:27.090116+00:00,2024-04-03T23:32:09.193718+00:00,18468.5,18461.5,SHORT,False,False,False,False,False,NO_LOG_FILLS
,2024-04-04T05:09:19.555732+00:00,2024-04-04T05:24:49.847642+00:00,18444.5,18436.5,SHORT,False,False,False,False,False,NO_LOG_FILLS
,2024-04-04T05:09:19.555732+00:00,2024-04-04T06:00:01.930490+00:00,18444.5,18428.5,SHORT,False,False,False,False,False,NO_LOG_FILLS
,2024-04-04T05:09:19.555732+00:00,2024-04-04T06:05:31.810194+00:00,18444.5,18426.5,SHORT,False,False,False,False,False,NO_LOG_FILLS
,2024-04-04T08:39:31.251644+00:00,2024-04-04T09:09:43.332218+00:00,18450.5,18440.75,SHORT,False,False,False,False,False,NO_LOG_FILLS
,2024-04-04T08:39:31.251644+00:00,2024-04-04T09:23:34.958573+00:00,18450.5,18457.25,SHORT,False,False,False,False,False,NO_LOG_FILLS
,2024-04-04T10:15:10.118234+00:00,2024-04-04T10:36:07.570644+00:00,18459.0,18447.75,LONG,False,False,False,False,False,NO_LOG_FILLS
,2024-04-04T10:56:39.840367+00:00,2024-04-04T12:30:03.534891+00:00,18458.25,18469.0,LONG,False,False,False,False,False,NO_LOG_FILLS
,2024-04-04T10:56:39.840367+00:00,2024-04-04T12:35:35.646521+00:00,18458.25,18479.5,LONG,False,False,False,False,False,NO_LOG_FILLS
,2024-04-04T10:56:39.840367+00:00,2024-04-04T12:39:48.158615+00:00,18458.25,18484.5,LONG,False,False,False,False,False,NO_LOG_FILLS
,2024-04-04T12:41:10.657454+00:00,2024-04-04T12:42:02.668676+00:00,18485.75,18491.25,SHORT,False,False,False,False,False,NO_LOG_FILLS
,2024-04-04T13:29:22.977876+00:00,2024-04-04T13:30:04.145562+00:00,18546.25,18537.5,LONG,False,False,False,False,False,NO_LOG_FILLS
,2024-04-04T13:32:03.479764+00:00,2024-04-04T13:34:59.511653+00:00,18544.25,18550.75,LONG,False,False,False,False,False,NO_LOG_FILLS
,2024-04-04T13:32:03.479764+00:00,2024-04-04T13:35:05.966681+00:00,18544.25,18557.25,LONG,False,False,False,False,False,NO_LOG_FILLS
,2024-04-04T13:32:03.479764+00:00,2024-04-04T13:35:08.228506+00:00,18544.25,18556.75,LONG,False,False,False,False,False,NO_LOG_FILLS
,2024-04-04T13:38:20.858384+00:00,2024-04-04T13:39:06.087730+00:00,18558.25,18551.25,SHORT,False,False,False,False,False,NO_LOG_FILLS
,2024-04-04T13:38:20.858384+00:00,2024-04-04T13:39:21.312439+00:00,18558.25,18544.0,SHORT,False,False,False,False,False,NO_LOG_FILLS
,2024-04-04T13:38:20.858384+00:00,2024-04-04T13:40:12.661271+00:00,18558.25,18536.25,SHORT,False,False,False,False,False,NO_LOG_FILLS
,2024-04-04T13:43:34.869220+00:00,2024-04-04T13:44:12.367250+00:00,18544.25,18537.25,SHORT,False,False,False,False,False,NO_LOG_FILLS
,2024-04-04T13:43:34.869220+00:00,2024-04-04T13:46:50.808686+00:00,18544.25,18530.0,SHORT,False,False,False,False,False,NO_LOG_FILLS
,2024-04-04T13:43:34.869220+00:00,2024-04-04T13:47:19.555385+00:00,18544.25,18534.75,SHORT,False,False,False,False,False,NO_LOG_FILLS
,2024-04-04T13:56:31.581977+00:00,2024-04-04T13:58:12.476355+00:00,18513.75,18507.5,SHORT,False,False,False,False,False,NO_LOG_FILLS
,2024-04-04T13:56:31.581977+00:00,2024-04-04T14:00:22.458896+00:00,18513.75,18524.0,SHORT,False,False,False,False,False,NO_LOG_FILLS
,2024-04-04T14:13:22.945215+00:00,2024-04-04T14:19:46.363433+00:00,18514.75,18508.25,SHORT,False,False,False,False,False,NO_LOG_FILLS
,2024-04-04T14:13:22.945215+00:00,2024-04-04T14:22:34.444622+00:00,18514.75,18501.75,SHORT,False,False,False,False,False,NO_LOG_FILLS
,2024-04-04T14:13:22.945215+00:00,2024-04-04T14:24:12.637686+00:00,18514.75,18495.75,SHORT,False,False,False,False,False,NO_LOG_FILLS
,2024-04-04T14:24:13.538788+00:00,2024-04-04T14:27:37.010696+00:00,18496.5,18502.5,LONG,False,False,False,False,False,NO_LOG_FILLS
,2024-04-04T14:24:13.538788+00:00,2024-04-04T14:28:35.101602+00:00,18496.5,18508.5,LONG,False,False,False,False,False,NO_LOG_FILLS
,2024-04-04T14:24:13.538788+00:00,2024-04-04T14:30:21.698365+00:00,18496.5,18509.0,LONG,False,False,False,False,False,NO_LOG_FILLS
,2024-04-04T14:35:28.263298+00:00,2024-04-04T14:40:04.188318+00:00,18498.0,18503.75,LONG,False,False,False,False,False,NO_LOG_FILLS
,2024-04-04T14:35:28.263298+00:00,2024-04-04T15:12:58.431086+00:00,18498.0,18489.25,LONG,False,False,False,False,False,NO_LOG_FILLS
,2024-04-04T15:15:40.342317+00:00,2024-04-04T15:27:43.182246+00:00,18488.75,18494.25,LONG,False,False,False,False,False,NO_LOG_FILLS
,2024-04-04T15:15:40.342317+00:00,2024-04-04T15:29:11.101537+00:00,18488.75,18499.75,LONG,False,False,False,False,False,NO_LOG_FILLS
,2024-04-04T15:15:40.342317+00:00,2024-04-04T15:31:01.710563+00:00,18488.75,18505.5,LONG,False,False,False,False,False,NO_LOG_FILLS
,2024-04-04T15:38:44.217111+00:00,2024-04-04T15:40:31.788496+00:00,18509.75,18514.75,LONG,False,False,False,False,False,NO_LOG_FILLS
,2024-04-04T15:38:44.217111+00:00,2024-04-04T15:42:46.460301+00:00,18509.75,18519.75,LONG,False,False,False,False,False,NO_LOG_FILLS
,2024-04-04T15:38:44.217111+00:00,2024-04-04T15:48:16.311914+00:00,18509.75,18515.0,LONG,False,False,False,False,False,NO_LOG_FILLS
,2024-04-04T15:48:16.732099+00:00,2024-04-04T15:48:18.637208+00:00,18514.5,18513.75,SHORT,False,False,False,False,False,NO_LOG_FILLS
,2024-04-04T16:43:01.469334+00:00,2024-04-04T16:46:33.177673+00:00,18554.75,18563.0,SHORT,False,False,False,False,False,NO_LOG_FILLS
,2024-04-04T17:00:45.537755+00:00,2024-04-04T17:01:13.242053+00:00,18558.25,18554.75,LONG,False,False,False,False,False,NO_LOG_FILLS
,2024-04-04T17:08:35.857466+00:00,2024-04-04T17:10:00.166954+00:00,18550.5,18555.0,LONG,False,False,False,False,False,NO_LOG_FILLS
,2024-04-04T17:08:35.857466+00:00,2024-04-04T17:21:02.606687+00:00,18550.5,18543.75,LONG,False,False,False,False,False,NO_LOG_FILLS
,2024-04-04T18:00:18.434508+00:00,2024-04-04T18:00:21.092332+00:00,18484.5,18490.0,SHORT,False,False,False,False,False,NO_LOG_FILLS
,2024-04-04T18:00:34.437626+00:00,2024-04-04T18:01:06.428009+00:00,18487.0,18493.5,SHORT,False,False,False,False,False,NO_LOG_FILLS
,2024-04-04T18:01:31.416750+00:00,2024-04-04T18:02:01.733836+00:00,18487.75,18490.75,SHORT,False,False,False,False,False,NO_LOG_FILLS
,2024-04-04T18:02:58.867568+00:00,2024-04-04T18:03:03.223462+00:00,18486.0,18488.5,SHORT,False,False,False,False,False,NO_LOG_FILLS
,2024-04-04T18:04:19.951560+00:00,2024-04-04T18:05:30.199856+00:00,18482.5,18477.5,SHORT,False,False,False,False,False,NO_LOG_FILLS
,2024-04-04T18:04:19.951560+00:00,2024-04-04T18:06:08.003581+00:00,18482.5,18472.75,SHORT,False,False,False,False,False,NO_LOG_FILLS
,2024-04-04T18:04:19.951560+00:00,2024-04-04T18:06:53.010110+00:00,18482.5,18468.75,SHORT,False,False,False,False,False,NO_LOG_FILLS
,2024-04-04T18:07:34.521644+00:00,2024-04-04T18:09:16.474192+00:00,18465.75,18454.75,LONG,False,False,False,False,False,NO_LOG_FILLS
,2024-04-04T18:11:25.063171+00:00,2024-04-04T18:11:36.471839+00:00,18436.0,18442.0,LONG,False,False,False,False,False,NO_LOG_FILLS
,2024-04-04T18:11:25.063171+00:00,2024-04-04T18:14:16.739366+00:00,18436.0,18420.0,LONG,False,False,False,False,False,NO_LOG_FILLS
,2024-04-04T18:16:42.090294+00:00,2024-04-04T18:18:09.955090+00:00,18410.5,18400.75,LONG,False,False,False,False,False,NO_LOG_FILLS
,2024-04-04T18:18:21.643316+00:00,2024-04-04T18:19:18.859490+00:00,18389.0,18378.75,LONG,False,False,False,False,False,NO_LOG_FILLS
,2024-04-04T18:21:33.165770+00:00,2024-04-04T18:21:39.651651+00:00,18389.75,18382.5,SHORT,False,False,False,False,False,NO_LOG_FILLS
,2024-04-04T18:21:33.165770+00:00,2024-04-04T18:23:23.385671+00:00,18389.75,18398.75,SHORT,False,False,False,False,False,NO_LOG_FILLS
,2024-04-04T18:23:27.634384+00:00,2024-04-04T18:24:11.839394+00:00,18399.5,18394.5,LONG,False,False,False,False,False,NO_LOG_FILLS
,2024-04-04T18:27:58.004278+00:00,2024-04-04T18:28:26.506265+00:00,18358.5,18349.5,LONG,False,False,False,False,False,NO_LOG_FILLS
,2024-04-04T18:32:03.613115+00:00,2024-04-04T18:32:04.018282+00:00,18289.75,18290.0,SHORT,False,False,False,False,False,NO_LOG_FILLS
,2024-04-04T18:32:54.617715+00:00,2024-04-04T18:33:00.649999+00:00,18278.0,18285.75,LONG,False,False,False,False,False,NO_LOG_FILLS
,2024-04-04T18:32:54.617715+00:00,2024-04-04T18:33:06.795339+00:00,18278.0,18293.75,LONG,False,False,False,False,False,NO_LOG_FILLS
,2024-04-04T18:32:54.617715+00:00,2024-04-04T18:33:09.922539+00:00,18278.0,18283.0,LONG,False,False,False,False,False,NO_LOG_FILLS
,2024-04-04T18:34:36.711369+00:00,2024-04-04T18:35:16.273365+00:00,18277.25,18299.5,SHORT,False,False,False,False,False,NO_LOG_FILLS
,2024-04-04T18:37:54.708232+00:00,2024-04-04T18:37:57.553596+00:00,18318.25,18324.5,SHORT,False,False,False,False,False,NO_LOG_FILLS
,2024-04-04T18:39:24.285013+00:00,2024-04-04T18:40:00.591962+00:00,18312.0,18303.75,SHORT,False,False,False,False,False,NO_LOG_FILLS
,2024-04-04T18:39:24.285013+00:00,2024-04-04T18:40:04.697318+00:00,18312.0,18295.5,SHORT,False,False,False,False,False,NO_LOG_FILLS
,2024-04-04T18:39:24.285013+00:00,2024-04-04T18:40:28.799580+00:00,18312.0,18303.25,SHORT,False,False,False,False,False,NO_LOG_FILLS
,2024-04-04T18:52:17.834564+00:00,2024-04-04T18:52:35.711398+00:00,18271.0,18261.25,SHORT,False,False,False,False,False,NO_LOG_FILLS
,2024-04-04T18:52:17.834564+00:00,2024-04-04T18:53:33.794675+00:00,18271.0,18251.75,SHORT,False,False,False,False,False,NO_LOG_FILLS
,2024-04-04T18:52:17.834564+00:00,2024-04-04T18:53:47.215947+00:00,18271.0,18260.25,SHORT,False,False,False,False,False,NO_LOG_FILLS
,2024-04-04T18:58:30.314863+00:00,2024-04-04T19:00:05.483559+00:00,18217.25,18207.25,SHORT,False,False,False,False,False,NO_LOG_FILLS
,2024-04-04T18:58:30.314863+00:00,2024-04-04T19:00:25.395900+00:00,18217.25,18197.25,SHORT,False,False,False,False,False,NO_LOG_FILLS
,2024-04-04T18:58:30.314863+00:00,2024-04-04T19:01:00.097683+00:00,18217.25,18191.25,SHORT,False,False,False,False,False,NO_LOG_FILLS
,2024-04-04T18:58:31.991265+00:00,2024-04-04T19:09:45.842768+00:00,18217.25,18207.25,SHORT,False,False,False,False,False,NO_LOG_FILLS
,2024-04-04T19:09:31.934261+00:00,2024-04-04T19:11:04.357641+00:00,18195.0,18183.0,SHORT,False,False,False,False,False,NO_LOG_FILLS
,2024-04-04T19:09:33.531661+00:00,2024-04-04T19:11:05.983330+00:00,18195.0,18183.0,SHORT,False,False,False,False,False,NO_LOG_FILLS
,2024-04-04T19:12:11.809672+00:00,2024-04-04T19:42:21.052344+00:00,18174.5,18094.75,SHORT,False,False,False,False,False,NO_LOG_FILLS
,2024-04-04T19:42:22.673000+00:00,2024-04-04T19:44:31.392266+00:00,18094.75,18102.75,LONG,False,False,False,False,False,NO_LOG_FILLS
,2024-04-04T19:42:22.673000+00:00,2024-04-04T19:45:08.272903+00:00,18094.75,18110.75,LONG,False,False,False,False,False,NO_LOG_FILLS
,2024-04-04T19:42:22.673000+00:00,2024-04-04T19:45:27.022637+00:00,18094.75,18102.0,LONG,False,False,False,False,False,NO_LOG_FILLS
,2024-04-04T19:55:34.062049+00:00,2024-04-04T19:56:37.085474+00:00,18100.75,18091.0,SHORT,False,False,False,False,False,NO_LOG_FILLS
,2024-04-04T19:55:34.062049+00:00,2024-04-04T19:57:28.932225+00:00,18100.75,18081.25,SHORT,False,False,False,False,False,NO_LOG_FILLS
,2024-04-04T19:55:34.062049+00:00,2024-04-04T19:59:02.114619+00:00,18100.75,18078.75,SHORT,False,False,False,False,False,NO_LOG_FILLS
,2024-04-04T19:55:35.834088+00:00,2024-04-04T20:27:24.066829+00:00,18100.75,18061.75,SHORT,False,False,False,False,False,NO_LOG_FILLS
,2024-04-04T20:27:25.926121+00:00,2024-04-04T20:37:14.755566+00:00,18061.75,18070.25,LONG,False,False,False,False,False,NO_LOG_FILLS
,2024-04-04T20:27:25.926121+00:00,2024-04-04T20:46:46.609974+00:00,18061.75,18078.5,LONG,False,False,False,False,False,NO_LOG_FILLS
,2024-04-04T20:27:25.926121+00:00,2024-04-04T20:56:34.776041+00:00,18061.75,18070.5,LONG,False,False,False,False,False,NO_LOG_FILLS
,2024-04-04T22:42:53.684061+00:00,2024-04-04T22:52:04.910989+00:00,18108.75,18094.5,LONG,False,False,False,False,False,NO_LOG_FILLS
,2024-04-04T23:04:19.214549+00:00,2024-04-04T23:28:27.959909+00:00,18103.0,18085.0,LONG,False,False,False,False,False,NO_LOG_FILLS
,2024-04-05T01:53:06.363484+00:00,2024-04-05T02:45:45.609521+00:00,18064.5,18085.0,SHORT,False,False,False,False,False,NO_LOG_FILLS
,2024-04-05T07:42:50.297674+00:00,2024-04-05T08:03:48.536193+00:00,18121.5,18140.5,SHORT,False,False,False,False,False,NO_LOG_FILLS
,2024-04-05T10:31:27.387010+00:00,2024-04-05T10:37:42.394294+00:00,18124.5,18137.5,SHORT,False,False,False,False,False,NO_LOG_FILLS
,2024-04-05T12:42:31.317156+00:00,2024-04-05T12:44:26.154305+00:00,18171.75,18188.25,LONG,False,False,False,False,False,NO_LOG_FILLS
,2024-04-05T12:42:31.317156+00:00,2024-04-05T12:46:38.957032+00:00,18171.75,18163.75,LONG,False,False,False,False,False,NO_LOG_FILLS
,2024-04-05T12:55:54.133181+00:00,2024-04-05T12:57:56.132378+00:00,18151.75,18139.0,SHORT,False,False,False,False,False,NO_LOG_FILLS
,2024-04-05T12:55:54.133181+00:00,2024-04-05T13:01:46.763053+00:00,18151.75,18169.5,SHORT,False,False,False,False,False,NO_LOG_FILLS
,2024-04-05T13:03:07.690096+00:00,2024-04-05T13:03:31.225856+00:00,18149.5,18139.25,SHORT,False,False,False,False,False,NO_LOG_FILLS
,2024-04-05T13:03:07.690096+00:00,2024-04-05T13:11:13.973350+00:00,18149.5,18129.25,SHORT,False,False,False,False,False,NO_LOG_FILLS
,2024-04-05T13:03:07.690096+00:00,2024-04-05T13:11:56.797361+00:00,18149.5,18133.25,SHORT,False,False,False,False,False,NO_LOG_FILLS
,2024-04-05T13:15:32.871198+00:00,2024-04-05T13:16:30.975734+00:00,18135.5,18145.5,LONG,False,False,False,False,False,NO_LOG_FILLS
,2024-04-05T13:15:32.871198+00:00,2024-04-05T13:19:53.406908+00:00,18135.5,18123.25,LONG,False,False,False,False,False,NO_LOG_FILLS
,2024-04-05T13:22:53.935678+00:00,2024-04-05T13:25:28.113431+00:00,18122.0,18139.75,SHORT,False,False,False,False,False,NO_LOG_FILLS
,2024-04-05T13:29:56.386244+00:00,2024-04-05T13:30:05.732521+00:00,18135.0,18124.5,SHORT,False,False,False,False,False,NO_LOG_FILLS
,2024-04-05T13:29:56.386244+00:00,2024-04-05T13:31:27.901566+00:00,18135.0,18150.0,SHORT,False,False,False,False,False,NO_LOG_FILLS
,2024-04-05T13:32:47.914278+00:00,2024-04-05T13:32:48.297252+00:00,18152.5,18153.25,SHORT,False,False,False,False,False,NO_LOG_FILLS
,2024-04-05T13:35:19.448728+00:00,2024-04-05T13:35:42.539112+00:00,18139.5,18149.75,LONG,False,False,False,False,False,NO_LOG_FILLS
,2024-04-05T13:35:19.448728+00:00,2024-04-05T13:36:52.311288+00:00,18139.5,18127.5,LONG,False,False,False,False,False,NO_LOG_FILLS
,2024-04-05T13:47:00.399312+00:00,2024-04-05T13:48:00.190363+00:00,18175.5,18184.5,LONG,False,False,False,False,False,NO_LOG_FILLS
,2024-04-05T13:47:00.399312+00:00,2024-04-05T13:48:06.751740+00:00,18175.5,18193.5,LONG,False,False,False,False,False,NO_LOG_FILLS
,2024-04-05T13:47:00.399312+00:00,2024-04-05T13:48:19.493586+00:00,18175.5,18194.75,LONG,False,False,False,False,False,NO_LOG_FILLS
,2024-04-05T13:54:01.041194+00:00,2024-04-05T13:54:22.419347+00:00,18208.5,18216.0,LONG,False,False,False,False,False,NO_LOG_FILLS
,2024-04-05T13:54:01.041194+00:00,2024-04-05T13:54:52.426334+00:00,18208.5,18223.5,LONG,False,False,False,False,False,NO_LOG_FILLS
,2024-04-05T13:54:01.041194+00:00,2024-04-05T13:54:57.959276+00:00,18208.5,18223.0,LONG,False,False,False,False,False,NO_LOG_FILLS
,2024-04-05T14:02:41.018116+00:00,2024-04-05T14:04:33.700905+00:00,18198.25,18204.75,LONG,False,False,False,False,False,NO_LOG_FILLS
,2024-04-05T14:02:41.018116+00:00,2024-04-05T14:04:53.391973+00:00,18198.25,18211.25,LONG,False,False,False,False,False,NO_LOG_FILLS
,2024-04-05T14:02:41.018116+00:00,2024-04-05T14:06:35.907443+00:00,18198.25,18224.0,LONG,False,False,False,False,False,NO_LOG_FILLS
,2024-04-05T14:06:36.441411+00:00,2024-04-05T14:06:52.063390+00:00,18224.75,18212.75,SHORT,False,False,False,False,False,NO_LOG_FILLS
,2024-04-05T14:10:50.524807+00:00,2024-04-05T14:12:05.941613+00:00,18200.0,18213.5,SHORT,False,False,False,False,False,NO_LOG_FILLS
,2024-04-05T14:20:26.508199+00:00,2024-04-05T14:21:08.090025+00:00,18230.25,18217.0,LONG,False,False,False,False,False,NO_LOG_FILLS
,2024-04-05T14:28:04.542453+00:00,2024-04-05T14:29:55.684706+00:00,18198.5,18206.0,LONG,False,False,False,False,False,NO_LOG_FILLS
,2024-04-05T14:28:04.542453+00:00,2024-04-05T14:31:49.159310+00:00,18198.5,18213.5,LONG,False,False,False,False,False,NO_LOG_FILLS
,2024-04-05T14:28:04.542453+00:00,2024-04-05T14:34:07.798418+00:00,18198.5,18216.25,LONG,False,False,False,False,False,NO_LOG_FILLS
,2024-04-05T14:41:00.059944+00:00,2024-04-05T14:42:47.065495+00:00,18229.25,18238.0,LONG,False,False,False,False,False,NO_LOG_FILLS
,2024-04-05T14:41:00.059944+00:00,2024-04-05T14:45:49.733721+00:00,18229.25,18246.75,LONG,False,False,False,False,False,NO_LOG_FILLS
,2024-04-05T14:41:00.059944+00:00,2024-04-05T14:46:08.967866+00:00,18229.25,18239.0,LONG,False,False,False,False,False,NO_LOG_FILLS
,2024-04-05T14:55:40.676601+00:00,2024-04-05T14:55:41.175306+00:00,18289.25,18288.0,LONG,False,False,False,False,False,NO_LOG_FILLS
,2024-04-05T15:21:30.534960+00:00,2024-04-05T15:21:32.399715+00:00,18254.75,18255.75,SHORT,False,False,False,False,False,NO_LOG_FILLS
,2024-04-05T15:24:50.617034+00:00,2024-04-05T15:26:22.167311+00:00,18268.0,18275.75,LONG,False,False,False,False,False,NO_LOG_FILLS
,2024-04-05T15:24:50.617034+00:00,2024-04-05T15:26:56.196905+00:00,18268.0,18266.0,LONG,False,False,False,False,False,NO_LOG_FILLS
,2024-04-05T15:33:42.656158+00:00,2024-04-05T15:34:51.954444+00:00,18284.75,18277.5,SHORT,False,False,False,False,False,NO_LOG_FILLS
,2024-04-05T15:33:42.656158+00:00,2024-04-05T15:35:41.652484+00:00,18284.75,18293.75,SHORT,False,False,False,False,False,NO_LOG_FILLS
,2024-04-05T15:39:11.100434+00:00,2024-04-05T15:40:51.365565+00:00,18299.0,18312.0,SHORT,False,False,False,False,False,NO_LOG_FILLS
,2024-04-05T16:01:21.157591+00:00,2024-04-05T16:01:33.672007+00:00,18365.5,18360.5,SHORT,False,False,False,False,False,NO_LOG_FILLS
,2024-04-05T16:01:21.157591+00:00,2024-04-05T16:06:32.492978+00:00,18365.5,18355.5,SHORT,False,False,False,False,False,NO_LOG_FILLS
,2024-04-05T16:01:21.157591+00:00,2024-04-05T16:06:42.381649+00:00,18365.5,18357.25,SHORT,False,False,False,False,False,NO_LOG_FILLS
,2024-04-05T16:23:03.220341+00:00,2024-04-05T16:23:45.342645+00:00,18360.75,18366.25,LONG,False,False,False,False,False,NO_LOG_FILLS
,2024-04-05T16:23:03.220341+00:00,2024-04-05T16:24:56.516259+00:00,18360.75,18371.75,LONG,False,False,False,False,False,NO_LOG_FILLS
,2024-04-05T16:23:03.220341+00:00,2024-04-05T16:25:30.272224+00:00,18360.75,18363.75,LONG,False,False,False,False,False,NO_LOG_FILLS
,2024-04-05T16:25:56.719428+00:00,2024-04-05T16:26:23.496373+00:00,18355.75,18363.0,SHORT,False,False,False,False,False,NO_LOG_FILLS
,2024-04-05T16:27:12.214534+00:00,2024-04-05T16:30:52.266859+00:00,18359.5,18353.5,SHORT,False,False,False,False,False,NO_LOG_FILLS
,2024-04-05T16:27:12.214534+00:00,2024-04-05T16:31:24.410425+00:00,18359.5,18347.5,SHORT,False,False,False,False,False,NO_LOG_FILLS
,2024-04-05T16:27:12.214534+00:00,2024-04-05T16:33:06.674901+00:00,18359.5,18344.75,SHORT,False,False,False,False,False,NO_LOG_FILLS
,2024-04-05T16:33:57.716663+00:00,2024-04-05T16:34:13.244870+00:00,18345.75,18352.25,LONG,False,False,False,False,False,NO_LOG_FILLS
,2024-04-05T16:33:57.716663+00:00,2024-04-05T16:34:21.594697+00:00,18345.75,18358.5,LONG,False,False,False,False,False,NO_LOG_FILLS
,2024-04-05T16:33:57.716663+00:00,2024-04-05T16:36:18.864142+00:00,18345.75,18355.0,LONG,False,False,False,False,False,NO_LOG_FILLS
,2024-04-05T17:10:12.379186+00:00,2024-04-05T17:11:20.573495+00:00,18365.0,18370.0,LONG,False,False,False,False,False,NO_LOG_FILLS
,2024-04-05T17:10:12.379186+00:00,2024-04-05T17:13:36.193683+00:00,18365.0,18358.5,LONG,False,False,False,False,False,NO_LOG_FILLS
,2024-04-05T17:14:32.293969+00:00,2024-04-05T17:17:00.875853+00:00,18354.0,18358.5,LONG,False,False,False,False,False,NO_LOG_FILLS
,2024-04-05T17:14:32.293969+00:00,2024-04-05T17:20:19.747678+00:00,18354.0,18363.0,LONG,False,False,False,False,False,NO_LOG_FILLS
,2024-04-05T17:14:32.293969+00:00,2024-04-05T17:22:56.897115+00:00,18354.0,18366.0,LONG,False,False,False,False,False,NO_LOG_FILLS
,2024-04-05T17:25:25.813135+00:00,2024-04-05T17:32:26.580127+00:00,18364.75,18376.25,SHORT,False,False,False,False,False,NO_LOG_FILLS
,2024-04-05T17:48:02.384134+00:00,2024-04-05T17:49:22.372766+00:00,18345.0,18334.0,LONG,False,False,False,False,False,NO_LOG_FILLS
,2024-04-05T17:52:10.396176+00:00,2024-04-05T17:52:11.440881+00:00,18331.75,18332.5,SHORT,False,False,False,False,False,NO_LOG_FILLS
,2024-04-05T17:53:40.459000+00:00,2024-04-05T17:53:41.113879+00:00,18327.0,18324.5,LONG,False,False,False,False,False,NO_LOG_FILLS
,2024-04-05T17:57:35.888959+00:00,2024-04-05T17:57:36.449025+00:00,18291.25,18291.0,LONG,False,False,False,False,False,NO_LOG_FILLS
,2024-04-05T18:08:07.386611+00:00,2024-04-05T18:09:24.310051+00:00,18308.0,18326.5,SHORT,False,False,False,False,False,NO_LOG_FILLS
,2024-04-05T18:12:24.366901+00:00,2024-04-05T18:12:42.121212+00:00,18314.75,18306.5,SHORT,False,False,False,False,False,NO_LOG_FILLS
,2024-04-05T18:12:24.366901+00:00,2024-04-05T18:15:43.720576+00:00,18314.75,18321.75,SHORT,False,False,False,False,False,NO_LOG_FILLS
,2024-04-05T18:23:07.966308+00:00,2024-04-05T18:23:54.383690+00:00,18329.75,18321.25,SHORT,False,False,False,False,False,NO_LOG_FILLS
,2024-04-05T18:23:07.966308+00:00,2024-04-05T18:24:00.600787+00:00,18329.75,18312.5,SHORT,False,False,False,False,False,NO_LOG_FILLS
,2024-04-05T18:23:07.966308+00:00,2024-04-05T18:24:42.211495+00:00,18329.75,18306.25,SHORT,False,False,False,False,False,NO_LOG_FILLS
,2024-04-05T18:28:11.375663+00:00,2024-04-05T18:28:24.435842+00:00,18304.0,18295.75,SHORT,False,False,False,False,False,NO_LOG_FILLS
,2024-04-05T18:28:11.375663+00:00,2024-04-05T18:29:47.490971+00:00,18304.0,18287.5,SHORT,False,False,False,False,False,NO_LOG_FILLS
,2024-04-05T18:28:11.375663+00:00,2024-04-05T18:29:59.052834+00:00,18304.0,18288.25,SHORT,False,False,False,False,False,NO_LOG_FILLS
,2024-04-05T18:44:14.381471+00:00,2024-04-05T18:44:19.855700+00:00,18297.25,18307.0,LONG,False,False,False,False,False,NO_LOG_FILLS
,2024-04-05T18:44:14.381471+00:00,2024-04-05T18:47:28.868118+00:00,18297.25,18280.5,LONG,False,False,False,False,False,NO_LOG_FILLS
,2024-04-05T18:50:35.133530+00:00,2024-04-05T18:51:04.268866+00:00,18277.25,18274.25,LONG,False,False,False,False,False,NO_LOG_FILLS
,2024-04-05T18:55:50.766078+00:00,2024-04-05T18:59:29.654466+00:00,18261.75,18278.25,SHORT,False,False,False,False,False,NO_LOG_FILLS
,2024-04-05T19:02:53.384288+00:00,2024-04-05T19:04:56.254417+00:00,18274.0,18286.5,SHORT,False,False,False,False,False,NO_LOG_FILLS
,2024-04-05T19:08:18.827511+00:00,2024-04-05T19:08:26.212712+00:00,18282.25,18272.0,SHORT,False,False,False,False,False,NO_LOG_FILLS
,2024-04-05T19:08:18.827511+00:00,2024-04-05T19:32:49.478530+00:00,18282.25,18301.0,SHORT,False,False,False,False,False,NO_LOG_FILLS
,2024-04-05T19:48:21.784708+00:00,2024-04-05T19:48:43.695607+00:00,18301.75,18294.25,SHORT,False,False,False,False,False,NO_LOG_FILLS
,2024-04-05T19:48:21.784708+00:00,2024-04-05T19:52:29.022227+00:00,18301.75,18312.0,SHORT,False,False,False,False,False,NO_LOG_FILLS
,2024-04-05T19:56:34.292998+00:00,2024-04-05T19:57:14.050733+00:00,18313.75,18306.5,SHORT,False,False,False,False,False,NO_LOG_FILLS
,2024-04-05T19:56:34.292998+00:00,2024-04-05T19:59:56.154399+00:00,18313.75,18299.25,SHORT,False,False,False,False,False,NO_LOG_FILLS
,2024-04-05T19:56:34.292998+00:00,2024-04-05T20:00:23.031258+00:00,18313.75,18290.5,SHORT,False,False,False,False,False,NO_LOG_FILLS
,2024-04-05T20:00:23.931667+00:00,2024-04-05T20:00:36.157328+00:00,18290.0,18286.25,LONG,False,False,False,False,False,NO_LOG_FILLS
,2024-04-05T20:08:00.370813+00:00,2024-04-05T20:10:06.338805+00:00,18286.5,18290.0,SHORT,False,False,False,False,False,NO_LOG_FILLS
,2024-04-07T23:07:14.012536+00:00,2024-04-07T23:48:04.837313+00:00,18325.5,18315.75,LONG,False,False,False,False,False,NO_LOG_FILLS
,2024-04-08T00:56:41.348398+00:00,2024-04-08T00:57:27.205409+00:00,18300.0,18308.5,LONG,False,False,False,False,False,NO_LOG_FILLS
,2024-04-08T00:56:41.348398+00:00,2024-04-08T01:00:28.394451+00:00,18300.0,18317.25,LONG,False,False,False,False,False,NO_LOG_FILLS
,2024-04-08T00:56:41.348398+00:00,2024-04-08T01:05:56.956982+00:00,18300.0,18308.75,LONG,False,False,False,False,False,NO_LOG_FILLS
,2024-04-08T01:49:21.549726+00:00,2024-04-08T01:50:42.851926+00:00,18321.5,18327.0,SHORT,False,False,False,False,False,NO_LOG_FILLS
,2024-04-08T05:05:35.052258+00:00,2024-04-08T06:00:34.032753+00:00,18299.75,18310.25,LONG,False,False,False,False,False,NO_LOG_FILLS
,2024-04-08T05:05:35.052258+00:00,2024-04-08T07:17:34.263694+00:00,18299.75,18320.5,LONG,False,False,False,False,False,NO_LOG_FILLS
,2024-04-08T05:05:35.052258+00:00,2024-04-08T07:22:31.982085+00:00,18299.75,18318.0,LONG,False,False,False,False,False,NO_LOG_FILLS
,2024-04-08T08:25:46.343037+00:00,2024-04-08T08:33:35.574007+00:00,18266.75,18279.5,LONG,False,False,False,False,False,NO_LOG_FILLS
,2024-04-08T08:25:46.343037+00:00,2024-04-08T08:36:07.074340+00:00,18266.75,18292.25,LONG,False,False,False,False,False,NO_LOG_FILLS
,2024-04-08T08:25:46.343037+00:00,2024-04-08T08:45:19.735287+00:00,18266.75,18292.75,LONG,False,False,False,False,False,NO_LOG_FILLS
,2024-04-08T08:46:27.910981+00:00,2024-04-08T08:55:32.220032+00:00,18283.75,18270.5,SHORT,False,False,False,False,False,NO_LOG_FILLS
,2024-04-08T08:46:27.910981+00:00,2024-04-08T09:24:05.800592+00:00,18283.75,18303.25,SHORT,False,False,False,False,False,NO_LOG_FILLS
,2024-04-08T08:46:28.340022+00:00,2024-04-08T13:30:00.622889+00:00,18283.75,18330.25,SHORT,False,False,False,False,False,NO_LOG_FILLS
,2024-04-08T13:30:11.660690+00:00,2024-04-08T13:32:34.049347+00:00,18324.75,18316.5,SHORT,False,False,False,False,False,NO_LOG_FILLS
,2024-04-08T13:32:39.133456+00:00,2024-04-08T13:40:57.276610+00:00,18306.5,18250.0,SHORT,False,False,False,False,False,NO_LOG_FILLS
,2024-04-08T13:41:07.004685+00:00,2024-04-08T13:50:46.710214+00:00,18258.25,18280.75,SHORT,False,False,False,False,False,NO_LOG_FILLS
,2024-04-08T13:41:38.480957+00:00,2024-04-08T13:50:55.141725+00:00,18266.25,18273.25,SHORT,False,False,False,False,False,NO_LOG_FILLS
,2024-04-08T13:42:00.351465+00:00,2024-04-08T13:51:26.091994+00:00,18268.0,18280.25,SHORT,False,False,False,False,False,NO_LOG_FILLS
,2024-04-08T13:49:24.318624+00:00,2024-04-08T13:52:07.067801+00:00,18288.25,18284.25,SHORT,False,False,False,False,False,NO_LOG_FILLS
,2024-04-08T13:53:33.921199+00:00,2024-04-08T14:00:24.225185+00:00,18291.75,18307.75,SHORT,False,False,False,False,False,NO_LOG_FILLS
,2024-04-08T13:53:45.141169+00:00,2024-04-08T14:00:24.225185+00:00,18299.25,18307.75,SHORT,False,False,False,False,False,NO_LOG_FILLS
,2024-04-08T13:54:57.036993+00:00,2024-04-08T14:00:24.225185+00:00,18294.25,18307.75,SHORT,False,False,False,False,False,NO_LOG_FILLS
,2024-04-08T13:58:23.696666+00:00,2024-04-08T14:13:19.000167+00:00,18292.75,18292.25,SHORT,False,False,False,False,False,NO_LOG_FILLS
,2024-04-08T13:58:23.696666+00:00,2024-04-08T14:15:42.376140+00:00,18292.75,18317.25,SHORT,False,False,False,False,False,NO_LOG_FILLS
,2024-04-08T14:12:28.197571+00:00,2024-04-08T14:18:05.772283+00:00,18301.5,18313.25,SHORT,False,False,False,False,False,NO_LOG_FILLS
,2024-04-08T14:19:20.596087+00:00,2024-04-08T14:29:33.150901+00:00,18297.5,18338.75,SHORT,False,False,False,False,False,NO_LOG_FILLS
,2024-04-08T14:25:38.423886+00:00,2024-04-08T15:02:07.981900+00:00,18324.5,18348.5,SHORT,False,False,False,False,False,NO_LOG_FILLS
,2024-04-08T14:25:38.423886+00:00,2024-04-08T15:02:30.477804+00:00,18324.5,18342.25,SHORT,False,False,False,False,False,NO_LOG_FILLS
,2024-04-08T14:25:38.423886+00:00,2024-04-08T15:03:11.393872+00:00,18324.5,18336.25,SHORT,False,False,False,False,False,NO_LOG_FILLS
,2024-04-08T15:01:46.633742+00:00,2024-04-08T15:03:11.866357+00:00,18354.75,18337.0,SHORT,False,False,False,False,False,NO_LOG_FILLS
,2024-04-08T15:03:52.575396+00:00,2024-04-08T15:15:47.079337+00:00,18343.25,18337.5,SHORT,False,False,False,False,False,NO_LOG_FILLS
,2024-04-08T15:05:13.826520+00:00,2024-04-08T15:27:48.347740+00:00,18349.75,18330.5,SHORT,False,False,False,False,False,NO_LOG_FILLS
,2024-04-08T15:07:05.162289+00:00,2024-04-08T15:29:22.722935+00:00,18344.25,18339.0,SHORT,False,False,False,False,False,NO_LOG_FILLS
,2024-04-08T15:13:00.012887+00:00,2024-04-08T15:29:23.278151+00:00,18344.25,18338.75,SHORT,False,False,False,False,False,NO_LOG_FILLS
,2024-04-08T15:30:05.260395+00:00,2024-04-08T15:38:00.228335+00:00,18329.0,18307.25,SHORT,False,False,False,False,False,NO_LOG_FILLS
,2024-04-08T15:39:43.492882+00:00,2024-04-08T15:48:19.595435+00:00,18314.5,18302.25,SHORT,False,False,False,False,False,NO_LOG_FILLS
,2024-04-08T15:45:38.468739+00:00,2024-04-08T15:48:19.595435+00:00,18292.0,18302.25,SHORT,False,False,False,False,False,NO_LOG_FILLS
,2024-04-08T15:56:37.052954+00:00,2024-04-08T16:00:16.712023+00:00,18284.75,18288.5,SHORT,False,False,False,False,False,NO_LOG_FILLS
,2024-04-08T15:56:37.052954+00:00,2024-04-08T16:08:09.847941+00:00,18284.75,18298.75,SHORT,False,False,False,False,False,NO_LOG_FILLS
,2024-04-08T16:00:06.365850+00:00,2024-04-08T16:16:01.327834+00:00,18295.75,18280.5,SHORT,False,False,False,False,False,NO_LOG_FILLS
,2024-04-08T16:17:25.905787+00:00,2024-04-08T16:49:00.724002+00:00,18288.5,18296.25,SHORT,False,False,False,False,False,NO_LOG_FILLS
,2024-04-08T16:23:01.510892+00:00,2024-04-08T16:56:47.319622+00:00,18267.25,18310.75,SHORT,False,False,False,False,False,NO_LOG_FILLS
,2024-04-08T16:46:15.411547+00:00,2024-04-08T17:10:11.451865+00:00,18303.5,18301.75,SHORT,False,False,False,False,False,NO_LOG_FILLS
,2024-04-08T16:46:15.411547+00:00,2024-04-08T17:16:30.554544+00:00,18303.5,18294.75,SHORT,False,False,False,False,False,NO_LOG_FILLS
,2024-04-08T16:46:15.411547+00:00,2024-04-08T17:19:15.558110+00:00,18303.5,18297.5,SHORT,False,False,False,False,False,NO_LOG_FILLS
,2024-04-08T17:02:37.636711+00:00,2024-04-08T17:19:34.158947+00:00,18309.0,18299.75,SHORT,False,False,False,False,False,NO_LOG_FILLS
,2024-04-08T17:29:46.256165+00:00,2024-04-08T19:38:08.896520+00:00,18307.0,18317.5,SHORT,False,False,False,False,False,NO_LOG_FILLS
,2024-04-08T17:42:16.626719+00:00,2024-04-08T19:41:42.038864+00:00,18289.0,18310.75,SHORT,False,False,False,False,False,NO_LOG_FILLS
,2024-04-08T17:42:16.626719+00:00,2024-04-08T19:44:02.069616+00:00,18289.0,18301.5,SHORT,False,False,False,False,False,NO_LOG_FILLS
,2024-04-08T19:35:50.997740+00:00,2024-04-08T19:46:02.096085+00:00,18324.5,18305.0,SHORT,False,False,False,False,False,NO_LOG_FILLS
,2024-04-08T19:52:09.890056+00:00,2024-04-08T19:54:40.081516+00:00,18292.0,18303.0,SHORT,False,False,False,False,False,NO_LOG_FILLS
,2024-04-08T19:57:18.989232+00:00,2024-04-08T20:01:49.636981+00:00,18287.25,18310.75,SHORT,False,False,False,False,False,NO_LOG_FILLS
,2024-04-08T20:01:40.600326+00:00,2024-04-08T23:18:50.130823+00:00,18308.0,18309.75,SHORT,False,False,False,False,False,NO_LOG_FILLS
,2024-04-08T20:01:40.600326+00:00,2024-04-08T23:43:48.661377+00:00,18308.0,18303.0,SHORT,False,False,False,False,False,NO_LOG_FILLS
,2024-04-08T20:01:40.600326+00:00,2024-04-08T23:49:18.972300+00:00,18308.0,18312.0,SHORT,False,False,False,False,False,NO_LOG_FILLS
,2024-04-09T11:38:24.728943+00:00,2024-04-09T11:58:56.520535+00:00,18329.5,18338.25,LONG,False,False,False,False,False,NO_LOG_FILLS
,2024-04-09T11:38:24.728943+00:00,2024-04-09T12:00:12.125159+00:00,18329.5,18347.0,LONG,False,False,False,False,False,NO_LOG_FILLS
,2024-04-09T11:38:24.728943+00:00,2024-04-09T12:02:03.244418+00:00,18329.5,18340.5,LONG,False,False,False,False,False,NO_LOG_FILLS
,2024-04-09T12:20:14.240191+00:00,2024-04-09T12:21:21.629845+00:00,18359.75,18352.25,SHORT,False,False,False,False,False,NO_LOG_FILLS
,2024-04-09T12:20:14.240191+00:00,2024-04-09T12:42:36.426696+00:00,18359.75,18368.75,SHORT,False,False,False,False,False,NO_LOG_FILLS
,2024-04-09T13:13:05.171807+00:00,2024-04-09T13:15:00.096409+00:00,18363.5,18371.5,LONG,False,False,False,False,False,NO_LOG_FILLS
,2024-04-09T13:13:05.171807+00:00,2024-04-09T13:17:15.018550+00:00,18363.5,18379.75,LONG,False,False,False,False,False,NO_LOG_FILLS
,2024-04-09T13:13:05.171807+00:00,2024-04-09T13:18:42.235006+00:00,18363.5,18386.75,LONG,False,False,False,False,False,NO_LOG_FILLS
,2024-04-09T13:18:42.736231+00:00,2024-04-09T13:19:27.058890+00:00,18386.25,18383.25,SHORT,False,False,False,False,False,NO_LOG_FILLS
,2024-04-09T13:30:00.712655+00:00,2024-04-09T13:30:03.905189+00:00,18395.0,18389.0,LONG,False,False,False,False,False,NO_LOG_FILLS
,2024-04-09T13:31:18.604467+00:00,2024-04-09T13:32:04.774853+00:00,18392.5,18385.0,SHORT,False,False,False,False,False,NO_LOG_FILLS
,2024-04-09T13:31:18.604467+00:00,2024-04-09T13:33:42.594311+00:00,18392.5,18377.5,SHORT,False,False,False,False,False,NO_LOG_FILLS
,2024-04-09T13:31:18.604467+00:00,2024-04-09T13:35:48.575118+00:00,18392.5,18353.75,SHORT,False,False,False,False,False,NO_LOG_FILLS
,2024-04-09T13:36:53.139945+00:00,2024-04-09T13:36:59.859278+00:00,18364.5,18368.25,SHORT,False,False,False,False,False,NO_LOG_FILLS
,2024-04-09T13:41:50.324170+00:00,2024-04-09T13:41:58.646343+00:00,18395.25,18402.25,SHORT,False,False,False,False,False,NO_LOG_FILLS
,2024-04-09T13:45:05.336437+00:00,2024-04-09T13:45:09.584358+00:00,18384.5,18390.5,LONG,False,False,False,False,False,NO_LOG_FILLS
,2024-04-09T13:45:05.336437+00:00,2024-04-09T13:47:37.391880+00:00,18384.5,18378.25,LONG,False,False,False,False,False,NO_LOG_FILLS
,2024-04-09T13:55:14.728267+00:00,2024-04-09T13:56:03.067389+00:00,18359.25,18347.75,LONG,False,False,False,False,False,NO_LOG_FILLS
,2024-04-09T14:13:09.970410+00:00,2024-04-09T14:13:40.634163+00:00,18346.0,18353.75,LONG,False,False,False,False,False,NO_LOG_FILLS
,2024-04-09T14:13:09.970410+00:00,2024-04-09T14:14:00.222715+00:00,18346.0,18361.75,LONG,False,False,False,False,False,NO_LOG_FILLS
,2024-04-09T14:13:09.970410+00:00,2024-04-09T14:16:00.630668+00:00,18346.0,18359.5,LONG,False,False,False,False,False,NO_LOG_FILLS
,2024-04-09T14:30:58.020494+00:00,2024-04-09T14:31:13.832904+00:00,18243.75,18231.5,LONG,False,False,False,False,False,NO_LOG_FILLS
,2024-04-09T14:34:11.180663+00:00,2024-04-09T14:34:24.115530+00:00,18247.75,18241.0,SHORT,False,False,False,False,False,NO_LOG_FILLS
,2024-04-09T14:34:11.180663+00:00,2024-04-09T14:36:13.520444+00:00,18247.75,18234.0,SHORT,False,False,False,False,False,NO_LOG_FILLS
,2024-04-09T14:34:11.180663+00:00,2024-04-09T14:36:38.053762+00:00,18247.75,18232.25,SHORT,False,False,False,False,False,NO_LOG_FILLS
,2024-04-09T14:36:38.710907+00:00,2024-04-09T14:36:51.371758+00:00,18231.25,18222.0,LONG,False,False,False,False,False,NO_LOG_FILLS
,2024-04-09T14:37:05.686665+00:00,2024-04-09T14:38:31.077961+00:00,18223.25,18230.5,LONG,False,False,False,False,False,NO_LOG_FILLS
,2024-04-09T14:37:05.686665+00:00,2024-04-09T14:40:13.490985+00:00,18223.25,18237.75,LONG,False,False,False,False,False,NO_LOG_FILLS
,2024-04-09T14:37:05.686665+00:00,2024-04-09T14:40:20.675814+00:00,18223.25,18228.0,LONG,False,False,False,False,False,NO_LOG_FILLS
,2024-04-09T14:41:57.506080+00:00,2024-04-09T14:42:16.325892+00:00,18208.75,18200.0,LONG,False,False,False,False,False,NO_LOG_FILLS
,2024-04-09T14:42:29.651890+00:00,2024-04-09T14:42:32.027822+00:00,18185.0,18181.5,LONG,False,False,False,False,False,NO_LOG_FILLS
,2024-04-09T14:43:43.193971+00:00,2024-04-09T14:44:02.950658+00:00,18182.25,18174.75,LONG,False,False,False,False,False,NO_LOG_FILLS
,2024-04-09T15:02:35.727927+00:00,2024-04-09T15:02:42.107949+00:00,18222.0,18219.5,LONG,False,False,False,False,False,NO_LOG_FILLS
,2024-04-09T15:04:15.046475+00:00,2024-04-09T15:05:19.636468+00:00,18215.0,18222.25,LONG,False,False,False,False,False,NO_LOG_FILLS
,2024-04-09T15:04:15.046475+00:00,2024-04-09T15:06:44.582898+00:00,18215.0,18229.75,LONG,False,False,False,False,False,NO_LOG_FILLS
,2024-04-09T15:04:15.046475+00:00,2024-04-09T15:07:07.383916+00:00,18215.0,18223.0,LONG,False,False,False,False,False,NO_LOG_FILLS
,2024-04-09T15:30:19.325281+00:00,2024-04-09T15:31:01.277486+00:00,18228.0,18235.75,LONG,False,False,False,False,False,NO_LOG_FILLS
,2024-04-09T15:30:19.325281+00:00,2024-04-09T15:31:20.971669+00:00,18228.0,18227.25,LONG,False,False,False,False,False,NO_LOG_FILLS
,2024-04-09T15:44:50.378173+00:00,2024-04-09T15:47:50.812218+00:00,18258.0,18266.25,SHORT,False,False,False,False,False,NO_LOG_FILLS
,2024-04-09T16:14:22.983404+00:00,2024-04-09T16:16:00.909655+00:00,18288.25,18282.25,SHORT,False,False,False,False,False,NO_LOG_FILLS
,2024-04-09T16:14:22.983404+00:00,2024-04-09T16:26:24.285580+00:00,18288.25,18295.5,SHORT,False,False,False,False,False,NO_LOG_FILLS
,2024-04-09T16:45:45.512502+00:00,2024-04-09T16:46:26.019016+00:00,18294.0,18287.5,SHORT,False,False,False,False,False,NO_LOG_FILLS
,2024-04-09T16:45:45.512502+00:00,2024-04-09T16:51:59.495877+00:00,18294.0,18281.0,SHORT,False,False,False,False,False,NO_LOG_FILLS
,2024-04-09T16:45:45.512502+00:00,2024-04-09T16:54:32.617708+00:00,18294.0,18262.5,SHORT,False,False,False,False,False,NO_LOG_FILLS
,2024-04-09T16:56:07.920005+00:00,2024-04-09T16:57:23.563632+00:00,18265.25,18271.5,LONG,False,False,False,False,False,NO_LOG_FILLS
,2024-04-09T16:56:07.920005+00:00,2024-04-09T17:00:22.258877+00:00,18265.25,18256.5,LONG,False,False,False,False,False,NO_LOG_FILLS
,2024-04-09T17:12:32.563853+00:00,2024-04-09T17:16:39.368359+00:00,18275.5,18268.0,SHORT,False,False,False,False,False,NO_LOG_FILLS
,2024-04-09T17:12:32.563853+00:00,2024-04-09T17:22:02.841951+00:00,18275.5,18293.25,SHORT,False,False,False,False,False,NO_LOG_FILLS
,2024-04-09T17:42:11.245424+00:00,2024-04-09T17:42:32.314918+00:00,18278.75,18270.25,SHORT,False,False,False,False,False,NO_LOG_FILLS
,2024-04-09T17:42:11.245424+00:00,2024-04-09T17:48:01.693165+00:00,18278.75,18262.0,SHORT,False,False,False,False,False,NO_LOG_FILLS
,2024-04-09T17:42:11.245424+00:00,2024-04-09T17:49:44.810719+00:00,18278.75,18261.0,SHORT,False,False,False,False,False,NO_LOG_FILLS
,2024-04-09T18:41:42.356563+00:00,2024-04-09T18:43:00.505562+00:00,18253.25,18261.25,LONG,False,False,False,False,False,NO_LOG_FILLS
,2024-04-09T18:41:42.356563+00:00,2024-04-09T18:50:01.745621+00:00,18253.25,18244.0,LONG,False,False,False,False,False,NO_LOG_FILLS
,2024-04-09T19:12:24.319084+00:00,2024-04-09T19:14:08.163216+00:00,18225.75,18234.75,LONG,False,False,False,False,False,NO_LOG_FILLS
,2024-04-09T19:12:24.319084+00:00,2024-04-09T19:16:41.634394+00:00,18225.75,18243.5,LONG,False,False,False,False,False,NO_LOG_FILLS
,2024-04-09T19:12:24.319084+00:00,2024-04-09T19:30:15.772498+00:00,18225.75,18323.0,LONG,False,False,False,False,False,NO_LOG_FILLS
,2024-04-09T20:00:21.658214+00:00,2024-04-09T20:00:23.315551+00:00,18369.75,18373.0,SHORT,False,False,False,False,False,NO_LOG_FILLS
,2024-04-10T12:34:38.694422+00:00,2024-04-10T12:35:14.692701+00:00,18140.0,18121.0,SHORT,False,False,False,False,False,NO_LOG_FILLS
,2024-04-10T12:34:38.694422+00:00,2024-04-10T12:36:21.875633+00:00,18140.0,18102.0,SHORT,False,False,False,False,False,NO_LOG_FILLS
,2024-04-10T12:34:38.694422+00:00,2024-04-10T12:36:39.619034+00:00,18140.0,18094.0,SHORT,False,False,False,False,False,NO_LOG_FILLS
,2024-04-10T12:48:55.575115+00:00,2024-04-10T12:51:06.581258+00:00,18106.75,18095.0,SHORT,False,False,False,False,False,NO_LOG_FILLS
,2024-04-10T12:48:55.575115+00:00,2024-04-10T12:53:46.045751+00:00,18106.75,18126.0,SHORT,False,False,False,False,False,NO_LOG_FILLS
,2024-04-10T13:05:36.653237+00:00,2024-04-10T13:08:19.874521+00:00,18093.75,18070.75,LONG,False,False,False,False,False,NO_LOG_FILLS
,2024-04-10T13:14:20.654638+00:00,2024-04-10T13:15:16.404430+00:00,18081.5,18093.5,LONG,False,False,False,False,False,NO_LOG_FILLS
,2024-04-10T13:14:20.654638+00:00,2024-04-10T13:16:23.590736+00:00,18081.5,18105.5,LONG,False,False,False,False,False,NO_LOG_FILLS
,2024-04-10T13:14:20.654638+00:00,2024-04-10T13:17:01.096099+00:00,18081.5,18103.25,LONG,False,False,False,False,False,NO_LOG_FILLS
,2024-04-10T13:19:04.789384+00:00,2024-04-10T13:20:14.617104+00:00,18118.5,18106.5,SHORT,False,False,False,False,False,NO_LOG_FILLS
,2024-04-10T13:19:04.789384+00:00,2024-04-10T13:24:15.179012+00:00,18118.5,18130.75,SHORT,False,False,False,False,False,NO_LOG_FILLS
,2024-04-10T13:30:35.826247+00:00,2024-04-10T13:30:52.170536+00:00,18137.25,18126.0,SHORT,False,False,False,False,False,NO_LOG_FILLS
,2024-04-10T13:30:35.826247+00:00,2024-04-10T13:31:52.778092+00:00,18137.25,18146.5,SHORT,False,False,False,False,False,NO_LOG_FILLS
,2024-04-10T13:34:32.275049+00:00,2024-04-10T13:35:05.831804+00:00,18147.75,18156.0,LONG,False,False,False,False,False,NO_LOG_FILLS
,2024-04-10T13:34:32.275049+00:00,2024-04-10T13:35:19.048812+00:00,18147.75,18164.25,LONG,False,False,False,False,False,NO_LOG_FILLS
,2024-04-10T13:34:32.275049+00:00,2024-04-10T13:35:31.778151+00:00,18147.75,18156.5,LONG,False,False,False,False,False,NO_LOG_FILLS
,2024-04-10T13:36:59.997689+00:00,2024-04-10T13:37:14.681750+00:00,18173.5,18165.75,SHORT,False,False,False,False,False,NO_LOG_FILLS
,2024-04-10T13:36:59.997689+00:00,2024-04-10T13:37:25.238488+00:00,18173.5,18157.75,SHORT,False,False,False,False,False,NO_LOG_FILLS
,2024-04-10T13:36:59.997689+00:00,2024-04-10T13:37:28.989118+00:00,18173.5,18167.0,SHORT,False,False,False,False,False,NO_LOG_FILLS
,2024-04-10T13:40:35.853105+00:00,2024-04-10T13:42:46.543743+00:00,18167.75,18159.0,SHORT,False,False,False,False,False,NO_LOG_FILLS
,2024-04-10T13:40:35.853105+00:00,2024-04-10T13:44:41.341142+00:00,18167.75,18189.75,SHORT,False,False,False,False,False,NO_LOG_FILLS
,2024-04-10T13:46:51.900235+00:00,2024-04-10T13:47:01.950225+00:00,18117.75,18110.75,LONG,False,False,False,False,False,NO_LOG_FILLS
,2024-04-10T13:47:21.149811+00:00,2024-04-10T13:47:54.773524+00:00,18126.25,18136.5,LONG,False,False,False,False,False,NO_LOG_FILLS
,2024-04-10T13:47:21.149811+00:00,2024-04-10T13:49:06.702853+00:00,18126.25,18147.0,LONG,False,False,False,False,False,NO_LOG_FILLS
,2024-04-10T13:47:21.149811+00:00,2024-04-10T13:49:23.534313+00:00,18126.25,18154.25,LONG,False,False,False,False,False,NO_LOG_FILLS
,2024-04-10T14:01:08.142949+00:00,2024-04-10T14:01:28.927651+00:00,18181.25,18190.0,LONG,False,False,False,False,False,NO_LOG_FILLS
,2024-04-10T14:01:08.142949+00:00,2024-04-10T14:02:55.398875+00:00,18181.25,18160.25,LONG,False,False,False,False,False,NO_LOG_FILLS
,2024-04-10T14:07:12.676091+00:00,2024-04-10T14:07:39.453857+00:00,18166.75,18176.0,LONG,False,False,False,False,False,NO_LOG_FILLS
,2024-04-10T14:07:12.676091+00:00,2024-04-10T14:09:09.482470+00:00,18166.75,18185.0,LONG,False,False,False,False,False,NO_LOG_FILLS
,2024-04-10T14:07:12.676091+00:00,2024-04-10T14:09:42.899538+00:00,18166.75,18193.75,LONG,False,False,False,False,False,NO_LOG_FILLS
,2024-04-10T14:18:08.103689+00:00,2024-04-10T14:18:10.804618+00:00,18173.25,18176.0,SHORT,False,False,False,False,False,NO_LOG_FILLS
,2024-04-10T14:22:23.200719+00:00,2024-04-10T14:23:32.965805+00:00,18188.75,18170.25,LONG,False,False,False,False,False,NO_LOG_FILLS
,2024-04-10T14:38:39.406603+00:00,2024-04-10T14:38:46.603121+00:00,18227.25,18222.5,LONG,False,False,False,False,False,NO_LOG_FILLS
,2024-04-10T14:50:29.856823+00:00,2024-04-10T14:51:24.456432+00:00,18192.25,18175.75,LONG,False,False,False,False,False,NO_LOG_FILLS
,2024-04-10T14:53:02.727618+00:00,2024-04-10T14:53:33.920656+00:00,18174.0,18162.0,LONG,False,False,False,False,False,NO_LOG_FILLS
,2024-04-10T16:16:41.395446+00:00,2024-04-10T16:21:38.399277+00:00,18138.0,18127.5,LONG,False,False,False,False,False,NO_LOG_FILLS
,2024-04-10T16:48:38.130091+00:00,2024-04-10T16:49:38.279910+00:00,18158.25,18166.5,LONG,False,False,False,False,False,NO_LOG_FILLS
,2024-04-10T16:48:38.130091+00:00,2024-04-10T16:53:50.701262+00:00,18158.25,18174.75,LONG,False,False,False,False,False,NO_LOG_FILLS
,2024-04-10T16:48:38.130091+00:00,2024-04-10T16:57:17.985436+00:00,18158.25,18186.5,LONG,False,False,False,False,False,NO_LOG_FILLS
,2024-04-10T17:02:37.149922+00:00,2024-04-10T17:03:13.307449+00:00,18167.75,18154.25,LONG,False,False,False,False,False,NO_LOG_FILLS
,2024-04-10T17:04:13.094869+00:00,2024-04-10T17:04:40.509852+00:00,18142.0,18133.75,SHORT,False,False,False,False,False,NO_LOG_FILLS
,2024-04-10T17:04:13.094869+00:00,2024-04-10T17:06:50.192132+00:00,18142.0,18125.5,SHORT,False,False,False,False,False,NO_LOG_FILLS
,2024-04-10T17:04:13.094869+00:00,2024-04-10T17:07:33.249309+00:00,18142.0,18134.5,SHORT,False,False,False,False,False,NO_LOG_FILLS
,2024-04-10T17:13:50.178987+00:00,2024-04-10T17:14:17.402074+00:00,18130.0,18138.25,LONG,False,False,False,False,False,NO_LOG_FILLS
,2024-04-10T17:13:50.178987+00:00,2024-04-10T17:14:54.633646+00:00,18130.0,18146.25,LONG,False,False,False,False,False,NO_LOG_FILLS
,2024-04-10T17:13:50.178987+00:00,2024-04-10T17:15:04.752185+00:00,18130.0,18139.25,LONG,False,False,False,False,False,NO_LOG_FILLS
,2024-04-10T17:23:06.260514+00:00,2024-04-10T17:23:06.853288+00:00,18215.0,18215.0,SHORT,False,False,False,False,False,NO_LOG_FILLS
,2024-04-10T17:31:05.358538+00:00,2024-04-10T17:31:06.543441+00:00,18170.25,18175.75,SHORT,False,False,False,False,False,NO_LOG_FILLS
,2024-04-10T17:40:33.881484+00:00,2024-04-10T17:40:51.307035+00:00,18135.75,18117.25,LONG,False,False,False,False,False,NO_LOG_FILLS
,2024-04-10T17:42:10.907784+00:00,2024-04-10T17:43:22.260259+00:00,18135.0,18144.5,LONG,False,False,False,False,False,NO_LOG_FILLS
,2024-04-10T17:42:10.907784+00:00,2024-04-10T17:50:11.278309+00:00,18135.0,18154.0,LONG,False,False,False,False,False,NO_LOG_FILLS
,2024-04-10T17:42:10.907784+00:00,2024-04-10T17:50:39.819001+00:00,18135.0,18144.25,LONG,False,False,False,False,False,NO_LOG_FILLS
,2024-04-10T17:57:11.424042+00:00,2024-04-10T17:57:17.927299+00:00,18192.75,18198.5,SHORT,False,False,False,False,False,NO_LOG_FILLS
,2024-04-10T18:01:23.095800+00:00,2024-04-10T18:01:53.975546+00:00,18175.75,18186.75,LONG,False,False,False,False,False,NO_LOG_FILLS
,2024-04-10T18:01:23.095800+00:00,2024-04-10T18:23:40.841392+00:00,18175.75,18140.0,LONG,False,False,False,False,False,NO_LOG_FILLS
,2024-04-10T18:27:16.757908+00:00,2024-04-10T18:33:16.581515+00:00,18160.75,18135.75,LONG,False,False,False,False,False,NO_LOG_FILLS
,2024-04-10T18:41:44.243694+00:00,2024-04-10T18:42:30.347048+00:00,18160.0,18173.25,SHORT,False,False,False,False,False,NO_LOG_FILLS
,2024-04-10T19:19:28.904947+00:00,2024-04-10T19:20:26.489776+00:00,18189.75,18198.25,LONG,False,False,False,False,False,NO_LOG_FILLS
,2024-04-10T19:19:28.904947+00:00,2024-04-10T19:25:46.768246+00:00,18189.75,18206.75,LONG,False,False,False,False,False,NO_LOG_FILLS
,2024-04-10T19:19:28.904947+00:00,2024-04-10T19:26:34.008948+00:00,18189.75,18208.5,LONG,False,False,False,False,False,NO_LOG_FILLS
,2024-04-10T20:10:15.522465+00:00,2024-04-10T20:16:19.881156+00:00,18171.5,18179.5,LONG,False,False,False,False,False,NO_LOG_FILLS
,2024-04-10T20:10:15.522465+00:00,2024-04-10T20:58:36.012758+00:00,18171.5,18187.25,LONG,False,False,False,False,False,NO_LOG_FILLS
,2024-04-10T20:10:15.522465+00:00,2024-04-10T20:58:58.955780+00:00,18171.5,18189.0,LONG,False,False,False,False,False,NO_LOG_FILLS
,2024-04-10T22:05:57.088869+00:00,2024-04-10T23:12:18.374156+00:00,18165.0,18156.75,SHORT,False,False,False,False,False,NO_LOG_FILLS
,2024-04-10T22:05:57.088869+00:00,2024-04-10T23:18:13.037009+00:00,18165.0,18148.25,SHORT,False,False,False,False,False,NO_LOG_FILLS
,2024-04-10T22:05:57.088869+00:00,2024-04-10T23:36:03.810054+00:00,18165.0,18150.25,SHORT,False,False,False,False,False,NO_LOG_FILLS
,2024-04-11T09:13:24.935323+00:00,2024-04-11T09:19:32.324661+00:00,18169.5,18152.75,LONG,False,False,False,False,False,NO_LOG_FILLS
,2024-04-11T09:36:36.904480+00:00,2024-04-11T10:06:49.458697+00:00,18171.75,18145.0,LONG,False,False,False,False,False,NO_LOG_FILLS
,2024-04-11T11:09:09.925096+00:00,2024-04-11T11:20:43.973304+00:00,18150.75,18139.0,SHORT,False,False,False,False,False,NO_LOG_FILLS
,2024-04-11T11:09:09.925096+00:00,2024-04-11T11:47:17.820978+00:00,18150.75,18127.0,SHORT,False,False,False,False,False,NO_LOG_FILLS
,2024-04-11T11:09:09.925096+00:00,2024-04-11T11:50:24.315940+00:00,18150.75,18131.5,SHORT,False,False,False,False,False,NO_LOG_FILLS
,2024-04-11T12:30:03.842266+00:00,2024-04-11T12:30:04.421336+00:00,18165.0,18142.0,LONG,False,False,False,False,False,NO_LOG_FILLS
,2024-04-11T12:31:45.330036+00:00,2024-04-11T12:32:54.304019+00:00,18200.0,18215.5,SHORT,False,False,False,False,False,NO_LOG_FILLS
,2024-04-11T12:48:45.986487+00:00,2024-04-11T12:50:05.344368+00:00,18240.75,18249.75,LONG,False,False,False,False,False,NO_LOG_FILLS
,2024-04-11T12:48:45.986487+00:00,2024-04-11T12:55:36.660135+00:00,18240.75,18258.5,LONG,False,False,False,False,False,NO_LOG_FILLS
,2024-04-11T12:48:45.986487+00:00,2024-04-11T12:56:07.185261+00:00,18240.75,18251.0,LONG,False,False,False,False,False,NO_LOG_FILLS
,2024-04-11T12:56:56.550847+00:00,2024-04-11T12:57:40.713226+00:00,18246.0,18237.0,SHORT,False,False,False,False,False,NO_LOG_FILLS
,2024-04-11T12:56:56.550847+00:00,2024-04-11T13:06:24.485472+00:00,18246.0,18263.25,SHORT,False,False,False,False,False,NO_LOG_FILLS
,2024-04-11T13:29:29.264861+00:00,2024-04-11T13:29:59.992124+00:00,18266.75,18260.75,LONG,False,False,False,False,False,NO_LOG_FILLS
,2024-04-11T13:30:49.250434+00:00,2024-04-11T13:31:15.289476+00:00,18265.75,18253.0,LONG,False,False,False,False,False,NO_LOG_FILLS
,2024-04-11T13:43:45.834368+00:00,2024-04-11T13:44:22.257836+00:00,18246.25,18236.5,SHORT,False,False,False,False,False,NO_LOG_FILLS
,2024-04-11T13:43:45.834368+00:00,2024-04-11T13:45:54.135552+00:00,18246.25,18259.5,SHORT,False,False,False,False,False,NO_LOG_FILLS
,2024-04-11T13:58:28.391721+00:00,2024-04-11T13:58:28.966040+00:00,18263.0,18262.25,LONG,False,False,False,False,False,NO_LOG_FILLS
,2024-04-11T13:58:30.369515+00:00,2024-04-11T13:59:00.223710+00:00,18264.25,18273.0,LONG,False,False,False,False,False,NO_LOG_FILLS
,2024-04-11T13:58:30.369515+00:00,2024-04-11T13:59:46.106355+00:00,18264.25,18258.25,LONG,False,False,False,False,False,NO_LOG_FILLS
,2024-04-11T14:08:01.421056+00:00,2024-04-11T14:08:18.336117+00:00,18229.5,18237.5,LONG,False,False,False,False,False,NO_LOG_FILLS
,2024-04-11T14:08:01.421056+00:00,2024-04-11T14:11:06.460066+00:00,18229.5,18217.5,LONG,False,False,False,False,False,NO_LOG_FILLS
,2024-04-11T14:13:18.363279+00:00,2024-04-11T14:15:06.476394+00:00,18217.25,18203.75,LONG,False,False,False,False,False,NO_LOG_FILLS
,2024-04-11T14:15:08.446015+00:00,2024-04-11T14:15:10.472453+00:00,18200.0,18206.0,SHORT,False,False,False,False,False,NO_LOG_FILLS
,2024-04-11T14:16:25.426635+00:00,2024-04-11T14:17:54.008236+00:00,18178.0,18185.5,LONG,False,False,False,False,False,NO_LOG_FILLS
,2024-04-11T14:16:25.426635+00:00,2024-04-11T14:18:30.857263+00:00,18178.0,18193.0,LONG,False,False,False,False,False,NO_LOG_FILLS
,2024-04-11T14:16:25.426635+00:00,2024-04-11T14:19:05.864138+00:00,18178.0,18187.5,LONG,False,False,False,False,False,NO_LOG_FILLS
,2024-04-11T14:32:21.010750+00:00,2024-04-11T14:32:47.487164+00:00,18234.75,18226.75,SHORT,False,False,False,False,False,NO_LOG_FILLS
,2024-04-11T14:32:21.010750+00:00,2024-04-11T14:32:50.207091+00:00,18234.75,18218.75,SHORT,False,False,False,False,False,NO_LOG_FILLS
,2024-04-11T14:32:21.010750+00:00,2024-04-11T14:33:29.435904+00:00,18234.75,18222.75,SHORT,False,False,False,False,False,NO_LOG_FILLS
,2024-04-11T14:33:30.058785+00:00,2024-04-11T14:34:45.842456+00:00,18224.25,18214.25,LONG,False,False,False,False,False,NO_LOG_FILLS
,2024-04-11T14:49:55.627050+00:00,2024-04-11T14:52:31.029174+00:00,18251.75,18244.25,SHORT,False,False,False,False,False,NO_LOG_FILLS
,2024-04-11T14:49:55.627050+00:00,2024-04-11T14:59:32.843344+00:00,18251.75,18237.0,SHORT,False,False,False,False,False,NO_LOG_FILLS
,2024-04-11T14:49:55.627050+00:00,2024-04-11T15:00:24.804759+00:00,18251.75,18242.25,SHORT,False,False,False,False,False,NO_LOG_FILLS
,2024-04-11T15:00:50.183004+00:00,2024-04-11T15:02:15.413370+00:00,18246.5,18253.75,LONG,False,False,False,False,False,NO_LOG_FILLS
,2024-04-11T15:00:50.183004+00:00,2024-04-11T15:02:53.206590+00:00,18246.5,18261.25,LONG,False,False,False,False,False,NO_LOG_FILLS
,2024-04-11T15:00:50.183004+00:00,2024-04-11T15:04:15.437667+00:00,18246.5,18262.0,LONG,False,False,False,False,False,NO_LOG_FILLS
,2024-04-11T15:04:15.813873+00:00,2024-04-11T15:04:30.918963+00:00,18261.0,18271.25,SHORT,False,False,False,False,False,NO_LOG_FILLS
,2024-04-11T15:04:43.695067+00:00,2024-04-11T15:05:07.950486+00:00,18268.0,18261.0,SHORT,False,False,False,False,False,NO_LOG_FILLS
,2024-04-11T15:04:43.695067+00:00,2024-04-11T15:07:01.720569+00:00,18268.0,18254.25,SHORT,False,False,False,False,False,NO_LOG_FILLS
,2024-04-11T15:04:43.695067+00:00,2024-04-11T15:08:22.671816+00:00,18268.0,18243.0,SHORT,False,False,False,False,False,NO_LOG_FILLS
,2024-04-11T15:14:01.348682+00:00,2024-04-11T15:15:04.564356+00:00,18252.0,18256.25,SHORT,False,False,False,False,False,NO_LOG_FILLS
,2024-04-11T15:15:05.354356+00:00,2024-04-11T15:15:05.847896+00:00,18255.75,18256.75,SHORT,False,False,False,False,False,NO_LOG_FILLS
,2024-04-11T15:16:13.853657+00:00,2024-04-11T15:16:22.363317+00:00,18274.25,18267.5,SHORT,False,False,False,False,False,NO_LOG_FILLS
,2024-04-11T15:16:13.853657+00:00,2024-04-11T15:17:06.059040+00:00,18274.25,18260.75,SHORT,False,False,False,False,False,NO_LOG_FILLS
,2024-04-11T15:16:13.853657+00:00,2024-04-11T15:20:05.842607+00:00,18274.25,18260.75,SHORT,False,False,False,False,False,NO_LOG_FILLS
,2024-04-11T15:42:58.392832+00:00,2024-04-11T15:43:09.646804+00:00,18281.25,18274.5,SHORT,False,False,False,False,False,NO_LOG_FILLS
,2024-04-11T15:42:58.392832+00:00,2024-04-11T15:44:22.840912+00:00,18281.25,18267.5,SHORT,False,False,False,False,False,NO_LOG_FILLS
,2024-04-11T15:42:58.392832+00:00,2024-04-11T15:45:27.773620+00:00,18281.25,18261.25,SHORT,False,False,False,False,False,NO_LOG_FILLS
,2024-04-11T15:59:52.143698+00:00,2024-04-11T16:00:44.221192+00:00,18314.0,18322.75,SHORT,False,False,False,False,False,NO_LOG_FILLS
,2024-04-11T16:01:54.548485+00:00,2024-04-11T16:02:27.981908+00:00,18316.0,18310.75,SHORT,False,False,False,False,False,NO_LOG_FILLS
,2024-04-11T16:01:54.548485+00:00,2024-04-11T16:03:30.718291+00:00,18316.0,18305.25,SHORT,False,False,False,False,False,NO_LOG_FILLS
,2024-04-11T16:01:54.548485+00:00,2024-04-11T16:04:29.523091+00:00,18316.0,18312.5,SHORT,False,False,False,False,False,NO_LOG_FILLS
,2024-04-11T16:19:40.707621+00:00,2024-04-11T16:23:26.844663+00:00,18312.0,18317.75,LONG,False,False,False,False,False,NO_LOG_FILLS
,2024-04-11T16:19:40.707621+00:00,2024-04-11T16:28:04.367175+00:00,18312.0,18298.0,LONG,False,False,False,False,False,NO_LOG_FILLS
,2024-04-11T16:31:14.717610+00:00,2024-04-11T16:42:59.468323+00:00,18305.25,18311.25,LONG,False,False,False,False,False,NO_LOG_FILLS
,2024-04-11T16:31:14.717610+00:00,2024-04-11T16:49:07.929645+00:00,18305.25,18317.25,LONG,False,False,False,False,False,NO_LOG_FILLS
,2024-04-11T16:31:14.717610+00:00,2024-04-11T16:51:06.924401+00:00,18305.25,18315.75,LONG,False,False,False,False,False,NO_LOG_FILLS
,2024-04-11T17:06:48.883880+00:00,2024-04-11T17:07:03.644923+00:00,18368.5,18372.5,SHORT,False,False,False,False,False,NO_LOG_FILLS
,2024-04-11T17:19:07.905576+00:00,2024-04-11T17:19:33.337935+00:00,18398.5,18404.25,LONG,False,False,False,False,False,NO_LOG_FILLS
,2024-04-11T17:19:07.905576+00:00,2024-04-11T17:19:36.786663+00:00,18398.5,18410.25,LONG,False,False,False,False,False,NO_LOG_FILLS
,2024-04-11T17:19:07.905576+00:00,2024-04-11T17:19:45.482554+00:00,18398.5,18405.0,LONG,False,False,False,False,False,NO_LOG_FILLS
,2024-04-11T17:19:45.952331+00:00,2024-04-11T17:19:57.392125+00:00,18406.0,18412.5,SHORT,False,False,False,False,False,NO_LOG_FILLS
,2024-04-11T17:21:12.933147+00:00,2024-04-11T17:22:12.132635+00:00,18415.0,18409.75,SHORT,False,False,False,False,False,NO_LOG_FILLS
,2024-04-11T17:21:12.933147+00:00,2024-04-11T17:22:43.628909+00:00,18415.0,18404.75,SHORT,False,False,False,False,False,NO_LOG_FILLS
,2024-04-11T17:21:12.933147+00:00,2024-04-11T17:23:25.194885+00:00,18415.0,18402.5,SHORT,False,False,False,False,False,NO_LOG_FILLS
,2024-04-11T17:45:14.340852+00:00,2024-04-11T17:45:39.819104+00:00,18425.5,18435.0,SHORT,False,False,False,False,False,NO_LOG_FILLS
,2024-04-11T17:53:18.944657+00:00,2024-04-11T17:53:20.704249+00:00,18437.75,18444.0,LONG,False,False,False,False,False,NO_LOG_FILLS
,2024-04-11T17:53:18.944657+00:00,2024-04-11T18:02:27.707547+00:00,18437.75,18455.75,LONG,False,False,False,False,False,NO_LOG_FILLS
,2024-04-11T17:53:18.944657+00:00,2024-04-11T18:03:41.745613+00:00,18437.75,18447.0,LONG,False,False,False,False,False,NO_LOG_FILLS
,2024-04-11T18:03:42.153418+00:00,2024-04-11T18:03:55.630967+00:00,18447.75,18444.0,SHORT,False,False,False,False,False,NO_LOG_FILLS
,2024-04-11T18:41:19.816102+00:00,2024-04-11T18:45:37.665525+00:00,18503.25,18498.0,SHORT,False,False,False,False,False,NO_LOG_FILLS
,2024-04-11T18:41:19.816102+00:00,2024-04-11T18:48:30.717961+00:00,18503.25,18492.75,SHORT,False,False,False,False,False,NO_LOG_FILLS
,2024-04-11T18:41:19.816102+00:00,2024-04-11T18:50:07.859373+00:00,18503.25,18496.25,SHORT,False,False,False,False,False,NO_LOG_FILLS
,2024-04-11T19:42:30.416202+00:00,2024-04-11T19:45:39.652563+00:00,18509.0,18516.75,SHORT,False,False,False,False,False,NO_LOG_FILLS
,2024-04-11T19:45:40.347384+00:00,2024-04-11T19:46:08.700850+00:00,18517.25,18511.0,SHORT,False,False,False,False,False,NO_LOG_FILLS
,2024-04-11T19:45:40.347384+00:00,2024-04-11T19:49:58.722949+00:00,18517.25,18504.75,SHORT,False,False,False,False,False,NO_LOG_FILLS
,2024-04-11T19:45:40.347384+00:00,2024-04-11T19:50:07.474954+00:00,18517.25,18505.0,SHORT,False,False,False,False,False,NO_LOG_FILLS
,2024-04-11T22:20:35.180938+00:00,2024-04-11T23:48:07.946988+00:00,18500.5,18477.0,LONG,False,False,False,False,False,NO_LOG_FILLS
,2024-04-12T04:04:38.360376+00:00,2024-04-12T05:35:09.739894+00:00,18487.5,18490.0,SHORT,False,False,False,False,False,NO_LOG_FILLS
,2024-04-12T06:22:04.707735+00:00,2024-04-12T06:30:16.189948+00:00,18490.0,18503.0,SHORT,False,False,False,False,False,NO_LOG_FILLS
,2024-04-12T08:18:59.131127+00:00,2024-04-12T08:47:10.212688+00:00,18474.25,18457.25,LONG,False,False,False,False,False,NO_LOG_FILLS
,2024-04-12T08:51:32.269949+00:00,2024-04-12T08:57:58.024234+00:00,18460.75,18451.0,SHORT,False,False,False,False,False,NO_LOG_FILLS
,2024-04-12T08:51:32.269949+00:00,2024-04-12T09:00:15.868551+00:00,18460.75,18441.0,SHORT,False,False,False,False,False,NO_LOG_FILLS
,2024-04-12T08:51:32.269949+00:00,2024-04-12T09:01:33.652115+00:00,18460.75,18443.0,SHORT,False,False,False,False,False,NO_LOG_FILLS
,2024-04-12T09:39:24.417758+00:00,2024-04-12T09:45:17.967347+00:00,18433.0,18415.5,LONG,False,False,False,False,False,NO_LOG_FILLS
,2024-04-12T10:05:05.667152+00:00,2024-04-12T10:19:20.441389+00:00,18415.75,18423.75,LONG,False,False,False,False,False,NO_LOG_FILLS
,2024-04-12T10:05:05.667152+00:00,2024-04-12T10:45:20.858206+00:00,18415.75,18406.0,LONG,False,False,False,False,False,NO_LOG_FILLS
,2024-04-12T10:51:44.304795+00:00,2024-04-12T10:52:07.395515+00:00,18377.0,18366.25,LONG,False,False,False,False,False,NO_LOG_FILLS
,2024-04-12T10:53:09.841800+00:00,2024-04-12T10:57:04.307449+00:00,18375.0,18383.5,LONG,False,False,False,False,False,NO_LOG_FILLS
,2024-04-12T10:53:09.841800+00:00,2024-04-12T11:03:03.508339+00:00,18375.0,18391.75,LONG,False,False,False,False,False,NO_LOG_FILLS
,2024-04-12T10:53:09.841800+00:00,2024-04-12T11:07:53.428181+00:00,18375.0,18382.75,LONG,False,False,False,False,False,NO_LOG_FILLS
,2024-04-12T11:44:03.061383+00:00,2024-04-12T11:45:00.254533+00:00,18400.0,18403.25,SHORT,False,False,False,False,False,NO_LOG_FILLS
,2024-04-12T11:53:37.508089+00:00,2024-04-12T12:14:17.557631+00:00,18414.25,18404.75,SHORT,False,False,False,False,False,NO_LOG_FILLS
,2024-04-12T11:53:37.508089+00:00,2024-04-12T12:22:27.681079+00:00,18414.25,18395.25,SHORT,False,False,False,False,False,NO_LOG_FILLS
,2024-04-12T11:53:37.508089+00:00,2024-04-12T12:26:08.547957+00:00,18414.25,18398.25,SHORT,False,False,False,False,False,NO_LOG_FILLS
,2024-04-12T12:36:32.105160+00:00,2024-04-12T12:37:25.479751+00:00,18383.0,18373.5,SHORT,False,False,False,False,False,NO_LOG_FILLS
,2024-04-12T12:36:32.105160+00:00,2024-04-12T12:39:48.074689+00:00,18383.0,18363.75,SHORT,False,False,False,False,False,NO_LOG_FILLS
,2024-04-12T12:36:32.105160+00:00,2024-04-12T12:45:04.407925+00:00,18383.0,18327.0,SHORT,False,False,False,False,False,NO_LOG_FILLS
,2024-04-12T12:57:13.065700+00:00,2024-04-12T12:58:40.426156+00:00,18326.75,18318.0,SHORT,False,False,False,False,False,NO_LOG_FILLS
,2024-04-12T12:57:13.065700+00:00,2024-04-12T13:00:09.378960+00:00,18326.75,18309.0,SHORT,False,False,False,False,False,NO_LOG_FILLS
,2024-04-12T12:57:13.065700+00:00,2024-04-12T13:01:30.706686+00:00,18326.75,18291.0,SHORT,False,False,False,False,False,NO_LOG_FILLS
,2024-04-12T13:11:13.500590+00:00,2024-04-12T13:14:02.879228+00:00,18295.25,18307.0,SHORT,False,False,False,False,False,NO_LOG_FILLS
,2024-04-12T13:20:39.341564+00:00,2024-04-12T13:21:11.972946+00:00,18304.0,18295.75,SHORT,False,False,False,False,False,NO_LOG_FILLS
,2024-04-12T13:20:39.341564+00:00,2024-04-12T13:24:44.497723+00:00,18304.0,18287.75,SHORT,False,False,False,False,False,NO_LOG_FILLS
,2024-04-12T13:20:39.341564+00:00,2024-04-12T13:25:21.454961+00:00,18304.0,18296.0,SHORT,False,False,False,False,False,NO_LOG_FILLS
,2024-04-12T13:36:35.892999+00:00,2024-04-12T13:37:22.194466+00:00,18314.5,18302.0,LONG,False,False,False,False,False,NO_LOG_FILLS
,2024-04-12T13:47:55.168350+00:00,2024-04-12T13:48:35.642219+00:00,18323.25,18332.5,SHORT,False,False,False,False,False,NO_LOG_FILLS
,2024-04-12T13:48:37.961193+00:00,2024-04-12T13:49:05.021903+00:00,18328.25,18320.25,SHORT,False,False,False,False,False,NO_LOG_FILLS
,2024-04-12T13:48:37.961193+00:00,2024-04-12T13:49:54.631533+00:00,18328.25,18312.25,SHORT,False,False,False,False,False,NO_LOG_FILLS
,2024-04-12T13:48:37.961193+00:00,2024-04-12T13:50:23.105838+00:00,18328.25,18320.0,SHORT,False,False,False,False,False,NO_LOG_FILLS
,2024-04-12T13:51:59.559035+00:00,2024-04-12T13:52:27.565641+00:00,18331.0,18322.0,LONG,False,False,False,False,False,NO_LOG_FILLS
,2024-04-12T14:04:01.484667+00:00,2024-04-12T14:04:45.101334+00:00,18295.25,18304.0,LONG,False,False,False,False,False,NO_LOG_FILLS
,2024-04-12T14:04:01.484667+00:00,2024-04-12T14:06:57.915145+00:00,18295.25,18288.5,LONG,False,False,False,False,False,NO_LOG_FILLS
,2024-04-12T14:15:42.478395+00:00,2024-04-12T14:15:50.800675+00:00,18274.75,18271.25,LONG,False,False,False,False,False,NO_LOG_FILLS
,2024-04-12T14:16:32.607294+00:00,2024-04-12T14:16:49.239066+00:00,18269.75,18277.5,LONG,False,False,False,False,False,NO_LOG_FILLS
,2024-04-12T14:16:32.607294+00:00,2024-04-12T14:17:31.154439+00:00,18269.75,18285.25,LONG,False,False,False,False,False,NO_LOG_FILLS
,2024-04-12T14:16:32.607294+00:00,2024-04-12T14:17:52.691996+00:00,18269.75,18280.25,LONG,False,False,False,False,False,NO_LOG_FILLS
,2024-04-12T14:21:53.960577+00:00,2024-04-12T14:22:16.683127+00:00,18294.25,18308.0,SHORT,False,False,False,False,False,NO_LOG_FILLS
,2024-04-12T14:35:16.643400+00:00,2024-04-12T14:35:17.171902+00:00,18265.75,18265.0,LONG,False,False,False,False,False,NO_LOG_FILLS
,2024-04-12T14:48:35.767500+00:00,2024-04-12T14:50:01.220878+00:00,18220.5,18214.5,LONG,False,False,False,False,False,NO_LOG_FILLS
,2024-04-12T15:00:05.647364+00:00,2024-04-12T15:00:14.085675+00:00,18203.25,18209.0,LONG,False,False,False,False,False,NO_LOG_FILLS
,2024-04-12T15:00:05.647364+00:00,2024-04-12T15:00:16.903319+00:00,18203.25,18214.75,LONG,False,False,False,False,False,NO_LOG_FILLS
,2024-04-12T15:00:05.647364+00:00,2024-04-12T15:00:35.034860+00:00,18203.25,18213.0,LONG,False,False,False,False,False,NO_LOG_FILLS
,2024-04-12T15:22:45.524965+00:00,2024-04-12T15:23:02.291584+00:00,18240.75,18234.25,SHORT,False,False,False,False,False,NO_LOG_FILLS
,2024-04-12T15:22:45.524965+00:00,2024-04-12T15:27:56.410994+00:00,18240.75,18252.0,SHORT,False,False,False,False,False,NO_LOG_FILLS
,2024-04-12T15:50:14.363480+00:00,2024-04-12T15:50:19.943424+00:00,18281.0,18274.5,SHORT,False,False,False,False,False,NO_LOG_FILLS
,2024-04-12T15:50:14.363480+00:00,2024-04-12T15:50:56.435932+00:00,18281.0,18267.75,SHORT,False,False,False,False,False,NO_LOG_FILLS
,2024-04-12T15:50:14.363480+00:00,2024-04-12T15:51:39.956526+00:00,18281.0,18273.75,SHORT,False,False,False,False,False,NO_LOG_FILLS
,2024-04-12T15:58:18.472601+00:00,2024-04-12T16:01:05.320368+00:00,18266.25,18252.75,LONG,False,False,False,False,False,NO_LOG_FILLS
,2024-04-12T16:03:23.375329+00:00,2024-04-12T16:03:33.781247+00:00,18249.25,18256.0,LONG,False,False,False,False,False,NO_LOG_FILLS
,2024-04-12T16:03:23.375329+00:00,2024-04-12T16:06:16.196320+00:00,18249.25,18262.75,LONG,False,False,False,False,False,NO_LOG_FILLS
,2024-04-12T16:03:23.375329+00:00,2024-04-12T16:06:59.640499+00:00,18249.25,18261.5,LONG,False,False,False,False,False,NO_LOG_FILLS
,2024-04-12T16:30:35.412162+00:00,2024-04-12T16:31:06.964846+00:00,18209.0,18200.0,LONG,False,False,False,False,False,NO_LOG_FILLS
,2024-04-12T16:39:52.497216+00:00,2024-04-12T16:40:02.083160+00:00,18169.5,18176.0,LONG,False,False,False,False,False,NO_LOG_FILLS
,2024-04-12T16:39:52.497216+00:00,2024-04-12T16:42:03.937815+00:00,18169.5,18159.5,LONG,False,False,False,False,False,NO_LOG_FILLS
,2024-04-12T16:44:11.101713+00:00,2024-04-12T16:46:59.916481+00:00,18157.5,18150.75,SHORT,False,False,False,False,False,NO_LOG_FILLS
,2024-04-12T16:44:11.101713+00:00,2024-04-12T16:51:42.124936+00:00,18157.5,18171.25,SHORT,False,False,False,False,False,NO_LOG_FILLS
,2024-04-12T16:53:33.068684+00:00,2024-04-12T16:55:59.337912+00:00,18160.0,18167.75,SHORT,False,False,False,False,False,NO_LOG_FILLS
,2024-04-12T17:09:58.507757+00:00,2024-04-12T17:10:05.346771+00:00,18155.25,18162.25,LONG,False,False,False,False,False,NO_LOG_FILLS
,2024-04-12T17:09:58.507757+00:00,2024-04-12T17:10:08.506895+00:00,18155.25,18169.25,LONG,False,False,False,False,False,NO_LOG_FILLS
,2024-04-12T17:09:58.507757+00:00,2024-04-12T17:10:15.379097+00:00,18155.25,18165.25,LONG,False,False,False,False,False,NO_LOG_FILLS
,2024-04-12T17:36:21.100659+00:00,2024-04-12T17:39:15.881024+00:00,18126.25,18137.5,SHORT,False,False,False,False,False,NO_LOG_FILLS
,2024-04-12T17:44:34.696368+00:00,2024-04-12T17:46:39.002475+00:00,18156.25,18168.5,SHORT,False,False,False,False,False,NO_LOG_FILLS
,2024-04-12T17:49:51.260795+00:00,2024-04-12T17:50:48.401955+00:00,18178.25,18191.75,SHORT,False,False,False,False,False,NO_LOG_FILLS
,2024-04-12T18:09:12.964375+00:00,2024-04-12T18:09:26.536167+00:00,18177.75,18170.5,SHORT,False,False,False,False,False,NO_LOG_FILLS
,2024-04-12T18:09:12.964375+00:00,2024-04-12T18:11:23.491472+00:00,18177.75,18186.75,SHORT,False,False,False,False,False,NO_LOG_FILLS
,2024-04-12T18:12:44.445017+00:00,2024-04-12T18:12:57.796847+00:00,18176.75,18169.25,SHORT,False,False,False,False,False,NO_LOG_FILLS
,2024-04-12T18:12:44.445017+00:00,2024-04-12T18:17:11.935761+00:00,18176.75,18187.25,SHORT,False,False,False,False,False,NO_LOG_FILLS
,2024-04-12T18:42:18.098691+00:00,2024-04-12T18:42:32.330972+00:00,18149.75,18158.5,LONG,False,False,False,False,False,NO_LOG_FILLS
,2024-04-12T18:42:18.098691+00:00,2024-04-12T18:45:48.910918+00:00,18149.75,18146.75,LONG,False,False,False,False,False,NO_LOG_FILLS
,2024-04-12T19:11:29.778945+00:00,2024-04-12T19:13:21.556627+00:00,18145.25,18132.5,LONG,False,False,False,False,False,NO_LOG_FILLS
,2024-04-12T19:34:59.938008+00:00,2024-04-12T19:38:07.779123+00:00,18153.5,18146.0,SHORT,False,False,False,False,False,NO_LOG_FILLS
,2024-04-12T19:34:59.938008+00:00,2024-04-12T19:38:51.525358+00:00,18153.5,18138.5,SHORT,False,False,False,False,False,NO_LOG_FILLS
,2024-04-12T19:34:59.938008+00:00,2024-04-12T19:40:05.882620+00:00,18153.5,18143.25,SHORT,False,False,False,False,False,NO_LOG_FILLS
,2024-04-12T19:47:00.655925+00:00,2024-04-12T19:47:13.461832+00:00,18188.75,18181.75,SHORT,False,False,False,False,False,NO_LOG_FILLS
,2024-04-12T19:47:00.655925+00:00,2024-04-12T19:49:58.438169+00:00,18188.75,18190.75,SHORT,False,False,False,False,False,NO_LOG_FILLS
,2024-04-12T19:54:30.931790+00:00,2024-04-12T19:55:07.457275+00:00,18169.5,18176.5,LONG,False,False,False,False,False,NO_LOG_FILLS
,2024-04-12T19:54:30.931790+00:00,2024-04-12T20:00:10.289326+00:00,18169.5,18183.75,LONG,False,False,False,False,False,NO_LOG_FILLS
,2024-04-12T19:54:30.931790+00:00,2024-04-12T20:01:01.640990+00:00,18169.5,18187.0,LONG,False,False,False,False,False,NO_LOG_FILLS
,2024-04-14T22:05:03.751256+00:00,2024-04-14T22:06:09.259264+00:00,18180.75,18172.0,SHORT,False,False,False,False,False,NO_LOG_FILLS
,2024-04-14T22:05:03.751256+00:00,2024-04-14T22:30:26.301456+00:00,18180.75,18216.5,SHORT,False,False,False,False,False,NO_LOG_FILLS
,2024-04-15T01:30:19.243200+00:00,2024-04-15T02:02:47.870146+00:00,18214.75,18228.25,LONG,False,False,False,False,False,NO_LOG_FILLS
,2024-04-15T01:30:19.243200+00:00,2024-04-15T03:37:02.090680+00:00,18214.75,18242.75,LONG,False,False,False,False,False,NO_LOG_FILLS
,2024-04-15T01:30:19.243200+00:00,2024-04-15T03:45:05.898440+00:00,18214.75,18236.75,LONG,False,False,False,False,False,NO_LOG_FILLS
,2024-04-15T06:59:57.031179+00:00,2024-04-15T07:01:05.254844+00:00,18260.0,18276.0,SHORT,False,False,False,False,False,NO_LOG_FILLS
,2024-04-15T08:59:05.170911+00:00,2024-04-15T09:02:19.793310+00:00,18273.25,18288.0,SHORT,False,False,False,False,False,NO_LOG_FILLS
,2024-04-15T09:20:55.747450+00:00,2024-04-15T09:34:29.372247+00:00,18271.75,18259.25,SHORT,False,False,False,False,False,NO_LOG_FILLS
,2024-04-15T09:20:55.747450+00:00,2024-04-15T11:27:57.987362+00:00,18271.75,18295.75,SHORT,False,False,False,False,False,NO_LOG_FILLS
,2024-04-15T11:54:58.031109+00:00,2024-04-15T12:17:10.026679+00:00,18285.0,18297.75,SHORT,False,False,False,False,False,NO_LOG_FILLS
,2024-04-15T12:42:19.880372+00:00,2024-04-15T12:50:13.046351+00:00,18336.0,18319.0,LONG,False,False,False,False,False,NO_LOG_FILLS
,2024-04-15T12:42:20.998621+00:00,2024-04-15T13:09:35.462288+00:00,18336.0,18331.75,LONG,False,False,False,False,False,NO_LOG_FILLS
,2024-04-15T13:09:36.547149+00:00,2024-04-15T13:14:15.987581+00:00,18331.75,18344.75,SHORT,False,False,False,False,False,NO_LOG_FILLS
,2024-04-15T13:17:02.071419+00:00,2024-04-15T13:24:59.487783+00:00,18343.75,18334.0,SHORT,False,False,False,False,False,NO_LOG_FILLS
,2024-04-15T13:17:02.071419+00:00,2024-04-15T13:30:05.311518+00:00,18343.75,18324.0,SHORT,False,False,False,False,False,NO_LOG_FILLS
,2024-04-15T13:17:02.071419+00:00,2024-04-15T13:30:42.829521+00:00,18343.75,18306.75,SHORT,False,False,False,False,False,NO_LOG_FILLS
,2024-04-15T13:17:03.149657+00:00,2024-04-15T13:30:54.384812+00:00,18343.75,18310.0,SHORT,False,False,False,False,False,NO_LOG_FILLS
,2024-04-15T13:30:55.505138+00:00,2024-04-15T13:31:46.582020+00:00,18310.0,18298.75,LONG,False,False,False,False,False,NO_LOG_FILLS
,2024-04-15T13:31:47.125849+00:00,2024-04-15T13:31:47.654800+00:00,18300.0,18300.0,LONG,False,False,False,False,False,NO_LOG_FILLS
,2024-04-15T13:31:48.135262+00:00,2024-04-15T13:41:47.516420+00:00,18300.0,18302.5,LONG,False,False,False,False,False,NO_LOG_FILLS
,2024-04-15T13:41:48.605769+00:00,2024-04-15T13:45:13.615609+00:00,18302.5,18313.75,SHORT,False,False,False,False,False,NO_LOG_FILLS
,2024-04-15T13:45:13.868830+00:00,2024-04-15T13:45:14.368823+00:00,18314.25,18314.75,SHORT,False,False,False,False,False,NO_LOG_FILLS
,2024-04-15T13:45:15.039797+00:00,2024-04-15T13:57:07.411510+00:00,18314.25,18307.75,SHORT,False,False,False,False,False,NO_LOG_FILLS
,2024-04-15T13:45:15.039797+00:00,2024-04-15T13:58:02.115308+00:00,18314.25,18300.0,SHORT,False,False,False,False,False,NO_LOG_FILLS
,2024-04-15T13:45:15.039797+00:00,2024-04-15T13:58:31.488703+00:00,18314.25,18301.25,SHORT,False,False,False,False,False,NO_LOG_FILLS
,2024-04-15T13:55:31.801025+00:00,2024-04-15T13:58:31.866197+00:00,18315.5,18301.25,SHORT,False,False,False,False,False,NO_LOG_FILLS
,2024-04-15T13:55:32.834808+00:00,2024-04-15T13:58:32.939410+00:00,18315.5,18301.25,SHORT,False,False,False,False,False,NO_LOG_FILLS
,2024-04-15T14:00:31.478551+00:00,2024-04-15T14:12:02.580550+00:00,18309.25,18200.25,SHORT,False,False,False,False,False,NO_LOG_FILLS
,2024-04-15T14:00:48.078463+00:00,2024-04-15T14:12:02.580550+00:00,18317.0,18200.25,SHORT,False,False,False,False,False,NO_LOG_FILLS
,2024-04-15T14:02:01.373806+00:00,2024-04-15T14:12:02.580550+00:00,18317.25,18200.25,SHORT,False,False,False,False,False,NO_LOG_FILLS
,2024-04-15T14:12:03.651251+00:00,2024-04-15T14:12:20.958673+00:00,18200.25,18208.25,LONG,False,False,False,False,False,NO_LOG_FILLS
,2024-04-15T14:12:03.651251+00:00,2024-04-15T14:12:26.896389+00:00,18200.25,18216.25,LONG,False,False,False,False,False,NO_LOG_FILLS
,2024-04-15T14:12:03.651251+00:00,2024-04-15T14:14:22.200251+00:00,18200.25,18223.0,LONG,False,False,False,False,False,NO_LOG_FILLS
,2024-04-15T14:36:38.521785+00:00,2024-04-15T14:36:55.741983+00:00,18236.0,18229.0,LONG,False,False,False,False,False,NO_LOG_FILLS
,2024-04-15T14:36:39.662720+00:00,2024-04-15T14:51:56.340367+00:00,18236.0,18198.0,LONG,False,False,False,False,False,NO_LOG_FILLS
,2024-04-15T14:51:57.588154+00:00,2024-04-15T14:53:38.951575+00:00,18198.0,18189.5,SHORT,False,False,False,False,False,NO_LOG_FILLS
,2024-04-15T14:51:57.588154+00:00,2024-04-15T14:53:47.078781+00:00,18198.0,18180.75,SHORT,False,False,False,False,False,NO_LOG_FILLS
,2024-04-15T14:51:57.588154+00:00,2024-04-15T14:54:25.521097+00:00,18198.0,18187.0,SHORT,False,False,False,False,False,NO_LOG_FILLS
,2024-04-15T15:19:35.747979+00:00,2024-04-15T15:22:57.822045+00:00,18173.0,18162.5,LONG,False,False,False,False,False,NO_LOG_FILLS
,2024-04-15T15:19:36.966725+00:00,2024-04-15T15:23:01.700662+00:00,18173.0,18160.25,LONG,False,False,False,False,False,NO_LOG_FILLS
,2024-04-15T15:23:03.030941+00:00,2024-04-15T15:23:06.572773+00:00,18160.25,18164.5,SHORT,False,False,False,False,False,NO_LOG_FILLS
,2024-04-15T15:31:52.489104+00:00,2024-04-15T15:32:29.443488+00:00,18192.5,18202.5,SHORT,False,False,False,False,False,NO_LOG_FILLS
,2024-04-15T15:31:53.793164+00:00,2024-04-15T15:35:43.514563+00:00,18192.5,18210.5,SHORT,False,False,False,False,False,NO_LOG_FILLS
,2024-04-15T15:35:22.748355+00:00,2024-04-15T15:41:32.350699+00:00,18203.25,18200.75,SHORT,False,False,False,False,False,NO_LOG_FILLS
,2024-04-15T15:35:22.748355+00:00,2024-04-15T15:42:23.456328+00:00,18203.25,18192.25,SHORT,False,False,False,False,False,NO_LOG_FILLS
,2024-04-15T15:35:22.748355+00:00,2024-04-15T15:44:07.605037+00:00,18203.25,18192.75,SHORT,False,False,False,False,False,NO_LOG_FILLS
,2024-04-15T15:35:24.015339+00:00,2024-04-15T15:44:08.292732+00:00,18203.25,18192.25,SHORT,False,False,False,False,False,NO_LOG_FILLS
,2024-04-15T15:39:12.299285+00:00,2024-04-15T15:44:09.681330+00:00,18209.5,18192.25,SHORT,False,False,False,False,False,NO_LOG_FILLS
,2024-04-15T15:39:13.685272+00:00,2024-04-15T15:58:23.930828+00:00,18209.5,18211.25,SHORT,False,False,False,False,False,NO_LOG_FILLS
,2024-04-15T15:45:46.344061+00:00,2024-04-15T15:58:25.321243+00:00,18200.25,18211.25,SHORT,False,False,False,False,False,NO_LOG_FILLS
,2024-04-15T15:48:13.791784+00:00,2024-04-15T15:58:25.321243+00:00,18182.5,18211.25,SHORT,False,False,False,False,False,NO_LOG_FILLS
,2024-04-15T15:58:22.938394+00:00,2024-04-15T16:10:22.687786+00:00,18210.25,18225.25,SHORT,False,False,False,False,False,NO_LOG_FILLS
,2024-04-15T15:58:24.392491+00:00,2024-04-15T16:37:37.431129+00:00,18210.25,18102.0,SHORT,False,False,False,False,False,NO_LOG_FILLS
,2024-04-15T15:58:24.392491+00:00,2024-04-15T16:38:12.059251+00:00,18210.25,18095.25,SHORT,False,False,False,False,False,NO_LOG_FILLS
,2024-04-15T15:58:24.392491+00:00,2024-04-15T16:39:01.412200+00:00,18210.25,18096.0,SHORT,False,False,False,False,False,NO_LOG_FILLS
,2024-04-15T16:07:43.593387+00:00,2024-04-15T16:46:23.389106+00:00,18205.75,18084.25,SHORT,False,False,False,False,False,NO_LOG_FILLS
,2024-04-15T16:07:43.593387+00:00,2024-04-15T16:59:19.099917+00:00,18205.75,18110.0,SHORT,False,False,False,False,False,NO_LOG_FILLS
,2024-04-15T16:07:44.851189+00:00,2024-04-15T17:10:42.293694+00:00,18205.75,18107.0,SHORT,False,False,False,False,False,NO_LOG_FILLS
,2024-04-15T16:07:44.851189+00:00,2024-04-15T17:14:51.295029+00:00,18205.75,18098.75,SHORT,False,False,False,False,False,NO_LOG_FILLS
,2024-04-15T16:07:44.851189+00:00,2024-04-15T17:15:47.601441+00:00,18205.75,18100.0,SHORT,False,False,False,False,False,NO_LOG_FILLS
,2024-04-15T16:36:47.352775+00:00,2024-04-15T17:23:41.225513+00:00,18108.5,18010.25,SHORT,False,False,False,False,False,NO_LOG_FILLS
,2024-04-15T16:42:10.162261+00:00,2024-04-15T17:23:46.698186+00:00,18091.0,18024.5,SHORT,False,False,False,False,False,NO_LOG_FILLS
,2024-04-15T17:10:25.413644+00:00,2024-04-15T17:46:45.494643+00:00,18115.25,17903.75,SHORT,False,False,False,False,False,NO_LOG_FILLS
,2024-04-15T17:10:25.413644+00:00,2024-04-15T17:49:21.743079+00:00,18115.25,17894.0,SHORT,False,False,False,False,False,NO_LOG_FILLS
,2024-04-15T17:10:25.413644+00:00,2024-04-15T17:50:17.084957+00:00,18115.25,17899.25,SHORT,False,False,False,False,False,NO_LOG_FILLS
,2024-04-15T17:23:40.697691+00:00,2024-04-15T18:00:31.055547+00:00,18011.5,17914.25,SHORT,False,False,False,False,False,NO_LOG_FILLS
,2024-04-15T17:23:52.950098+00:00,2024-04-15T18:04:43.165980+00:00,18017.25,17908.0,SHORT,False,False,False,False,False,NO_LOG_FILLS
,2024-04-15T17:44:05.085074+00:00,2024-04-15T18:22:00.362395+00:00,17913.5,17882.25,SHORT,False,False,False,False,False,NO_LOG_FILLS
,2024-04-15T17:44:05.085074+00:00,2024-04-15T18:23:22.310159+00:00,17913.5,17873.0,SHORT,False,False,False,False,False,NO_LOG_FILLS
,2024-04-15T17:44:05.085074+00:00,2024-04-15T18:23:36.928281+00:00,17913.5,17880.75,SHORT,False,False,False,False,False,NO_LOG_FILLS
,2024-04-15T18:00:45.653597+00:00,2024-04-15T18:25:15.490615+00:00,17923.75,17892.0,SHORT,False,False,False,False,False,NO_LOG_FILLS
,2024-04-15T18:01:32.229991+00:00,2024-04-15T18:25:15.490615+00:00,17906.0,17892.0,SHORT,False,False,False,False,False,NO_LOG_FILLS
,2024-04-15T18:05:49.426551+00:00,2024-04-15T18:48:25.190847+00:00,17918.0,17905.75,SHORT,False,False,False,False,False,NO_LOG_FILLS
,2024-04-15T18:06:50.690487+00:00,2024-04-15T18:48:25.190847+00:00,17902.0,17905.75,SHORT,False,False,False,False,False,NO_LOG_FILLS
,2024-04-15T18:21:12.071764+00:00,2024-04-15T19:05:37.091425+00:00,17891.75,17871.25,SHORT,False,False,False,False,False,NO_LOG_FILLS
,2024-04-15T18:25:31.087508+00:00,2024-04-15T19:30:19.721040+00:00,17901.75,17868.5,SHORT,False,False,False,False,False,NO_LOG_FILLS
,2024-04-15T18:26:49.746206+00:00,2024-04-15T19:30:19.721040+00:00,17911.75,17868.5,SHORT,False,False,False,False,False,NO_LOG_FILLS
,2024-04-15T18:27:00.683330+00:00,2024-04-15T19:30:19.721040+00:00,17904.0,17868.5,SHORT,False,False,False,False,False,NO_LOG_FILLS
,2024-04-15T18:49:14.424187+00:00,2024-04-15T19:49:05.440778+00:00,17892.5,17888.0,SHORT,False,False,False,False,False,NO_LOG_FILLS
,2024-04-15T19:17:14.476151+00:00,2024-04-15T20:01:38.273068+00:00,17856.0,17866.75,SHORT,False,False,False,False,False,NO_LOG_FILLS
,2024-04-15T19:31:20.262885+00:00,2024-04-15T20:01:38.273068+00:00,17876.75,17866.75,SHORT,False,False,False,False,False,NO_LOG_FILLS
,2024-04-15T19:31:39.918267+00:00,2024-04-15T20:44:39.305538+00:00,17884.75,17850.0,SHORT,False,False,False,False,False,NO_LOG_FILLS
,2024-04-15T19:32:00.237368+00:00,2024-04-15T20:44:39.305538+00:00,17882.0,17850.0,SHORT,False,False,False,False,False,NO_LOG_FILLS
,2024-04-15T19:49:20.887218+00:00,2024-04-15T20:44:39.305538+00:00,17896.75,17850.0,SHORT,False,False,False,False,False,NO_LOG_FILLS
,2024-04-16T01:07:00.173658+00:00,2024-04-16T01:08:41.275474+00:00,17872.5,17865.25,SHORT,False,False,False,False,False,NO_LOG_FILLS
,2024-04-16T01:07:00.173658+00:00,2024-04-16T01:16:15.699017+00:00,17872.5,17858.0,SHORT,False,False,False,False,False,NO_LOG_FILLS
,2024-04-16T01:07:00.173658+00:00,2024-04-16T01:20:01.769608+00:00,17872.5,17866.5,SHORT,False,False,False,False,False,NO_LOG_FILLS
,2024-04-16T03:16:00.794140+00:00,2024-04-16T03:49:21.355101+00:00,17821.25,17841.0,SHORT,False,False,False,False,False,NO_LOG_FILLS
,2024-04-16T04:33:10.643061+00:00,2024-04-16T05:02:03.300080+00:00,17825.0,17847.75,SHORT,False,False,False,False,False,NO_LOG_FILLS
,2024-04-16T06:04:20.228781+00:00,2024-04-16T06:21:51.433715+00:00,17855.0,17841.5,SHORT,False,False,False,False,False,NO_LOG_FILLS
,2024-04-16T06:04:20.228781+00:00,2024-04-16T07:22:31.356777+00:00,17855.0,17874.5,SHORT,False,False,False,False,False,NO_LOG_FILLS
,2024-04-16T08:01:35.615630+00:00,2024-04-16T09:51:41.659969+00:00,17877.25,17841.5,LONG,False,False,False,False,False,NO_LOG_FILLS
,2024-04-16T09:54:42.498405+00:00,2024-04-16T10:07:50.422659+00:00,17838.5,17822.0,LONG,False,False,False,False,False,NO_LOG_FILLS
,2024-04-16T11:33:14.602368+00:00,2024-04-16T11:37:14.437954+00:00,17892.5,17906.75,LONG,False,False,False,False,False,NO_LOG_FILLS
,2024-04-16T11:33:14.602368+00:00,2024-04-16T12:07:44.991174+00:00,17892.5,17883.5,LONG,False,False,False,False,False,NO_LOG_FILLS
,2024-04-16T12:30:39.004780+00:00,2024-04-16T12:31:03.568840+00:00,17887.75,17900.25,LONG,False,False,False,False,False,NO_LOG_FILLS
,2024-04-16T12:30:39.004780+00:00,2024-04-16T12:43:15.182908+00:00,17887.75,17912.75,LONG,False,False,False,False,False,NO_LOG_FILLS
,2024-04-16T12:30:39.004780+00:00,2024-04-16T12:46:03.058028+00:00,17887.75,17908.25,LONG,False,False,False,False,False,NO_LOG_FILLS
,2024-04-16T12:46:19.873664+00:00,2024-04-16T13:00:00.273322+00:00,17902.5,17889.75,SHORT,False,False,False,False,False,NO_LOG_FILLS
,2024-04-16T12:46:19.873664+00:00,2024-04-16T13:17:27.331062+00:00,17902.5,17877.25,SHORT,False,False,False,False,False,NO_LOG_FILLS
,2024-04-16T12:46:19.873664+00:00,2024-04-16T13:21:23.819321+00:00,17902.5,17879.5,SHORT,False,False,False,False,False,NO_LOG_FILLS
,2024-04-16T13:30:25.554631+00:00,2024-04-16T13:32:45.546397+00:00,17867.25,17879.75,LONG,False,False,False,False,False,NO_LOG_FILLS
,2024-04-16T13:30:25.554631+00:00,2024-04-16T13:37:57.340524+00:00,17867.25,17846.0,LONG,False,False,False,False,False,NO_LOG_FILLS
,2024-04-16T13:44:56.026993+00:00,2024-04-16T13:45:45.195160+00:00,17853.25,17838.75,LONG,False,False,False,False,False,NO_LOG_FILLS
,2024-04-16T14:01:16.920488+00:00,2024-04-16T14:02:47.906412+00:00,17895.5,17903.25,LONG,False,False,False,False,False,NO_LOG_FILLS
,2024-04-16T14:01:16.920488+00:00,2024-04-16T14:03:26.202699+00:00,17895.5,17884.0,LONG,False,False,False,False,False,NO_LOG_FILLS
,2024-04-16T14:03:27.945090+00:00,2024-04-16T14:03:44.415451+00:00,17882.5,17886.25,SHORT,False,False,False,False,False,NO_LOG_FILLS
,2024-04-16T14:06:57.549318+00:00,2024-04-16T14:07:02.579888+00:00,17877.5,17869.75,SHORT,False,False,False,False,False,NO_LOG_FILLS
,2024-04-16T14:06:57.549318+00:00,2024-04-16T14:08:16.876405+00:00,17877.5,17897.25,SHORT,False,False,False,False,False,NO_LOG_FILLS
,2024-04-16T14:16:11.750189+00:00,2024-04-16T14:16:59.204653+00:00,17922.75,17915.25,SHORT,False,False,False,False,False,NO_LOG_FILLS
,2024-04-16T14:16:11.750189+00:00,2024-04-16T14:17:04.430800+00:00,17922.75,17907.5,SHORT,False,False,False,False,False,NO_LOG_FILLS
,2024-04-16T14:16:11.750189+00:00,2024-04-16T14:18:04.831865+00:00,17922.75,17904.25,SHORT,False,False,False,False,False,NO_LOG_FILLS
,2024-04-16T14:26:02.013552+00:00,2024-04-16T14:26:10.139307+00:00,17876.5,17884.0,SHORT,False,False,False,False,False,NO_LOG_FILLS
,2024-04-16T14:29:15.142182+00:00,2024-04-16T14:29:53.302051+00:00,17881.25,17868.5,LONG,False,False,False,False,False,NO_LOG_FILLS
,2024-04-16T14:33:45.225080+00:00,2024-04-16T14:37:00.137370+00:00,17870.75,17853.0,LONG,False,False,False,False,False,NO_LOG_FILLS
,2024-04-16T14:42:17.227402+00:00,2024-04-16T14:44:54.913118+00:00,17850.25,17866.0,SHORT,False,False,False,False,False,NO_LOG_FILLS
,2024-04-16T14:52:04.020692+00:00,2024-04-16T15:00:45.589585+00:00,17875.5,17856.75,LONG,False,False,False,False,False,NO_LOG_FILLS
,2024-04-16T15:16:29.086384+00:00,2024-04-16T15:17:04.405592+00:00,17887.0,17895.5,LONG,False,False,False,False,False,NO_LOG_FILLS
,2024-04-16T15:16:29.086384+00:00,2024-04-16T15:23:30.636302+00:00,17887.0,17904.0,LONG,False,False,False,False,False,NO_LOG_FILLS
,2024-04-16T15:16:29.086384+00:00,2024-04-16T15:24:38.471478+00:00,17887.0,17908.5,LONG,False,False,False,False,False,NO_LOG_FILLS
,2024-04-16T15:30:49.436991+00:00,2024-04-16T15:32:04.518108+00:00,17901.25,17892.75,SHORT,False,False,False,False,False,NO_LOG_FILLS
,2024-04-16T15:30:49.436991+00:00,2024-04-16T15:39:47.906285+00:00,17901.25,17884.0,SHORT,False,False,False,False,False,NO_LOG_FILLS
,2024-04-16T15:30:49.436991+00:00,2024-04-16T15:40:30.103158+00:00,17901.25,17893.75,SHORT,False,False,False,False,False,NO_LOG_FILLS
,2024-04-16T15:42:27.857243+00:00,2024-04-16T15:51:29.904861+00:00,17905.0,17914.0,LONG,False,False,False,False,False,NO_LOG_FILLS
,2024-04-16T15:42:27.857243+00:00,2024-04-16T15:54:25.159455+00:00,17905.0,17923.0,LONG,False,False,False,False,False,NO_LOG_FILLS
,2024-04-16T15:42:27.857243+00:00,2024-04-16T15:55:55.236481+00:00,17905.0,17930.5,LONG,False,False,False,False,False,NO_LOG_FILLS
,2024-04-16T16:13:34.379816+00:00,2024-04-16T16:15:58.471030+00:00,17909.0,17916.25,LONG,False,False,False,False,False,NO_LOG_FILLS
,2024-04-16T16:13:34.379816+00:00,2024-04-16T16:28:24.393898+00:00,17909.0,17923.5,LONG,False,False,False,False,False,NO_LOG_FILLS
,2024-04-16T16:13:34.379816+00:00,2024-04-16T16:28:51.279518+00:00,17909.0,17914.25,LONG,False,False,False,False,False,NO_LOG_FILLS
,2024-04-16T16:28:52.026594+00:00,2024-04-16T16:29:18.875608+00:00,17914.5,17906.5,SHORT,False,False,False,False,False,NO_LOG_FILLS
,2024-04-16T16:53:40.342396+00:00,2024-04-16T16:56:08.091877+00:00,17917.75,17908.5,SHORT,False,False,False,False,False,NO_LOG_FILLS
,2024-04-16T16:53:40.342396+00:00,2024-04-16T16:57:25.887231+00:00,17917.75,17899.0,SHORT,False,False,False,False,False,NO_LOG_FILLS
,2024-04-16T16:53:40.342396+00:00,2024-04-16T16:58:12.698402+00:00,17917.75,17907.75,SHORT,False,False,False,False,False,NO_LOG_FILLS
,2024-04-16T17:14:02.611421+00:00,2024-04-16T17:14:48.074627+00:00,17922.75,17912.25,LONG,False,False,False,False,False,NO_LOG_FILLS
,2024-04-16T17:19:36.269586+00:00,2024-04-16T17:21:50.138076+00:00,17921.25,17908.25,LONG,False,False,False,False,False,NO_LOG_FILLS
,2024-04-16T17:31:16.530608+00:00,2024-04-16T17:31:49.802375+00:00,17869.75,17840.75,LONG,False,False,False,False,False,NO_LOG_FILLS
,2024-04-16T17:37:08.188268+00:00,2024-04-16T17:37:37.325898+00:00,17885.25,17872.0,SHORT,False,False,False,False,False,NO_LOG_FILLS
,2024-04-16T17:37:08.188268+00:00,2024-04-16T17:40:38.916234+00:00,17885.25,17914.5,SHORT,False,False,False,False,False,NO_LOG_FILLS
,2024-04-16T17:45:08.840680+00:00,2024-04-16T17:46:19.321214+00:00,17900.25,17885.75,LONG,False,False,False,False,False,NO_LOG_FILLS
,2024-04-16T18:05:22.543807+00:00,2024-04-16T18:06:26.624128+00:00,17901.25,17911.75,SHORT,False,False,False,False,False,NO_LOG_FILLS
,2024-04-16T18:10:05.876946+00:00,2024-04-16T18:12:16.653844+00:00,17968.75,17981.5,SHORT,False,False,False,False,False,NO_LOG_FILLS
,2024-04-16T18:29:38.981352+00:00,2024-04-16T18:30:10.798448+00:00,17856.0,17867.0,LONG,False,False,False,False,False,NO_LOG_FILLS
,2024-04-16T18:29:38.981352+00:00,2024-04-16T18:34:19.158765+00:00,17856.0,17878.25,LONG,False,False,False,False,False,NO_LOG_FILLS
,2024-04-16T18:29:38.981352+00:00,2024-04-16T18:35:17.984424+00:00,17856.0,17890.25,LONG,False,False,False,False,False,NO_LOG_FILLS
,2024-04-16T18:45:10.227184+00:00,2024-04-16T18:48:12.445747+00:00,17896.25,17912.75,SHORT,False,False,False,False,False,NO_LOG_FILLS
,2024-04-16T18:55:09.468262+00:00,2024-04-16T18:55:09.905881+00:00,17927.25,17927.25,SHORT,False,False,False,False,False,NO_LOG_FILLS
,2024-04-16T19:49:47.184203+00:00,2024-04-16T19:56:30.834187+00:00,17919.5,17896.0,LONG,False,False,False,False,False,NO_LOG_FILLS
,2024-04-17T00:01:53.000068+00:00,2024-04-17T00:12:59.383898+00:00,17925.75,17917.25,SHORT,False,False,False,False,False,NO_LOG_FILLS
,2024-04-17T00:01:53.000068+00:00,2024-04-17T00:13:06.884111+00:00,17925.75,17909.0,SHORT,False,False,False,False,False,NO_LOG_FILLS
,2024-04-17T00:01:53.000068+00:00,2024-04-17T00:16:06.176303+00:00,17925.75,17915.25,SHORT,False,False,False,False,False,NO_LOG_FILLS
,2024-04-17T03:20:06.292025+00:00,2024-04-17T05:00:23.493152+00:00,17926.5,17918.0,SHORT,False,False,False,False,False,NO_LOG_FILLS
,2024-04-17T03:20:06.292025+00:00,2024-04-17T05:00:42.149095+00:00,17926.5,17909.5,SHORT,False,False,False,False,False,NO_LOG_FILLS
,2024-04-17T03:20:06.292025+00:00,2024-04-17T05:01:03.793737+00:00,17926.5,17917.25,SHORT,False,False,False,False,False,NO_LOG_FILLS
,2024-04-17T05:55:06.190596+00:00,2024-04-17T05:57:34.708379+00:00,17858.25,17844.0,LONG,False,False,False,False,False,NO_LOG_FILLS
,2024-04-17T07:00:00.325540+00:00,2024-04-17T07:03:07.322848+00:00,17825.25,17841.25,SHORT,False,False,False,False,False,NO_LOG_FILLS
,2024-04-17T09:00:11.120084+00:00,2024-04-17T09:01:21.529903+00:00,17898.5,17885.0,LONG,False,False,False,False,False,NO_LOG_FILLS
,2024-04-17T11:14:53.140336+00:00,2024-04-17T11:20:24.253096+00:00,17928.0,17914.25,SHORT,False,False,False,False,False,NO_LOG_FILLS
,2024-04-17T11:14:53.140336+00:00,2024-04-17T12:01:53.528262+00:00,17928.0,17900.5,SHORT,False,False,False,False,False,NO_LOG_FILLS
,2024-04-17T11:14:53.140336+00:00,2024-04-17T12:04:38.335424+00:00,17928.0,17906.5,SHORT,False,False,False,False,False,NO_LOG_FILLS
,2024-04-17T13:24:59.747111+00:00,2024-04-17T13:25:28.070050+00:00,17955.75,17964.5,SHORT,False,False,False,False,False,NO_LOG_FILLS
,2024-04-17T13:30:01.489861+00:00,2024-04-17T13:30:19.935960+00:00,17950.75,17939.75,SHORT,False,False,False,False,False,NO_LOG_FILLS
,2024-04-17T13:30:01.489861+00:00,2024-04-17T13:30:59.248613+00:00,17950.75,17929.0,SHORT,False,False,False,False,False,NO_LOG_FILLS
,2024-04-17T13:30:01.489861+00:00,2024-04-17T13:31:10.798265+00:00,17950.75,17935.5,SHORT,False,False,False,False,False,NO_LOG_FILLS
,2024-04-17T13:54:17.715443+00:00,2024-04-17T13:54:57.281763+00:00,17887.25,17896.0,SHORT,False,False,False,False,False,NO_LOG_FILLS
,2024-04-17T14:13:35.148427+00:00,2024-04-17T14:14:07.692920+00:00,17834.5,17841.75,LONG,False,False,False,False,False,NO_LOG_FILLS
,2024-04-17T14:13:35.148427+00:00,2024-04-17T14:14:16.757901+00:00,17834.5,17849.0,LONG,False,False,False,False,False,NO_LOG_FILLS
,2024-04-17T14:13:35.148427+00:00,2024-04-17T14:14:29.892847+00:00,17834.5,17840.0,LONG,False,False,False,False,False,NO_LOG_FILLS
,2024-04-17T14:17:30.607717+00:00,2024-04-17T14:18:01.177788+00:00,17842.0,17834.75,SHORT,False,False,False,False,False,NO_LOG_FILLS
,2024-04-17T14:17:30.607717+00:00,2024-04-17T14:22:24.857598+00:00,17842.0,17827.25,SHORT,False,False,False,False,False,NO_LOG_FILLS
,2024-04-17T14:17:30.607717+00:00,2024-04-17T14:23:39.272404+00:00,17842.0,17811.25,SHORT,False,False,False,False,False,NO_LOG_FILLS
,2024-04-17T14:31:36.048967+00:00,2024-04-17T14:34:45.677245+00:00,17849.75,17835.75,LONG,False,False,False,False,False,NO_LOG_FILLS
,2024-04-17T14:47:29.184545+00:00,2024-04-17T14:48:19.411829+00:00,17843.25,17852.0,LONG,False,False,False,False,False,NO_LOG_FILLS
,2024-04-17T14:47:29.184545+00:00,2024-04-17T14:51:28.837911+00:00,17843.25,17836.75,LONG,False,False,False,False,False,NO_LOG_FILLS
,2024-04-17T14:56:16.768068+00:00,2024-04-17T14:57:18.530997+00:00,17783.25,17797.0,SHORT,False,False,False,False,False,NO_LOG_FILLS
,2024-04-17T15:28:15.296941+00:00,2024-04-17T15:28:41.955309+00:00,17795.0,17786.25,SHORT,False,False,False,False,False,NO_LOG_FILLS
,2024-04-17T15:28:15.296941+00:00,2024-04-17T15:29:44.990064+00:00,17795.0,17777.25,SHORT,False,False,False,False,False,NO_LOG_FILLS
,2024-04-17T15:28:15.296941+00:00,2024-04-17T15:31:02.814206+00:00,17795.0,17752.0,SHORT,False,False,False,False,False,NO_LOG_FILLS
,2024-04-17T15:31:04.478722+00:00,2024-04-17T15:32:11.961875+00:00,17756.25,17742.0,LONG,False,False,False,False,False,NO_LOG_FILLS
,2024-04-17T15:35:18.061669+00:00,2024-04-17T15:43:33.904881+00:00,17743.75,17751.75,LONG,False,False,False,False,False,NO_LOG_FILLS
,2024-04-17T15:35:18.061669+00:00,2024-04-17T16:03:03.628986+00:00,17743.75,17726.25,LONG,False,False,False,False,False,NO_LOG_FILLS
,2024-04-17T16:09:57.183784+00:00,2024-04-17T16:10:12.185145+00:00,17688.25,17695.75,LONG,False,False,False,False,False,NO_LOG_FILLS
,2024-04-17T16:09:57.183784+00:00,2024-04-17T16:10:31.159302+00:00,17688.25,17703.0,LONG,False,False,False,False,False,NO_LOG_FILLS
,2024-04-17T16:09:57.183784+00:00,2024-04-17T16:11:20.958706+00:00,17688.25,17705.5,LONG,False,False,False,False,False,NO_LOG_FILLS
,2024-04-17T16:15:47.905530+00:00,2024-04-17T16:17:28.142919+00:00,17707.0,17699.75,SHORT,False,False,False,False,False,NO_LOG_FILLS
,2024-04-17T16:15:47.905530+00:00,2024-04-17T16:19:49.014586+00:00,17707.0,17692.5,SHORT,False,False,False,False,False,NO_LOG_FILLS
,2024-04-17T16:15:47.905530+00:00,2024-04-17T16:21:05.263180+00:00,17707.0,17697.25,SHORT,False,False,False,False,False,NO_LOG_FILLS
,2024-04-17T16:35:04.100131+00:00,2024-04-17T16:35:19.509231+00:00,17673.5,17665.5,SHORT,False,False,False,False,False,NO_LOG_FILLS
,2024-04-17T16:35:04.100131+00:00,2024-04-17T16:40:15.379835+00:00,17673.5,17657.5,SHORT,False,False,False,False,False,NO_LOG_FILLS
,2024-04-17T16:35:04.100131+00:00,2024-04-17T16:40:28.199210+00:00,17673.5,17665.75,SHORT,False,False,False,False,False,NO_LOG_FILLS
,2024-04-17T16:50:37.161471+00:00,2024-04-17T16:52:52.753822+00:00,17646.5,17655.25,SHORT,False,False,False,False,False,NO_LOG_FILLS
,2024-04-17T17:12:50.791885+00:00,2024-04-17T17:13:29.955745+00:00,17689.5,17680.5,LONG,False,False,False,False,False,NO_LOG_FILLS
,2024-04-17T17:27:07.647440+00:00,2024-04-17T17:28:36.947109+00:00,17699.75,17708.5,LONG,False,False,False,False,False,NO_LOG_FILLS
,2024-04-17T17:27:07.647440+00:00,2024-04-17T17:30:09.703273+00:00,17699.75,17717.25,LONG,False,False,False,False,False,NO_LOG_FILLS
,2024-04-17T17:27:07.647440+00:00,2024-04-17T17:31:06.853771+00:00,17699.75,17717.5,LONG,False,False,False,False,False,NO_LOG_FILLS
,2024-04-17T17:37:21.213645+00:00,2024-04-17T17:37:21.679833+00:00,17722.75,17722.0,LONG,False,False,False,False,False,NO_LOG_FILLS
,2024-04-17T17:37:56.785639+00:00,2024-04-17T17:39:27.081161+00:00,17728.5,17720.25,SHORT,False,False,False,False,False,NO_LOG_FILLS
,2024-04-17T17:37:56.785639+00:00,2024-04-17T17:42:31.667461+00:00,17728.5,17712.0,SHORT,False,False,False,False,False,NO_LOG_FILLS
,2024-04-17T17:37:56.785639+00:00,2024-04-17T17:43:43.867637+00:00,17728.5,17703.25,SHORT,False,False,False,False,False,NO_LOG_FILLS
,2024-04-17T17:52:08.200283+00:00,2024-04-17T17:52:27.141393+00:00,17716.75,17708.0,SHORT,False,False,False,False,False,NO_LOG_FILLS
,2024-04-17T17:52:08.200283+00:00,2024-04-17T17:55:25.502772+00:00,17716.75,17739.25,SHORT,False,False,False,False,False,NO_LOG_FILLS
,2024-04-17T18:00:17.919055+00:00,2024-04-17T18:10:18.759786+00:00,17730.75,17722.25,SHORT,False,False,False,False,False,NO_LOG_FILLS
,2024-04-17T18:00:17.919055+00:00,2024-04-17T18:11:35.256990+00:00,17730.75,17713.5,SHORT,False,False,False,False,False,NO_LOG_FILLS
,2024-04-17T18:00:17.919055+00:00,2024-04-17T18:12:11.515464+00:00,17730.75,17717.25,SHORT,False,False,False,False,False,NO_LOG_FILLS
,2024-04-17T18:21:24.136151+00:00,2024-04-17T18:21:26.377021+00:00,17701.25,17705.5,SHORT,False,False,False,False,False,NO_LOG_FILLS
,2024-04-17T19:00:09.807827+00:00,2024-04-17T19:01:08.160743+00:00,17689.0,17680.5,SHORT,False,False,False,False,False,NO_LOG_FILLS
,2024-04-17T19:00:09.807827+00:00,2024-04-17T19:04:42.887055+00:00,17689.0,17672.0,SHORT,False,False,False,False,False,NO_LOG_FILLS
,2024-04-17T19:00:09.807827+00:00,2024-04-17T19:05:19.440613+00:00,17689.0,17681.25,SHORT,False,False,False,False,False,NO_LOG_FILLS
,2024-04-17T19:11:58.226318+00:00,2024-04-17T19:13:56.724047+00:00,17662.25,17670.25,SHORT,False,False,False,False,False,NO_LOG_FILLS
,2024-04-17T19:15:12.338451+00:00,2024-04-17T19:16:25.451456+00:00,17673.5,17683.75,LONG,False,False,False,False,False,NO_LOG_FILLS
,2024-04-17T19:15:12.338451+00:00,2024-04-17T19:17:31.099352+00:00,17673.5,17694.0,LONG,False,False,False,False,False,NO_LOG_FILLS
,2024-04-17T19:15:12.338451+00:00,2024-04-17T19:17:55.464138+00:00,17673.5,17690.75,LONG,False,False,False,False,False,NO_LOG_FILLS
,2024-04-17T19:32:18.464534+00:00,2024-04-17T19:33:15.855958+00:00,17658.0,17666.5,SHORT,False,False,False,False,False,NO_LOG_FILLS
,2024-04-17T19:35:00.621315+00:00,2024-04-17T19:38:28.126021+00:00,17672.0,17661.75,SHORT,False,False,False,False,False,NO_LOG_FILLS
,2024-04-17T19:35:00.621315+00:00,2024-04-17T19:38:39.309753+00:00,17672.0,17651.25,SHORT,False,False,False,False,False,NO_LOG_FILLS
,2024-04-17T19:35:00.621315+00:00,2024-04-17T19:38:51.883783+00:00,17672.0,17660.25,SHORT,False,False,False,False,False,NO_LOG_FILLS
,2024-04-17T19:45:05.152148+00:00,2024-04-17T19:46:26.615149+00:00,17679.0,17691.5,SHORT,False,False,False,False,False,NO_LOG_FILLS
,2024-04-17T19:47:06.797759+00:00,2024-04-17T19:47:29.673480+00:00,17689.0,17697.75,SHORT,False,False,False,False,False,NO_LOG_FILLS
,2024-04-17T19:59:38.194637+00:00,2024-04-17T19:59:44.476896+00:00,17667.5,17658.75,SHORT,False,False,False,False,False,NO_LOG_FILLS
,2024-04-17T19:59:38.194637+00:00,2024-04-17T19:59:52.571911+00:00,17667.5,17649.75,SHORT,False,False,False,False,False,NO_LOG_FILLS
,2024-04-17T19:59:38.194637+00:00,2024-04-17T19:59:53.883143+00:00,17667.5,17655.75,SHORT,False,False,False,False,False,NO_LOG_FILLS
,2024-04-17T20:01:26.245536+00:00,2024-04-17T20:03:07.670577+00:00,17653.0,17661.25,LONG,False,False,False,False,False,NO_LOG_FILLS
,2024-04-17T20:01:26.245536+00:00,2024-04-17T20:09:08.575716+00:00,17653.0,17669.75,LONG,False,False,False,False,False,NO_LOG_FILLS
,2024-04-17T20:01:26.245536+00:00,2024-04-17T20:11:18.578191+00:00,17653.0,17659.25,LONG,False,False,False,False,False,NO_LOG_FILLS
,2024-04-17T20:16:16.115295+00:00,2024-04-17T20:18:03.047099+00:00,17656.0,17663.75,SHORT,False,False,False,False,False,NO_LOG_FILLS
,2024-04-18T05:35:59.571607+00:00,2024-04-18T06:08:02.305508+00:00,17737.0,17755.5,SHORT,False,False,False,False,False,NO_LOG_FILLS
,2024-04-18T08:09:05.929466+00:00,2024-04-18T08:11:36.613836+00:00,17735.25,17724.5,SHORT,False,False,False,False,False,NO_LOG_FILLS
,2024-04-18T08:09:05.929466+00:00,2024-04-18T08:23:21.593804+00:00,17735.25,17713.75,SHORT,False,False,False,False,False,NO_LOG_FILLS
,2024-04-18T08:09:05.929466+00:00,2024-04-18T08:23:33.470727+00:00,17735.25,17710.5,SHORT,False,False,False,False,False,NO_LOG_FILLS
,2024-04-18T13:39:45.976526+00:00,2024-04-18T13:39:49.073255+00:00,17563.25,17571.5,LONG,False,False,False,False,False,NO_LOG_FILLS
,2024-04-18T13:39:45.976526+00:00,2024-04-18T13:41:01.587170+00:00,17563.25,17579.75,LONG,False,False,False,False,False,NO_LOG_FILLS
,2024-04-18T13:39:45.976526+00:00,2024-04-18T13:42:43.447431+00:00,17563.25,17583.75,LONG,False,False,False,False,False,NO_LOG_FILLS
,2024-04-18T13:48:23.606937+00:00,2024-04-18T13:48:29.733907+00:00,17608.0,17615.75,LONG,False,False,False,False,False,NO_LOG_FILLS
,2024-04-18T13:48:23.606937+00:00,2024-04-18T13:48:56.532106+00:00,17608.0,17623.75,LONG,False,False,False,False,False,NO_LOG_FILLS
,2024-04-18T13:48:23.606937+00:00,2024-04-18T13:50:26.287215+00:00,17608.0,17638.5,LONG,False,False,False,False,False,NO_LOG_FILLS
,2024-04-18T13:55:28.751362+00:00,2024-04-18T13:55:37.256312+00:00,17612.75,17621.5,LONG,False,False,False,False,False,NO_LOG_FILLS
,2024-04-18T13:55:28.751362+00:00,2024-04-18T14:01:01.471185+00:00,17612.75,17598.25,LONG,False,False,False,False,False,NO_LOG_FILLS
,2024-04-18T14:05:02.548514+00:00,2024-04-18T14:05:18.052844+00:00,17599.25,17606.5,SHORT,False,False,False,False,False,NO_LOG_FILLS
,2024-04-18T14:15:38.979051+00:00,2024-04-18T14:15:39.476117+00:00,17647.25,17646.75,SHORT,False,False,False,False,False,NO_LOG_FILLS
,2024-04-18T14:17:18.557103+00:00,2024-04-18T14:27:56.545339+00:00,17661.25,17670.5,LONG,False,False,False,False,False,NO_LOG_FILLS
,2024-04-18T14:17:18.557103+00:00,2024-04-18T14:34:38.914280+00:00,17661.25,17680.0,LONG,False,False,False,False,False,NO_LOG_FILLS
,2024-04-18T14:17:18.557103+00:00,2024-04-18T14:35:06.604597+00:00,17661.25,17671.75,LONG,False,False,False,False,False,NO_LOG_FILLS
,2024-04-18T14:46:46.606781+00:00,2024-04-18T14:47:17.068591+00:00,17699.75,17692.5,SHORT,False,False,False,False,False,NO_LOG_FILLS
,2024-04-18T14:46:46.606781+00:00,2024-04-18T14:49:41.047837+00:00,17699.75,17714.0,SHORT,False,False,False,False,False,NO_LOG_FILLS
,2024-04-18T15:04:25.738244+00:00,2024-04-18T15:08:14.282765+00:00,17697.75,17718.0,SHORT,False,False,False,False,False,NO_LOG_FILLS
,2024-04-18T15:25:32.371590+00:00,2024-04-18T15:27:59.507602+00:00,17729.75,17722.0,SHORT,False,False,False,False,False,NO_LOG_FILLS
,2024-04-18T15:25:32.371590+00:00,2024-04-18T15:29:01.990898+00:00,17729.75,17714.0,SHORT,False,False,False,False,False,NO_LOG_FILLS
,2024-04-18T15:25:32.371590+00:00,2024-04-18T15:29:59.158161+00:00,17729.75,17707.0,SHORT,False,False,False,False,False,NO_LOG_FILLS
,2024-04-18T15:30:37.604523+00:00,2024-04-18T15:31:24.213378+00:00,17694.25,17703.25,SHORT,False,False,False,False,False,NO_LOG_FILLS
,2024-04-18T15:36:03.606884+00:00,2024-04-18T15:38:34.375813+00:00,17702.0,17694.25,SHORT,False,False,False,False,False,NO_LOG_FILLS
,2024-04-18T15:36:03.606884+00:00,2024-04-18T15:50:10.146727+00:00,17702.0,17686.5,SHORT,False,False,False,False,False,NO_LOG_FILLS
,2024-04-18T15:36:03.606884+00:00,2024-04-18T15:50:14.230106+00:00,17702.0,17687.5,SHORT,False,False,False,False,False,NO_LOG_FILLS
,2024-04-18T15:58:22.182324+00:00,2024-04-18T16:00:39.681594+00:00,17692.0,17703.25,SHORT,False,False,False,False,False,NO_LOG_FILLS
,2024-04-18T16:03:00.113772+00:00,2024-04-18T16:04:59.146792+00:00,17695.0,17687.5,SHORT,False,False,False,False,False,NO_LOG_FILLS
,2024-04-18T16:03:00.113772+00:00,2024-04-18T16:07:08.163090+00:00,17695.0,17680.0,SHORT,False,False,False,False,False,NO_LOG_FILLS
,2024-04-18T16:03:00.113772+00:00,2024-04-18T16:08:15.823670+00:00,17695.0,17680.75,SHORT,False,False,False,False,False,NO_LOG_FILLS
,2024-04-18T16:08:16.455008+00:00,2024-04-18T16:10:27.256491+00:00,17680.75,17687.5,LONG,False,False,False,False,False,NO_LOG_FILLS
,2024-04-18T16:08:16.455008+00:00,2024-04-18T16:14:02.164616+00:00,17680.75,17671.25,LONG,False,False,False,False,False,NO_LOG_FILLS
,2024-04-18T16:16:32.570867+00:00,2024-04-18T16:18:05.069105+00:00,17679.5,17686.0,LONG,False,False,False,False,False,NO_LOG_FILLS
,2024-04-18T16:16:32.570867+00:00,2024-04-18T16:34:14.218083+00:00,17679.5,17670.0,LONG,False,False,False,False,False,NO_LOG_FILLS
,2024-04-18T16:35:05.620860+00:00,2024-04-18T16:35:14.493885+00:00,17650.75,17657.25,LONG,False,False,False,False,False,NO_LOG_FILLS
,2024-04-18T16:35:05.620860+00:00,2024-04-18T16:35:34.497985+00:00,17650.75,17663.75,LONG,False,False,False,False,False,NO_LOG_FILLS
,2024-04-18T16:35:05.620860+00:00,2024-04-18T16:37:41.931236+00:00,17650.75,17677.25,LONG,False,False,False,False,False,NO_LOG_FILLS
,2024-04-18T16:41:58.147999+00:00,2024-04-18T16:42:03.951429+00:00,17665.5,17660.25,LONG,False,False,False,False,False,NO_LOG_FILLS
,2024-04-18T16:47:13.636546+00:00,2024-04-18T16:47:34.551670+00:00,17638.75,17630.75,LONG,False,False,False,False,False,NO_LOG_FILLS
,2024-04-18T17:11:29.020882+00:00,2024-04-18T17:12:42.219043+00:00,17593.0,17583.0,LONG,False,False,False,False,False,NO_LOG_FILLS
,2024-04-18T17:15:02.091237+00:00,2024-04-18T17:17:20.384421+00:00,17589.75,17578.75,LONG,False,False,False,False,False,NO_LOG_FILLS
,2024-04-18T17:17:43.830184+00:00,2024-04-18T17:18:15.692288+00:00,17571.25,17560.75,LONG,False,False,False,False,False,NO_LOG_FILLS
,2024-04-18T17:18:49.260540+00:00,2024-04-18T17:19:21.533573+00:00,17560.0,17556.5,LONG,False,False,False,False,False,NO_LOG_FILLS
,2024-04-18T17:31:56.572988+00:00,2024-04-18T17:32:13.576565+00:00,17577.0,17569.25,SHORT,False,False,False,False,False,NO_LOG_FILLS
,2024-04-18T17:31:56.572988+00:00,2024-04-18T17:37:20.705165+00:00,17577.0,17561.75,SHORT,False,False,False,False,False,NO_LOG_FILLS
,2024-04-18T17:31:56.572988+00:00,2024-04-18T17:40:05.708951+00:00,17577.0,17565.25,SHORT,False,False,False,False,False,NO_LOG_FILLS
,2024-04-18T17:40:06.424399+00:00,2024-04-18T17:40:36.743689+00:00,17566.75,17555.0,LONG,False,False,False,False,False,NO_LOG_FILLS
,2024-04-18T18:05:56.961370+00:00,2024-04-18T18:07:35.039930+00:00,17544.75,17553.75,LONG,False,False,False,False,False,NO_LOG_FILLS
,2024-04-18T18:05:56.961370+00:00,2024-04-18T18:08:59.443662+00:00,17544.75,17538.5,LONG,False,False,False,False,False,NO_LOG_FILLS
,2024-04-18T18:24:53.982413+00:00,2024-04-18T18:28:12.673286+00:00,17581.25,17573.25,SHORT,False,False,False,False,False,NO_LOG_FILLS
,2024-04-18T18:24:53.982413+00:00,2024-04-18T18:28:34.572724+00:00,17581.25,17565.25,SHORT,False,False,False,False,False,NO_LOG_FILLS
,2024-04-18T18:24:53.982413+00:00,2024-04-18T18:29:49.221530+00:00,17581.25,17562.0,SHORT,False,False,False,False,False,NO_LOG_FILLS
,2024-04-18T18:33:15.782353+00:00,2024-04-18T18:34:05.175962+00:00,17541.5,17534.25,LONG,False,False,False,False,False,NO_LOG_FILLS
,2024-04-18T18:45:22.102344+00:00,2024-04-18T18:47:51.581028+00:00,17549.25,17544.5,SHORT,False,False,False,False,False,NO_LOG_FILLS
,2024-04-18T19:03:01.881294+00:00,2024-04-18T19:07:43.530218+00:00,17566.5,17579.0,SHORT,False,False,False,False,False,NO_LOG_FILLS
,2024-04-18T19:18:17.993933+00:00,2024-04-18T19:22:36.678117+00:00,17559.25,17547.25,LONG,False,False,False,False,False,NO_LOG_FILLS
,2024-04-18T19:24:28.463397+00:00,2024-04-18T19:24:43.277291+00:00,17564.75,17574.75,LONG,False,False,False,False,False,NO_LOG_FILLS
,2024-04-18T19:24:28.463397+00:00,2024-04-18T19:36:57.580209+00:00,17564.75,17584.5,LONG,False,False,False,False,False,NO_LOG_FILLS
,2024-04-18T19:24:28.463397+00:00,2024-04-18T19:37:40.788314+00:00,17564.75,17575.75,LONG,False,False,False,False,False,NO_LOG_FILLS
,2024-04-18T19:50:22.533331+00:00,2024-04-18T19:52:42.373518+00:00,17585.75,17568.25,LONG,False,False,False,False,False,NO_LOG_FILLS
,2024-04-18T19:59:58.226756+00:00,2024-04-18T20:00:00.031926+00:00,17544.25,17553.75,LONG,False,False,False,False,False,NO_LOG_FILLS
,2024-04-18T19:59:58.226756+00:00,2024-04-18T20:00:00.852675+00:00,17544.25,17561.75,LONG,False,False,False,False,False,NO_LOG_FILLS
,2024-04-18T19:59:58.226756+00:00,2024-04-18T20:00:16.310410+00:00,17544.25,17557.0,LONG,False,False,False,False,False,NO_LOG_FILLS
,2024-04-18T20:13:07.440359+00:00,2024-04-18T20:15:20.995440+00:00,17535.75,17546.25,SHORT,False,False,False,False,False,NO_LOG_FILLS
,2024-04-19T00:14:29.128306+00:00,2024-04-19T00:17:02.427831+00:00,17470.25,17457.0,LONG,False,False,False,False,False,NO_LOG_FILLS
,2024-04-19T00:24:05.716638+00:00,2024-04-19T00:26:29.337986+00:00,17457.5,17451.75,LONG,False,False,False,False,False,NO_LOG_FILLS
,2024-04-19T01:09:56.377653+00:00,2024-04-19T01:14:19.269879+00:00,17396.0,17385.5,LONG,False,False,False,False,False,NO_LOG_FILLS
,2024-04-19T01:17:26.538781+00:00,2024-04-19T01:22:18.409190+00:00,17387.5,17366.5,LONG,False,False,False,False,False,NO_LOG_FILLS
,2024-04-19T01:33:56.908425+00:00,2024-04-19T01:39:25.982840+00:00,17279.75,17266.0,SHORT,False,False,False,False,False,NO_LOG_FILLS
,2024-04-19T01:33:56.908425+00:00,2024-04-19T01:39:32.960188+00:00,17279.75,17252.0,SHORT,False,False,False,False,False,NO_LOG_FILLS
,2024-04-19T01:33:56.908425+00:00,2024-04-19T01:39:49.712102+00:00,17279.75,17248.75,SHORT,False,False,False,False,False,NO_LOG_FILLS
,2024-04-19T01:46:11.029306+00:00,2024-04-19T01:49:52.449345+00:00,17275.5,17291.0,LONG,False,False,False,False,False,NO_LOG_FILLS
,2024-04-19T01:46:11.029306+00:00,2024-04-19T01:51:29.998490+00:00,17275.5,17306.5,LONG,False,False,False,False,False,NO_LOG_FILLS
,2024-04-19T01:46:11.029306+00:00,2024-04-19T01:51:39.334787+00:00,17275.5,17298.75,LONG,False,False,False,False,False,NO_LOG_FILLS
,2024-04-19T02:04:57.431618+00:00,2024-04-19T02:09:43.064549+00:00,17261.75,17239.25,LONG,False,False,False,False,False,NO_LOG_FILLS
,2024-04-19T02:17:11.185431+00:00,2024-04-19T02:19:11.767686+00:00,17216.25,17187.0,LONG,False,False,False,False,False,NO_LOG_FILLS
,2024-04-19T02:27:48.866371+00:00,2024-04-19T02:33:45.720545+00:00,17267.0,17236.5,LONG,False,False,False,False,False,NO_LOG_FILLS
,2024-04-19T02:50:33.541829+00:00,2024-04-19T02:57:15.572259+00:00,17258.5,17278.5,LONG,False,False,False,False,False,NO_LOG_FILLS
,2024-04-19T02:50:33.541829+00:00,2024-04-19T03:08:06.231600+00:00,17258.5,17298.25,LONG,False,False,False,False,False,NO_LOG_FILLS
,2024-04-19T02:50:33.541829+00:00,2024-04-19T03:08:23.465273+00:00,17258.5,17295.25,LONG,False,False,False,False,False,NO_LOG_FILLS
,2024-04-19T03:25:16.367973+00:00,2024-04-19T03:30:45.528181+00:00,17324.5,17343.25,LONG,False,False,False,False,False,NO_LOG_FILLS
,2024-04-19T03:25:16.367973+00:00,2024-04-19T04:02:40.582590+00:00,17324.5,17362.0,LONG,False,False,False,False,False,NO_LOG_FILLS
,2024-04-19T03:25:16.367973+00:00,2024-04-19T04:03:13.857540+00:00,17324.5,17356.75,LONG,False,False,False,False,False,NO_LOG_FILLS
,2024-04-19T04:49:25.065176+00:00,2024-04-19T05:06:00.482759+00:00,17373.0,17384.75,SHORT,False,False,False,False,False,NO_LOG_FILLS
,2024-04-19T05:42:32.753608+00:00,2024-04-19T06:12:20.289586+00:00,17382.0,17400.5,LONG,False,False,False,False,False,NO_LOG_FILLS
,2024-04-19T05:42:32.753608+00:00,2024-04-19T06:33:03.808522+00:00,17382.0,17419.0,LONG,False,False,False,False,False,NO_LOG_FILLS
,2024-04-19T05:42:32.753608+00:00,2024-04-19T06:34:27.874960+00:00,17382.0,17410.5,LONG,False,False,False,False,False,NO_LOG_FILLS
,2024-04-19T07:46:06.439221+00:00,2024-04-19T08:07:41.139562+00:00,17438.25,17413.0,LONG,False,False,False,False,False,NO_LOG_FILLS
,2024-04-19T08:10:39.301478+00:00,2024-04-19T08:11:51.804230+00:00,17411.25,17394.25,SHORT,False,False,False,False,False,NO_LOG_FILLS
,2024-04-19T08:10:39.301478+00:00,2024-04-19T08:18:00.864289+00:00,17411.25,17421.75,SHORT,False,False,False,False,False,NO_LOG_FILLS
,2024-04-19T11:45:35.527623+00:00,2024-04-19T11:49:27.664894+00:00,17493.25,17477.75,SHORT,False,False,False,False,False,NO_LOG_FILLS
,2024-04-19T11:45:35.527623+00:00,2024-04-19T12:13:52.033321+00:00,17493.25,17507.75,SHORT,False,False,False,False,False,NO_LOG_FILLS
,2024-04-19T12:34:59.471813+00:00,2024-04-19T12:40:39.828669+00:00,17547.0,17533.0,SHORT,False,False,False,False,False,NO_LOG_FILLS
,2024-04-19T12:34:59.471813+00:00,2024-04-19T12:43:46.479852+00:00,17547.0,17518.75,SHORT,False,False,False,False,False,NO_LOG_FILLS
,2024-04-19T12:34:59.471813+00:00,2024-04-19T12:44:15.256088+00:00,17547.0,17524.0,SHORT,False,False,False,False,False,NO_LOG_FILLS
,2024-04-19T12:50:03.083144+00:00,2024-04-19T12:58:22.671910+00:00,17529.0,17510.0,LONG,False,False,False,False,False,NO_LOG_FILLS
,2024-04-19T12:50:03.912048+00:00,2024-04-19T13:30:00.339254+00:00,17529.0,17492.75,LONG,False,False,False,False,False,NO_LOG_FILLS
,2024-04-19T13:30:01.397628+00:00,2024-04-19T13:30:02.432776+00:00,17492.75,17480.0,SHORT,False,False,False,False,False,NO_LOG_FILLS
,2024-04-19T13:30:01.397628+00:00,2024-04-19T13:30:09.545103+00:00,17492.75,17467.0,SHORT,False,False,False,False,False,NO_LOG_FILLS
,2024-04-19T13:30:01.397628+00:00,2024-04-19T13:30:11.892809+00:00,17492.75,17477.25,SHORT,False,False,False,False,False,NO_LOG_FILLS
,2024-04-19T13:31:46.750741+00:00,2024-04-19T13:32:47.663886+00:00,17474.5,17487.75,LONG,False,False,False,False,False,NO_LOG_FILLS
,2024-04-19T13:31:46.750741+00:00,2024-04-19T13:36:52.240516+00:00,17474.5,17446.75,LONG,False,False,False,False,False,NO_LOG_FILLS
,2024-04-19T13:31:47.842208+00:00,2024-04-19T13:46:47.128589+00:00,17474.5,17503.0,LONG,False,False,False,False,False,NO_LOG_FILLS
,2024-04-19T13:46:47.990431+00:00,2024-04-19T13:47:35.293787+00:00,17503.0,17491.0,SHORT,False,False,False,False,False,NO_LOG_FILLS
,2024-04-19T13:46:47.990431+00:00,2024-04-19T13:47:48.828366+00:00,17503.0,17479.25,SHORT,False,False,False,False,False,NO_LOG_FILLS
,2024-04-19T13:46:47.990431+00:00,2024-04-19T13:47:55.069109+00:00,17503.0,17483.5,SHORT,False,False,False,False,False,NO_LOG_FILLS
,2024-04-19T13:56:00.215873+00:00,2024-04-19T13:57:37.596432+00:00,17466.25,17480.5,SHORT,False,False,False,False,False,NO_LOG_FILLS
,2024-04-19T13:56:01.076585+00:00,2024-04-19T14:01:03.531550+00:00,17466.25,17462.75,SHORT,False,False,False,False,False,NO_LOG_FILLS
,2024-04-19T14:01:04.581844+00:00,2024-04-19T14:01:16.006006+00:00,17462.75,17472.75,LONG,False,False,False,False,False,NO_LOG_FILLS
,2024-04-19T14:01:04.581844+00:00,2024-04-19T14:04:14.673709+00:00,17462.75,17443.75,LONG,False,False,False,False,False,NO_LOG_FILLS
,2024-04-19T14:13:19.653068+00:00,2024-04-19T14:14:06.403963+00:00,17426.5,17416.0,SHORT,False,False,False,False,False,NO_LOG_FILLS
,2024-04-19T14:13:19.653068+00:00,2024-04-19T14:15:50.784890+00:00,17426.5,17405.25,SHORT,False,False,False,False,False,NO_LOG_FILLS
,2024-04-19T14:13:19.653068+00:00,2024-04-19T14:16:15.684873+00:00,17426.5,17412.5,SHORT,False,False,False,False,False,NO_LOG_FILLS
,2024-04-19T14:13:20.672120+00:00,2024-04-19T14:18:40.310151+00:00,17426.5,17413.75,SHORT,False,False,False,False,False,NO_LOG_FILLS
,2024-04-19T14:18:41.295685+00:00,2024-04-19T14:19:35.077612+00:00,17413.75,17393.25,LONG,False,False,False,False,False,NO_LOG_FILLS
,2024-04-19T14:34:27.392910+00:00,2024-04-19T14:35:25.778436+00:00,17379.75,17369.25,SHORT,False,False,False,False,False,NO_LOG_FILLS
,2024-04-19T14:34:27.392910+00:00,2024-04-19T14:37:29.229659+00:00,17379.75,17359.0,SHORT,False,False,False,False,False,NO_LOG_FILLS
,2024-04-19T14:34:27.392910+00:00,2024-04-19T14:38:15.252974+00:00,17379.75,17362.0,SHORT,False,False,False,False,False,NO_LOG_FILLS
,2024-04-19T14:34:28.410417+00:00,2024-04-19T14:47:06.197161+00:00,17379.75,17387.0,SHORT,False,False,False,False,False,NO_LOG_FILLS
,2024-04-19T14:34:28.410417+00:00,2024-04-19T14:50:16.606972+00:00,17379.75,17417.5,SHORT,False,False,False,False,False,NO_LOG_FILLS
,2024-04-19T14:46:56.456901+00:00,2024-04-19T14:57:01.220113+00:00,17398.75,17389.5,SHORT,False,False,False,False,False,NO_LOG_FILLS
,2024-04-19T14:46:56.456901+00:00,2024-04-19T15:00:41.669944+00:00,17398.75,17376.5,SHORT,False,False,False,False,False,NO_LOG_FILLS
,2024-04-19T14:46:56.456901+00:00,2024-04-19T15:01:02.813915+00:00,17398.75,17382.0,SHORT,False,False,False,False,False,NO_LOG_FILLS
,2024-04-19T14:46:57.619818+00:00,2024-04-19T15:01:03.517875+00:00,17398.75,17382.75,SHORT,False,False,False,False,False,NO_LOG_FILLS
,2024-04-19T14:55:17.763404+00:00,2024-04-19T15:01:04.624580+00:00,17402.25,17382.75,SHORT,False,False,False,False,False,NO_LOG_FILLS
,2024-04-19T14:55:18.846294+00:00,2024-04-19T15:16:20.063052+00:00,17402.25,17355.25,SHORT,False,False,False,False,False,NO_LOG_FILLS
,2024-04-19T14:55:18.846294+00:00,2024-04-19T15:19:04.448733+00:00,17402.25,17343.25,SHORT,False,False,False,False,False,NO_LOG_FILLS
,2024-04-19T14:55:18.846294+00:00,2024-04-19T15:20:25.774533+00:00,17402.25,17346.5,SHORT,False,False,False,False,False,NO_LOG_FILLS
,2024-04-19T15:03:03.548144+00:00,2024-04-19T15:36:22.741169+00:00,17371.75,17316.5,SHORT,False,False,False,False,False,NO_LOG_FILLS
,2024-04-19T15:03:03.548144+00:00,2024-04-19T15:37:47.323598+00:00,17371.75,17336.25,SHORT,False,False,False,False,False,NO_LOG_FILLS
,2024-04-19T15:11:15.978980+00:00,2024-04-19T15:42:41.184868+00:00,17367.5,17328.5,SHORT,False,False,False,False,False,NO_LOG_FILLS
,2024-04-19T15:11:17.107270+00:00,2024-04-19T15:42:42.400384+00:00,17367.5,17328.5,SHORT,False,False,False,False,False,NO_LOG_FILLS
,2024-04-19T15:31:16.492854+00:00,2024-04-19T15:46:09.850527+00:00,17327.25,17342.0,SHORT,False,False,False,False,False,NO_LOG_FILLS
,2024-04-19T15:31:17.743024+00:00,2024-04-19T15:46:11.068084+00:00,17327.25,17342.0,SHORT,False,False,False,False,False,NO_LOG_FILLS
,2024-04-19T15:42:40.123114+00:00,2024-04-19T15:53:10.980434+00:00,17330.75,17327.25,SHORT,False,False,False,False,False,NO_LOG_FILLS
,2024-04-19T15:42:41.371207+00:00,2024-04-19T15:53:12.237698+00:00,17330.75,17327.25,SHORT,False,False,False,False,False,NO_LOG_FILLS
,2024-04-19T15:46:28.289826+00:00,2024-04-19T16:03:45.915819+00:00,17337.5,17290.25,SHORT,False,False,False,False,False,NO_LOG_FILLS
,2024-04-19T15:46:28.289826+00:00,2024-04-19T16:04:32.421394+00:00,17337.5,17281.5,SHORT,False,False,False,False,False,NO_LOG_FILLS
,2024-04-19T15:46:28.289826+00:00,2024-04-19T16:04:40.025518+00:00,17337.5,17285.75,SHORT,False,False,False,False,False,NO_LOG_FILLS
,2024-04-19T15:54:01.427325+00:00,2024-04-19T16:08:21.849459+00:00,17318.0,17271.0,SHORT,False,False,False,False,False,NO_LOG_FILLS
,2024-04-19T16:02:39.635364+00:00,2024-04-19T16:08:23.139817+00:00,17299.0,17271.0,SHORT,False,False,False,False,False,NO_LOG_FILLS
,2024-04-19T16:02:40.947605+00:00,2024-04-19T16:15:28.605861+00:00,17299.0,17231.75,SHORT,False,False,False,False,False,NO_LOG_FILLS
,2024-04-19T16:09:11.270880+00:00,2024-04-19T16:15:29.875204+00:00,17279.75,17231.75,SHORT,False,False,False,False,False,NO_LOG_FILLS
,2024-04-19T16:10:54.033887+00:00,2024-04-19T16:15:29.875204+00:00,17256.5,17231.75,SHORT,False,False,False,False,False,NO_LOG_FILLS
,2024-04-19T16:17:02.228301+00:00,2024-04-19T16:54:31.484911+00:00,17240.5,17264.0,SHORT,False,False,False,False,False,NO_LOG_FILLS
,2024-04-19T16:18:40.585681+00:00,2024-04-19T17:00:11.515155+00:00,17223.75,17287.0,SHORT,False,False,False,False,False,NO_LOG_FILLS
,2024-04-19T16:54:16.728610+00:00,2024-04-19T17:17:22.100032+00:00,17272.5,17290.25,SHORT,False,False,False,False,False,NO_LOG_FILLS
,2024-04-19T16:54:18.086155+00:00,2024-04-19T17:17:23.540478+00:00,17272.5,17290.25,SHORT,False,False,False,False,False,NO_LOG_FILLS
,2024-04-19T17:17:45.051127+00:00,2024-04-19T17:22:38.547953+00:00,17299.75,17289.75,SHORT,False,False,False,False,False,NO_LOG_FILLS
,2024-04-19T17:18:28.803274+00:00,2024-04-19T17:27:46.077533+00:00,17309.0,17280.0,SHORT,False,False,False,False,False,NO_LOG_FILLS
,2024-04-19T17:19:01.091914+00:00,2024-04-19T17:30:19.595847+00:00,17307.5,17269.25,SHORT,False,False,False,False,False,NO_LOG_FILLS
,2024-04-19T17:19:22.684116+00:00,2024-04-19T17:30:25.723241+00:00,17299.5,17275.75,SHORT,False,False,False,False,False,NO_LOG_FILLS
,2024-04-19T17:19:24.140611+00:00,2024-04-19T17:30:27.268919+00:00,17299.5,17275.75,SHORT,False,False,False,False,False,NO_LOG_FILLS
,2024-04-19T17:31:09.545805+00:00,2024-04-19T17:56:33.497165+00:00,17286.0,17311.25,SHORT,False,False,False,False,False,NO_LOG_FILLS
,2024-04-19T17:49:14.352496+00:00,2024-04-19T17:56:45.308888+00:00,17296.25,17300.5,SHORT,False,False,False,False,False,NO_LOG_FILLS
,2024-04-19T17:50:29.654099+00:00,2024-04-19T17:57:11.256672+00:00,17302.0,17289.0,SHORT,False,False,False,False,False,NO_LOG_FILLS
,2024-04-19T17:55:54.928646+00:00,2024-04-19T18:37:07.607222+00:00,17322.0,17202.0,SHORT,False,False,False,False,False,NO_LOG_FILLS
,2024-04-19T17:55:56.428285+00:00,2024-04-19T18:37:09.082855+00:00,17322.0,17202.0,SHORT,False,False,False,False,False,NO_LOG_FILLS
,2024-04-19T18:37:55.617106+00:00,2024-04-19T18:41:51.114163+00:00,17197.25,17164.75,SHORT,False,False,False,False,False,NO_LOG_FILLS
,2024-04-19T18:41:51.727065+00:00,2024-04-19T18:41:52.653281+00:00,17164.25,17164.75,SHORT,False,False,False,False,False,NO_LOG_FILLS
,2024-04-19T18:46:12.273016+00:00,2024-04-19T18:46:23.498099+00:00,17159.5,17147.0,LONG,False,False,False,False,False,NO_LOG_FILLS
,2024-04-19T18:46:13.815236+00:00,2024-04-19T18:57:07.962259+00:00,17159.5,17146.5,LONG,False,False,False,False,False,NO_LOG_FILLS
,2024-04-19T18:57:09.608943+00:00,2024-04-19T19:00:29.391363+00:00,17146.5,17137.0,SHORT,False,False,False,False,False,NO_LOG_FILLS
,2024-04-19T18:57:09.608943+00:00,2024-04-19T19:06:21.378835+00:00,17146.5,17127.75,SHORT,False,False,False,False,False,NO_LOG_FILLS
,2024-04-19T18:57:09.608943+00:00,2024-04-19T19:06:32.758469+00:00,17146.5,17132.75,SHORT,False,False,False,False,False,NO_LOG_FILLS
,2024-04-19T19:18:04.548111+00:00,2024-04-19T19:19:12.686294+00:00,17173.25,17185.5,LONG,False,False,False,False,False,NO_LOG_FILLS
,2024-04-19T19:18:04.548111+00:00,2024-04-19T19:28:29.220745+00:00,17173.25,17197.75,LONG,False,False,False,False,False,NO_LOG_FILLS
,2024-04-19T19:18:04.548111+00:00,2024-04-19T19:28:37.680939+00:00,17173.25,17197.5,LONG,False,False,False,False,False,NO_LOG_FILLS
,2024-04-19T19:18:06.242492+00:00,2024-04-19T19:38:42.633039+00:00,17173.25,17157.25,LONG,False,False,False,False,False,NO_LOG_FILLS
,2024-04-19T19:38:44.369447+00:00,2024-04-19T19:39:38.049249+00:00,17157.25,17147.0,SHORT,False,False,False,False,False,NO_LOG_FILLS
,2024-04-19T19:38:44.369447+00:00,2024-04-19T19:40:36.812168+00:00,17157.25,17136.75,SHORT,False,False,False,False,False,NO_LOG_FILLS
,2024-04-19T19:38:44.369447+00:00,2024-04-19T19:41:22.418358+00:00,17157.25,17136.0,SHORT,False,False,False,False,False,NO_LOG_FILLS
,2024-04-19T19:46:20.910942+00:00,2024-04-19T19:46:35.345861+00:00,17125.5,17115.5,SHORT,False,False,False,False,False,NO_LOG_FILLS
,2024-04-19T19:46:20.910942+00:00,2024-04-19T19:47:33.111847+00:00,17125.5,17139.0,SHORT,False,False,False,False,False,NO_LOG_FILLS
,2024-04-19T19:46:22.660565+00:00,2024-04-19T19:47:51.580693+00:00,17125.5,17153.5,SHORT,False,False,False,False,False,NO_LOG_FILLS
,2024-04-19T19:47:46.986892+00:00,2024-04-19T19:56:11.307273+00:00,17146.0,17185.25,SHORT,False,False,False,False,False,NO_LOG_FILLS
,2024-04-19T19:47:48.719963+00:00,2024-04-19T20:00:01.997141+00:00,17146.0,17177.5,SHORT,False,False,False,False,False,NO_LOG_FILLS
,2024-04-19T19:47:48.719963+00:00,2024-04-19T20:00:37.264929+00:00,17146.0,17170.25,SHORT,False,False,False,False,False,NO_LOG_FILLS
,2024-04-19T19:47:48.719963+00:00,2024-04-19T20:01:09.143804+00:00,17146.0,17179.75,SHORT,False,False,False,False,False,NO_LOG_FILLS
,2024-04-21T22:12:17.521078+00:00,2024-04-21T22:26:35.998473+00:00,17240.25,17249.25,LONG,False,False,False,False,False,NO_LOG_FILLS
,2024-04-21T22:12:17.521078+00:00,2024-04-21T22:57:17.044351+00:00,17240.25,17258.25,LONG,False,False,False,False,False,NO_LOG_FILLS
,2024-04-21T22:12:17.521078+00:00,2024-04-21T23:05:49.058058+00:00,17240.25,17253.0,LONG,False,False,False,False,False,NO_LOG_FILLS
,2024-04-22T02:21:17.446777+00:00,2024-04-22T02:38:33.544885+00:00,17256.25,17240.25,LONG,False,False,False,False,False,NO_LOG_FILLS
,2024-04-22T03:31:22.362086+00:00,2024-04-22T04:30:05.355496+00:00,17242.0,17252.25,SHORT,False,False,False,False,False,NO_LOG_FILLS
,2024-04-22T08:40:00.646618+00:00,2024-04-22T09:26:39.704726+00:00,17273.75,17287.75,LONG,False,False,False,False,False,NO_LOG_FILLS
,2024-04-22T08:40:00.646618+00:00,2024-04-22T10:01:00.125870+00:00,17273.75,17301.75,LONG,False,False,False,False,False,NO_LOG_FILLS
,2024-04-22T08:40:00.646618+00:00,2024-04-22T10:15:02.459792+00:00,17273.75,17303.75,LONG,False,False,False,False,False,NO_LOG_FILLS
,2024-04-22T11:58:31.052170+00:00,2024-04-22T12:11:41.854609+00:00,17276.75,17263.0,SHORT,False,False,False,False,False,NO_LOG_FILLS
,2024-04-22T11:58:31.052170+00:00,2024-04-22T12:12:41.865604+00:00,17276.75,17249.25,SHORT,False,False,False,False,False,NO_LOG_FILLS
,2024-04-22T11:58:31.052170+00:00,2024-04-22T12:12:57.301289+00:00,17276.75,17258.25,SHORT,False,False,False,False,False,NO_LOG_FILLS
,2024-04-22T12:12:57.863357+00:00,2024-04-22T12:36:56.360648+00:00,17258.25,17271.25,LONG,False,False,False,False,False,NO_LOG_FILLS
,2024-04-22T12:12:57.863357+00:00,2024-04-22T12:38:17.039642+00:00,17258.25,17284.5,LONG,False,False,False,False,False,NO_LOG_FILLS
,2024-04-22T12:12:57.863357+00:00,2024-04-22T12:44:18.856303+00:00,17258.25,17294.0,LONG,False,False,False,False,False,NO_LOG_FILLS
,2024-04-22T13:25:00.334542+00:00,2024-04-22T13:30:20.257823+00:00,17291.75,17307.0,SHORT,False,False,False,False,False,NO_LOG_FILLS
,2024-04-22T13:32:38.701622+00:00,2024-04-22T13:32:39.830137+00:00,17288.5,17290.5,SHORT,False,False,False,False,False,NO_LOG_FILLS
,2024-04-22T13:44:28.727002+00:00,2024-04-22T13:45:59.858237+00:00,17291.5,17300.0,LONG,False,False,False,False,False,NO_LOG_FILLS
,2024-04-22T13:44:28.727002+00:00,2024-04-22T13:48:16.395606+00:00,17291.5,17308.75,LONG,False,False,False,False,False,NO_LOG_FILLS
,2024-04-22T13:44:28.727002+00:00,2024-04-22T13:49:10.388576+00:00,17291.5,17319.25,LONG,False,False,False,False,False,NO_LOG_FILLS
,2024-04-22T13:49:10.714629+00:00,2024-04-22T13:49:20.232494+00:00,17318.25,17317.0,SHORT,False,False,False,False,False,NO_LOG_FILLS
,2024-04-22T13:58:12.442510+00:00,2024-04-22T13:58:40.197322+00:00,17318.0,17304.5,LONG,False,False,False,False,False,NO_LOG_FILLS
,2024-04-22T14:00:33.884068+00:00,2024-04-22T14:01:10.199067+00:00,17296.5,17304.75,LONG,False,False,False,False,False,NO_LOG_FILLS
,2024-04-22T14:00:33.884068+00:00,2024-04-22T14:02:03.238804+00:00,17296.5,17313.0,LONG,False,False,False,False,False,NO_LOG_FILLS
,2024-04-22T14:00:33.884068+00:00,2024-04-22T14:02:21.368262+00:00,17296.5,17304.5,LONG,False,False,False,False,False,NO_LOG_FILLS
,2024-04-22T14:19:06.934858+00:00,2024-04-22T14:20:18.104843+00:00,17266.5,17252.75,LONG,False,False,False,False,False,NO_LOG_FILLS
,2024-04-22T14:32:43.714368+00:00,2024-04-22T14:40:05.701504+00:00,17201.25,17217.0,SHORT,False,False,False,False,False,NO_LOG_FILLS
,2024-04-22T14:43:25.929049+00:00,2024-04-22T14:44:57.602876+00:00,17225.0,17216.5,SHORT,False,False,False,False,False,NO_LOG_FILLS
,2024-04-22T14:43:25.929049+00:00,2024-04-22T14:49:14.410637+00:00,17225.0,17207.75,SHORT,False,False,False,False,False,NO_LOG_FILLS
,2024-04-22T14:43:25.929049+00:00,2024-04-22T14:49:37.627010+00:00,17225.0,17209.25,SHORT,False,False,False,False,False,NO_LOG_FILLS
,2024-04-22T14:51:09.613619+00:00,2024-04-22T14:51:29.462068+00:00,17199.0,17189.0,LONG,False,False,False,False,False,NO_LOG_FILLS
,2024-04-22T15:05:12.552530+00:00,2024-04-22T15:08:59.537109+00:00,17177.25,17168.25,SHORT,False,False,False,False,False,NO_LOG_FILLS
,2024-04-22T15:05:12.552530+00:00,2024-04-22T15:15:13.642951+00:00,17177.25,17159.5,SHORT,False,False,False,False,False,NO_LOG_FILLS
,2024-04-22T15:05:12.552530+00:00,2024-04-22T15:16:10.179103+00:00,17177.25,17158.0,SHORT,False,False,False,False,False,NO_LOG_FILLS
,2024-04-22T15:19:02.744442+00:00,2024-04-22T15:20:40.857361+00:00,17171.25,17163.75,SHORT,False,False,False,False,False,NO_LOG_FILLS
,2024-04-22T15:19:02.744442+00:00,2024-04-22T15:24:48.610916+00:00,17171.25,17180.5,SHORT,False,False,False,False,False,NO_LOG_FILLS
,2024-04-22T15:29:26.799405+00:00,2024-04-22T15:29:37.801567+00:00,17208.0,17201.0,SHORT,False,False,False,False,False,NO_LOG_FILLS
,2024-04-22T15:29:26.799405+00:00,2024-04-22T15:30:17.478573+00:00,17208.0,17209.25,SHORT,False,False,False,False,False,NO_LOG_FILLS
,2024-04-22T15:41:41.314657+00:00,2024-04-22T15:41:50.629536+00:00,17230.0,17224.0,SHORT,False,False,False,False,False,NO_LOG_FILLS
,2024-04-22T15:41:41.314657+00:00,2024-04-22T15:43:09.705979+00:00,17230.0,17218.0,SHORT,False,False,False,False,False,NO_LOG_FILLS
,2024-04-22T15:41:41.314657+00:00,2024-04-22T15:46:23.462756+00:00,17230.0,17218.0,SHORT,False,False,False,False,False,NO_LOG_FILLS
,2024-04-22T16:14:15.420442+00:00,2024-04-22T16:15:05.097254+00:00,17266.25,17272.75,LONG,False,False,False,False,False,NO_LOG_FILLS
,2024-04-22T16:14:15.420442+00:00,2024-04-22T16:15:58.547361+00:00,17266.25,17279.25,LONG,False,False,False,False,False,NO_LOG_FILLS
,2024-04-22T16:14:15.420442+00:00,2024-04-22T16:18:22.931187+00:00,17266.25,17284.75,LONG,False,False,False,False,False,NO_LOG_FILLS
,2024-04-22T16:18:44.871908+00:00,2024-04-22T16:19:35.819963+00:00,17280.75,17274.0,SHORT,False,False,False,False,False,NO_LOG_FILLS
,2024-04-22T16:18:44.871908+00:00,2024-04-22T16:23:59.527785+00:00,17280.75,17267.0,SHORT,False,False,False,False,False,NO_LOG_FILLS
,2024-04-22T16:18:44.871908+00:00,2024-04-22T16:25:36.521349+00:00,17280.75,17260.75,SHORT,False,False,False,False,False,NO_LOG_FILLS
,2024-04-22T16:35:09.813557+00:00,2024-04-22T16:39:10.015071+00:00,17248.5,17255.75,LONG,False,False,False,False,False,NO_LOG_FILLS
,2024-04-22T16:35:09.813557+00:00,2024-04-22T16:46:17.165258+00:00,17248.5,17263.0,LONG,False,False,False,False,False,NO_LOG_FILLS
,2024-04-22T16:35:09.813557+00:00,2024-04-22T16:46:55.917703+00:00,17248.5,17255.75,LONG,False,False,False,False,False,NO_LOG_FILLS
,2024-04-22T17:15:25.266988+00:00,2024-04-22T17:23:03.361844+00:00,17304.25,17313.5,SHORT,False,False,False,False,False,NO_LOG_FILLS
,2024-04-22T17:36:47.493443+00:00,2024-04-22T17:45:32.250949+00:00,17342.75,17358.75,SHORT,False,False,False,False,False,NO_LOG_FILLS
,2024-04-22T17:49:44.990787+00:00,2024-04-22T17:50:49.503161+00:00,17377.25,17382.5,SHORT,False,False,False,False,False,NO_LOG_FILLS
,2024-04-22T17:55:20.088179+00:00,2024-04-22T17:55:50.083477+00:00,17406.5,17400.25,SHORT,False,False,False,False,False,NO_LOG_FILLS
,2024-04-22T17:55:20.088179+00:00,2024-04-22T17:55:54.469461+00:00,17406.5,17394.25,SHORT,False,False,False,False,False,NO_LOG_FILLS
,2024-04-22T17:55:20.088179+00:00,2024-04-22T17:56:30.791521+00:00,17406.5,17389.25,SHORT,False,False,False,False,False,NO_LOG_FILLS
,2024-04-22T18:25:35.441354+00:00,2024-04-22T18:30:21.271427+00:00,17424.75,17438.0,SHORT,False,False,False,False,False,NO_LOG_FILLS
,2024-04-22T19:18:51.787215+00:00,2024-04-22T19:20:06.239490+00:00,17404.5,17395.75,SHORT,False,False,False,False,False,NO_LOG_FILLS
,2024-04-22T19:18:51.787215+00:00,2024-04-22T19:20:12.711109+00:00,17404.5,17387.25,SHORT,False,False,False,False,False,NO_LOG_FILLS
,2024-04-22T19:18:51.787215+00:00,2024-04-22T19:21:13.439397+00:00,17404.5,17388.0,SHORT,False,False,False,False,False,NO_LOG_FILLS
,2024-04-22T19:38:29.076284+00:00,2024-04-22T19:39:44.061986+00:00,17339.25,17334.0,LONG,False,False,False,False,False,NO_LOG_FILLS
,2024-04-22T19:58:13.914211+00:00,2024-04-22T19:59:38.330908+00:00,17332.5,17350.75,SHORT,False,False,False,False,False,NO_LOG_FILLS
,2024-04-22T19:59:42.953554+00:00,2024-04-22T19:59:50.736254+00:00,17351.0,17352.75,SHORT,False,False,False,False,False,NO_LOG_FILLS
,2024-04-22T19:59:54.986878+00:00,2024-04-22T19:59:57.707498+00:00,17349.75,17354.0,SHORT,False,False,False,False,False,NO_LOG_FILLS
,2024-04-22T20:00:25.992220+00:00,2024-04-22T20:01:30.868595+00:00,17348.25,17340.25,SHORT,False,False,False,False,False,NO_LOG_FILLS
,2024-04-22T20:00:25.992220+00:00,2024-04-22T20:02:26.707356+00:00,17348.25,17332.25,SHORT,False,False,False,False,False,NO_LOG_FILLS
,2024-04-22T20:00:25.992220+00:00,2024-04-22T20:07:56.181144+00:00,17348.25,17332.0,SHORT,False,False,False,False,False,NO_LOG_FILLS
,2024-04-22T22:18:53.248785+00:00,2024-04-22T23:12:20.249003+00:00,17338.25,17329.25,SHORT,False,False,False,False,False,NO_LOG_FILLS
,2024-04-22T22:18:53.248785+00:00,2024-04-22T23:13:08.072062+00:00,17338.25,17320.25,SHORT,False,False,False,False,False,NO_LOG_FILLS
,2024-04-22T22:18:53.248785+00:00,2024-04-22T23:14:21.206250+00:00,17338.25,17299.5,SHORT,False,False,False,False,False,NO_LOG_FILLS
,2024-04-22T23:15:00.218776+00:00,2024-04-22T23:16:36.517206+00:00,17305.5,17315.0,LONG,False,False,False,False,False,NO_LOG_FILLS
,2024-04-22T23:15:00.218776+00:00,2024-04-22T23:30:32.470730+00:00,17305.5,17324.75,LONG,False,False,False,False,False,NO_LOG_FILLS
,2024-04-22T23:15:00.218776+00:00,2024-04-22T23:33:13.419006+00:00,17305.5,17319.0,LONG,False,False,False,False,False,NO_LOG_FILLS
,2024-04-23T00:04:33.052668+00:00,2024-04-23T03:42:19.652542+00:00,17331.0,17335.0,LONG,False,False,False,False,False,NO_LOG_FILLS
,2024-04-23T00:04:33.052668+00:00,2024-04-23T06:52:21.276737+00:00,17331.0,17346.25,LONG,False,False,False,False,False,NO_LOG_FILLS
,2024-04-23T00:04:33.052668+00:00,2024-04-23T07:13:30.070581+00:00,17331.0,17354.75,LONG,False,False,False,False,False,NO_LOG_FILLS
,2024-04-23T02:23:48.283932+00:00,2024-04-23T07:15:11.727616+00:00,17324.0,17348.25,LONG,False,False,False,False,False,NO_LOG_FILLS
,2024-04-23T07:23:47.115352+00:00,2024-04-23T12:08:58.094110+00:00,17365.75,17380.5,LONG,False,False,False,False,False,NO_LOG_FILLS
,2024-04-23T12:06:09.247836+00:00,2024-04-23T12:49:10.109386+00:00,17386.25,17397.75,LONG,False,False,False,False,False,NO_LOG_FILLS
,2024-04-23T12:55:20.621230+00:00,2024-04-23T13:43:48.899376+00:00,17417.25,17457.5,LONG,False,False,False,False,False,NO_LOG_FILLS
,2024-04-23T13:44:52.788286+00:00,2024-04-23T13:46:04.801854+00:00,17448.75,17516.0,LONG,False,False,False,False,False,NO_LOG_FILLS
,2024-04-23T13:45:20.573104+00:00,2024-04-23T13:46:04.801854+00:00,17469.75,17516.0,LONG,False,False,False,False,False,NO_LOG_FILLS
,2024-04-23T13:46:05.537000+00:00,2024-04-23T13:48:36.454206+00:00,17518.5,17501.0,LONG,False,False,False,False,False,NO_LOG_FILLS
,2024-04-23T13:48:40.518556+00:00,2024-04-23T14:11:32.429709+00:00,17495.0,17510.5,LONG,False,False,False,False,False,NO_LOG_FILLS
,2024-04-23T13:49:33.744613+00:00,2024-04-23T14:11:32.429709+00:00,17489.0,17510.5,LONG,False,False,False,False,False,NO_LOG_FILLS
,2024-04-23T13:49:59.788821+00:00,2024-04-23T14:11:32.429709+00:00,17490.25,17510.5,LONG,False,False,False,False,False,NO_LOG_FILLS
,2024-04-23T14:13:23.154424+00:00,2024-04-23T14:19:11.111056+00:00,17532.5,17516.75,LONG,False,False,False,False,False,NO_LOG_FILLS
,2024-04-23T14:19:55.425419+00:00,2024-04-23T14:29:56.415268+00:00,17529.25,17566.0,LONG,False,False,False,False,False,NO_LOG_FILLS
,2024-04-23T14:30:01.740300+00:00,2024-04-23T14:33:49.682640+00:00,17570.25,17589.25,LONG,False,False,False,False,False,NO_LOG_FILLS
,2024-04-23T14:34:01.153731+00:00,2024-04-23T14:35:27.140933+00:00,17597.25,17587.0,LONG,False,False,False,False,False,NO_LOG_FILLS
,2024-04-23T14:37:25.880069+00:00,2024-04-23T14:45:18.780051+00:00,17580.75,17569.0,LONG,False,False,False,False,False,NO_LOG_FILLS
,2024-04-23T14:40:02.060810+00:00,2024-04-23T14:45:18.780051+00:00,17574.75,17569.0,LONG,False,False,False,False,False,NO_LOG_FILLS
,2024-04-23T14:41:51.768157+00:00,2024-04-23T14:45:18.780051+00:00,17580.5,17569.0,LONG,False,False,False,False,False,NO_LOG_FILLS
,2024-04-23T14:45:50.004783+00:00,2024-04-23T14:52:25.892337+00:00,17562.75,17569.0,LONG,False,False,False,False,False,NO_LOG_FILLS
,2024-04-23T14:50:39.716677+00:00,2024-04-23T14:52:25.892337+00:00,17556.25,17569.0,LONG,False,False,False,False,False,NO_LOG_FILLS
,2024-04-23T14:50:53.065145+00:00,2024-04-23T14:52:25.892337+00:00,17557.5,17569.0,LONG,False,False,False,False,False,NO_LOG_FILLS
,2024-04-23T14:54:45.979812+00:00,2024-04-23T14:54:46.574196+00:00,17575.75,17576.75,LONG,False,False,False,False,False,NO_LOG_FILLS
,2024-04-23T14:54:47.011660+00:00,2024-04-23T15:01:02.735734+00:00,17577.0,17585.0,LONG,False,False,False,False,False,NO_LOG_FILLS
,2024-04-23T15:01:03.111371+00:00,2024-04-23T15:20:36.516292+00:00,17586.0,17583.5,LONG,False,False,False,False,False,NO_LOG_FILLS
,2024-04-23T15:21:21.086790+00:00,2024-04-23T15:36:13.303497+00:00,17592.75,17599.75,LONG,False,False,False,False,False,NO_LOG_FILLS
,2024-04-23T15:21:21.086790+00:00,2024-04-23T15:45:14.007769+00:00,17592.75,17576.25,LONG,False,False,False,False,False,NO_LOG_FILLS
,2024-04-23T15:35:22.690454+00:00,2024-04-23T15:59:08.162815+00:00,17592.5,17564.5,LONG,False,False,False,False,False,NO_LOG_FILLS
,2024-04-23T15:54:00.324746+00:00,2024-04-23T16:03:15.953283+00:00,17582.75,17583.0,LONG,False,False,False,False,False,NO_LOG_FILLS
,2024-04-23T15:54:00.324746+00:00,2024-04-23T16:07:46.282508+00:00,17582.75,17591.25,LONG,False,False,False,False,False,NO_LOG_FILLS
,2024-04-23T15:54:00.324746+00:00,2024-04-23T16:10:35.103662+00:00,17582.75,17587.75,LONG,False,False,False,False,False,NO_LOG_FILLS
,2024-04-23T16:00:47.399646+00:00,2024-04-23T16:31:42.193967+00:00,17574.75,17601.5,LONG,False,False,False,False,False,NO_LOG_FILLS
,2024-04-23T16:33:51.187283+00:00,2024-04-23T16:35:44.210956+00:00,17610.5,17603.0,LONG,False,False,False,False,False,NO_LOG_FILLS
,2024-04-23T16:37:04.320779+00:00,2024-04-23T17:08:00.896564+00:00,17594.5,17610.0,LONG,False,False,False,False,False,NO_LOG_FILLS
,2024-04-23T16:55:36.630871+00:00,2024-04-23T17:08:00.896564+00:00,17586.0,17610.0,LONG,False,False,False,False,False,NO_LOG_FILLS
,2024-04-23T16:56:24.074260+00:00,2024-04-23T17:08:00.896564+00:00,17590.0,17610.0,LONG,False,False,False,False,False,NO_LOG_FILLS
,2024-04-23T17:09:14.566807+00:00,2024-04-23T17:17:17.160023+00:00,17602.25,17579.75,LONG,False,False,False,False,False,NO_LOG_FILLS
,2024-04-23T17:10:32.599399+00:00,2024-04-23T17:17:17.160023+00:00,17594.5,17579.75,LONG,False,False,False,False,False,NO_LOG_FILLS
,2024-04-23T17:11:39.264118+00:00,2024-04-23T17:17:17.160023+00:00,17595.75,17579.75,LONG,False,False,False,False,False,NO_LOG_FILLS
,2024-04-23T17:19:02.310273+00:00,2024-04-23T17:25:20.939277+00:00,17586.0,17590.25,LONG,False,False,False,False,False,NO_LOG_FILLS
,2024-04-23T17:38:19.067569+00:00,2024-04-23T17:49:04.832985+00:00,17603.75,17626.0,LONG,False,False,False,False,False,NO_LOG_FILLS
,2024-04-23T17:49:04.319431+00:00,2024-04-23T18:31:11.439079+00:00,17626.5,17641.5,LONG,False,False,False,False,False,NO_LOG_FILLS
,2024-04-23T18:44:05.715675+00:00,2024-04-23T18:55:20.048186+00:00,17653.0,17638.25,LONG,False,False,False,False,False,NO_LOG_FILLS
,2024-04-23T18:44:05.715675+00:00,2024-04-23T18:59:21.653980+00:00,17653.0,17645.5,LONG,False,False,False,False,False,NO_LOG_FILLS
,2024-04-23T18:44:05.715675+00:00,2024-04-23T19:01:07.305807+00:00,17653.0,17637.75,LONG,False,False,False,False,False,NO_LOG_FILLS
,2024-04-23T18:53:55.043802+00:00,2024-04-23T19:01:12.910670+00:00,17631.25,17632.75,LONG,False,False,False,False,False,NO_LOG_FILLS
,2024-04-23T19:01:13.475037+00:00,2024-04-23T19:04:21.037534+00:00,17631.5,17615.75,LONG,False,False,False,False,False,NO_LOG_FILLS
,2024-04-23T19:03:05.032629+00:00,2024-04-23T19:55:22.616442+00:00,17629.0,17619.75,LONG,False,False,False,False,False,NO_LOG_FILLS
,2024-04-23T19:03:05.032629+00:00,2024-04-23T19:56:12.060014+00:00,17629.0,17602.5,LONG,False,False,False,False,False,NO_LOG_FILLS
,2024-04-23T19:54:38.767118+00:00,2024-04-23T19:59:43.638066+00:00,17611.75,17607.0,LONG,False,False,False,False,False,NO_LOG_FILLS
,2024-04-23T19:54:38.767118+00:00,2024-04-23T19:59:45.792431+00:00,17611.75,17615.0,LONG,False,False,False,False,False,NO_LOG_FILLS
,2024-04-23T19:54:38.767118+00:00,2024-04-23T19:59:54.585859+00:00,17611.75,17609.0,LONG,False,False,False,False,False,NO_LOG_FILLS
,2024-04-23T19:59:25.504705+00:00,2024-04-23T19:59:57.888431+00:00,17599.25,17600.0,LONG,False,False,False,False,False,NO_LOG_FILLS
,2024-04-23T19:59:57.477699+00:00,2024-04-23T20:03:10.636611+00:00,17600.25,17633.25,LONG,False,False,False,False,False,NO_LOG_FILLS
,2024-04-23T20:03:15.830331+00:00,2024-04-23T20:07:58.594563+00:00,17616.25,17622.0,LONG,False,False,False,False,False,NO_LOG_FILLS
,2024-04-23T20:03:15.830439+00:00,2024-04-23T20:07:58.594563+00:00,17624.75,17622.0,LONG,False,False,False,False,False,NO_LOG_FILLS
,2024-04-23T20:03:19.520830+00:00,2024-04-23T20:07:58.594563+00:00,17625.25,17622.0,LONG,False,False,False,False,False,NO_LOG_FILLS
,2024-04-24T09:51:53.050162+00:00,2024-04-24T09:56:51.203006+00:00,17671.5,17682.0,LONG,False,False,False,False,False,NO_LOG_FILLS
,2024-04-24T09:51:53.050162+00:00,2024-04-24T10:03:43.111015+00:00,17671.5,17692.5,LONG,False,False,False,False,False,NO_LOG_FILLS
,2024-04-24T09:51:53.050162+00:00,2024-04-24T10:08:07.879856+00:00,17671.5,17686.25,LONG,False,False,False,False,False,NO_LOG_FILLS
,2024-04-24T10:26:41.075093+00:00,2024-04-24T10:41:11.175043+00:00,17704.75,17694.25,SHORT,False,False,False,False,False,NO_LOG_FILLS
,2024-04-24T10:26:41.075093+00:00,2024-04-24T11:15:59.684790+00:00,17704.75,17711.5,SHORT,False,False,False,False,False,NO_LOG_FILLS
,2024-04-24T11:16:21.284575+00:00,2024-04-24T11:16:45.694732+00:00,17713.5,17708.5,LONG,False,False,False,False,False,NO_LOG_FILLS
,2024-04-24T11:17:37.363385+00:00,2024-04-24T11:27:01.387951+00:00,17703.0,17714.0,SHORT,False,False,False,False,False,NO_LOG_FILLS
,2024-04-24T12:52:39.097925+00:00,2024-04-24T12:54:45.624028+00:00,17719.0,17707.75,LONG,False,False,False,False,False,NO_LOG_FILLS
,2024-04-24T13:29:59.486843+00:00,2024-04-24T13:30:01.485898+00:00,17729.25,17736.0,SHORT,False,False,False,False,False,NO_LOG_FILLS
,2024-04-24T13:30:40.423045+00:00,2024-04-24T13:31:59.854221+00:00,17737.5,17745.5,SHORT,False,False,False,False,False,NO_LOG_FILLS
,2024-04-24T13:32:56.429852+00:00,2024-04-24T13:33:17.331884+00:00,17720.0,17722.25,LONG,False,False,False,False,False,NO_LOG_FILLS
,2024-04-24T13:51:51.322755+00:00,2024-04-24T13:52:03.718252+00:00,17789.25,17780.75,SHORT,False,False,False,False,False,NO_LOG_FILLS
,2024-04-24T13:51:51.322755+00:00,2024-04-24T13:52:18.422925+00:00,17789.25,17772.5,SHORT,False,False,False,False,False,NO_LOG_FILLS
,2024-04-24T13:51:51.322755+00:00,2024-04-24T13:54:52.159953+00:00,17789.25,17761.25,SHORT,False,False,False,False,False,NO_LOG_FILLS
,2024-04-24T14:00:59.589889+00:00,2024-04-24T14:01:19.996192+00:00,17742.5,17735.5,SHORT,False,False,False,False,False,NO_LOG_FILLS
,2024-04-24T14:00:59.589889+00:00,2024-04-24T14:03:32.518110+00:00,17742.5,17728.5,SHORT,False,False,False,False,False,NO_LOG_FILLS
,2024-04-24T14:00:59.589889+00:00,2024-04-24T14:03:41.589435+00:00,17742.5,17726.5,SHORT,False,False,False,False,False,NO_LOG_FILLS
,2024-04-24T14:27:03.869082+00:00,2024-04-24T14:29:32.061496+00:00,17731.5,17723.0,SHORT,False,False,False,False,False,NO_LOG_FILLS
,2024-04-24T14:27:03.869082+00:00,2024-04-24T14:35:34.607538+00:00,17731.5,17714.5,SHORT,False,False,False,False,False,NO_LOG_FILLS
,2024-04-24T14:27:03.869082+00:00,2024-04-24T14:35:57.401731+00:00,17731.5,17717.25,SHORT,False,False,False,False,False,NO_LOG_FILLS
,2024-04-24T14:43:41.476466+00:00,2024-04-24T14:45:42.553710+00:00,17709.0,17695.0,LONG,False,False,False,False,False,NO_LOG_FILLS
,2024-04-24T15:02:33.869051+00:00,2024-04-24T15:03:07.998338+00:00,17683.25,17675.0,SHORT,False,False,False,False,False,NO_LOG_FILLS
,2024-04-24T15:02:33.869051+00:00,2024-04-24T15:03:55.712032+00:00,17683.25,17667.0,SHORT,False,False,False,False,False,NO_LOG_FILLS
,2024-04-24T15:02:33.869051+00:00,2024-04-24T15:04:01.736970+00:00,17683.25,17667.75,SHORT,False,False,False,False,False,NO_LOG_FILLS
,2024-04-24T15:24:05.581842+00:00,2024-04-24T15:26:20.861152+00:00,17643.75,17656.5,SHORT,False,False,False,False,False,NO_LOG_FILLS
,2024-04-24T15:26:28.108524+00:00,2024-04-24T15:26:52.117709+00:00,17650.5,17657.0,SHORT,False,False,False,False,False,NO_LOG_FILLS
,2024-04-24T15:30:11.775557+00:00,2024-04-24T15:30:26.277799+00:00,17655.0,17664.75,SHORT,False,False,False,False,False,NO_LOG_FILLS
,2024-04-24T15:45:36.438591+00:00,2024-04-24T15:46:06.036772+00:00,17617.75,17625.5,LONG,False,False,False,False,False,NO_LOG_FILLS
,2024-04-24T15:45:36.438591+00:00,2024-04-24T15:46:38.552204+00:00,17617.75,17610.5,LONG,False,False,False,False,False,NO_LOG_FILLS
,2024-04-24T15:49:07.451362+00:00,2024-04-24T15:56:19.602549+00:00,17631.5,17610.25,LONG,False,False,False,False,False,NO_LOG_FILLS
,2024-04-24T15:57:38.090040+00:00,2024-04-24T15:58:21.403436+00:00,17611.0,17619.0,LONG,False,False,False,False,False,NO_LOG_FILLS
,2024-04-24T15:57:38.090040+00:00,2024-04-24T16:02:04.291622+00:00,17611.0,17602.75,LONG,False,False,False,False,False,NO_LOG_FILLS
,2024-04-24T16:03:39.653790+00:00,2024-04-24T16:04:03.911501+00:00,17612.75,17621.0,LONG,False,False,False,False,False,NO_LOG_FILLS
,2024-04-24T16:03:39.653790+00:00,2024-04-24T16:04:39.352310+00:00,17612.75,17629.5,LONG,False,False,False,False,False,NO_LOG_FILLS
,2024-04-24T16:03:39.653790+00:00,2024-04-24T16:05:18.597545+00:00,17612.75,17619.25,LONG,False,False,False,False,False,NO_LOG_FILLS
,2024-04-24T16:06:11.685761+00:00,2024-04-24T16:07:06.432242+00:00,17610.5,17602.0,SHORT,False,False,False,False,False,NO_LOG_FILLS
,2024-04-24T16:06:11.685761+00:00,2024-04-24T16:10:35.952171+00:00,17610.5,17593.25,SHORT,False,False,False,False,False,NO_LOG_FILLS
,2024-04-24T16:06:11.685761+00:00,2024-04-24T16:11:54.609952+00:00,17610.5,17597.75,SHORT,False,False,False,False,False,NO_LOG_FILLS
,2024-04-24T16:14:51.908325+00:00,2024-04-24T16:15:04.710708+00:00,17590.5,17599.25,LONG,False,False,False,False,False,NO_LOG_FILLS
,2024-04-24T16:14:51.908325+00:00,2024-04-24T16:27:42.866533+00:00,17590.5,17608.0,LONG,False,False,False,False,False,NO_LOG_FILLS
,2024-04-24T16:14:51.908325+00:00,2024-04-24T16:28:59.681743+00:00,17590.5,17600.75,LONG,False,False,False,False,False,NO_LOG_FILLS
,2024-04-24T16:50:48.823608+00:00,2024-04-24T16:52:22.756594+00:00,17589.25,17598.75,LONG,False,False,False,False,False,NO_LOG_FILLS
,2024-04-24T16:50:48.823608+00:00,2024-04-24T16:53:46.718885+00:00,17589.25,17608.25,LONG,False,False,False,False,False,NO_LOG_FILLS
,2024-04-24T16:50:48.823608+00:00,2024-04-24T16:55:27.437993+00:00,17589.25,17602.25,LONG,False,False,False,False,False,NO_LOG_FILLS
,2024-04-24T16:57:50.331130+00:00,2024-04-24T16:59:41.145693+00:00,17615.0,17624.25,LONG,False,False,False,False,False,NO_LOG_FILLS
,2024-04-24T16:57:50.331130+00:00,2024-04-24T17:18:16.928802+00:00,17615.0,17633.75,LONG,False,False,False,False,False,NO_LOG_FILLS
,2024-04-24T16:57:50.331130+00:00,2024-04-24T17:19:43.168881+00:00,17615.0,17634.0,LONG,False,False,False,False,False,NO_LOG_FILLS
,2024-04-24T17:33:44.650739+00:00,2024-04-24T17:37:41.423762+00:00,17662.5,17673.75,SHORT,False,False,False,False,False,NO_LOG_FILLS
,2024-04-24T17:52:04.892141+00:00,2024-04-24T17:58:12.752541+00:00,17693.5,17700.25,LONG,False,False,False,False,False,NO_LOG_FILLS
,2024-04-24T17:52:04.892141+00:00,2024-04-24T18:02:17.772690+00:00,17693.5,17682.0,LONG,False,False,False,False,False,NO_LOG_FILLS
,2024-04-24T18:08:33.105708+00:00,2024-04-24T18:09:05.063714+00:00,17666.75,17674.0,LONG,False,False,False,False,False,NO_LOG_FILLS
,2024-04-24T18:08:33.105708+00:00,2024-04-24T18:14:23.529316+00:00,17666.75,17652.75,LONG,False,False,False,False,False,NO_LOG_FILLS
,2024-04-24T18:41:07.707331+00:00,2024-04-24T18:45:13.913424+00:00,17628.5,17642.75,SHORT,False,False,False,False,False,NO_LOG_FILLS
,2024-04-24T18:41:09.256670+00:00,2024-04-24T18:59:27.195708+00:00,17628.5,17610.5,SHORT,False,False,False,False,False,NO_LOG_FILLS
,2024-04-24T18:41:09.256670+00:00,2024-04-24T19:08:23.692549+00:00,17628.5,17622.5,SHORT,False,False,False,False,False,NO_LOG_FILLS
,2024-04-24T18:59:11.603889+00:00,2024-04-24T19:22:38.840433+00:00,17619.75,17653.5,SHORT,False,False,False,False,False,NO_LOG_FILLS
,2024-04-24T18:59:13.207763+00:00,2024-04-24T19:29:00.683597+00:00,17619.75,17664.0,SHORT,False,False,False,False,False,NO_LOG_FILLS
,2024-04-24T18:59:13.207763+00:00,2024-04-24T19:48:59.692846+00:00,17619.75,17683.25,SHORT,False,False,False,False,False,NO_LOG_FILLS
,2024-04-24T19:16:25.173441+00:00,2024-04-24T20:20:13.299397+00:00,17642.25,17530.25,SHORT,False,False,False,False,False,NO_LOG_FILLS
,2024-04-24T19:16:25.173441+00:00,2024-04-24T20:21:02.090751+00:00,17642.25,17516.75,SHORT,False,False,False,False,False,NO_LOG_FILLS
,2024-04-24T19:16:25.173441+00:00,2024-04-24T20:23:22.474232+00:00,17642.25,17500.5,SHORT,False,False,False,False,False,NO_LOG_FILLS
,2024-04-24T19:16:26.704063+00:00,2024-04-24T20:27:19.199800+00:00,17642.25,17498.0,SHORT,False,False,False,False,False,NO_LOG_FILLS
,2024-04-24T19:28:20.498623+00:00,2024-04-24T20:27:20.978892+00:00,17672.0,17498.0,SHORT,False,False,False,False,False,NO_LOG_FILLS
,2024-04-24T19:28:22.065852+00:00,2024-04-24T22:27:51.755246+00:00,17672.0,17476.0,SHORT,False,False,False,False,False,NO_LOG_FILLS
,2024-04-24T20:10:45.208333+00:00,2024-04-24T23:09:58.101400+00:00,17544.0,17475.25,SHORT,False,False,False,False,False,NO_LOG_FILLS
,2024-04-25T00:03:43.709235+00:00,2024-04-25T00:07:47.131684+00:00,17483.0,17476.75,LONG,False,False,False,False,False,NO_LOG_FILLS
,2024-04-25T00:19:24.615335+00:00,2024-04-25T00:34:04.512730+00:00,17466.0,17478.5,LONG,False,False,False,False,False,NO_LOG_FILLS
,2024-04-25T00:19:24.615335+00:00,2024-04-25T00:49:34.617138+00:00,17466.0,17490.75,LONG,False,False,False,False,False,NO_LOG_FILLS
,2024-04-25T00:19:24.615335+00:00,2024-04-25T00:53:58.641370+00:00,17466.0,17486.75,LONG,False,False,False,False,False,NO_LOG_FILLS
,2024-04-25T05:31:25.215564+00:00,2024-04-25T05:55:29.345059+00:00,17433.5,17422.0,LONG,False,False,False,False,False,NO_LOG_FILLS
,2024-04-25T07:33:24.834829+00:00,2024-04-25T07:48:02.830819+00:00,17450.0,17460.75,LONG,False,False,False,False,False,NO_LOG_FILLS
,2024-04-25T07:33:24.834829+00:00,2024-04-25T08:03:20.994867+00:00,17450.0,17471.25,LONG,False,False,False,False,False,NO_LOG_FILLS
,2024-04-25T07:33:24.834829+00:00,2024-04-25T08:25:33.585550+00:00,17450.0,17481.25,LONG,False,False,False,False,False,NO_LOG_FILLS
,2024-04-25T11:02:42.379957+00:00,2024-04-25T11:04:10.317094+00:00,17468.75,17479.25,LONG,False,False,False,False,False,NO_LOG_FILLS
,2024-04-25T11:02:42.379957+00:00,2024-04-25T11:17:21.833044+00:00,17468.75,17489.5,LONG,False,False,False,False,False,NO_LOG_FILLS
,2024-04-25T11:02:42.379957+00:00,2024-04-25T11:23:00.675068+00:00,17468.75,17488.75,LONG,False,False,False,False,False,NO_LOG_FILLS
,2024-04-25T11:36:21.727734+00:00,2024-04-25T11:36:51.020292+00:00,17471.5,17475.75,SHORT,False,False,False,False,False,NO_LOG_FILLS
,2024-04-25T12:33:10.552999+00:00,2024-04-25T12:35:13.982841+00:00,17414.5,17428.0,LONG,False,False,False,False,False,NO_LOG_FILLS
,2024-04-25T12:33:10.552999+00:00,2024-04-25T12:46:18.079912+00:00,17414.5,17392.0,LONG,False,False,False,False,False,NO_LOG_FILLS
,2024-04-25T13:30:00.194357+00:00,2024-04-25T13:30:02.643346+00:00,17347.5,17338.0,SHORT,False,False,False,False,False,NO_LOG_FILLS
,2024-04-25T13:30:00.194357+00:00,2024-04-25T13:30:05.235580+00:00,17347.5,17328.5,SHORT,False,False,False,False,False,NO_LOG_FILLS
,2024-04-25T13:30:00.194357+00:00,2024-04-25T13:30:09.291879+00:00,17347.5,17338.5,SHORT,False,False,False,False,False,NO_LOG_FILLS
,2024-04-25T13:30:16.301120+00:00,2024-04-25T13:31:13.366413+00:00,17347.25,17356.5,LONG,False,False,False,False,False,NO_LOG_FILLS
,2024-04-25T13:30:16.301120+00:00,2024-04-25T13:31:42.656119+00:00,17347.25,17328.0,LONG,False,False,False,False,False,NO_LOG_FILLS
,2024-04-25T13:34:54.969979+00:00,2024-04-25T13:35:16.437726+00:00,17315.75,17320.0,SHORT,False,False,False,False,False,NO_LOG_FILLS
,2024-04-25T13:36:30.988284+00:00,2024-04-25T13:36:31.488166+00:00,17328.75,17325.0,SHORT,False,False,False,False,False,NO_LOG_FILLS
,2024-04-25T13:47:15.246757+00:00,2024-04-25T13:47:29.688688+00:00,17365.5,17381.0,SHORT,False,False,False,False,False,NO_LOG_FILLS
,2024-04-25T13:50:56.289299+00:00,2024-04-25T13:51:07.213801+00:00,17363.75,17353.75,SHORT,False,False,False,False,False,NO_LOG_FILLS
,2024-04-25T13:50:56.289299+00:00,2024-04-25T13:51:26.572861+00:00,17363.75,17371.0,SHORT,False,False,False,False,False,NO_LOG_FILLS
,2024-04-25T14:11:02.232405+00:00,2024-04-25T14:11:02.898447+00:00,17393.75,17393.5,LONG,False,False,False,False,False,NO_LOG_FILLS
,2024-04-25T14:15:58.848469+00:00,2024-04-25T14:17:39.867445+00:00,17408.25,17422.5,SHORT,False,False,False,False,False,NO_LOG_FILLS
,2024-04-25T14:29:03.867675+00:00,2024-04-25T14:30:15.150625+00:00,17434.0,17425.5,SHORT,False,False,False,False,False,NO_LOG_FILLS
,2024-04-25T14:29:03.867675+00:00,2024-04-25T14:33:01.090384+00:00,17434.0,17416.75,SHORT,False,False,False,False,False,NO_LOG_FILLS
,2024-04-25T14:29:03.867675+00:00,2024-04-25T14:35:05.165635+00:00,17434.0,17387.0,SHORT,False,False,False,False,False,NO_LOG_FILLS
,2024-04-25T14:43:03.619728+00:00,2024-04-25T14:43:17.121161+00:00,17373.5,17382.25,LONG,False,False,False,False,False,NO_LOG_FILLS
,2024-04-25T14:43:03.619728+00:00,2024-04-25T14:43:29.310991+00:00,17373.5,17390.75,LONG,False,False,False,False,False,NO_LOG_FILLS
,2024-04-25T14:43:03.619728+00:00,2024-04-25T14:45:09.642331+00:00,17373.5,17387.75,LONG,False,False,False,False,False,NO_LOG_FILLS
,2024-04-25T14:45:10.142933+00:00,2024-04-25T14:45:20.757898+00:00,17391.0,17397.5,SHORT,False,False,False,False,False,NO_LOG_FILLS
,2024-04-25T15:05:19.302500+00:00,2024-04-25T15:11:13.523614+00:00,17376.25,17391.25,SHORT,False,False,False,False,False,NO_LOG_FILLS
,2024-04-25T15:35:05.104292+00:00,2024-04-25T15:36:52.625115+00:00,17377.25,17386.0,LONG,False,False,False,False,False,NO_LOG_FILLS
,2024-04-25T15:35:05.104292+00:00,2024-04-25T15:42:24.212134+00:00,17377.25,17394.75,LONG,False,False,False,False,False,NO_LOG_FILLS
,2024-04-25T15:35:05.104292+00:00,2024-04-25T15:43:38.360517+00:00,17377.25,17387.0,LONG,False,False,False,False,False,NO_LOG_FILLS
,2024-04-25T15:52:09.455754+00:00,2024-04-25T15:52:32.355772+00:00,17390.75,17382.25,SHORT,False,False,False,False,False,NO_LOG_FILLS
,2024-04-25T15:52:09.455754+00:00,2024-04-25T15:52:43.964018+00:00,17390.75,17373.75,SHORT,False,False,False,False,False,NO_LOG_FILLS
,2024-04-25T15:52:09.455754+00:00,2024-04-25T15:54:03.307488+00:00,17390.75,17383.5,SHORT,False,False,False,False,False,NO_LOG_FILLS
,2024-04-25T16:11:45.584623+00:00,2024-04-25T16:15:04.311589+00:00,17412.5,17421.75,LONG,False,False,False,False,False,NO_LOG_FILLS
,2024-04-25T16:11:45.584623+00:00,2024-04-25T16:16:50.302020+00:00,17412.5,17431.25,LONG,False,False,False,False,False,NO_LOG_FILLS
,2024-04-25T16:11:45.584623+00:00,2024-04-25T16:19:29.738983+00:00,17412.5,17434.0,LONG,False,False,False,False,False,NO_LOG_FILLS
,2024-04-25T16:25:57.374231+00:00,2024-04-25T16:26:59.104903+00:00,17455.75,17462.5,SHORT,False,False,False,False,False,NO_LOG_FILLS
,2024-04-25T16:27:46.895231+00:00,2024-04-25T16:28:48.218119+00:00,17452.75,17463.25,SHORT,False,False,False,False,False,NO_LOG_FILLS
,2024-04-25T16:35:41.677087+00:00,2024-04-25T16:37:03.477804+00:00,17458.75,17462.75,SHORT,False,False,False,False,False,NO_LOG_FILLS
,2024-04-25T16:58:27.843232+00:00,2024-04-25T17:04:20.564649+00:00,17493.5,17507.5,SHORT,False,False,False,False,False,NO_LOG_FILLS
,2024-04-25T17:33:42.931369+00:00,2024-04-25T17:34:11.374202+00:00,17502.25,17509.0,SHORT,False,False,False,False,False,NO_LOG_FILLS
,2024-04-25T17:55:47.213766+00:00,2024-04-25T17:55:47.839522+00:00,17571.5,17572.25,SHORT,False,False,False,False,False,NO_LOG_FILLS
,2024-04-25T18:19:10.236788+00:00,2024-04-25T18:23:10.260648+00:00,17572.5,17565.0,SHORT,False,False,False,False,False,NO_LOG_FILLS
,2024-04-25T18:19:10.236788+00:00,2024-04-25T18:24:56.843461+00:00,17572.5,17557.5,SHORT,False,False,False,False,False,NO_LOG_FILLS
,2024-04-25T18:19:10.236788+00:00,2024-04-25T18:25:28.817444+00:00,17572.5,17556.75,SHORT,False,False,False,False,False,NO_LOG_FILLS
,2024-04-25T18:41:03.022575+00:00,2024-04-25T18:47:04.899359+00:00,17516.25,17494.5,LONG,False,False,False,False,False,NO_LOG_FILLS
,2024-04-25T19:29:42.009752+00:00,2024-04-25T19:32:02.691742+00:00,17598.25,17584.75,LONG,False,False,False,False,False,NO_LOG_FILLS
,2024-04-25T20:01:05.153082+00:00,2024-04-25T20:01:43.472995+00:00,17613.25,17638.0,SHORT,False,False,False,False,False,NO_LOG_FILLS
,2024-04-25T20:06:09.150080+00:00,2024-04-25T20:06:27.872655+00:00,17785.5,17771.25,SHORT,False,False,False,False,False,NO_LOG_FILLS
,2024-04-25T20:06:09.150080+00:00,2024-04-25T20:49:15.751711+00:00,17785.5,17818.5,SHORT,False,False,False,False,False,NO_LOG_FILLS
,2024-04-25T22:25:02.707210+00:00,2024-04-25T23:11:40.097438+00:00,17772.75,17754.75,LONG,False,False,False,False,False,NO_LOG_FILLS
,2024-04-26T01:16:08.134677+00:00,2024-04-26T01:35:11.461551+00:00,17762.75,17777.0,LONG,False,False,False,False,False,NO_LOG_FILLS
,2024-04-26T01:16:08.134677+00:00,2024-04-26T06:43:58.364143+00:00,17762.75,17791.0,LONG,False,False,False,False,False,NO_LOG_FILLS
,2024-04-26T01:16:08.134677+00:00,2024-04-26T06:46:49.007286+00:00,17762.75,17783.75,LONG,False,False,False,False,False,NO_LOG_FILLS
,2024-04-26T08:35:37.697750+00:00,2024-04-26T08:53:08.487765+00:00,17746.5,17735.5,SHORT,False,False,False,False,False,NO_LOG_FILLS
,2024-04-26T08:35:37.697750+00:00,2024-04-26T09:04:45.380986+00:00,17746.5,17724.25,SHORT,False,False,False,False,False,NO_LOG_FILLS
,2024-04-26T08:35:37.697750+00:00,2024-04-26T09:13:15.712776+00:00,17746.5,17724.75,SHORT,False,False,False,False,False,NO_LOG_FILLS
,2024-04-26T09:34:53.304899+00:00,2024-04-26T10:13:21.744103+00:00,17729.5,17739.75,LONG,False,False,False,False,False,NO_LOG_FILLS
,2024-04-26T09:34:53.304899+00:00,2024-04-26T11:08:43.883093+00:00,17729.5,17750.0,LONG,False,False,False,False,False,NO_LOG_FILLS
,2024-04-26T09:34:53.304899+00:00,2024-04-26T11:24:20.530754+00:00,17729.5,17755.25,LONG,False,False,False,False,False,NO_LOG_FILLS
,2024-04-26T12:33:29.777434+00:00,2024-04-26T12:33:47.931918+00:00,17748.5,17764.0,LONG,False,False,False,False,False,NO_LOG_FILLS
,2024-04-26T12:33:29.777434+00:00,2024-04-26T12:35:12.518085+00:00,17748.5,17742.25,LONG,False,False,False,False,False,NO_LOG_FILLS
,2024-04-26T12:52:58.057998+00:00,2024-04-26T12:53:14.843804+00:00,17704.25,17711.25,SHORT,False,False,False,False,False,NO_LOG_FILLS
,2024-04-26T13:29:40.630520+00:00,2024-04-26T13:31:50.787602+00:00,17699.75,17676.5,LONG,False,False,False,False,False,NO_LOG_FILLS
,2024-04-26T13:46:34.409190+00:00,2024-04-26T13:47:04.638114+00:00,17730.0,17744.75,SHORT,False,False,False,False,False,NO_LOG_FILLS
,2024-04-26T14:11:31.110628+00:00,2024-04-26T14:12:05.429718+00:00,17817.0,17826.5,SHORT,False,False,False,False,False,NO_LOG_FILLS
,2024-04-26T14:21:00.869817+00:00,2024-04-26T14:21:13.502948+00:00,17824.0,17818.5,LONG,False,False,False,False,False,NO_LOG_FILLS
,2024-04-26T14:23:18.524099+00:00,2024-04-26T14:28:56.460551+00:00,17825.0,17812.25,LONG,False,False,False,False,False,NO_LOG_FILLS
,2024-04-26T14:56:03.140643+00:00,2024-04-26T14:57:13.152953+00:00,17851.0,17859.25,SHORT,False,False,False,False,False,NO_LOG_FILLS
,2024-04-26T15:15:21.234498+00:00,2024-04-26T15:18:13.837389+00:00,17834.25,17842.25,SHORT,False,False,False,False,False,NO_LOG_FILLS
,2024-04-26T15:46:07.057324+00:00,2024-04-26T15:48:26.166095+00:00,17858.5,17868.0,SHORT,False,False,False,False,False,NO_LOG_FILLS
,2024-04-26T16:01:59.399267+00:00,2024-04-26T16:25:42.552295+00:00,17843.0,17851.5,LONG,False,False,False,False,False,NO_LOG_FILLS
,2024-04-26T16:01:59.399267+00:00,2024-04-26T16:36:58.003942+00:00,17843.0,17859.75,LONG,False,False,False,False,False,NO_LOG_FILLS
,2024-04-26T16:01:59.399267+00:00,2024-04-26T16:40:33.571189+00:00,17843.0,17863.75,LONG,False,False,False,False,False,NO_LOG_FILLS
,2024-04-26T17:16:27.497137+00:00,2024-04-26T17:16:53.905319+00:00,17888.75,17881.0,SHORT,False,False,False,False,False,NO_LOG_FILLS
,2024-04-26T17:16:27.497137+00:00,2024-04-26T17:25:21.440878+00:00,17888.75,17894.0,SHORT,False,False,False,False,False,NO_LOG_FILLS
,2024-04-26T17:39:33.263335+00:00,2024-04-26T17:40:44.056958+00:00,17882.75,17875.75,SHORT,False,False,False,False,False,NO_LOG_FILLS
,2024-04-26T17:39:33.263335+00:00,2024-04-26T17:41:16.866235+00:00,17882.75,17868.75,SHORT,False,False,False,False,False,NO_LOG_FILLS
,2024-04-26T17:39:33.263335+00:00,2024-04-26T17:41:38.097815+00:00,17882.75,17868.25,SHORT,False,False,False,False,False,NO_LOG_FILLS
,2024-04-26T18:35:38.912629+00:00,2024-04-26T18:36:04.977991+00:00,17846.25,17853.75,LONG,False,False,False,False,False,NO_LOG_FILLS
,2024-04-26T18:35:38.912629+00:00,2024-04-26T18:58:56.026187+00:00,17846.25,17861.25,LONG,False,False,False,False,False,NO_LOG_FILLS
,2024-04-26T18:35:38.912629+00:00,2024-04-26T19:02:10.723851+00:00,17846.25,17865.5,LONG,False,False,False,False,False,NO_LOG_FILLS
,2024-04-26T18:35:40.514090+00:00,2024-04-26T19:21:59.964190+00:00,17846.25,17879.25,LONG,False,False,False,False,False,NO_LOG_FILLS
,2024-04-26T18:35:40.514090+00:00,2024-04-26T19:24:04.894466+00:00,17846.25,17886.5,LONG,False,False,False,False,False,NO_LOG_FILLS
,2024-04-26T18:35:40.514090+00:00,2024-04-26T19:28:48.454894+00:00,17846.25,17883.75,LONG,False,False,False,False,False,NO_LOG_FILLS
,2024-04-26T19:09:43.444279+00:00,2024-04-26T19:49:01.906703+00:00,17871.0,17873.25,LONG,False,False,False,False,False,NO_LOG_FILLS
,2024-04-26T19:09:43.444279+00:00,2024-04-26T19:55:27.557856+00:00,17871.0,17853.5,LONG,False,False,False,False,False,NO_LOG_FILLS
,2024-04-28T23:30:42.769628+00:00,2024-04-28T23:31:53.689256+00:00,17869.5,17876.5,LONG,False,False,False,False,False,NO_LOG_FILLS
,2024-04-28T23:30:42.769628+00:00,2024-04-28T23:52:39.739237+00:00,17869.5,17883.25,LONG,False,False,False,False,False,NO_LOG_FILLS
,2024-04-29T00:14:59.941513+00:00,2024-04-29T04:35:40.013078+00:00,17885.0,17915.0,SHORT,False,False,False,False,False,NO_LOG_FILLS
,2024-04-29T04:35:40.013078+00:00,2024-04-29T04:40:23.398767+00:00,17915.0,17908.75,LONG,False,False,False,False,False,NO_LOG_FILLS
,2024-04-29T04:40:23.398767+00:00,2024-04-29T05:30:00.290853+00:00,17908.75,17916.5,SHORT,False,False,False,False,False,NO_LOG_FILLS
,2024-04-29T05:30:00.290853+00:00,2024-04-29T06:02:49.832508+00:00,17916.5,17906.75,LONG,False,False,False,False,False,NO_LOG_FILLS
,2024-04-29T06:02:49.832508+00:00,2024-04-29T13:10:08.427503+00:00,17906.75,17911.0,SHORT,False,False,False,False,False,NO_LOG_FILLS
,2024-04-29T12:56:26.877449+00:00,2024-04-29T13:30:00.969707+00:00,17921.75,17928.5,SHORT,False,False,False,False,False,NO_LOG_FILLS
,2024-04-29T12:56:26.877449+00:00,2024-04-29T13:35:22.964530+00:00,17921.75,17930.25,SHORT,False,False,False,False,False,NO_LOG_FILLS
,2024-04-29T13:34:01.136242+00:00,2024-04-29T13:37:00.141464+00:00,17940.75,17919.5,SHORT,False,False,False,False,False,NO_LOG_FILLS
,2024-04-29T13:34:01.136242+00:00,2024-04-29T13:37:49.759091+00:00,17940.75,17904.5,SHORT,False,False,False,False,False,NO_LOG_FILLS
,2024-04-29T13:34:01.136242+00:00,2024-04-29T14:18:45.985049+00:00,17940.75,17886.75,SHORT,False,False,False,False,False,NO_LOG_FILLS
,2024-04-29T14:17:50.912600+00:00,2024-04-29T14:20:35.381660+00:00,17894.0,17903.25,SHORT,False,False,False,False,False,NO_LOG_FILLS
,2024-04-29T14:17:50.912600+00:00,2024-04-29T14:24:57.524846+00:00,17894.0,17887.0,SHORT,False,False,False,False,False,NO_LOG_FILLS
,2024-04-29T14:24:57.524846+00:00,2024-04-29T14:28:18.847982+00:00,17887.0,17894.25,LONG,False,False,False,False,False,NO_LOG_FILLS
,2024-04-29T14:24:57.524846+00:00,2024-04-29T14:30:09.387212+00:00,17887.0,17901.25,LONG,False,False,False,False,False,NO_LOG_FILLS
,2024-04-29T14:30:33.842173+00:00,2024-04-29T14:40:36.084892+00:00,17901.25,17886.75,SHORT,False,False,False,False,False,NO_LOG_FILLS
,2024-04-29T14:40:36.084892+00:00,2024-04-29T14:43:10.459505+00:00,17886.75,17893.5,LONG,False,False,False,False,False,NO_LOG_FILLS
,2024-04-29T14:40:36.084892+00:00,2024-04-29T14:44:11.735520+00:00,17886.75,17900.25,LONG,False,False,False,False,False,NO_LOG_FILLS
,2024-04-29T14:44:58.918403+00:00,2024-04-29T15:06:46.857684+00:00,17894.75,17875.0,SHORT,False,False,False,False,False,NO_LOG_FILLS
,2024-04-29T15:06:46.857684+00:00,2024-04-29T15:14:15.543136+00:00,17875.0,17883.5,LONG,False,False,False,False,False,NO_LOG_FILLS
,2024-04-29T15:06:46.857684+00:00,2024-04-29T15:32:54.694131+00:00,17875.0,17859.5,LONG,False,False,False,False,False,NO_LOG_FILLS
,2024-04-29T15:32:54.694131+00:00,2024-04-29T15:41:37.753511+00:00,17859.5,17865.5,SHORT,False,False,False,False,False,NO_LOG_FILLS
,2024-04-29T15:41:37.753511+00:00,2024-04-29T15:43:00.434531+00:00,17865.5,17874.25,LONG,False,False,False,False,False,NO_LOG_FILLS
,2024-04-29T15:41:37.753511+00:00,2024-04-29T15:44:36.588348+00:00,17865.5,17883.0,LONG,False,False,False,False,False,NO_LOG_FILLS
,2024-04-29T15:45:11.956539+00:00,2024-04-29T16:29:40.048702+00:00,17878.0,17905.25,SHORT,False,False,False,False,False,NO_LOG_FILLS
,2024-04-29T16:18:27.965847+00:00,2024-04-29T16:29:40.048702+00:00,17896.75,17905.25,SHORT,False,False,False,False,False,NO_LOG_FILLS
,2024-04-29T16:18:27.965847+00:00,2024-04-29T16:34:10.756486+00:00,17896.75,17912.25,SHORT,False,False,False,False,False,NO_LOG_FILLS
,2024-04-29T16:34:10.756486+00:00,2024-04-29T16:39:49.139462+00:00,17912.25,17898.0,LONG,False,False,False,False,False,NO_LOG_FILLS
,2024-04-29T16:39:49.139462+00:00,2024-04-29T16:42:54.772043+00:00,17898.0,17902.25,SHORT,False,False,False,False,False,NO_LOG_FILLS
,2024-04-29T16:41:41.008422+00:00,2024-04-29T16:42:54.772043+00:00,17888.75,17902.25,SHORT,False,False,False,False,False,NO_LOG_FILLS
,2024-04-29T16:41:41.008422+00:00,2024-04-29T16:52:10.452086+00:00,17888.75,17892.75,SHORT,False,False,False,False,False,NO_LOG_FILLS
,2024-04-29T16:46:54.606052+00:00,2024-04-29T17:01:42.601545+00:00,17899.5,17886.0,SHORT,False,False,False,False,False,NO_LOG_FILLS
,2024-04-29T16:46:54.606052+00:00,2024-04-29T17:03:04.788612+00:00,17899.5,17888.5,SHORT,False,False,False,False,False,NO_LOG_FILLS
,2024-04-29T16:46:54.606052+00:00,2024-04-29T17:03:05.615452+00:00,17899.5,17888.25,SHORT,False,False,False,False,False,NO_LOG_FILLS
,2024-04-29T17:03:05.615452+00:00,2024-04-29T17:06:13.000901+00:00,17888.25,17880.25,LONG,False,False,False,False,False,NO_LOG_FILLS
,2024-04-29T17:06:13.000901+00:00,2024-04-29T17:09:52.388579+00:00,17880.25,17884.25,SHORT,False,False,False,False,False,NO_LOG_FILLS
,2024-04-29T17:06:21.751968+00:00,2024-04-29T17:09:52.388579+00:00,17878.25,17884.25,SHORT,False,False,False,False,False,NO_LOG_FILLS
,2024-04-29T17:06:21.751968+00:00,2024-04-29T17:30:48.494773+00:00,17878.25,17915.75,SHORT,False,False,False,False,False,NO_LOG_FILLS
,2024-04-29T17:30:28.958586+00:00,2024-04-29T17:34:49.638847+00:00,17922.5,17927.0,SHORT,False,False,False,False,False,NO_LOG_FILLS
,2024-04-29T17:30:28.958586+00:00,2024-04-29T17:46:04.998725+00:00,17922.5,17928.75,SHORT,False,False,False,False,False,NO_LOG_FILLS
,2024-04-29T17:39:42.102874+00:00,2024-04-29T17:46:04.998725+00:00,17921.75,17928.75,SHORT,False,False,False,False,False,NO_LOG_FILLS
,2024-04-29T17:39:42.102874+00:00,2024-04-29T18:40:15.392906+00:00,17921.75,17864.25,SHORT,False,False,False,False,False,NO_LOG_FILLS
,2024-04-29T18:37:11.610134+00:00,2024-04-29T18:40:15.392906+00:00,17855.0,17864.25,SHORT,False,False,False,False,False,NO_LOG_FILLS
,2024-04-29T18:37:11.610134+00:00,2024-04-29T19:03:46.871933+00:00,17855.0,17811.5,SHORT,False,False,False,False,False,NO_LOG_FILLS
,2024-04-29T19:03:46.871933+00:00,2024-04-29T19:03:58.973818+00:00,17811.5,17819.5,LONG,False,False,False,False,False,NO_LOG_FILLS
,2024-04-29T19:03:46.871933+00:00,2024-04-29T19:06:30.784274+00:00,17811.5,17801.0,LONG,False,False,False,False,False,NO_LOG_FILLS
,2024-04-29T19:06:30.784274+00:00,2024-04-29T19:07:33.479999+00:00,17801.0,17802.75,SHORT,False,False,False,False,False,NO_LOG_FILLS
,2024-04-29T19:07:33.479999+00:00,2024-04-29T19:07:41.495120+00:00,17802.75,17810.75,LONG,False,False,False,False,False,NO_LOG_FILLS
,2024-04-29T19:07:33.479999+00:00,2024-04-29T19:08:00.230169+00:00,17802.75,17818.75,LONG,False,False,False,False,False,NO_LOG_FILLS
,2024-04-29T19:09:49.535098+00:00,2024-04-29T19:20:13.350098+00:00,17824.25,17848.0,SHORT,False,False,False,False,False,NO_LOG_FILLS
,2024-04-29T19:20:13.350098+00:00,2024-04-29T19:21:18.084695+00:00,17848.0,17855.5,LONG,False,False,False,False,False,NO_LOG_FILLS
,2024-04-29T19:20:13.350098+00:00,2024-04-29T19:24:06.865717+00:00,17848.0,17841.75,LONG,False,False,False,False,False,NO_LOG_FILLS
,2024-04-29T19:24:06.865717+00:00,2024-04-29T19:25:20.947627+00:00,17841.75,17856.5,SHORT,False,False,False,False,False,NO_LOG_FILLS
,2024-04-29T19:25:20.947627+00:00,2024-04-29T19:28:07.492284+00:00,17856.5,17841.5,LONG,False,False,False,False,False,NO_LOG_FILLS
,2024-04-29T19:28:07.492284+00:00,2024-04-29T19:59:49.582487+00:00,17841.5,17904.75,SHORT,False,False,False,False,False,NO_LOG_FILLS
,2024-04-29T19:59:49.582487+00:00,2024-04-29T20:00:04.750528+00:00,17904.75,17912.25,LONG,False,False,False,False,False,NO_LOG_FILLS
,2024-04-29T19:59:49.582487+00:00,2024-04-29T20:00:13.587917+00:00,17904.75,17920.0,LONG,False,False,False,False,False,NO_LOG_FILLS
,2024-04-29T20:00:43.593632+00:00,2024-04-29T23:47:10.804190+00:00,17921.75,17910.25,SHORT,False,False,False,False,False,NO_LOG_FILLS
,2024-04-29T23:13:26.744085+00:00,2024-04-29T23:47:10.804190+00:00,17907.0,17910.25,SHORT,False,False,False,False,False,NO_LOG_FILLS
,2024-04-30T01:30:02.369130+00:00,2024-04-30T05:13:49.476926+00:00,17916.5,17897.0,LONG,False,False,False,False,False,NO_LOG_FILLS
,2024-04-30T08:07:05.980046+00:00,2024-04-30T08:12:20.264598+00:00,17892.0,17883.75,SHORT,False,False,False,False,False,NO_LOG_FILLS
,2024-04-30T08:07:05.980046+00:00,2024-04-30T08:42:33.904339+00:00,17892.0,17882.0,SHORT,False,False,False,False,False,NO_LOG_FILLS
,2024-04-30T11:03:47.175731+00:00,2024-04-30T11:27:33.405892+00:00,17881.75,17871.75,SHORT,False,False,False,False,False,NO_LOG_FILLS
,2024-04-30T11:03:47.175731+00:00,2024-04-30T12:30:00.756788+00:00,17881.75,17862.0,SHORT,False,False,False,False,False,NO_LOG_FILLS
,2024-04-30T11:03:47.175731+00:00,2024-04-30T12:30:34.719928+00:00,17881.75,17825.5,SHORT,False,False,False,False,False,NO_LOG_FILLS
,2024-04-30T12:39:58.186334+00:00,2024-04-30T12:40:08.235905+00:00,17807.5,17796.5,SHORT,False,False,False,False,False,NO_LOG_FILLS
,2024-04-30T12:39:58.186334+00:00,2024-04-30T12:53:01.149182+00:00,17807.5,17829.5,SHORT,False,False,False,False,False,NO_LOG_FILLS
,2024-04-30T13:30:23.748211+00:00,2024-04-30T13:30:38.023382+00:00,17841.0,17849.0,LONG,False,False,False,False,False,NO_LOG_FILLS
,2024-04-30T13:30:23.748211+00:00,2024-04-30T13:34:20.425654+00:00,17841.0,17857.0,LONG,False,False,False,False,False,NO_LOG_FILLS
,2024-04-30T13:30:23.748211+00:00,2024-04-30T13:35:01.759235+00:00,17841.0,17851.25,LONG,False,False,False,False,False,NO_LOG_FILLS
,2024-04-30T13:35:02.228393+00:00,2024-04-30T13:35:09.358882+00:00,17851.75,17844.5,SHORT,False,False,False,False,False,NO_LOG_FILLS
,2024-04-30T13:39:10.932050+00:00,2024-04-30T13:39:53.897390+00:00,17838.0,17846.0,LONG,False,False,False,False,False,NO_LOG_FILLS
,2024-04-30T13:39:10.932050+00:00,2024-04-30T13:40:29.217068+00:00,17838.0,17854.0,LONG,False,False,False,False,False,NO_LOG_FILLS
,2024-04-30T13:39:10.932050+00:00,2024-04-30T13:40:54.922352+00:00,17838.0,17859.5,LONG,False,False,False,False,False,NO_LOG_FILLS
,2024-04-30T14:16:21.720927+00:00,2024-04-30T14:21:27.624033+00:00,17866.75,17860.25,SHORT,False,False,False,False,False,NO_LOG_FILLS
,2024-04-30T14:16:21.720927+00:00,2024-04-30T14:26:31.408147+00:00,17866.75,17853.75,SHORT,False,False,False,False,False,NO_LOG_FILLS
,2024-04-30T14:16:21.720927+00:00,2024-04-30T14:27:32.888996+00:00,17866.75,17848.75,SHORT,False,False,False,False,False,NO_LOG_FILLS
,2024-04-30T14:31:30.996812+00:00,2024-04-30T14:32:05.187783+00:00,17828.25,17835.75,LONG,False,False,False,False,False,NO_LOG_FILLS
,2024-04-30T14:31:30.996812+00:00,2024-04-30T14:39:08.954901+00:00,17828.25,17843.0,LONG,False,False,False,False,False,NO_LOG_FILLS
,2024-04-30T14:31:30.996812+00:00,2024-04-30T14:40:02.749435+00:00,17828.25,17840.0,LONG,False,False,False,False,False,NO_LOG_FILLS
,2024-04-30T15:01:01.436874+00:00,2024-04-30T15:01:11.877734+00:00,17828.25,17832.75,SHORT,False,False,False,False,False,NO_LOG_FILLS
,2024-04-30T15:05:37.151065+00:00,2024-04-30T15:07:26.580403+00:00,17823.25,17810.75,LONG,False,False,False,False,False,NO_LOG_FILLS
,2024-04-30T15:08:10.713880+00:00,2024-04-30T15:08:45.032044+00:00,17817.0,17807.5,LONG,False,False,False,False,False,NO_LOG_FILLS
,2024-04-30T15:11:09.248163+00:00,2024-04-30T15:11:16.287330+00:00,17791.0,17786.0,SHORT,False,False,False,False,False,NO_LOG_FILLS
,2024-04-30T15:11:09.248163+00:00,2024-04-30T15:11:17.798055+00:00,17791.0,17781.0,SHORT,False,False,False,False,False,NO_LOG_FILLS
,2024-04-30T15:11:09.248163+00:00,2024-04-30T15:11:35.066081+00:00,17791.0,17779.5,SHORT,False,False,False,False,False,NO_LOG_FILLS
,2024-04-30T15:13:50.247038+00:00,2024-04-30T15:14:18.126498+00:00,17770.25,17757.0,LONG,False,False,False,False,False,NO_LOG_FILLS
,2024-04-30T15:25:03.223264+00:00,2024-04-30T15:31:16.026413+00:00,17771.0,17757.75,LONG,False,False,False,False,False,NO_LOG_FILLS
,2024-04-30T15:47:33.953258+00:00,2024-04-30T15:47:47.363104+00:00,17739.5,17742.75,SHORT,False,False,False,False,False,NO_LOG_FILLS
,2024-04-30T16:09:13.097090+00:00,2024-04-30T16:10:49.180674+00:00,17749.0,17755.75,LONG,False,False,False,False,False,NO_LOG_FILLS
,2024-04-30T16:09:13.097090+00:00,2024-04-30T16:11:20.372858+00:00,17749.0,17762.5,LONG,False,False,False,False,False,NO_LOG_FILLS
,2024-04-30T16:09:13.097090+00:00,2024-04-30T16:12:14.424832+00:00,17749.0,17757.5,LONG,False,False,False,False,False,NO_LOG_FILLS
,2024-04-30T16:17:54.742150+00:00,2024-04-30T16:20:32.017552+00:00,17759.75,17771.0,SHORT,False,False,False,False,False,NO_LOG_FILLS
,2024-04-30T16:24:37.633669+00:00,2024-04-30T16:30:03.860171+00:00,17768.25,17761.25,SHORT,False,False,False,False,False,NO_LOG_FILLS
,2024-04-30T16:24:37.633669+00:00,2024-04-30T16:30:24.785609+00:00,17768.25,17754.25,SHORT,False,False,False,False,False,NO_LOG_FILLS
,2024-04-30T16:24:37.633669+00:00,2024-04-30T16:31:26.437331+00:00,17768.25,17744.25,SHORT,False,False,False,False,False,NO_LOG_FILLS
,2024-04-30T16:35:16.788912+00:00,2024-04-30T16:35:26.995219+00:00,17718.25,17724.5,LONG,False,False,False,False,False,NO_LOG_FILLS
,2024-04-30T16:35:16.788912+00:00,2024-04-30T16:39:15.762893+00:00,17718.25,17707.0,LONG,False,False,False,False,False,NO_LOG_FILLS
,2024-04-30T16:42:51.914808+00:00,2024-04-30T16:43:24.236616+00:00,17690.5,17686.75,LONG,False,False,False,False,False,NO_LOG_FILLS
,2024-04-30T16:44:43.374672+00:00,2024-04-30T16:45:30.259343+00:00,17696.5,17685.25,LONG,False,False,False,False,False,NO_LOG_FILLS
,2024-04-30T16:54:04.458949+00:00,2024-04-30T16:55:03.439743+00:00,17685.75,17692.25,SHORT,False,False,False,False,False,NO_LOG_FILLS
,2024-04-30T17:01:08.798097+00:00,2024-04-30T17:02:02.838665+00:00,17696.25,17702.75,LONG,False,False,False,False,False,NO_LOG_FILLS
,2024-04-30T17:01:08.798097+00:00,2024-04-30T17:02:08.152516+00:00,17696.25,17709.25,LONG,False,False,False,False,False,NO_LOG_FILLS
,2024-04-30T17:01:08.798097+00:00,2024-04-30T17:03:33.689603+00:00,17696.25,17717.0,LONG,False,False,False,False,False,NO_LOG_FILLS
,2024-04-30T17:05:37.914727+00:00,2024-04-30T17:06:27.240777+00:00,17703.5,17709.75,LONG,False,False,False,False,False,NO_LOG_FILLS
,2024-04-30T17:05:37.914727+00:00,2024-04-30T17:09:40.718476+00:00,17703.5,17699.5,LONG,False,False,False,False,False,NO_LOG_FILLS
,2024-04-30T17:14:07.686696+00:00,2024-04-30T17:21:59.561629+00:00,17686.75,17693.5,LONG,False,False,False,False,False,NO_LOG_FILLS
,2024-04-30T17:14:07.686696+00:00,2024-04-30T17:22:36.105629+00:00,17686.75,17700.0,LONG,False,False,False,False,False,NO_LOG_FILLS
,2024-04-30T17:14:07.686696+00:00,2024-04-30T17:26:54.846786+00:00,17686.75,17708.25,LONG,False,False,False,False,False,NO_LOG_FILLS
,2024-04-30T17:27:10.126711+00:00,2024-04-30T17:27:28.005353+00:00,17706.75,17700.25,SHORT,False,False,False,False,False,NO_LOG_FILLS
,2024-04-30T17:27:10.126711+00:00,2024-04-30T17:30:04.947330+00:00,17706.75,17693.5,SHORT,False,False,False,False,False,NO_LOG_FILLS
,2024-04-30T17:27:10.126711+00:00,2024-04-30T17:31:52.987249+00:00,17706.75,17699.5,SHORT,False,False,False,False,False,NO_LOG_FILLS
,2024-04-30T17:33:14.299112+00:00,2024-04-30T17:36:22.779572+00:00,17702.5,17709.25,LONG,False,False,False,False,False,NO_LOG_FILLS
,2024-04-30T17:33:14.299112+00:00,2024-04-30T17:40:18.659829+00:00,17702.5,17716.25,LONG,False,False,False,False,False,NO_LOG_FILLS
,2024-04-30T17:33:14.299112+00:00,2024-04-30T17:40:58.425705+00:00,17702.5,17714.5,LONG,False,False,False,False,False,NO_LOG_FILLS
,2024-04-30T17:49:53.191859+00:00,2024-04-30T17:51:11.270680+00:00,17719.25,17726.25,LONG,False,False,False,False,False,NO_LOG_FILLS
,2024-04-30T17:49:53.191859+00:00,2024-04-30T17:54:51.016641+00:00,17719.25,17733.25,LONG,False,False,False,False,False,NO_LOG_FILLS
,2024-04-30T17:49:53.191859+00:00,2024-04-30T17:56:00.983266+00:00,17719.25,17728.5,LONG,False,False,False,False,False,NO_LOG_FILLS
,2024-04-30T18:00:46.101608+00:00,2024-04-30T18:01:23.128902+00:00,17735.0,17742.0,LONG,False,False,False,False,False,NO_LOG_FILLS
,2024-04-30T18:00:46.101608+00:00,2024-04-30T18:08:06.385159+00:00,17735.0,17723.25,LONG,False,False,False,False,False,NO_LOG_FILLS
,2024-04-30T18:21:11.580458+00:00,2024-04-30T18:22:34.200628+00:00,17717.75,17724.5,LONG,False,False,False,False,False,NO_LOG_FILLS
,2024-04-30T18:21:11.580458+00:00,2024-04-30T18:26:21.146864+00:00,17717.75,17706.75,LONG,False,False,False,False,False,NO_LOG_FILLS
,2024-04-30T18:40:54.570169+00:00,2024-04-30T18:44:35.648803+00:00,17713.0,17706.0,SHORT,False,False,False,False,False,NO_LOG_FILLS
,2024-04-30T18:40:54.570169+00:00,2024-04-30T18:46:02.759643+00:00,17713.0,17699.25,SHORT,False,False,False,False,False,NO_LOG_FILLS
,2024-04-30T18:40:54.570169+00:00,2024-04-30T18:46:32.799641+00:00,17713.0,17706.25,SHORT,False,False,False,False,False,NO_LOG_FILLS
,2024-04-30T18:51:51.212867+00:00,2024-04-30T18:52:00.064744+00:00,17682.5,17689.5,LONG,False,False,False,False,False,NO_LOG_FILLS
,2024-04-30T18:51:51.212867+00:00,2024-04-30T19:02:37.289957+00:00,17682.5,17696.75,LONG,False,False,False,False,False,NO_LOG_FILLS
,2024-04-30T18:51:51.212867+00:00,2024-04-30T19:07:26.258504+00:00,17682.5,17699.75,LONG,False,False,False,False,False,NO_LOG_FILLS
,2024-04-30T19:07:32.353240+00:00,2024-04-30T19:10:13.794772+00:00,17697.25,17704.25,SHORT,False,False,False,False,False,NO_LOG_FILLS
,2024-04-30T19:13:58.968574+00:00,2024-04-30T19:15:53.524573+00:00,17693.5,17686.0,SHORT,False,False,False,False,False,NO_LOG_FILLS
,2024-04-30T19:13:58.968574+00:00,2024-04-30T19:17:17.072948+00:00,17693.5,17678.5,SHORT,False,False,False,False,False,NO_LOG_FILLS
,2024-04-30T19:13:58.968574+00:00,2024-04-30T19:20:57.025759+00:00,17693.5,17684.5,SHORT,False,False,False,False,False,NO_LOG_FILLS
,2024-04-30T19:20:57.620312+00:00,2024-04-30T19:21:21.127493+00:00,17687.25,17679.5,LONG,False,False,False,False,False,NO_LOG_FILLS
,2024-04-30T19:24:17.761678+00:00,2024-04-30T19:25:55.189293+00:00,17672.0,17679.5,LONG,False,False,False,False,False,NO_LOG_FILLS
,2024-04-30T19:24:17.761678+00:00,2024-04-30T19:28:03.879362+00:00,17672.0,17687.0,LONG,False,False,False,False,False,NO_LOG_FILLS
,2024-04-30T19:24:17.761678+00:00,2024-04-30T19:28:21.381519+00:00,17672.0,17687.75,LONG,False,False,False,False,False,NO_LOG_FILLS
,2024-04-30T19:28:21.818022+00:00,2024-04-30T19:30:01.745351+00:00,17687.0,17693.75,SHORT,False,False,False,False,False,NO_LOG_FILLS
,2024-04-30T19:55:18.406376+00:00,2024-04-30T19:55:20.055306+00:00,17603.5,17597.0,LONG,False,False,False,False,False,NO_LOG_FILLS
,2024-04-30T20:00:53.477259+00:00,2024-04-30T20:00:54.417541+00:00,17568.25,17575.5,LONG,False,False,False,False,False,NO_LOG_FILLS
,2024-04-30T20:00:53.477259+00:00,2024-04-30T20:00:54.757835+00:00,17568.25,17582.5,LONG,False,False,False,False,False,NO_LOG_FILLS
,2024-04-30T20:00:53.477259+00:00,2024-04-30T20:00:58.513519+00:00,17568.25,17580.0,LONG,False,False,False,False,False,NO_LOG_FILLS
,2024-04-30T20:07:42.715402+00:00,2024-04-30T20:09:13.887142+00:00,17583.25,17565.25,SHORT,False,False,False,False,False,NO_LOG_FILLS
,2024-04-30T20:07:42.715402+00:00,2024-04-30T20:11:49.707648+00:00,17583.25,17547.25,SHORT,False,False,False,False,False,NO_LOG_FILLS
,2024-04-30T20:07:42.715402+00:00,2024-04-30T20:11:55.646984+00:00,17583.25,17552.75,SHORT,False,False,False,False,False,NO_LOG_FILLS
,2024-05-01T01:25:51.742884+00:00,2024-05-01T01:26:36.776119+00:00,17502.25,17507.0,SHORT,False,False,False,False,False,NO_LOG_FILLS
,2024-05-01T03:03:57.575930+00:00,2024-05-01T03:53:23.551340+00:00,17521.0,17525.5,SHORT,False,False,False,False,False,NO_LOG_FILLS
,2024-05-01T05:23:03.862202+00:00,2024-05-01T05:42:33.346092+00:00,17520.5,17506.0,SHORT,False,False,False,False,False,NO_LOG_FILLS
,2024-05-01T05:23:03.862202+00:00,2024-05-01T06:25:13.604906+00:00,17520.5,17491.5,SHORT,False,False,False,False,False,NO_LOG_FILLS
,2024-05-01T05:23:03.862202+00:00,2024-05-01T06:34:21.397327+00:00,17520.5,17479.0,SHORT,False,False,False,False,False,NO_LOG_FILLS
,2024-05-01T09:14:41.450043+00:00,2024-05-01T09:32:12.519343+00:00,17436.0,17424.25,LONG,False,False,False,False,False,NO_LOG_FILLS
,2024-05-01T09:45:41.198222+00:00,2024-05-01T09:51:16.376512+00:00,17430.75,17443.25,LONG,False,False,False,False,False,NO_LOG_FILLS
,2024-05-01T09:45:41.198222+00:00,2024-05-01T10:29:55.600170+00:00,17430.75,17417.25,LONG,False,False,False,False,False,NO_LOG_FILLS
,2024-05-01T13:14:34.191510+00:00,2024-05-01T13:30:00.061268+00:00,17511.75,17491.0,LONG,False,False,False,False,False,NO_LOG_FILLS
,2024-05-01T13:38:44.235257+00:00,2024-05-01T13:38:56.112891+00:00,17501.5,17497.25,LONG,False,False,False,False,False,NO_LOG_FILLS
,2024-05-01T13:43:27.877069+00:00,2024-05-01T13:43:46.040925+00:00,17500.75,17491.5,SHORT,False,False,False,False,False,NO_LOG_FILLS
,2024-05-01T13:43:27.877069+00:00,2024-05-01T13:45:11.054171+00:00,17500.75,17482.25,SHORT,False,False,False,False,False,NO_LOG_FILLS
,2024-05-01T13:43:27.877069+00:00,2024-05-01T13:45:31.081232+00:00,17500.75,17489.0,SHORT,False,False,False,False,False,NO_LOG_FILLS
,2024-05-01T13:49:20.006736+00:00,2024-05-01T13:51:13.331253+00:00,17480.5,17489.75,SHORT,False,False,False,False,False,NO_LOG_FILLS
,2024-05-01T13:58:15.464418+00:00,2024-05-01T13:58:42.390064+00:00,17467.0,17476.5,LONG,False,False,False,False,False,NO_LOG_FILLS
,2024-05-01T13:58:15.464418+00:00,2024-05-01T14:00:01.119464+00:00,17467.0,17486.0,LONG,False,False,False,False,False,NO_LOG_FILLS
,2024-05-01T13:58:15.464418+00:00,2024-05-01T14:00:04.013019+00:00,17467.0,17477.75,LONG,False,False,False,False,False,NO_LOG_FILLS
,2024-05-01T14:02:07.349556+00:00,2024-05-01T14:03:46.212496+00:00,17475.5,17465.0,SHORT,False,False,False,False,False,NO_LOG_FILLS
,2024-05-01T14:02:07.349556+00:00,2024-05-01T14:04:23.632357+00:00,17475.5,17454.75,SHORT,False,False,False,False,False,NO_LOG_FILLS
,2024-05-01T14:02:07.349556+00:00,2024-05-01T14:04:34.632899+00:00,17475.5,17463.0,SHORT,False,False,False,False,False,NO_LOG_FILLS
,2024-05-01T14:05:59.331955+00:00,2024-05-01T14:09:29.342874+00:00,17463.25,17442.25,LONG,False,False,False,False,False,NO_LOG_FILLS
,2024-05-01T14:10:49.888416+00:00,2024-05-01T14:12:18.410613+00:00,17439.5,17431.25,LONG,False,False,False,False,False,NO_LOG_FILLS
,2024-05-01T14:27:18.808528+00:00,2024-05-01T14:28:07.509462+00:00,17469.5,17481.0,LONG,False,False,False,False,False,NO_LOG_FILLS
,2024-05-01T14:27:18.808528+00:00,2024-05-01T14:36:05.007654+00:00,17469.5,17492.5,LONG,False,False,False,False,False,NO_LOG_FILLS
,2024-05-01T14:27:18.808528+00:00,2024-05-01T14:36:46.014697+00:00,17469.5,17487.0,LONG,False,False,False,False,False,NO_LOG_FILLS
,2024-05-01T14:45:05.301139+00:00,2024-05-01T14:57:42.638086+00:00,17493.25,17504.25,LONG,False,False,False,False,False,NO_LOG_FILLS
,2024-05-01T14:45:05.301139+00:00,2024-05-01T15:03:57.085264+00:00,17493.25,17474.25,LONG,False,False,False,False,False,NO_LOG_FILLS
,2024-05-01T15:13:00.352585+00:00,2024-05-01T15:16:16.199817+00:00,17457.0,17442.75,LONG,False,False,False,False,False,NO_LOG_FILLS
,2024-05-01T16:02:14.644036+00:00,2024-05-01T16:02:31.601862+00:00,17413.5,17421.25,LONG,False,False,False,False,False,NO_LOG_FILLS
,2024-05-01T16:02:14.644036+00:00,2024-05-01T16:04:32.882859+00:00,17413.5,17429.25,LONG,False,False,False,False,False,NO_LOG_FILLS
,2024-05-01T16:02:14.644036+00:00,2024-05-01T16:08:16.046983+00:00,17413.5,17424.75,LONG,False,False,False,False,False,NO_LOG_FILLS
,2024-05-01T16:59:13.224757+00:00,2024-05-01T16:59:57.235784+00:00,17427.25,17434.0,SHORT,False,False,False,False,False,NO_LOG_FILLS
,2024-05-01T17:21:49.312344+00:00,2024-05-01T17:22:34.423534+00:00,17431.0,17440.5,LONG,False,False,False,False,False,NO_LOG_FILLS
,2024-05-01T17:21:49.312344+00:00,2024-05-01T17:23:56.659096+00:00,17431.0,17449.75,LONG,False,False,False,False,False,NO_LOG_FILLS
,2024-05-01T17:21:49.312344+00:00,2024-05-01T17:25:58.492433+00:00,17431.0,17439.25,LONG,False,False,False,False,False,NO_LOG_FILLS
,2024-05-01T17:53:24.540460+00:00,2024-05-01T17:54:16.864964+00:00,17468.75,17465.75,LONG,False,False,False,False,False,NO_LOG_FILLS
,2024-05-01T18:00:05.149999+00:00,2024-05-01T18:00:40.575686+00:00,17488.5,17499.0,LONG,False,False,False,False,False,NO_LOG_FILLS
,2024-05-01T18:00:05.149999+00:00,2024-05-01T18:00:50.248042+00:00,17488.5,17509.75,LONG,False,False,False,False,False,NO_LOG_FILLS
,2024-05-01T18:00:05.149999+00:00,2024-05-01T18:01:08.129638+00:00,17488.5,17502.25,LONG,False,False,False,False,False,NO_LOG_FILLS
,2024-05-01T18:04:12.729230+00:00,2024-05-01T18:04:55.891646+00:00,17509.0,17522.0,LONG,False,False,False,False,False,NO_LOG_FILLS
,2024-05-01T18:04:12.729230+00:00,2024-05-01T18:10:58.195054+00:00,17509.0,17475.0,LONG,False,False,False,False,False,NO_LOG_FILLS
,2024-05-01T18:18:06.490831+00:00,2024-05-01T18:19:31.346358+00:00,17480.25,17492.0,SHORT,False,False,False,False,False,NO_LOG_FILLS
,2024-05-01T18:38:01.209494+00:00,2024-05-01T18:38:07.412568+00:00,17559.0,17575.25,LONG,False,False,False,False,False,NO_LOG_FILLS
,2024-05-01T18:38:01.209494+00:00,2024-05-01T18:39:30.150793+00:00,17559.0,17591.75,LONG,False,False,False,False,False,NO_LOG_FILLS
,2024-05-01T18:38:01.209494+00:00,2024-05-01T18:39:55.842114+00:00,17559.0,17607.5,LONG,False,False,False,False,False,NO_LOG_FILLS
,2024-05-01T18:41:42.430021+00:00,2024-05-01T18:41:47.427024+00:00,17664.0,17672.0,SHORT,False,False,False,False,False,NO_LOG_FILLS
,2024-05-01T18:42:31.903680+00:00,2024-05-01T18:43:18.288025+00:00,17661.75,17683.5,SHORT,False,False,False,False,False,NO_LOG_FILLS
,2024-05-01T18:46:25.480181+00:00,2024-05-01T18:46:49.641360+00:00,17692.0,17676.0,LONG,False,False,False,False,False,NO_LOG_FILLS
,2024-05-01T18:48:45.665231+00:00,2024-05-01T18:50:24.878796+00:00,17680.25,17706.0,SHORT,False,False,False,False,False,NO_LOG_FILLS
,2024-05-01T18:50:32.595786+00:00,2024-05-01T18:51:14.634766+00:00,17715.5,17702.75,SHORT,False,False,False,False,False,NO_LOG_FILLS
,2024-05-01T18:50:32.595786+00:00,2024-05-01T18:52:26.519513+00:00,17715.5,17726.5,SHORT,False,False,False,False,False,NO_LOG_FILLS
,2024-05-01T18:53:05.309215+00:00,2024-05-01T18:54:55.019854+00:00,17692.5,17730.0,SHORT,False,False,False,False,False,NO_LOG_FILLS
,2024-05-01T18:57:26.857157+00:00,2024-05-01T18:58:14.397878+00:00,17728.75,17744.25,SHORT,False,False,False,False,False,NO_LOG_FILLS
,2024-05-01T19:06:36.553902+00:00,2024-05-01T19:08:34.775610+00:00,17733.0,17750.0,SHORT,False,False,False,False,False,NO_LOG_FILLS
,2024-05-01T19:11:48.649257+00:00,2024-05-01T19:12:04.120289+00:00,17737.5,17724.5,SHORT,False,False,False,False,False,NO_LOG_FILLS
,2024-05-01T19:11:48.649257+00:00,2024-05-01T19:15:24.397372+00:00,17737.5,17774.75,SHORT,False,False,False,False,False,NO_LOG_FILLS
,2024-05-01T19:16:51.868992+00:00,2024-05-01T19:19:59.209632+00:00,17752.5,17738.25,SHORT,False,False,False,False,False,NO_LOG_FILLS
,2024-05-01T19:16:51.868992+00:00,2024-05-01T19:20:04.780857+00:00,17752.5,17724.25,SHORT,False,False,False,False,False,NO_LOG_FILLS
,2024-05-01T19:16:51.868992+00:00,2024-05-01T19:20:16.050667+00:00,17752.5,17712.75,SHORT,False,False,False,False,False,NO_LOG_FILLS
,2024-05-01T19:23:33.041738+00:00,2024-05-01T19:23:55.496666+00:00,17705.75,17721.0,LONG,False,False,False,False,False,NO_LOG_FILLS
,2024-05-01T19:23:33.041738+00:00,2024-05-01T19:24:22.955274+00:00,17705.75,17736.25,LONG,False,False,False,False,False,NO_LOG_FILLS
,2024-05-01T19:23:33.041738+00:00,2024-05-01T19:24:42.600339+00:00,17705.75,17733.0,LONG,False,False,False,False,False,NO_LOG_FILLS
,2024-05-01T19:28:32.755544+00:00,2024-05-01T19:28:55.195174+00:00,17742.5,17726.25,SHORT,False,False,False,False,False,NO_LOG_FILLS
,2024-05-01T19:28:32.755544+00:00,2024-05-01T19:29:29.506580+00:00,17742.5,17710.25,SHORT,False,False,False,False,False,NO_LOG_FILLS
,2024-05-01T19:28:32.755544+00:00,2024-05-01T19:29:52.078096+00:00,17742.5,17717.5,SHORT,False,False,False,False,False,NO_LOG_FILLS
,2024-05-01T19:34:02.727676+00:00,2024-05-01T19:34:14.229657+00:00,17664.75,17653.0,SHORT,False,False,False,False,False,NO_LOG_FILLS
,2024-05-01T19:34:02.727676+00:00,2024-05-01T19:34:54.829936+00:00,17664.75,17641.25,SHORT,False,False,False,False,False,NO_LOG_FILLS
,2024-05-01T19:34:02.727676+00:00,2024-05-01T19:35:36.203611+00:00,17664.75,17626.5,SHORT,False,False,False,False,False,NO_LOG_FILLS
,2024-05-01T19:52:21.039961+00:00,2024-05-01T19:52:41.176914+00:00,17501.0,17489.25,SHORT,False,False,False,False,False,NO_LOG_FILLS
,2024-05-01T19:52:21.039961+00:00,2024-05-01T19:52:58.485284+00:00,17501.0,17508.5,SHORT,False,False,False,False,False,NO_LOG_FILLS
,2024-05-01T20:00:01.628921+00:00,2024-05-01T20:00:02.077242+00:00,17442.75,17444.75,LONG,False,False,False,False,False,NO_LOG_FILLS
,2024-05-01T20:01:59.719020+00:00,2024-05-01T20:02:00.692943+00:00,17483.5,17480.25,LONG,False,False,False,False,False,NO_LOG_FILLS
,2024-05-01T20:02:27.779155+00:00,2024-05-01T20:11:26.562612+00:00,17462.5,17454.5,SHORT,False,False,False,False,False,NO_LOG_FILLS
,2024-05-01T20:02:27.779155+00:00,2024-05-01T20:16:08.538583+00:00,17462.5,17446.75,SHORT,False,False,False,False,False,NO_LOG_FILLS
,2024-05-01T20:02:27.779155+00:00,2024-05-01T20:16:42.218723+00:00,17462.5,17454.25,SHORT,False,False,False,False,False,NO_LOG_FILLS
,2024-05-01T20:29:51.887521+00:00,2024-05-01T20:32:00.230789+00:00,17460.25,17452.5,SHORT,False,False,False,False,False,NO_LOG_FILLS
,2024-05-01T20:29:51.887521+00:00,2024-05-01T20:35:17.645602+00:00,17460.25,17445.0,SHORT,False,False,False,False,False,NO_LOG_FILLS
,2024-05-01T20:29:51.887521+00:00,2024-05-01T20:37:00.516323+00:00,17460.25,17453.0,SHORT,False,False,False,False,False,NO_LOG_FILLS
,2024-05-01T20:55:41.335991+00:00,2024-05-01T20:58:58.855877+00:00,17479.75,17479.25,SHORT,False,False,False,False,False,NO_LOG_FILLS
,2024-05-01T22:09:41.155982+00:00,2024-05-01T22:35:10.756293+00:00,17501.0,17492.25,SHORT,False,False,False,False,False,NO_LOG_FILLS
,2024-05-01T22:09:41.155982+00:00,2024-05-01T23:34:09.427219+00:00,17501.0,17510.25,SHORT,False,False,False,False,False,NO_LOG_FILLS
,2024-05-02T00:24:23.588240+00:00,2024-05-02T00:49:23.380183+00:00,17516.75,17540.25,SHORT,False,False,False,False,False,NO_LOG_FILLS
,2024-05-02T01:40:13.269957+00:00,2024-05-02T02:09:50.857245+00:00,17525.5,17548.0,SHORT,False,False,False,False,False,NO_LOG_FILLS
,2024-05-02T07:53:01.257459+00:00,2024-05-02T08:08:23.349587+00:00,17576.0,17588.0,SHORT,False,False,False,False,False,NO_LOG_FILLS
,2024-05-02T09:51:15.545162+00:00,2024-05-02T10:07:52.415397+00:00,17584.0,17596.5,LONG,False,False,False,False,False,NO_LOG_FILLS
,2024-05-02T09:51:15.545162+00:00,2024-05-02T11:08:56.449529+00:00,17584.0,17608.75,LONG,False,False,False,False,False,NO_LOG_FILLS
,2024-05-02T09:51:15.545162+00:00,2024-05-02T11:15:28.992527+00:00,17584.0,17604.25,LONG,False,False,False,False,False,NO_LOG_FILLS
,2024-05-02T11:31:15.117546+00:00,2024-05-02T11:50:23.498354+00:00,17590.0,17577.0,SHORT,False,False,False,False,False,NO_LOG_FILLS
,2024-05-02T11:31:15.117546+00:00,2024-05-02T12:30:01.663679+00:00,17590.0,17564.25,SHORT,False,False,False,False,False,NO_LOG_FILLS
,2024-05-02T11:31:15.117546+00:00,2024-05-02T12:30:05.752868+00:00,17590.0,17572.5,SHORT,False,False,False,False,False,NO_LOG_FILLS
,2024-05-02T12:31:53.097443+00:00,2024-05-02T12:32:00.411955+00:00,17569.75,17577.0,SHORT,False,False,False,False,False,NO_LOG_FILLS
,2024-05-02T13:23:06.442797+00:00,2024-05-02T13:30:00.463297+00:00,17575.25,17587.75,LONG,False,False,False,False,False,NO_LOG_FILLS
,2024-05-02T13:23:06.442797+00:00,2024-05-02T13:30:02.322542+00:00,17575.25,17600.5,LONG,False,False,False,False,False,NO_LOG_FILLS
,2024-05-02T13:23:06.442797+00:00,2024-05-02T13:30:08.868773+00:00,17575.25,17590.25,LONG,False,False,False,False,False,NO_LOG_FILLS
,2024-05-02T13:34:48.843540+00:00,2024-05-02T13:35:33.838972+00:00,17549.0,17539.5,SHORT,False,False,False,False,False,NO_LOG_FILLS
,2024-05-02T13:34:48.843540+00:00,2024-05-02T13:35:52.310005+00:00,17549.0,17529.75,SHORT,False,False,False,False,False,NO_LOG_FILLS
,2024-05-02T13:34:48.843540+00:00,2024-05-02T13:36:03.202132+00:00,17549.0,17537.25,SHORT,False,False,False,False,False,NO_LOG_FILLS
,2024-05-02T13:48:49.642226+00:00,2024-05-02T13:48:58.329152+00:00,17506.25,17503.75,LONG,False,False,False,False,False,NO_LOG_FILLS
,2024-05-02T13:50:43.102522+00:00,2024-05-02T13:51:22.643172+00:00,17503.0,17509.25,LONG,False,False,False,False,False,NO_LOG_FILLS
,2024-05-02T13:50:43.102522+00:00,2024-05-02T13:53:18.586546+00:00,17503.0,17489.0,LONG,False,False,False,False,False,NO_LOG_FILLS
,2024-05-02T13:58:59.819954+00:00,2024-05-02T13:59:29.012111+00:00,17510.5,17503.0,SHORT,False,False,False,False,False,NO_LOG_FILLS
,2024-05-02T13:58:59.819954+00:00,2024-05-02T14:00:04.017289+00:00,17510.5,17495.5,SHORT,False,False,False,False,False,NO_LOG_FILLS
,2024-05-02T13:58:59.819954+00:00,2024-05-02T14:00:15.590231+00:00,17510.5,17495.75,SHORT,False,False,False,False,False,NO_LOG_FILLS
,2024-05-02T14:00:16.395895+00:00,2024-05-02T14:00:24.963138+00:00,17494.5,17487.0,LONG,False,False,False,False,False,NO_LOG_FILLS
,2024-05-02T14:00:30.835634+00:00,2024-05-02T14:00:54.309367+00:00,17489.0,17496.25,LONG,False,False,False,False,False,NO_LOG_FILLS
,2024-05-02T14:00:30.835634+00:00,2024-05-02T14:01:12.156343+00:00,17489.0,17479.75,LONG,False,False,False,False,False,NO_LOG_FILLS
,2024-05-02T14:05:29.931916+00:00,2024-05-02T14:05:48.758786+00:00,17467.5,17459.5,SHORT,False,False,False,False,False,NO_LOG_FILLS
,2024-05-02T14:05:29.931916+00:00,2024-05-02T14:05:57.183922+00:00,17467.5,17451.5,SHORT,False,False,False,False,False,NO_LOG_FILLS
,2024-05-02T14:05:29.931916+00:00,2024-05-02T14:07:31.213093+00:00,17467.5,17447.75,SHORT,False,False,False,False,False,NO_LOG_FILLS
,2024-05-02T14:28:19.062350+00:00,2024-05-02T14:28:44.434720+00:00,17504.5,17491.75,LONG,False,False,False,False,False,NO_LOG_FILLS
,2024-05-02T14:40:16.829520+00:00,2024-05-02T14:41:52.331478+00:00,17505.0,17481.25,LONG,False,False,False,False,False,NO_LOG_FILLS
,2024-05-02T15:01:57.388653+00:00,2024-05-02T15:01:57.890121+00:00,17520.5,17520.75,SHORT,False,False,False,False,False,NO_LOG_FILLS
,2024-05-02T15:08:40.099971+00:00,2024-05-02T15:09:08.812894+00:00,17550.5,17559.5,SHORT,False,False,False,False,False,NO_LOG_FILLS
,2024-05-02T15:09:24.608070+00:00,2024-05-02T15:09:40.356239+00:00,17552.5,17556.25,SHORT,False,False,False,False,False,NO_LOG_FILLS
,2024-05-02T15:29:06.062124+00:00,2024-05-02T15:31:12.963188+00:00,17526.5,17513.25,LONG,False,False,False,False,False,NO_LOG_FILLS
,2024-05-02T16:19:23.232164+00:00,2024-05-02T16:24:02.233043+00:00,17520.0,17529.25,LONG,False,False,False,False,False,NO_LOG_FILLS
,2024-05-02T16:19:23.232164+00:00,2024-05-02T16:25:00.396349+00:00,17520.0,17538.5,LONG,False,False,False,False,False,NO_LOG_FILLS
,2024-05-02T16:19:23.232164+00:00,2024-05-02T16:26:06.643351+00:00,17520.0,17534.25,LONG,False,False,False,False,False,NO_LOG_FILLS
,2024-05-02T16:40:15.203232+00:00,2024-05-02T16:41:02.119620+00:00,17521.5,17529.25,SHORT,False,False,False,False,False,NO_LOG_FILLS
,2024-05-02T16:54:45.624480+00:00,2024-05-02T16:55:24.695137+00:00,17523.5,17514.25,SHORT,False,False,False,False,False,NO_LOG_FILLS
,2024-05-02T16:54:45.624480+00:00,2024-05-02T17:00:10.358859+00:00,17523.5,17539.5,SHORT,False,False,False,False,False,NO_LOG_FILLS
,2024-05-02T17:15:59.222061+00:00,2024-05-02T17:16:06.302624+00:00,17584.5,17581.75,LONG,False,False,False,False,False,NO_LOG_FILLS
,2024-05-02T17:24:44.891498+00:00,2024-05-02T17:24:46.422534+00:00,17583.75,17581.75,LONG,False,False,False,False,False,NO_LOG_FILLS
,2024-05-02T17:32:04.143949+00:00,2024-05-02T17:32:22.738763+00:00,17603.25,17596.0,SHORT,False,False,False,False,False,NO_LOG_FILLS
,2024-05-02T17:32:04.143949+00:00,2024-05-02T17:33:39.535006+00:00,17603.25,17589.0,SHORT,False,False,False,False,False,NO_LOG_FILLS
,2024-05-02T17:32:04.143949+00:00,2024-05-02T17:37:05.797737+00:00,17603.25,17582.75,SHORT,False,False,False,False,False,NO_LOG_FILLS
,2024-05-02T18:49:51.910353+00:00,2024-05-02T18:53:46.615323+00:00,17650.5,17660.25,SHORT,False,False,False,False,False,NO_LOG_FILLS
,2024-05-02T18:54:35.968957+00:00,2024-05-02T18:54:45.377265+00:00,17662.5,17655.0,SHORT,False,False,False,False,False,NO_LOG_FILLS
,2024-05-02T18:54:35.968957+00:00,2024-05-02T19:02:10.004757+00:00,17662.5,17647.25,SHORT,False,False,False,False,False,NO_LOG_FILLS
,2024-05-02T18:54:35.968957+00:00,2024-05-02T19:03:02.258937+00:00,17662.5,17652.0,SHORT,False,False,False,False,False,NO_LOG_FILLS
,2024-05-02T19:20:28.668646+00:00,2024-05-02T19:20:45.487009+00:00,17653.25,17662.75,SHORT,False,False,False,False,False,NO_LOG_FILLS
,2024-05-02T20:29:59.119845+00:00,2024-05-02T20:29:59.691962+00:00,17681.75,17693.0,LONG,False,False,False,False,False,NO_LOG_FILLS
,2024-05-02T22:13:20.320965+00:00,2024-05-02T22:15:50.708773+00:00,17741.75,17755.0,LONG,False,False,False,False,False,NO_LOG_FILLS
,2024-05-02T22:13:20.320965+00:00,2024-05-02T22:16:00.334632+00:00,17741.75,17768.25,LONG,False,False,False,False,False,NO_LOG_FILLS
,2024-05-02T22:13:20.320965+00:00,2024-05-02T22:16:41.876268+00:00,17741.75,17789.25,LONG,False,False,False,False,False,NO_LOG_FILLS
,2024-05-03T00:07:51.917085+00:00,2024-05-03T00:36:42.433915+00:00,17738.0,17757.25,SHORT,False,False,False,False,False,NO_LOG_FILLS
,2024-05-03T01:56:25.063507+00:00,2024-05-03T02:44:57.698219+00:00,17773.25,17762.0,SHORT,False,False,False,False,False,NO_LOG_FILLS
,2024-05-03T01:56:25.063507+00:00,2024-05-03T04:53:01.733038+00:00,17773.25,17750.5,SHORT,False,False,False,False,False,NO_LOG_FILLS
,2024-05-03T01:56:25.063507+00:00,2024-05-03T05:26:14.530564+00:00,17773.25,17755.0,SHORT,False,False,False,False,False,NO_LOG_FILLS
,2024-05-03T07:47:34.767517+00:00,2024-05-03T07:57:34.827279+00:00,17734.5,17745.0,LONG,False,False,False,False,False,NO_LOG_FILLS
,2024-05-03T07:47:34.767517+00:00,2024-05-03T08:28:32.772491+00:00,17734.5,17755.25,LONG,False,False,False,False,False,NO_LOG_FILLS
,2024-05-03T07:47:34.767517+00:00,2024-05-03T08:41:05.583628+00:00,17734.5,17758.0,LONG,False,False,False,False,False,NO_LOG_FILLS
,2024-05-03T09:15:01.004841+00:00,2024-05-03T10:05:07.808488+00:00,17753.0,17768.5,SHORT,False,False,False,False,False,NO_LOG_FILLS
,2024-05-03T10:46:11.861727+00:00,2024-05-03T11:51:38.285906+00:00,17760.25,17748.25,SHORT,False,False,False,False,False,NO_LOG_FILLS
,2024-05-03T10:46:11.861727+00:00,2024-05-03T12:29:50.184581+00:00,17760.25,17771.0,SHORT,False,False,False,False,False,NO_LOG_FILLS
,2024-05-03T12:31:50.937105+00:00,2024-05-03T12:35:07.796750+00:00,17885.0,17917.75,SHORT,False,False,False,False,False,NO_LOG_FILLS
,2024-05-03T12:37:02.500861+00:00,2024-05-03T12:38:02.804597+00:00,17944.0,17927.25,SHORT,False,False,False,False,False,NO_LOG_FILLS
,2024-05-03T12:37:02.500861+00:00,2024-05-03T12:44:16.563292+00:00,17944.0,17910.5,SHORT,False,False,False,False,False,NO_LOG_FILLS
,2024-05-03T12:37:02.500861+00:00,2024-05-03T12:44:46.469444+00:00,17944.0,17910.25,SHORT,False,False,False,False,False,NO_LOG_FILLS
,2024-05-03T13:34:17.998241+00:00,2024-05-03T13:37:08.944467+00:00,17942.0,17953.0,LONG,False,False,False,False,False,NO_LOG_FILLS
,2024-05-03T13:34:17.998241+00:00,2024-05-03T13:41:17.682737+00:00,17942.0,17964.0,LONG,False,False,False,False,False,NO_LOG_FILLS
,2024-05-03T13:34:17.998241+00:00,2024-05-03T13:41:23.904145+00:00,17942.0,17957.25,LONG,False,False,False,False,False,NO_LOG_FILLS
,2024-05-03T14:04:21.984538+00:00,2024-05-03T14:04:25.328827+00:00,17961.25,17959.25,LONG,False,False,False,False,False,NO_LOG_FILLS
,2024-05-03T14:10:52.722360+00:00,2024-05-03T14:11:25.064554+00:00,17947.25,17935.25,SHORT,False,False,False,False,False,NO_LOG_FILLS
,2024-05-03T14:10:52.722360+00:00,2024-05-03T14:13:01.040752+00:00,17947.25,17923.0,SHORT,False,False,False,False,False,NO_LOG_FILLS
,2024-05-03T14:10:52.722360+00:00,2024-05-03T14:13:08.838565+00:00,17947.25,17917.0,SHORT,False,False,False,False,False,NO_LOG_FILLS
,2024-05-03T14:16:11.441765+00:00,2024-05-03T14:17:25.110733+00:00,17919.0,17938.75,SHORT,False,False,False,False,False,NO_LOG_FILLS
,2024-05-03T14:18:59.004443+00:00,2024-05-03T14:18:59.539307+00:00,17928.75,17928.75,SHORT,False,False,False,False,False,NO_LOG_FILLS
,2024-05-03T14:21:57.542683+00:00,2024-05-03T14:24:30.761335+00:00,17926.25,17937.5,LONG,False,False,False,False,False,NO_LOG_FILLS
,2024-05-03T14:21:57.542683+00:00,2024-05-03T14:25:59.750415+00:00,17926.25,17900.75,LONG,False,False,False,False,False,NO_LOG_FILLS
,2024-05-03T14:34:19.901470+00:00,2024-05-03T14:35:15.226177+00:00,17938.75,17924.5,LONG,False,False,False,False,False,NO_LOG_FILLS
,2024-05-03T14:38:24.167641+00:00,2024-05-03T14:39:30.216333+00:00,17937.25,17954.75,SHORT,False,False,False,False,False,NO_LOG_FILLS
,2024-05-03T14:45:42.421036+00:00,2024-05-03T14:47:44.339405+00:00,17979.75,17987.25,SHORT,False,False,False,False,False,NO_LOG_FILLS
,2024-05-03T15:12:24.792906+00:00,2024-05-03T15:16:58.189183+00:00,17915.5,17927.5,LONG,False,False,False,False,False,NO_LOG_FILLS
,2024-05-03T15:12:24.792906+00:00,2024-05-03T15:22:45.017285+00:00,17915.5,17939.75,LONG,False,False,False,False,False,NO_LOG_FILLS
,2024-05-03T15:12:24.792906+00:00,2024-05-03T15:23:19.693072+00:00,17915.5,17938.0,LONG,False,False,False,False,False,NO_LOG_FILLS
,2024-05-03T15:41:50.772204+00:00,2024-05-03T15:42:05.490866+00:00,17982.0,17990.25,SHORT,False,False,False,False,False,NO_LOG_FILLS
,2024-05-03T15:42:54.812360+00:00,2024-05-03T15:43:35.195555+00:00,17983.0,17988.25,SHORT,False,False,False,False,False,NO_LOG_FILLS
,2024-05-03T15:44:11.827263+00:00,2024-05-03T15:44:23.008741+00:00,17986.75,17978.25,SHORT,False,False,False,False,False,NO_LOG_FILLS
,2024-05-03T15:44:11.827263+00:00,2024-05-03T15:53:42.136404+00:00,17986.75,17993.5,SHORT,False,False,False,False,False,NO_LOG_FILLS
,2024-05-03T15:57:37.112420+00:00,2024-05-03T15:58:18.090888+00:00,17997.5,18004.5,SHORT,False,False,False,False,False,NO_LOG_FILLS
,2024-05-03T16:10:24.953853+00:00,2024-05-03T16:11:26.320311+00:00,17999.5,17989.0,LONG,False,False,False,False,False,NO_LOG_FILLS
,2024-05-03T16:18:49.676856+00:00,2024-05-03T16:21:04.145921+00:00,17986.5,17978.25,LONG,False,False,False,False,False,NO_LOG_FILLS
,2024-05-03T16:38:08.742325+00:00,2024-05-03T16:39:34.914452+00:00,17998.25,18006.75,LONG,False,False,False,False,False,NO_LOG_FILLS
,2024-05-03T16:38:08.742325+00:00,2024-05-03T16:51:59.350321+00:00,17998.25,17984.0,LONG,False,False,False,False,False,NO_LOG_FILLS
,2024-05-03T17:13:05.684408+00:00,2024-05-03T17:14:16.264992+00:00,17993.25,17999.25,SHORT,False,False,False,False,False,NO_LOG_FILLS
,2024-05-03T17:54:08.228734+00:00,2024-05-03T17:59:53.003341+00:00,17995.75,17987.5,LONG,False,False,False,False,False,NO_LOG_FILLS
,2024-05-03T18:29:40.715384+00:00,2024-05-03T18:35:26.053453+00:00,18016.0,18025.25,SHORT,False,False,False,False,False,NO_LOG_FILLS
,2024-05-03T18:55:53.372167+00:00,2024-05-03T18:55:53.871307+00:00,18016.25,18013.5,LONG,False,False,False,False,False,NO_LOG_FILLS
,2024-05-03T19:12:11.249746+00:00,2024-05-03T19:12:31.253280+00:00,18015.0,18008.5,SHORT,False,False,False,False,False,NO_LOG_FILLS
,2024-05-03T19:12:11.249746+00:00,2024-05-03T19:33:01.568009+00:00,18015.0,18002.0,SHORT,False,False,False,False,False,NO_LOG_FILLS
,2024-05-03T19:12:11.249746+00:00,2024-05-03T19:33:58.822564+00:00,18015.0,18004.75,SHORT,False,False,False,False,False,NO_LOG_FILLS
,2024-05-03T19:49:04.970876+00:00,2024-05-03T19:52:26.084625+00:00,17993.75,18009.5,SHORT,False,False,False,False,False,NO_LOG_FILLS
,2024-05-06T00:05:04.651504+00:00,2024-05-06T00:18:22.296784+00:00,18014.0,18000.5,LONG,False,False,False,False,False,NO_LOG_FILLS
,2024-05-06T01:59:02.696538+00:00,2024-05-06T03:31:32.346670+00:00,18012.0,17999.0,LONG,False,False,False,False,False,NO_LOG_FILLS
,2024-05-06T08:11:30.407802+00:00,2024-05-06T08:21:33.300388+00:00,18014.0,18023.0,LONG,False,False,False,False,False,NO_LOG_FILLS
,2024-05-06T08:11:30.407802+00:00,2024-05-06T08:32:04.978466+00:00,18014.0,18032.25,LONG,False,False,False,False,False,NO_LOG_FILLS
,2024-05-06T08:11:30.407802+00:00,2024-05-06T08:44:33.119404+00:00,18014.0,18026.75,LONG,False,False,False,False,False,NO_LOG_FILLS
,2024-05-06T10:33:44.837010+00:00,2024-05-06T11:05:42.409040+00:00,18049.5,18041.0,SHORT,False,False,False,False,False,NO_LOG_FILLS
,2024-05-06T10:33:44.837010+00:00,2024-05-06T12:21:04.130195+00:00,18049.5,18060.0,SHORT,False,False,False,False,False,NO_LOG_FILLS
,2024-05-06T12:47:12.767233+00:00,2024-05-06T13:29:12.544320+00:00,18056.5,18072.75,SHORT,False,False,False,False,False,NO_LOG_FILLS
,2024-05-06T13:29:56.986957+00:00,2024-05-06T13:30:03.397679+00:00,18073.5,18065.5,SHORT,False,False,False,False,False,NO_LOG_FILLS
,2024-05-06T13:29:56.986957+00:00,2024-05-06T13:30:21.271684+00:00,18073.5,18057.5,SHORT,False,False,False,False,False,NO_LOG_FILLS
,2024-05-06T13:29:56.986957+00:00,2024-05-06T13:31:03.707510+00:00,18073.5,18055.25,SHORT,False,False,False,False,False,NO_LOG_FILLS
,2024-05-06T13:33:37.749576+00:00,2024-05-06T13:34:10.071534+00:00,18051.75,18059.5,LONG,False,False,False,False,False,NO_LOG_FILLS
,2024-05-06T13:33:37.749576+00:00,2024-05-06T13:34:41.567127+00:00,18051.75,18067.25,LONG,False,False,False,False,False,NO_LOG_FILLS
,2024-05-06T13:33:37.749576+00:00,2024-05-06T13:36:05.717904+00:00,18051.75,18072.0,LONG,False,False,False,False,False,NO_LOG_FILLS
,2024-05-06T14:06:20.378052+00:00,2024-05-06T14:06:22.468710+00:00,18113.0,18111.75,LONG,False,False,False,False,False,NO_LOG_FILLS
,2024-05-06T14:14:47.501169+00:00,2024-05-06T14:17:45.947083+00:00,18096.5,18087.5,LONG,False,False,False,False,False,NO_LOG_FILLS
,2024-05-06T15:12:18.749544+00:00,2024-05-06T15:12:51.320646+00:00,18090.75,18095.0,SHORT,False,False,False,False,False,NO_LOG_FILLS
,2024-05-06T15:38:04.860614+00:00,2024-05-06T15:45:55.535966+00:00,18103.25,18113.75,SHORT,False,False,False,False,False,NO_LOG_FILLS
,2024-05-06T16:33:00.434904+00:00,2024-05-06T16:36:54.826061+00:00,18098.0,18102.0,SHORT,False,False,False,False,False,NO_LOG_FILLS
,2024-05-06T17:13:41.545975+00:00,2024-05-06T17:15:27.587851+00:00,18103.25,18109.25,LONG,False,False,False,False,False,NO_LOG_FILLS
,2024-05-06T17:13:41.545975+00:00,2024-05-06T17:17:31.572392+00:00,18103.25,18093.75,LONG,False,False,False,False,False,NO_LOG_FILLS
,2024-05-06T18:14:51.020705+00:00,2024-05-06T18:21:46.957372+00:00,18130.0,18123.5,SHORT,False,False,False,False,False,NO_LOG_FILLS
,2024-05-06T18:14:51.020705+00:00,2024-05-06T18:24:37.833550+00:00,18130.0,18138.5,SHORT,False,False,False,False,False,NO_LOG_FILLS
,2024-05-06T19:20:18.682786+00:00,2024-05-06T19:36:47.887305+00:00,18142.75,18148.75,LONG,False,False,False,False,False,NO_LOG_FILLS
,2024-05-06T19:20:18.682786+00:00,2024-05-06T19:46:52.974318+00:00,18142.75,18154.75,LONG,False,False,False,False,False,NO_LOG_FILLS
,2024-05-06T19:20:18.682786+00:00,2024-05-06T19:50:00.415963+00:00,18142.75,18158.5,LONG,False,False,False,False,False,NO_LOG_FILLS
,2024-05-06T19:55:28.081791+00:00,2024-05-06T19:55:34.504517+00:00,18187.25,18187.75,SHORT,False,False,False,False,False,NO_LOG_FILLS
,2024-05-06T19:58:59.622137+00:00,2024-05-06T19:59:34.223092+00:00,18190.25,18195.5,SHORT,False,False,False,False,False,NO_LOG_FILLS
,2024-05-07T09:29:42.917824+00:00,2024-05-07T09:33:37.742677+00:00,18181.0,18173.5,SHORT,False,False,False,False,False,NO_LOG_FILLS
,2024-05-07T09:29:42.917824+00:00,2024-05-07T09:53:35.379226+00:00,18181.0,18165.75,SHORT,False,False,False,False,False,NO_LOG_FILLS
,2024-05-07T09:29:42.917824+00:00,2024-05-07T09:57:46.973366+00:00,18181.0,18173.0,SHORT,False,False,False,False,False,NO_LOG_FILLS
,2024-05-07T12:02:41.107397+00:00,2024-05-07T12:44:38.854622+00:00,18170.75,18179.75,LONG,False,False,False,False,False,NO_LOG_FILLS
,2024-05-07T12:02:41.107397+00:00,2024-05-07T12:53:13.675828+00:00,18170.75,18189.0,LONG,False,False,False,False,False,NO_LOG_FILLS
,2024-05-07T12:02:41.107397+00:00,2024-05-07T13:05:16.863936+00:00,18170.75,18195.5,LONG,False,False,False,False,False,NO_LOG_FILLS
,2024-05-07T13:05:17.289759+00:00,2024-05-07T13:09:06.685698+00:00,18196.75,18201.0,SHORT,False,False,False,False,False,NO_LOG_FILLS
,2024-05-07T13:31:18.556658+00:00,2024-05-07T13:31:19.150214+00:00,18213.75,18216.25,LONG,False,False,False,False,False,NO_LOG_FILLS
,2024-05-07T13:33:50.242318+00:00,2024-05-07T13:37:00.838729+00:00,18222.75,18216.0,SHORT,False,False,False,False,False,NO_LOG_FILLS
,2024-05-07T13:33:50.242318+00:00,2024-05-07T13:37:31.407087+00:00,18222.75,18209.25,SHORT,False,False,False,False,False,NO_LOG_FILLS
,2024-05-07T13:33:50.242318+00:00,2024-05-07T13:38:07.338074+00:00,18222.75,18219.0,SHORT,False,False,False,False,False,NO_LOG_FILLS
,2024-05-07T14:00:00.789094+00:00,2024-05-07T14:01:11.900156+00:00,18196.75,18188.0,LONG,False,False,False,False,False,NO_LOG_FILLS
,2024-05-07T14:20:34.250788+00:00,2024-05-07T14:20:52.600831+00:00,18215.25,18208.75,SHORT,False,False,False,False,False,NO_LOG_FILLS
,2024-05-07T14:20:34.250788+00:00,2024-05-07T14:21:07.596171+00:00,18215.25,18202.0,SHORT,False,False,False,False,False,NO_LOG_FILLS
,2024-05-07T14:20:34.250788+00:00,2024-05-07T14:22:05.422431+00:00,18215.25,18203.25,SHORT,False,False,False,False,False,NO_LOG_FILLS
,2024-05-07T14:22:52.339443+00:00,2024-05-07T14:23:56.383644+00:00,18207.75,18193.0,LONG,False,False,False,False,False,NO_LOG_FILLS
,2024-05-07T14:45:08.309573+00:00,2024-05-07T14:46:02.700585+00:00,18203.0,18212.25,SHORT,False,False,False,False,False,NO_LOG_FILLS
,2024-05-07T15:02:21.950445+00:00,2024-05-07T15:03:30.616632+00:00,18251.25,18245.75,SHORT,False,False,False,False,False,NO_LOG_FILLS
,2024-05-07T15:02:21.950445+00:00,2024-05-07T15:16:12.833303+00:00,18251.25,18254.0,SHORT,False,False,False,False,False,NO_LOG_FILLS
,2024-05-07T15:16:44.343626+00:00,2024-05-07T15:16:45.027180+00:00,18252.75,18257.0,SHORT,False,False,False,False,False,NO_LOG_FILLS
,2024-05-07T16:52:50.640848+00:00,2024-05-07T16:54:03.062588+00:00,18239.25,18236.0,LONG,False,False,False,False,False,NO_LOG_FILLS
,2024-05-07T17:33:50.749073+00:00,2024-05-07T17:36:40.152587+00:00,18254.5,18249.0,SHORT,False,False,False,False,False,NO_LOG_FILLS
,2024-05-07T17:33:50.749073+00:00,2024-05-07T17:40:27.289210+00:00,18254.5,18243.25,SHORT,False,False,False,False,False,NO_LOG_FILLS
,2024-05-07T17:33:50.749073+00:00,2024-05-07T17:50:06.699625+00:00,18254.5,18205.25,SHORT,False,False,False,False,False,NO_LOG_FILLS
,2024-05-07T17:50:24.266279+00:00,2024-05-07T17:50:46.803936+00:00,18213.0,18218.5,LONG,False,False,False,False,False,NO_LOG_FILLS
,2024-05-07T17:50:24.266279+00:00,2024-05-07T17:59:16.879274+00:00,18213.0,18193.25,LONG,False,False,False,False,False,NO_LOG_FILLS
,2024-05-07T18:11:13.719758+00:00,2024-05-07T18:11:43.082106+00:00,18201.0,18206.75,LONG,False,False,False,False,False,NO_LOG_FILLS
,2024-05-07T18:11:13.719758+00:00,2024-05-07T18:19:31.853085+00:00,18201.0,18188.5,LONG,False,False,False,False,False,NO_LOG_FILLS
,2024-05-07T18:36:23.378948+00:00,2024-05-07T18:37:37.880150+00:00,18172.0,18178.5,LONG,False,False,False,False,False,NO_LOG_FILLS
,2024-05-07T18:36:23.378948+00:00,2024-05-07T18:40:39.872541+00:00,18172.0,18184.75,LONG,False,False,False,False,False,NO_LOG_FILLS
,2024-05-07T18:36:23.378948+00:00,2024-05-07T18:41:04.914417+00:00,18172.0,18187.5,LONG,False,False,False,False,False,NO_LOG_FILLS
,2024-05-07T18:36:24.988246+00:00,2024-05-07T19:26:47.890770+00:00,18172.0,18200.25,LONG,False,False,False,False,False,NO_LOG_FILLS
,2024-05-07T19:26:49.598739+00:00,2024-05-07T19:32:54.531857+00:00,18200.25,18193.75,SHORT,False,False,False,False,False,NO_LOG_FILLS
,2024-05-07T19:26:49.598739+00:00,2024-05-07T19:49:58.748641+00:00,18200.25,18208.25,SHORT,False,False,False,False,False,NO_LOG_FILLS
,2024-05-07T19:53:33.290861+00:00,2024-05-07T19:54:08.450440+00:00,18213.5,18206.5,SHORT,False,False,False,False,False,NO_LOG_FILLS
,2024-05-07T19:53:33.290861+00:00,2024-05-07T19:55:14.337346+00:00,18213.5,18199.5,SHORT,False,False,False,False,False,NO_LOG_FILLS
,2024-05-07T19:53:33.290861+00:00,2024-05-07T19:55:25.039750+00:00,18213.5,18201.0,SHORT,False,False,False,False,False,NO_LOG_FILLS
,2024-05-07T19:53:35.000646+00:00,2024-05-07T19:59:58.956950+00:00,18213.5,18196.75,SHORT,False,False,False,False,False,NO_LOG_FILLS
,2024-05-07T20:00:00.716731+00:00,2024-05-07T20:01:37.573684+00:00,18196.75,18203.0,LONG,False,False,False,False,False,NO_LOG_FILLS
,2024-05-07T20:00:00.716731+00:00,2024-05-07T20:05:06.275745+00:00,18196.75,18209.5,LONG,False,False,False,False,False,NO_LOG_FILLS
,2024-05-07T20:00:00.716731+00:00,2024-05-07T20:17:05.995609+00:00,18196.75,18208.0,LONG,False,False,False,False,False,NO_LOG_FILLS
,2024-05-08T01:57:41.029542+00:00,2024-05-08T02:43:29.257974+00:00,18202.5,18195.25,SHORT,False,False,False,False,False,NO_LOG_FILLS
,2024-05-08T01:57:41.029542+00:00,2024-05-08T04:32:26.743189+00:00,18202.5,18188.0,SHORT,False,False,False,False,False,NO_LOG_FILLS
,2024-05-08T01:57:41.029542+00:00,2024-05-08T05:41:35.223286+00:00,18202.5,18189.25,SHORT,False,False,False,False,False,NO_LOG_FILLS
,2024-05-08T12:22:21.112912+00:00,2024-05-08T12:23:54.699135+00:00,18110.25,18102.25,LONG,False,False,False,False,False,NO_LOG_FILLS
,2024-05-08T12:24:15.172220+00:00,2024-05-08T12:35:05.383065+00:00,18106.25,18095.5,LONG,False,False,False,False,False,NO_LOG_FILLS
,2024-05-08T13:40:06.027171+00:00,2024-05-08T13:40:22.657652+00:00,18120.25,18113.5,SHORT,False,False,False,False,False,NO_LOG_FILLS
,2024-05-08T13:40:06.027171+00:00,2024-05-08T13:45:05.496525+00:00,18120.25,18126.75,SHORT,False,False,False,False,False,NO_LOG_FILLS
,2024-05-08T13:50:22.801111+00:00,2024-05-08T13:52:10.202370+00:00,18151.75,18145.75,SHORT,False,False,False,False,False,NO_LOG_FILLS
,2024-05-08T13:50:22.801111+00:00,2024-05-08T13:53:51.158472+00:00,18151.75,18161.0,SHORT,False,False,False,False,False,NO_LOG_FILLS
,2024-05-08T14:07:05.071107+00:00,2024-05-08T14:07:49.643019+00:00,18169.5,18163.75,SHORT,False,False,False,False,False,NO_LOG_FILLS
,2024-05-08T14:07:05.071107+00:00,2024-05-08T14:12:33.108534+00:00,18169.5,18158.0,SHORT,False,False,False,False,False,NO_LOG_FILLS
,2024-05-08T14:07:05.071107+00:00,2024-05-08T14:13:08.016714+00:00,18169.5,18160.5,SHORT,False,False,False,False,False,NO_LOG_FILLS
,2024-05-08T14:27:13.909046+00:00,2024-05-08T14:28:16.861407+00:00,18194.0,18203.25,SHORT,False,False,False,False,False,NO_LOG_FILLS
,2024-05-08T14:29:57.441383+00:00,2024-05-08T14:31:25.693652+00:00,18204.25,18211.0,SHORT,False,False,False,False,False,NO_LOG_FILLS
,2024-05-08T14:52:49.255427+00:00,2024-05-08T14:55:43.291714+00:00,18231.5,18224.75,LONG,False,False,False,False,False,NO_LOG_FILLS
,2024-05-08T15:02:21.785893+00:00,2024-05-08T15:03:16.112397+00:00,18228.25,18223.25,SHORT,False,False,False,False,False,NO_LOG_FILLS
,2024-05-08T15:02:21.785893+00:00,2024-05-08T15:03:48.292308+00:00,18228.25,18218.0,SHORT,False,False,False,False,False,NO_LOG_FILLS
,2024-05-08T15:02:21.785893+00:00,2024-05-08T15:06:17.148978+00:00,18228.25,18212.0,SHORT,False,False,False,False,False,NO_LOG_FILLS
,2024-05-08T15:28:52.395676+00:00,2024-05-08T15:30:03.475322+00:00,18189.0,18183.5,SHORT,False,False,False,False,False,NO_LOG_FILLS
,2024-05-08T15:28:52.395676+00:00,2024-05-08T15:43:13.250447+00:00,18189.0,18178.0,SHORT,False,False,False,False,False,NO_LOG_FILLS
,2024-05-08T15:28:52.395676+00:00,2024-05-08T15:44:40.759524+00:00,18189.0,18182.5,SHORT,False,False,False,False,False,NO_LOG_FILLS
,2024-05-08T16:27:05.469859+00:00,2024-05-08T16:35:03.164261+00:00,18182.25,18173.5,LONG,False,False,False,False,False,NO_LOG_FILLS
,2024-05-08T17:27:40.593978+00:00,2024-05-08T17:30:54.081647+00:00,18149.0,18155.5,LONG,False,False,False,False,False,NO_LOG_FILLS
,2024-05-08T17:27:40.593978+00:00,2024-05-08T17:44:09.820131+00:00,18149.0,18162.25,LONG,False,False,False,False,False,NO_LOG_FILLS
,2024-05-08T17:27:40.593978+00:00,2024-05-08T17:45:36.870185+00:00,18149.0,18165.75,LONG,False,False,False,False,False,NO_LOG_FILLS
,2024-05-08T18:27:19.535266+00:00,2024-05-08T18:28:11.931392+00:00,18178.75,18184.75,LONG,False,False,False,False,False,NO_LOG_FILLS
,2024-05-08T18:27:19.535266+00:00,2024-05-08T18:32:14.174332+00:00,18178.75,18190.75,LONG,False,False,False,False,False,NO_LOG_FILLS
,2024-05-08T18:27:19.535266+00:00,2024-05-08T18:35:29.451176+00:00,18178.75,18184.25,LONG,False,False,False,False,False,NO_LOG_FILLS
,2024-05-08T19:00:59.121091+00:00,2024-05-08T19:16:55.308125+00:00,18168.0,18173.75,LONG,False,False,False,False,False,NO_LOG_FILLS
,2024-05-08T19:00:59.121091+00:00,2024-05-08T19:17:43.127576+00:00,18168.0,18179.5,LONG,False,False,False,False,False,NO_LOG_FILLS
,2024-05-08T19:00:59.121091+00:00,2024-05-08T19:20:39.387638+00:00,18168.0,18180.0,LONG,False,False,False,False,False,NO_LOG_FILLS
,2024-05-08T20:15:05.536381+00:00,2024-05-08T20:15:51.859911+00:00,18163.0,18161.0,LONG,False,False,False,False,False,NO_LOG_FILLS
,2024-05-08T20:37:12.213708+00:00,2024-05-08T20:56:29.012287+00:00,18159.25,18164.5,LONG,False,False,False,False,False,NO_LOG_FILLS
,2024-05-08T20:37:12.213708+00:00,2024-05-08T20:58:58.525086+00:00,18159.25,18164.25,LONG,False,False,False,False,False,NO_LOG_FILLS
,2024-05-09T04:56:54.787520+00:00,2024-05-09T07:02:35.437630+00:00,18153.0,18144.75,SHORT,False,False,False,False,False,NO_LOG_FILLS
,2024-05-09T07:03:52.426123+00:00,2024-05-09T08:00:34.587653+00:00,18151.5,18131.75,SHORT,False,False,False,False,False,NO_LOG_FILLS
,2024-05-09T07:06:40.231804+00:00,2024-05-09T08:00:34.587653+00:00,18158.25,18131.75,SHORT,False,False,False,False,False,NO_LOG_FILLS
,2024-05-09T07:11:40.262281+00:00,2024-05-09T08:00:34.587653+00:00,18153.5,18131.75,SHORT,False,False,False,False,False,NO_LOG_FILLS
,2024-05-09T08:10:23.429365+00:00,2024-05-09T09:20:44.653850+00:00,18139.75,18114.0,SHORT,False,False,False,False,False,NO_LOG_FILLS
,2024-05-09T09:18:23.087476+00:00,2024-05-09T09:20:44.653850+00:00,18119.75,18114.0,SHORT,False,False,False,False,False,NO_LOG_FILLS
,2024-05-09T09:32:10.729981+00:00,2024-05-09T11:02:53.726318+00:00,18123.0,18130.75,SHORT,False,False,False,False,False,NO_LOG_FILLS
,2024-05-09T10:01:31.541557+00:00,2024-05-09T11:39:08.312177+00:00,18132.0,18155.0,SHORT,False,False,False,False,False,NO_LOG_FILLS
,2024-05-09T10:43:10.109807+00:00,2024-05-09T11:39:08.312177+00:00,18145.25,18155.0,SHORT,False,False,False,False,False,NO_LOG_FILLS
,2024-05-09T10:43:49.388273+00:00,2024-05-09T12:29:59.498930+00:00,18140.5,18164.5,SHORT,False,False,False,False,False,NO_LOG_FILLS
,2024-05-09T12:01:29.828255+00:00,2024-05-09T12:41:08.639175+00:00,18149.0,18197.25,SHORT,False,False,False,False,False,NO_LOG_FILLS
,2024-05-09T12:35:06.342252+00:00,2024-05-09T13:33:14.870044+00:00,18182.75,18175.5,SHORT,False,False,False,False,False,NO_LOG_FILLS
,2024-05-09T12:35:06.342252+00:00,2024-05-09T13:36:15.495921+00:00,18182.75,18165.5,SHORT,False,False,False,False,False,NO_LOG_FILLS
,2024-05-09T12:35:06.342252+00:00,2024-05-09T13:38:10.460504+00:00,18182.75,18169.0,SHORT,False,False,False,False,False,NO_LOG_FILLS
,2024-05-09T13:29:59.686693+00:00,2024-05-09T13:38:12.273579+00:00,18185.75,18171.25,SHORT,False,False,False,False,False,NO_LOG_FILLS
,2024-05-09T13:39:24.254604+00:00,2024-05-09T13:42:09.852195+00:00,18159.0,18133.25,SHORT,False,False,False,False,False,NO_LOG_FILLS
,2024-05-09T13:42:21.755020+00:00,2024-05-09T13:43:20.363478+00:00,18127.75,18133.0,SHORT,False,False,False,False,False,NO_LOG_FILLS
,2024-05-09T13:45:35.549680+00:00,2024-05-09T13:49:33.373928+00:00,18122.5,18120.0,SHORT,False,False,False,False,False,NO_LOG_FILLS
,2024-05-09T13:49:45.486903+00:00,2024-05-09T14:11:18.116036+00:00,18110.0,18170.0,SHORT,False,False,False,False,False,NO_LOG_FILLS
,2024-05-09T14:12:02.273178+00:00,2024-05-09T14:43:40.009147+00:00,18175.75,18201.5,SHORT,False,False,False,False,False,NO_LOG_FILLS
,2024-05-09T14:14:05.347625+00:00,2024-05-09T14:43:40.009147+00:00,18158.25,18201.5,SHORT,False,False,False,False,False,NO_LOG_FILLS
,2024-05-09T14:46:09.001420+00:00,2024-05-09T15:24:32.361381+00:00,18191.75,18214.25,SHORT,False,False,False,False,False,NO_LOG_FILLS
,2024-05-09T14:46:09.001420+00:00,2024-05-09T15:28:14.515447+00:00,18191.75,18228.25,SHORT,False,False,False,False,False,NO_LOG_FILLS
,2024-05-09T15:23:45.578886+00:00,2024-05-09T15:38:18.969885+00:00,18219.5,18223.75,SHORT,False,False,False,False,False,NO_LOG_FILLS
,2024-05-09T15:23:45.578886+00:00,2024-05-09T15:38:56.105733+00:00,18219.5,18218.75,SHORT,False,False,False,False,False,NO_LOG_FILLS
,2024-05-09T15:23:45.578886+00:00,2024-05-09T15:40:00.253406+00:00,18219.5,18222.0,SHORT,False,False,False,False,False,NO_LOG_FILLS
,2024-05-09T15:31:45.856757+00:00,2024-05-09T15:49:06.572777+00:00,18228.75,18203.25,SHORT,False,False,False,False,False,NO_LOG_FILLS
,2024-05-09T15:50:40.970853+00:00,2024-05-09T15:50:57.563179+00:00,18192.25,18194.25,SHORT,False,False,False,False,False,NO_LOG_FILLS
,2024-05-09T15:50:44.531235+00:00,2024-05-09T16:33:46.930456+00:00,18189.75,18189.0,SHORT,False,False,False,False,False,NO_LOG_FILLS
,2024-05-09T16:33:48.954222+00:00,2024-05-09T16:35:59.487020+00:00,18186.75,18196.0,SHORT,False,False,False,False,False,NO_LOG_FILLS
,2024-05-09T16:36:52.156747+00:00,2024-05-09T17:12:33.902064+00:00,18202.75,18231.75,SHORT,False,False,False,False,False,NO_LOG_FILLS
,2024-05-09T16:43:37.479201+00:00,2024-05-09T17:12:33.902064+00:00,18209.25,18231.75,SHORT,False,False,False,False,False,NO_LOG_FILLS
,2024-05-09T16:48:14.086453+00:00,2024-05-09T17:12:33.902064+00:00,18207.0,18231.75,SHORT,False,False,False,False,False,NO_LOG_FILLS
,2024-05-09T17:09:04.638768+00:00,2024-05-09T17:18:31.424228+00:00,18219.25,18212.25,SHORT,False,False,False,False,False,NO_LOG_FILLS
,2024-05-09T17:09:04.638768+00:00,2024-05-09T17:20:14.850695+00:00,18219.25,18204.5,SHORT,False,False,False,False,False,NO_LOG_FILLS
,2024-05-09T17:09:04.638768+00:00,2024-05-09T17:21:07.608610+00:00,18219.25,18199.0,SHORT,False,False,False,False,False,NO_LOG_FILLS
,2024-05-09T17:16:14.338598+00:00,2024-05-09T17:21:11.992276+00:00,18219.75,18201.5,SHORT,False,False,False,False,False,NO_LOG_FILLS
,2024-05-09T17:26:02.017478+00:00,2024-05-09T17:45:00.065492+00:00,18209.0,18220.25,SHORT,False,False,False,False,False,NO_LOG_FILLS
,2024-05-09T17:27:01.154940+00:00,2024-05-09T17:45:00.065492+00:00,18216.5,18220.25,SHORT,False,False,False,False,False,NO_LOG_FILLS
,2024-05-09T17:30:24.605226+00:00,2024-05-09T17:45:00.065492+00:00,18217.75,18220.25,SHORT,False,False,False,False,False,NO_LOG_FILLS
,2024-05-09T17:47:23.723114+00:00,2024-05-09T18:25:51.785010+00:00,18210.25,18201.5,SHORT,False,False,False,False,False,NO_LOG_FILLS
,2024-05-09T18:22:06.148530+00:00,2024-05-09T18:25:59.167110+00:00,18195.75,18203.75,SHORT,False,False,False,False,False,NO_LOG_FILLS
,2024-05-09T18:26:57.112309+00:00,2024-05-09T19:41:06.546540+00:00,18211.0,18206.0,SHORT,False,False,False,False,False,NO_LOG_FILLS
,2024-05-09T18:30:30.770258+00:00,2024-05-09T19:41:06.546540+00:00,18218.25,18206.0,SHORT,False,False,False,False,False,NO_LOG_FILLS
,2024-05-09T18:34:26.179697+00:00,2024-05-09T19:41:06.546540+00:00,18212.25,18206.0,SHORT,False,False,False,False,False,NO_LOG_FILLS
,2024-05-09T19:40:07.911095+00:00,2024-05-09T20:33:19.245658+00:00,18199.5,18228.75,SHORT,False,False,False,False,False,NO_LOG_FILLS
,2024-05-09T19:40:07.911095+00:00,2024-05-09T20:58:44.024621+00:00,18199.5,18222.75,SHORT,False,False,False,False,False,NO_LOG_FILLS
,2024-05-09T19:40:07.911095+00:00,2024-05-09T20:58:58.906973+00:00,18199.5,18221.75,SHORT,False,False,False,False,False,NO_LOG_FILLS
,2024-05-09T20:13:58.651112+00:00,2024-05-09T23:44:58.281624+00:00,18234.75,18242.75,SHORT,False,False,False,False,False,NO_LOG_FILLS
,2024-05-10T10:10:30.489554+00:00,2024-05-10T10:55:34.385453+00:00,18293.0,18285.5,SHORT,False,False,False,False,False,NO_LOG_FILLS
,2024-05-10T10:10:30.489554+00:00,2024-05-10T11:53:24.152141+00:00,18293.0,18278.0,SHORT,False,False,False,False,False,NO_LOG_FILLS
,2024-05-10T10:10:30.489554+00:00,2024-05-10T12:00:20.107290+00:00,18293.0,18287.5,SHORT,False,False,False,False,False,NO_LOG_FILLS
,2024-05-10T12:15:02.651186+00:00,2024-05-10T12:25:40.624890+00:00,18290.75,18298.25,LONG,False,False,False,False,False,NO_LOG_FILLS
,2024-05-10T12:15:02.651186+00:00,2024-05-10T12:37:15.368747+00:00,18290.75,18277.5,LONG,False,False,False,False,False,NO_LOG_FILLS
,2024-05-10T13:03:43.466478+00:00,2024-05-10T13:08:39.934294+00:00,18259.5,18267.75,LONG,False,False,False,False,False,NO_LOG_FILLS
,2024-05-10T13:03:43.466478+00:00,2024-05-10T13:25:48.491194+00:00,18259.5,18276.0,LONG,False,False,False,False,False,NO_LOG_FILLS
,2024-05-10T13:03:43.466478+00:00,2024-05-10T13:30:01.340918+00:00,18259.5,18270.0,LONG,False,False,False,False,False,NO_LOG_FILLS
,2024-05-10T13:30:01.689463+00:00,2024-05-10T13:30:34.047939+00:00,18270.75,18259.75,SHORT,False,False,False,False,False,NO_LOG_FILLS
,2024-05-10T13:44:02.929068+00:00,2024-05-10T13:48:05.131510+00:00,18322.75,18331.0,SHORT,False,False,False,False,False,NO_LOG_FILLS
,2024-05-10T14:02:23.844065+00:00,2024-05-10T14:02:43.236825+00:00,18300.75,18295.0,LONG,False,False,False,False,False,NO_LOG_FILLS
,2024-05-10T14:13:40.577560+00:00,2024-05-10T14:14:01.412471+00:00,18271.75,18278.5,LONG,False,False,False,False,False,NO_LOG_FILLS
,2024-05-10T14:13:40.577560+00:00,2024-05-10T14:15:02.659786+00:00,18271.75,18265.0,LONG,False,False,False,False,False,NO_LOG_FILLS
,2024-05-10T14:15:55.167677+00:00,2024-05-10T14:19:18.082028+00:00,18276.25,18259.75,LONG,False,False,False,False,False,NO_LOG_FILLS
,2024-05-10T14:32:31.052011+00:00,2024-05-10T14:36:37.817394+00:00,18232.75,18216.75,LONG,False,False,False,False,False,NO_LOG_FILLS
,2024-05-10T15:00:36.933987+00:00,2024-05-10T15:01:17.592133+00:00,18213.75,18223.25,SHORT,False,False,False,False,False,NO_LOG_FILLS
,2024-05-10T15:32:41.941784+00:00,2024-05-10T15:36:07.478758+00:00,18231.5,18224.75,SHORT,False,False,False,False,False,NO_LOG_FILLS
,2024-05-10T15:32:41.941784+00:00,2024-05-10T15:37:10.926280+00:00,18231.5,18217.75,SHORT,False,False,False,False,False,NO_LOG_FILLS
,2024-05-10T15:32:41.941784+00:00,2024-05-10T15:37:59.343880+00:00,18231.5,18216.5,SHORT,False,False,False,False,False,NO_LOG_FILLS
,2024-05-10T15:45:50.970345+00:00,2024-05-10T15:48:14.683442+00:00,18206.25,18213.5,LONG,False,False,False,False,False,NO_LOG_FILLS
,2024-05-10T15:45:50.970345+00:00,2024-05-10T15:48:37.256311+00:00,18206.25,18220.75,LONG,False,False,False,False,False,NO_LOG_FILLS
,2024-05-10T15:45:50.970345+00:00,2024-05-10T15:52:06.517035+00:00,18206.25,18227.0,LONG,False,False,False,False,False,NO_LOG_FILLS
,2024-05-10T16:00:45.662096+00:00,2024-05-10T16:02:09.824663+00:00,18228.0,18221.5,SHORT,False,False,False,False,False,NO_LOG_FILLS
,2024-05-10T16:00:45.662096+00:00,2024-05-10T16:02:11.036963+00:00,18228.0,18214.75,SHORT,False,False,False,False,False,NO_LOG_FILLS
,2024-05-10T16:00:45.662096+00:00,2024-05-10T16:02:15.175440+00:00,18228.0,18220.0,SHORT,False,False,False,False,False,NO_LOG_FILLS
,2024-05-10T16:02:15.803390+00:00,2024-05-10T16:02:46.396129+00:00,18217.75,18224.25,LONG,False,False,False,False,False,NO_LOG_FILLS
,2024-05-10T16:02:15.803390+00:00,2024-05-10T16:04:30.071499+00:00,18217.75,18214.0,LONG,False,False,False,False,False,NO_LOG_FILLS
,2024-05-10T16:17:19.332640+00:00,2024-05-10T16:20:27.401373+00:00,18233.25,18226.75,SHORT,False,False,False,False,False,NO_LOG_FILLS
,2024-05-10T16:17:19.332640+00:00,2024-05-10T16:24:23.988177+00:00,18233.25,18240.25,SHORT,False,False,False,False,False,NO_LOG_FILLS
,2024-05-10T16:28:41.504654+00:00,2024-05-10T16:36:05.516622+00:00,18231.0,18224.75,SHORT,False,False,False,False,False,NO_LOG_FILLS
,2024-05-10T16:28:41.504654+00:00,2024-05-10T16:48:19.401172+00:00,18231.0,18243.5,SHORT,False,False,False,False,False,NO_LOG_FILLS
,2024-05-10T18:07:16.310791+00:00,2024-05-10T18:07:59.224329+00:00,18245.25,18251.25,LONG,False,False,False,False,False,NO_LOG_FILLS
,2024-05-10T18:07:16.310791+00:00,2024-05-10T18:09:33.559232+00:00,18245.25,18257.25,LONG,False,False,False,False,False,NO_LOG_FILLS
,2024-05-10T18:07:16.310791+00:00,2024-05-10T18:12:08.841736+00:00,18245.25,18254.5,LONG,False,False,False,False,False,NO_LOG_FILLS
,2024-05-10T18:21:30.499869+00:00,2024-05-10T18:30:20.513301+00:00,18250.25,18244.25,SHORT,False,False,False,False,False,NO_LOG_FILLS
,2024-05-10T18:21:30.499869+00:00,2024-05-10T18:32:13.316228+00:00,18250.25,18238.25,SHORT,False,False,False,False,False,NO_LOG_FILLS
,2024-05-10T18:21:30.499869+00:00,2024-05-10T18:32:48.942257+00:00,18250.25,18238.0,SHORT,False,False,False,False,False,NO_LOG_FILLS
,2024-05-10T19:28:16.329517+00:00,2024-05-10T19:30:49.272766+00:00,18257.0,18250.75,SHORT,False,False,False,False,False,NO_LOG_FILLS
,2024-05-10T19:28:16.329517+00:00,2024-05-10T19:54:58.396651+00:00,18257.0,18266.0,SHORT,False,False,False,False,False,NO_LOG_FILLS
,2024-05-10T20:50:17.920357+00:00,2024-05-10T20:52:40.306239+00:00,18244.5,18239.0,LONG,False,False,False,False,False,NO_LOG_FILLS
,2024-05-13T01:02:55.977741+00:00,2024-05-13T03:21:37.929649+00:00,18256.75,18263.5,SHORT,False,False,False,False,False,NO_LOG_FILLS
,2024-05-13T04:15:00.781101+00:00,2024-05-13T04:15:01.856092+00:00,18275.0,18275.5,SHORT,False,False,False,False,False,NO_LOG_FILLS
,2024-05-13T04:15:01.856188+00:00,2024-05-13T04:47:50.917943+00:00,18275.0,18281.25,SHORT,False,False,False,False,False,NO_LOG_FILLS
,2024-05-13T08:09:05.463528+00:00,2024-05-13T08:17:25.169292+00:00,18289.25,18276.25,LONG,False,False,False,False,False,NO_LOG_FILLS
,2024-05-13T09:15:09.002862+00:00,2024-05-13T09:39:06.009189+00:00,18290.5,18298.5,LONG,False,False,False,False,False,NO_LOG_FILLS
,2024-05-13T09:15:09.002862+00:00,2024-05-13T11:11:15.062799+00:00,18290.5,18306.5,LONG,False,False,False,False,False,NO_LOG_FILLS
,2024-05-13T09:15:09.002862+00:00,2024-05-13T11:14:42.800015+00:00,18290.5,18311.25,LONG,False,False,False,False,False,NO_LOG_FILLS
,2024-05-13T11:14:43.390623+00:00,2024-05-13T11:24:58.486998+00:00,18311.5,18314.0,SHORT,False,False,False,False,False,NO_LOG_FILLS
,2024-05-13T13:01:04.667456+00:00,2024-05-13T13:02:16.982330+00:00,18316.5,18308.75,SHORT,False,False,False,False,False,NO_LOG_FILLS
,2024-05-13T13:01:04.667456+00:00,2024-05-13T13:16:48.186084+00:00,18316.5,18328.75,SHORT,False,False,False,False,False,NO_LOG_FILLS
,2024-05-13T13:57:05.695015+00:00,2024-05-13T13:57:47.500813+00:00,18262.5,18268.25,LONG,False,False,False,False,False,NO_LOG_FILLS
,2024-05-13T13:57:05.695015+00:00,2024-05-13T13:58:20.004920+00:00,18262.5,18274.0,LONG,False,False,False,False,False,NO_LOG_FILLS
,2024-05-13T13:57:05.695015+00:00,2024-05-13T14:00:02.604546+00:00,18262.5,18285.5,LONG,False,False,False,False,False,NO_LOG_FILLS
,2024-05-13T14:24:04.586243+00:00,2024-05-13T14:24:20.748932+00:00,18302.5,18308.25,LONG,False,False,False,False,False,NO_LOG_FILLS
,2024-05-13T14:24:04.586243+00:00,2024-05-13T14:30:10.164602+00:00,18302.5,18298.25,LONG,False,False,False,False,False,NO_LOG_FILLS
,2024-05-13T14:40:57.524959+00:00,2024-05-13T14:41:02.757403+00:00,18288.0,18282.25,SHORT,False,False,False,False,False,NO_LOG_FILLS
,2024-05-13T14:40:57.524959+00:00,2024-05-13T14:49:18.984214+00:00,18288.0,18301.5,SHORT,False,False,False,False,False,NO_LOG_FILLS
,2024-05-13T15:16:22.306127+00:00,2024-05-13T15:18:31.453207+00:00,18299.5,18292.75,SHORT,False,False,False,False,False,NO_LOG_FILLS
,2024-05-13T15:16:22.306127+00:00,2024-05-13T15:21:50.434151+00:00,18299.5,18286.0,SHORT,False,False,False,False,False,NO_LOG_FILLS
,2024-05-13T15:16:22.306127+00:00,2024-05-13T15:23:06.054668+00:00,18299.5,18292.0,SHORT,False,False,False,False,False,NO_LOG_FILLS
,2024-05-13T15:28:25.384545+00:00,2024-05-13T15:28:45.859470+00:00,18279.5,18284.75,SHORT,False,False,False,False,False,NO_LOG_FILLS
,2024-05-13T15:37:31.091071+00:00,2024-05-13T15:51:30.955353+00:00,18277.25,18288.25,SHORT,False,False,False,False,False,NO_LOG_FILLS
,2024-05-13T15:56:40.089326+00:00,2024-05-13T16:01:35.414186+00:00,18291.0,18296.75,SHORT,False,False,False,False,False,NO_LOG_FILLS
,2024-05-13T16:40:41.591261+00:00,2024-05-13T16:59:58.895006+00:00,18299.25,18293.0,SHORT,False,False,False,False,False,NO_LOG_FILLS
,2024-05-13T16:40:41.591261+00:00,2024-05-13T17:00:18.554740+00:00,18299.25,18286.75,SHORT,False,False,False,False,False,NO_LOG_FILLS
,2024-05-13T16:40:41.591261+00:00,2024-05-13T17:01:52.979124+00:00,18299.25,18293.25,SHORT,False,False,False,False,False,NO_LOG_FILLS
,2024-05-13T17:10:30.607924+00:00,2024-05-13T17:10:50.852172+00:00,18243.75,18249.5,LONG,False,False,False,False,False,NO_LOG_FILLS
,2024-05-13T17:10:30.607924+00:00,2024-05-13T17:11:14.592188+00:00,18243.75,18255.25,LONG,False,False,False,False,False,NO_LOG_FILLS
,2024-05-13T17:10:30.607924+00:00,2024-05-13T17:13:01.706849+00:00,18243.75,18258.25,LONG,False,False,False,False,False,NO_LOG_FILLS
,2024-05-13T18:29:38.647006+00:00,2024-05-13T18:31:32.496103+00:00,18281.75,18275.75,SHORT,False,False,False,False,False,NO_LOG_FILLS
,2024-05-13T18:29:38.647006+00:00,2024-05-13T18:38:10.065200+00:00,18281.75,18288.75,SHORT,False,False,False,False,False,NO_LOG_FILLS
,2024-05-13T19:22:30.767858+00:00,2024-05-13T19:24:16.257990+00:00,18288.25,18282.25,SHORT,False,False,False,False,False,NO_LOG_FILLS
,2024-05-13T19:22:30.767858+00:00,2024-05-13T19:27:18.800309+00:00,18288.25,18276.5,SHORT,False,False,False,False,False,NO_LOG_FILLS
,2024-05-13T19:22:30.767858+00:00,2024-05-13T19:27:55.960171+00:00,18288.25,18282.75,SHORT,False,False,False,False,False,NO_LOG_FILLS
,2024-05-13T19:31:03.513632+00:00,2024-05-13T19:36:17.572231+00:00,18288.5,18294.25,LONG,False,False,False,False,False,NO_LOG_FILLS
,2024-05-13T19:31:03.513632+00:00,2024-05-13T19:43:40.102229+00:00,18288.5,18300.25,LONG,False,False,False,False,False,NO_LOG_FILLS
,2024-05-13T19:31:03.513632+00:00,2024-05-13T19:45:41.690092+00:00,18288.5,18291.5,LONG,False,False,False,False,False,NO_LOG_FILLS
,2024-05-13T19:51:58.899344+00:00,2024-05-13T19:52:48.491035+00:00,18293.25,18299.0,LONG,False,False,False,False,False,NO_LOG_FILLS
,2024-05-13T19:51:58.899344+00:00,2024-05-13T19:56:08.637941+00:00,18293.25,18288.0,LONG,False,False,False,False,False,NO_LOG_FILLS
,2024-05-13T19:58:58.985074+00:00,2024-05-13T19:59:34.815285+00:00,18288.5,18294.0,LONG,False,False,False,False,False,NO_LOG_FILLS
,2024-05-13T19:58:58.985074+00:00,2024-05-13T19:59:50.109358+00:00,18288.5,18299.5,LONG,False,False,False,False,False,NO_LOG_FILLS
,2024-05-13T19:58:58.985074+00:00,2024-05-13T20:04:29.209395+00:00,18288.5,18293.0,LONG,False,False,False,False,False,NO_LOG_FILLS
,2024-05-14T08:00:34.459820+00:00,2024-05-14T08:18:46.790297+00:00,18287.75,18297.25,SHORT,False,False,False,False,False,NO_LOG_FILLS
,2024-05-14T09:28:22.235643+00:00,2024-05-14T09:37:28.548760+00:00,18296.5,18289.75,SHORT,False,False,False,False,False,NO_LOG_FILLS
,2024-05-14T09:28:22.235643+00:00,2024-05-14T11:30:21.643231+00:00,18296.5,18283.0,SHORT,False,False,False,False,False,NO_LOG_FILLS
,2024-05-14T09:28:22.235643+00:00,2024-05-14T11:43:45.443348+00:00,18296.5,18290.0,SHORT,False,False,False,False,False,NO_LOG_FILLS
,2024-05-14T12:13:33.857907+00:00,2024-05-14T12:29:59.787582+00:00,18299.25,18281.0,LONG,False,False,False,False,False,NO_LOG_FILLS
,2024-05-14T13:30:53.420400+00:00,2024-05-14T13:33:22.609259+00:00,18293.25,18276.0,LONG,False,False,False,False,False,NO_LOG_FILLS
,2024-05-14T13:40:05.971246+00:00,2024-05-14T13:40:34.841697+00:00,18288.0,18301.5,SHORT,False,False,False,False,False,NO_LOG_FILLS
,2024-05-14T13:47:31.675767+00:00,2024-05-14T13:49:40.479318+00:00,18318.75,18311.5,SHORT,False,False,False,False,False,NO_LOG_FILLS
,2024-05-14T13:47:31.675767+00:00,2024-05-14T13:56:13.311410+00:00,18318.75,18304.0,SHORT,False,False,False,False,False,NO_LOG_FILLS
,2024-05-14T13:47:31.675767+00:00,2024-05-14T13:58:54.593573+00:00,18318.75,18303.5,SHORT,False,False,False,False,False,NO_LOG_FILLS
,2024-05-14T14:00:06.955346+00:00,2024-05-14T14:01:21.804454+00:00,18293.25,18285.25,LONG,False,False,False,False,False,NO_LOG_FILLS
,2024-05-14T14:07:09.595406+00:00,2024-05-14T14:07:17.443855+00:00,18276.5,18284.0,SHORT,False,False,False,False,False,NO_LOG_FILLS
,2024-05-14T14:18:43.789759+00:00,2024-05-14T14:21:00.945220+00:00,18291.5,18298.5,LONG,False,False,False,False,False,NO_LOG_FILLS
,2024-05-14T14:18:43.789759+00:00,2024-05-14T14:21:36.497944+00:00,18291.5,18305.5,LONG,False,False,False,False,False,NO_LOG_FILLS
,2024-05-14T14:18:43.789759+00:00,2024-05-14T14:23:37.221919+00:00,18291.5,18326.25,LONG,False,False,False,False,False,NO_LOG_FILLS
,2024-05-14T14:26:41.411572+00:00,2024-05-14T14:28:02.835374+00:00,18358.75,18366.75,SHORT,False,False,False,False,False,NO_LOG_FILLS
,2024-05-14T14:28:34.903596+00:00,2024-05-14T14:29:14.410664+00:00,18366.75,18361.75,SHORT,False,False,False,False,False,NO_LOG_FILLS
,2024-05-14T14:28:34.903596+00:00,2024-05-14T14:32:31.218288+00:00,18366.75,18356.75,SHORT,False,False,False,False,False,NO_LOG_FILLS
,2024-05-14T14:28:34.903596+00:00,2024-05-14T14:36:40.609825+00:00,18366.75,18321.25,SHORT,False,False,False,False,False,NO_LOG_FILLS
,2024-05-14T14:38:48.522617+00:00,2024-05-14T14:38:58.208172+00:00,18297.0,18302.75,LONG,False,False,False,False,False,NO_LOG_FILLS
,2024-05-14T14:38:48.522617+00:00,2024-05-14T14:39:09.784163+00:00,18297.0,18308.25,LONG,False,False,False,False,False,NO_LOG_FILLS
,2024-05-14T14:38:48.522617+00:00,2024-05-14T14:40:02.601099+00:00,18297.0,18298.0,LONG,False,False,False,False,False,NO_LOG_FILLS
,2024-05-14T14:41:04.549532+00:00,2024-05-14T14:41:57.220782+00:00,18295.25,18301.25,LONG,False,False,False,False,False,NO_LOG_FILLS
,2024-05-14T14:41:04.549532+00:00,2024-05-14T14:49:03.796437+00:00,18295.25,18307.25,LONG,False,False,False,False,False,NO_LOG_FILLS
,2024-05-14T14:41:04.549532+00:00,2024-05-14T14:49:47.023761+00:00,18295.25,18298.75,LONG,False,False,False,False,False,NO_LOG_FILLS
,2024-05-14T14:52:13.619220+00:00,2024-05-14T14:52:37.652726+00:00,18312.0,18308.0,LONG,False,False,False,False,False,NO_LOG_FILLS
,2024-05-14T14:53:21.661737+00:00,2024-05-14T14:55:46.454508+00:00,18302.5,18313.0,SHORT,False,False,False,False,False,NO_LOG_FILLS
,2024-05-14T15:11:16.512957+00:00,2024-05-14T15:16:06.834774+00:00,18346.0,18352.75,SHORT,False,False,False,False,False,NO_LOG_FILLS
,2024-05-14T15:27:16.313491+00:00,2024-05-14T15:28:12.213117+00:00,18350.75,18356.5,LONG,False,False,False,False,False,NO_LOG_FILLS
,2024-05-14T15:27:16.313491+00:00,2024-05-14T15:32:27.854586+00:00,18350.75,18340.0,LONG,False,False,False,False,False,NO_LOG_FILLS
,2024-05-14T15:46:17.878786+00:00,2024-05-14T15:46:33.226332+00:00,18316.5,18309.0,LONG,False,False,False,False,False,NO_LOG_FILLS
,2024-05-14T16:12:11.239320+00:00,2024-05-14T16:13:11.783216+00:00,18321.0,18330.5,SHORT,False,False,False,False,False,NO_LOG_FILLS
,2024-05-14T16:15:16.964178+00:00,2024-05-14T16:20:17.436508+00:00,18320.25,18314.5,SHORT,False,False,False,False,False,NO_LOG_FILLS
,2024-05-14T16:15:16.964178+00:00,2024-05-14T16:21:49.922794+00:00,18320.25,18308.5,SHORT,False,False,False,False,False,NO_LOG_FILLS
,2024-05-14T16:15:16.964178+00:00,2024-05-14T16:23:33.310428+00:00,18320.25,18313.0,SHORT,False,False,False,False,False,NO_LOG_FILLS
,2024-05-14T16:52:24.736180+00:00,2024-05-14T16:54:03.193253+00:00,18307.5,18312.0,SHORT,False,False,False,False,False,NO_LOG_FILLS
,2024-05-14T17:09:57.103819+00:00,2024-05-14T17:15:23.921408+00:00,18307.25,18299.75,LONG,False,False,False,False,False,NO_LOG_FILLS
,2024-05-14T17:15:57.274389+00:00,2024-05-14T17:19:06.122328+00:00,18302.25,18308.25,LONG,False,False,False,False,False,NO_LOG_FILLS
,2024-05-14T17:15:57.274389+00:00,2024-05-14T17:23:37.430133+00:00,18302.25,18314.5,LONG,False,False,False,False,False,NO_LOG_FILLS
,2024-05-14T17:15:57.274389+00:00,2024-05-14T17:24:29.943280+00:00,18302.25,18314.25,LONG,False,False,False,False,False,NO_LOG_FILLS
,2024-05-14T17:48:37.281582+00:00,2024-05-14T17:51:07.239096+00:00,18332.25,18326.25,SHORT,False,False,False,False,False,NO_LOG_FILLS
,2024-05-14T17:48:37.281582+00:00,2024-05-14T18:02:08.848011+00:00,18332.25,18339.5,SHORT,False,False,False,False,False,NO_LOG_FILLS
,2024-05-14T18:20:08.818634+00:00,2024-05-14T18:20:33.691568+00:00,18386.25,18383.0,LONG,False,False,False,False,False,NO_LOG_FILLS
,2024-05-14T18:40:12.823803+00:00,2024-05-14T18:40:49.072605+00:00,18399.5,18403.0,SHORT,False,False,False,False,False,NO_LOG_FILLS
,2024-05-14T18:54:08.276036+00:00,2024-05-14T18:55:23.010058+00:00,18403.5,18408.0,LONG,False,False,False,False,False,NO_LOG_FILLS
,2024-05-14T18:54:08.276036+00:00,2024-05-14T18:56:25.746613+00:00,18403.5,18412.75,LONG,False,False,False,False,False,NO_LOG_FILLS
,2024-05-14T18:54:08.276036+00:00,2024-05-14T19:00:10.458762+00:00,18403.5,18408.25,LONG,False,False,False,False,False,NO_LOG_FILLS
,2024-05-14T19:00:14.483895+00:00,2024-05-14T19:00:47.398617+00:00,18406.25,18412.0,SHORT,False,False,False,False,False,NO_LOG_FILLS
,2024-05-14T19:03:09.466703+00:00,2024-05-14T19:03:19.624485+00:00,18409.0,18412.75,SHORT,False,False,False,False,False,NO_LOG_FILLS
,2024-05-14T19:13:54.740050+00:00,2024-05-14T19:15:20.633682+00:00,18411.25,18406.25,SHORT,False,False,False,False,False,NO_LOG_FILLS
,2024-05-14T19:13:54.740050+00:00,2024-05-14T19:19:28.965152+00:00,18411.25,18418.75,SHORT,False,False,False,False,False,NO_LOG_FILLS
,2024-05-14T19:24:15.805137+00:00,2024-05-14T19:24:50.847605+00:00,18425.5,18420.25,SHORT,False,False,False,False,False,NO_LOG_FILLS
,2024-05-14T19:24:15.805137+00:00,2024-05-14T19:25:22.200616+00:00,18425.5,18415.25,SHORT,False,False,False,False,False,NO_LOG_FILLS
,2024-05-14T19:24:15.805137+00:00,2024-05-14T19:26:20.961729+00:00,18425.5,18416.25,SHORT,False,False,False,False,False,NO_LOG_FILLS
,2024-05-14T19:41:26.147151+00:00,2024-05-14T19:44:10.714098+00:00,18420.5,18426.0,LONG,False,False,False,False,False,NO_LOG_FILLS
,2024-05-14T19:41:26.147151+00:00,2024-05-14T19:46:21.087368+00:00,18420.5,18417.5,LONG,False,False,False,False,False,NO_LOG_FILLS
,2024-05-14T19:55:01.887648+00:00,2024-05-14T19:59:33.347184+00:00,18426.75,18421.75,SHORT,False,False,False,False,False,NO_LOG_FILLS
,2024-05-14T19:55:01.887648+00:00,2024-05-14T19:59:36.855889+00:00,18426.75,18416.5,SHORT,False,False,False,False,False,NO_LOG_FILLS
,2024-05-14T19:55:01.887648+00:00,2024-05-14T20:00:15.538388+00:00,18426.75,18410.0,SHORT,False,False,False,False,False,NO_LOG_FILLS
,2024-05-14T20:00:15.950786+00:00,2024-05-14T20:00:43.472667+00:00,18408.5,18413.25,LONG,False,False,False,False,False,NO_LOG_FILLS
,2024-05-14T20:00:15.950786+00:00,2024-05-14T20:05:34.643392+00:00,18408.5,18418.25,LONG,False,False,False,False,False,NO_LOG_FILLS
,2024-05-14T20:00:15.950786+00:00,2024-05-14T20:07:18.730454+00:00,18408.5,18410.75,LONG,False,False,False,False,False,NO_LOG_FILLS
,2024-05-15T07:07:00.681696+00:00,2024-05-15T07:17:42.644983+00:00,18418.5,18406.0,LONG,False,False,False,False,False,NO_LOG_FILLS
,2024-05-15T08:03:38.622646+00:00,2024-05-15T08:35:51.123525+00:00,18406.75,18413.25,LONG,False,False,False,False,False,NO_LOG_FILLS
,2024-05-15T08:03:38.622646+00:00,2024-05-15T09:04:39.142799+00:00,18406.75,18420.0,LONG,False,False,False,False,False,NO_LOG_FILLS
,2024-05-15T08:03:38.622646+00:00,2024-05-15T09:23:42.118814+00:00,18406.75,18410.5,LONG,False,False,False,False,False,NO_LOG_FILLS
,2024-05-15T10:38:09.071027+00:00,2024-05-15T12:21:33.072556+00:00,18405.5,18398.25,SHORT,False,False,False,False,False,NO_LOG_FILLS
,2024-05-15T10:38:09.071027+00:00,2024-05-15T12:29:59.730534+00:00,18405.5,18416.0,SHORT,False,False,False,False,False,NO_LOG_FILLS
,2024-05-15T12:42:15.468512+00:00,2024-05-15T12:48:16.683766+00:00,18488.75,18499.25,SHORT,False,False,False,False,False,NO_LOG_FILLS
,2024-05-15T13:08:09.276485+00:00,2024-05-15T13:08:22.423202+00:00,18501.75,18503.75,SHORT,False,False,False,False,False,NO_LOG_FILLS
,2024-05-15T13:16:10.268149+00:00,2024-05-15T13:18:26.238528+00:00,18504.0,18496.75,SHORT,False,False,False,False,False,NO_LOG_FILLS
,2024-05-15T13:16:10.268149+00:00,2024-05-15T13:30:00.317983+00:00,18504.0,18517.25,SHORT,False,False,False,False,False,NO_LOG_FILLS
,2024-05-15T13:30:15.562992+00:00,2024-05-15T13:32:09.072313+00:00,18498.0,18518.0,SHORT,False,False,False,False,False,NO_LOG_FILLS
,2024-05-15T13:33:09.006894+00:00,2024-05-15T13:33:31.357178+00:00,18513.0,18525.75,SHORT,False,False,False,False,False,NO_LOG_FILLS
,2024-05-15T13:33:59.497787+00:00,2024-05-15T13:35:13.842060+00:00,18517.25,18528.5,SHORT,False,False,False,False,False,NO_LOG_FILLS
,2024-05-15T13:36:05.798431+00:00,2024-05-15T13:36:25.705796+00:00,18522.25,18514.5,SHORT,False,False,False,False,False,NO_LOG_FILLS
,2024-05-15T13:36:05.798431+00:00,2024-05-15T13:37:21.648616+00:00,18522.25,18506.5,SHORT,False,False,False,False,False,NO_LOG_FILLS
,2024-05-15T13:36:05.798431+00:00,2024-05-15T13:38:27.067588+00:00,18522.25,18501.0,SHORT,False,False,False,False,False,NO_LOG_FILLS
,2024-05-15T13:40:22.077921+00:00,2024-05-15T13:40:42.898392+00:00,18501.75,18513.0,SHORT,False,False,False,False,False,NO_LOG_FILLS
,2024-05-15T13:43:01.746557+00:00,2024-05-15T13:44:31.735599+00:00,18512.25,18503.75,SHORT,False,False,False,False,False,NO_LOG_FILLS
,2024-05-15T13:43:01.746557+00:00,2024-05-15T13:45:00.462517+00:00,18512.25,18495.25,SHORT,False,False,False,False,False,NO_LOG_FILLS
,2024-05-15T13:43:01.746557+00:00,2024-05-15T13:45:32.340195+00:00,18512.25,18493.25,SHORT,False,False,False,False,False,NO_LOG_FILLS
,2024-05-15T13:46:45.192188+00:00,2024-05-15T13:46:53.527838+00:00,18496.25,18488.5,SHORT,False,False,False,False,False,NO_LOG_FILLS
,2024-05-15T13:46:45.192188+00:00,2024-05-15T13:48:07.576097+00:00,18496.25,18500.5,SHORT,False,False,False,False,False,NO_LOG_FILLS
,2024-05-15T13:50:27.888550+00:00,2024-05-15T13:50:47.960236+00:00,18467.25,18457.0,LONG,False,False,False,False,False,NO_LOG_FILLS
,2024-05-15T13:58:15.622451+00:00,2024-05-15T13:59:08.653042+00:00,18473.75,18479.0,SHORT,False,False,False,False,False,NO_LOG_FILLS
,2024-05-15T14:02:03.753623+00:00,2024-05-15T14:03:46.182554+00:00,18496.0,18506.5,SHORT,False,False,False,False,False,NO_LOG_FILLS
,2024-05-15T14:05:15.274623+00:00,2024-05-15T14:05:32.026912+00:00,18505.75,18513.25,SHORT,False,False,False,False,False,NO_LOG_FILLS
,2024-05-15T14:06:38.406197+00:00,2024-05-15T14:08:09.014604+00:00,18508.5,18517.75,SHORT,False,False,False,False,False,NO_LOG_FILLS
,2024-05-15T14:09:43.303019+00:00,2024-05-15T14:13:19.713115+00:00,18514.25,18506.75,SHORT,False,False,False,False,False,NO_LOG_FILLS
,2024-05-15T14:09:43.303019+00:00,2024-05-15T14:17:53.473284+00:00,18514.25,18525.0,SHORT,False,False,False,False,False,NO_LOG_FILLS
,2024-05-15T14:18:05.055120+00:00,2024-05-15T14:18:11.281144+00:00,18528.75,18531.25,SHORT,False,False,False,False,False,NO_LOG_FILLS
,2024-05-15T14:33:10.414427+00:00,2024-05-15T14:33:55.088749+00:00,18542.0,18544.25,SHORT,False,False,False,False,False,NO_LOG_FILLS
,2024-05-15T14:34:04.913066+00:00,2024-05-15T14:35:42.269916+00:00,18547.25,18541.25,SHORT,False,False,False,False,False,NO_LOG_FILLS
,2024-05-15T14:34:04.913066+00:00,2024-05-15T14:36:11.333804+00:00,18547.25,18550.25,SHORT,False,False,False,False,False,NO_LOG_FILLS
,2024-05-15T14:42:12.622193+00:00,2024-05-15T14:43:13.229833+00:00,18562.5,18567.5,SHORT,False,False,False,False,False,NO_LOG_FILLS
,2024-05-15T15:07:33.990526+00:00,2024-05-15T15:07:38.962156+00:00,18579.5,18584.25,LONG,False,False,False,False,False,NO_LOG_FILLS
,2024-05-15T15:07:33.990526+00:00,2024-05-15T15:08:03.336730+00:00,18579.5,18589.0,LONG,False,False,False,False,False,NO_LOG_FILLS
,2024-05-15T15:07:33.990526+00:00,2024-05-15T15:09:10.436410+00:00,18579.5,18590.75,LONG,False,False,False,False,False,NO_LOG_FILLS
,2024-05-15T15:14:19.548731+00:00,2024-05-15T15:15:48.342543+00:00,18590.0,18597.5,SHORT,False,False,False,False,False,NO_LOG_FILLS
,2024-05-15T15:16:26.164275+00:00,2024-05-15T15:19:58.989647+00:00,18591.5,18599.75,SHORT,False,False,False,False,False,NO_LOG_FILLS
,2024-05-15T15:34:11.657773+00:00,2024-05-15T15:34:52.444408+00:00,18600.0,18595.5,SHORT,False,False,False,False,False,NO_LOG_FILLS
,2024-05-15T15:34:11.657773+00:00,2024-05-15T15:38:45.281649+00:00,18600.0,18590.75,SHORT,False,False,False,False,False,NO_LOG_FILLS
,2024-05-15T15:34:11.657773+00:00,2024-05-15T15:40:25.288314+00:00,18600.0,18594.0,SHORT,False,False,False,False,False,NO_LOG_FILLS
,2024-05-15T15:40:25.892614+00:00,2024-05-15T15:43:13.537108+00:00,18594.5,18599.25,LONG,False,False,False,False,False,NO_LOG_FILLS
,2024-05-15T15:40:25.892614+00:00,2024-05-15T15:55:04.460472+00:00,18594.5,18604.25,LONG,False,False,False,False,False,NO_LOG_FILLS
,2024-05-15T15:40:25.892614+00:00,2024-05-15T15:55:06.729946+00:00,18594.5,18602.5,LONG,False,False,False,False,False,NO_LOG_FILLS
,2024-05-15T16:01:22.332207+00:00,2024-05-15T16:08:39.855915+00:00,18587.75,18593.0,LONG,False,False,False,False,False,NO_LOG_FILLS
,2024-05-15T16:01:22.332207+00:00,2024-05-15T16:10:14.875133+00:00,18587.75,18598.5,LONG,False,False,False,False,False,NO_LOG_FILLS
,2024-05-15T16:01:22.332207+00:00,2024-05-15T16:10:55.264480+00:00,18587.75,18599.0,LONG,False,False,False,False,False,NO_LOG_FILLS
,2024-05-15T16:15:06.417998+00:00,2024-05-15T16:26:41.950660+00:00,18594.0,18604.0,SHORT,False,False,False,False,False,NO_LOG_FILLS
,2024-05-15T16:28:22.259551+00:00,2024-05-15T16:30:23.808821+00:00,18608.0,18613.75,SHORT,False,False,False,False,False,NO_LOG_FILLS
,2024-05-15T17:04:56.974442+00:00,2024-05-15T17:06:03.055117+00:00,18636.0,18638.75,SHORT,False,False,False,False,False,NO_LOG_FILLS
,2024-05-15T17:08:09.175170+00:00,2024-05-15T17:10:37.794386+00:00,18639.25,18642.5,SHORT,False,False,False,False,False,NO_LOG_FILLS
,2024-05-15T17:13:35.209268+00:00,2024-05-15T17:14:24.058012+00:00,18644.5,18648.75,SHORT,False,False,False,False,False,NO_LOG_FILLS
,2024-05-15T17:47:05.604172+00:00,2024-05-15T17:47:58.934263+00:00,18661.75,18658.25,SHORT,False,False,False,False,False,NO_LOG_FILLS
,2024-05-15T17:47:05.604172+00:00,2024-05-15T17:52:42.586884+00:00,18661.75,18670.25,SHORT,False,False,False,False,False,NO_LOG_FILLS
,2024-05-15T18:00:07.529152+00:00,2024-05-15T18:02:47.448755+00:00,18678.25,18682.5,SHORT,False,False,False,False,False,NO_LOG_FILLS
,2024-05-15T18:16:00.782656+00:00,2024-05-15T18:16:29.751498+00:00,18694.0,18689.75,SHORT,False,False,False,False,False,NO_LOG_FILLS
,2024-05-15T18:16:00.782656+00:00,2024-05-15T18:17:19.117002+00:00,18694.0,18685.75,SHORT,False,False,False,False,False,NO_LOG_FILLS
,2024-05-15T18:16:00.782656+00:00,2024-05-15T18:18:31.294218+00:00,18694.0,18684.0,SHORT,False,False,False,False,False,NO_LOG_FILLS
,2024-05-15T18:24:44.803345+00:00,2024-05-15T18:25:27.801668+00:00,18689.25,18693.75,LONG,False,False,False,False,False,NO_LOG_FILLS
,2024-05-15T18:24:44.803345+00:00,2024-05-15T18:28:06.878399+00:00,18689.25,18680.5,LONG,False,False,False,False,False,NO_LOG_FILLS
,2024-05-15T18:50:26.426866+00:00,2024-05-15T18:53:29.606866+00:00,18682.0,18687.0,LONG,False,False,False,False,False,NO_LOG_FILLS
,2024-05-15T18:50:26.426866+00:00,2024-05-15T19:15:59.324364+00:00,18682.0,18692.0,LONG,False,False,False,False,False,NO_LOG_FILLS
,2024-05-15T18:50:26.426866+00:00,2024-05-15T19:16:53.171343+00:00,18682.0,18692.5,LONG,False,False,False,False,False,NO_LOG_FILLS
,2024-05-15T19:24:06.074894+00:00,2024-05-15T19:24:24.025449+00:00,18702.5,18697.0,SHORT,False,False,False,False,False,NO_LOG_FILLS
,2024-05-15T19:24:06.074894+00:00,2024-05-15T19:29:59.367897+00:00,18702.5,18691.75,SHORT,False,False,False,False,False,NO_LOG_FILLS
,2024-05-15T19:24:06.074894+00:00,2024-05-15T19:30:21.082024+00:00,18702.5,18692.75,SHORT,False,False,False,False,False,NO_LOG_FILLS
,2024-05-15T19:50:34.840962+00:00,2024-05-15T19:54:47.639055+00:00,18689.0,18694.5,LONG,False,False,False,False,False,NO_LOG_FILLS
,2024-05-15T19:50:34.840962+00:00,2024-05-15T19:57:16.539649+00:00,18689.0,18700.25,LONG,False,False,False,False,False,NO_LOG_FILLS
,2024-05-15T19:50:34.840962+00:00,2024-05-15T19:58:05.797687+00:00,18689.0,18695.5,LONG,False,False,False,False,False,NO_LOG_FILLS
,2024-05-15T20:05:04.616974+00:00,2024-05-15T20:05:09.574933+00:00,18678.25,18683.25,LONG,False,False,False,False,False,NO_LOG_FILLS
,2024-05-15T20:05:04.616974+00:00,2024-05-15T20:08:00.520315+00:00,18678.25,18688.25,LONG,False,False,False,False,False,NO_LOG_FILLS
,2024-05-15T20:05:04.616974+00:00,2024-05-15T20:09:57.468709+00:00,18678.25,18685.5,LONG,False,False,False,False,False,NO_LOG_FILLS
,2024-05-15T20:09:58.193455+00:00,2024-05-15T20:11:17.172064+00:00,18686.0,18680.0,SHORT,False,False,False,False,False,NO_LOG_FILLS
,2024-05-15T22:56:07.857928+00:00,2024-05-15T22:56:08.488732+00:00,18711.0,18709.5,LONG,False,False,False,False,False,NO_LOG_FILLS
,2024-05-15T22:56:22.313492+00:00,2024-05-15T23:16:50.753380+00:00,18700.75,18714.0,SHORT,False,False,False,False,False,NO_LOG_FILLS
,2024-05-16T05:38:04.586265+00:00,2024-05-16T06:00:51.364401+00:00,18733.5,18718.75,LONG,False,False,False,False,False,NO_LOG_FILLS
,2024-05-16T07:04:37.605332+00:00,2024-05-16T07:20:30.986167+00:00,18723.5,18731.0,LONG,False,False,False,False,False,NO_LOG_FILLS
,2024-05-16T07:04:37.605332+00:00,2024-05-16T12:30:32.582720+00:00,18723.5,18707.0,LONG,False,False,False,False,False,NO_LOG_FILLS
,2024-05-16T13:59:00.160679+00:00,2024-05-16T13:59:14.378044+00:00,18714.5,18712.75,LONG,False,False,False,False,False,NO_LOG_FILLS
,2024-05-16T14:08:36.927406+00:00,2024-05-16T14:09:01.841102+00:00,18690.5,18696.25,LONG,False,False,False,False,False,NO_LOG_FILLS
,2024-05-16T14:08:36.927406+00:00,2024-05-16T14:13:37.577622+00:00,18690.5,18702.0,LONG,False,False,False,False,False,NO_LOG_FILLS
,2024-05-16T14:08:36.927406+00:00,2024-05-16T14:15:44.450478+00:00,18690.5,18698.5,LONG,False,False,False,False,False,NO_LOG_FILLS
,2024-05-16T14:24:17.499121+00:00,2024-05-16T14:25:27.003951+00:00,18715.75,18720.25,SHORT,False,False,False,False,False,NO_LOG_FILLS
,2024-05-16T14:36:05.313656+00:00,2024-05-16T14:36:20.239483+00:00,18722.0,18718.0,LONG,False,False,False,False,False,NO_LOG_FILLS
,2024-05-16T15:30:38.442287+00:00,2024-05-16T15:32:52.060852+00:00,18741.25,18748.0,SHORT,False,False,False,False,False,NO_LOG_FILLS
,2024-05-16T16:00:04.685762+00:00,2024-05-16T16:00:36.544931+00:00,18737.25,18731.75,SHORT,False,False,False,False,False,NO_LOG_FILLS
,2024-05-16T16:00:04.685762+00:00,2024-05-16T16:01:04.942177+00:00,18737.25,18726.5,SHORT,False,False,False,False,False,NO_LOG_FILLS
,2024-05-16T16:00:04.685762+00:00,2024-05-16T16:01:18.963272+00:00,18737.25,18720.75,SHORT,False,False,False,False,False,NO_LOG_FILLS
,2024-05-16T16:23:33.104292+00:00,2024-05-16T16:24:24.457654+00:00,18720.75,18726.75,LONG,False,False,False,False,False,NO_LOG_FILLS
,2024-05-16T16:23:33.104292+00:00,2024-05-16T16:30:23.552383+00:00,18720.75,18711.75,LONG,False,False,False,False,False,NO_LOG_FILLS
,2024-05-16T17:08:18.725873+00:00,2024-05-16T17:15:20.045831+00:00,18734.0,18740.75,LONG,False,False,False,False,False,NO_LOG_FILLS
,2024-05-16T17:08:18.725873+00:00,2024-05-16T17:20:58.804861+00:00,18734.0,18722.5,LONG,False,False,False,False,False,NO_LOG_FILLS
,2024-05-16T17:22:24.377107+00:00,2024-05-16T17:23:07.896661+00:00,18693.0,18698.0,LONG,False,False,False,False,False,NO_LOG_FILLS
,2024-05-16T17:22:24.377107+00:00,2024-05-16T17:25:00.128435+00:00,18693.0,18673.75,LONG,False,False,False,False,False,NO_LOG_FILLS
,2024-05-16T17:28:23.264695+00:00,2024-05-16T17:28:59.498560+00:00,18695.5,18689.5,SHORT,False,False,False,False,False,NO_LOG_FILLS
,2024-05-16T17:28:23.264695+00:00,2024-05-16T17:29:09.410130+00:00,18695.5,18683.5,SHORT,False,False,False,False,False,NO_LOG_FILLS
,2024-05-16T17:28:23.264695+00:00,2024-05-16T17:30:08.602626+00:00,18695.5,18690.25,SHORT,False,False,False,False,False,NO_LOG_FILLS
,2024-05-16T17:31:03.797449+00:00,2024-05-16T17:35:50.180435+00:00,18700.5,18696.25,LONG,False,False,False,False,False,NO_LOG_FILLS
,2024-05-16T17:37:11.751662+00:00,2024-05-16T17:37:49.558749+00:00,18699.5,18688.25,LONG,False,False,False,False,False,NO_LOG_FILLS
,2024-05-16T17:46:24.990595+00:00,2024-05-16T17:48:25.549023+00:00,18691.25,18683.75,SHORT,False,False,False,False,False,NO_LOG_FILLS
,2024-05-16T17:46:24.990595+00:00,2024-05-16T17:52:50.524416+00:00,18691.25,18702.75,SHORT,False,False,False,False,False,NO_LOG_FILLS
,2024-05-16T18:05:40.895204+00:00,2024-05-16T18:06:03.048669+00:00,18702.0,18694.75,LONG,False,False,False,False,False,NO_LOG_FILLS
,2024-05-16T18:07:13.840533+00:00,2024-05-16T18:10:55.560420+00:00,18688.25,18681.5,LONG,False,False,False,False,False,NO_LOG_FILLS
,2024-05-16T18:20:20.308536+00:00,2024-05-16T18:20:24.802076+00:00,18673.0,18676.5,SHORT,False,False,False,False,False,NO_LOG_FILLS
,2024-05-16T18:31:22.697573+00:00,2024-05-16T18:31:23.193040+00:00,18683.75,18683.25,LONG,False,False,False,False,False,NO_LOG_FILLS
,2024-05-16T18:58:01.892848+00:00,2024-05-16T19:00:10.272022+00:00,18691.25,18696.75,LONG,False,False,False,False,False,NO_LOG_FILLS
,2024-05-16T18:58:01.892848+00:00,2024-05-16T19:04:11.171980+00:00,18691.25,18702.5,LONG,False,False,False,False,False,NO_LOG_FILLS
,2024-05-16T18:58:01.892848+00:00,2024-05-16T19:07:05.925766+00:00,18691.25,18697.75,LONG,False,False,False,False,False,NO_LOG_FILLS
,2024-05-16T19:33:05.539897+00:00,2024-05-16T19:38:52.222731+00:00,18683.75,18672.0,LONG,False,False,False,False,False,NO_LOG_FILLS
,2024-05-16T19:41:07.058227+00:00,2024-05-16T19:41:28.503076+00:00,18660.25,18666.0,LONG,False,False,False,False,False,NO_LOG_FILLS
,2024-05-16T19:41:07.058227+00:00,2024-05-16T19:43:01.942162+00:00,18660.25,18653.0,LONG,False,False,False,False,False,NO_LOG_FILLS
,2024-05-16T19:45:09.894559+00:00,2024-05-16T19:47:29.208324+00:00,18659.75,18652.5,LONG,False,False,False,False,False,NO_LOG_FILLS
,2024-05-16T19:48:03.933558+00:00,2024-05-16T19:50:08.916768+00:00,18665.25,18671.5,LONG,False,False,False,False,False,NO_LOG_FILLS
,2024-05-16T19:48:03.933558+00:00,2024-05-16T19:50:43.537853+00:00,18665.25,18677.75,LONG,False,False,False,False,False,NO_LOG_FILLS
,2024-05-16T19:48:03.933558+00:00,2024-05-16T19:54:59.026666+00:00,18665.25,18680.0,LONG,False,False,False,False,False,NO_LOG_FILLS
,2024-05-16T20:02:44.685995+00:00,2024-05-16T20:12:26.569031+00:00,18645.5,18639.5,LONG,False,False,False,False,False,NO_LOG_FILLS
,2024-05-16T20:13:16.605973+00:00,2024-05-16T20:33:44.842117+00:00,18644.5,18635.5,LONG,False,False,False,False,False,NO_LOG_FILLS
,2024-05-17T02:30:16.198039+00:00,2024-05-17T02:55:26.520675+00:00,18654.5,18647.75,SHORT,False,False,False,False,False,NO_LOG_FILLS
,2024-05-17T02:30:16.198039+00:00,2024-05-17T06:02:27.709519+00:00,18654.5,18667.25,SHORT,False,False,False,False,False,NO_LOG_FILLS
,2024-05-17T06:46:07.622437+00:00,2024-05-17T07:00:09.796123+00:00,18662.25,18655.75,SHORT,False,False,False,False,False,NO_LOG_FILLS
,2024-05-17T06:46:07.622437+00:00,2024-05-17T07:35:56.205485+00:00,18662.25,18649.0,SHORT,False,False,False,False,False,NO_LOG_FILLS
,2024-05-17T06:46:07.622437+00:00,2024-05-17T07:37:20.193633+00:00,18662.25,18655.75,SHORT,False,False,False,False,False,NO_LOG_FILLS
,2024-05-17T07:37:20.940920+00:00,2024-05-17T07:57:03.191563+00:00,18656.0,18645.25,LONG,False,False,False,False,False,NO_LOG_FILLS
,2024-05-17T13:27:56.878736+00:00,2024-05-17T13:29:28.833345+00:00,18663.75,18655.5,LONG,False,False,False,False,False,NO_LOG_FILLS
,2024-05-17T13:30:12.185852+00:00,2024-05-17T13:33:15.129117+00:00,18657.0,18649.0,LONG,False,False,False,False,False,NO_LOG_FILLS
,2024-05-17T13:58:09.026472+00:00,2024-05-17T13:58:35.559669+00:00,18625.75,18630.5,LONG,False,False,False,False,False,NO_LOG_FILLS
,2024-05-17T13:58:09.026472+00:00,2024-05-17T13:59:05.598964+00:00,18625.75,18635.5,LONG,False,False,False,False,False,NO_LOG_FILLS
,2024-05-17T13:58:09.026472+00:00,2024-05-17T14:00:40.895202+00:00,18625.75,18636.0,LONG,False,False,False,False,False,NO_LOG_FILLS
,2024-05-17T14:10:01.413718+00:00,2024-05-17T14:10:54.608510+00:00,18635.0,18625.25,LONG,False,False,False,False,False,NO_LOG_FILLS
,2024-05-17T14:11:47.500113+00:00,2024-05-17T14:12:37.821422+00:00,18627.5,18631.5,LONG,False,False,False,False,False,NO_LOG_FILLS
,2024-05-17T14:11:47.500113+00:00,2024-05-17T14:13:04.070090+00:00,18627.5,18635.5,LONG,False,False,False,False,False,NO_LOG_FILLS
,2024-05-17T14:11:47.500113+00:00,2024-05-17T14:17:22.533656+00:00,18627.5,18634.5,LONG,False,False,False,False,False,NO_LOG_FILLS
,2024-05-17T14:17:28.597464+00:00,2024-05-17T14:20:50.045645+00:00,18630.0,18642.25,SHORT,False,False,False,False,False,NO_LOG_FILLS
,2024-05-17T14:36:20.332072+00:00,2024-05-17T14:37:40.723630+00:00,18670.25,18665.5,SHORT,False,False,False,False,False,NO_LOG_FILLS
,2024-05-17T14:36:20.332072+00:00,2024-05-17T14:38:01.034624+00:00,18670.25,18661.0,SHORT,False,False,False,False,False,NO_LOG_FILLS
,2024-05-17T14:36:20.332072+00:00,2024-05-17T14:38:15.107506+00:00,18670.25,18664.0,SHORT,False,False,False,False,False,NO_LOG_FILLS
,2024-05-17T15:05:11.648726+00:00,2024-05-17T15:06:06.178766+00:00,18639.5,18644.5,LONG,False,False,False,False,False,NO_LOG_FILLS
,2024-05-17T15:05:11.648726+00:00,2024-05-17T15:08:04.240100+00:00,18639.5,18649.5,LONG,False,False,False,False,False,NO_LOG_FILLS
,2024-05-17T15:05:11.648726+00:00,2024-05-17T15:10:10.240406+00:00,18639.5,18648.5,LONG,False,False,False,False,False,NO_LOG_FILLS
,2024-05-17T15:16:05.538316+00:00,2024-05-17T15:16:18.354291+00:00,18650.75,18645.5,SHORT,False,False,False,False,False,NO_LOG_FILLS
,2024-05-17T15:16:05.538316+00:00,2024-05-17T15:27:24.754388+00:00,18650.75,18657.75,SHORT,False,False,False,False,False,NO_LOG_FILLS
,2024-05-17T15:48:37.938783+00:00,2024-05-17T15:49:48.629796+00:00,18627.5,18621.75,SHORT,False,False,False,False,False,NO_LOG_FILLS
,2024-05-17T15:48:37.938783+00:00,2024-05-17T15:51:10.855988+00:00,18627.5,18633.25,SHORT,False,False,False,False,False,NO_LOG_FILLS
,2024-05-17T16:21:53.707672+00:00,2024-05-17T16:22:21.546284+00:00,18642.5,18637.0,SHORT,False,False,False,False,False,NO_LOG_FILLS
,2024-05-17T16:21:53.707672+00:00,2024-05-17T16:32:02.962709+00:00,18642.5,18631.75,SHORT,False,False,False,False,False,NO_LOG_FILLS
,2024-05-17T16:21:53.707672+00:00,2024-05-17T16:32:19.118463+00:00,18642.5,18635.5,SHORT,False,False,False,False,False,NO_LOG_FILLS
,2024-05-17T16:32:23.555765+00:00,2024-05-17T16:36:17.895392+00:00,18638.5,18644.0,LONG,False,False,False,False,False,NO_LOG_FILLS
,2024-05-17T16:32:23.555765+00:00,2024-05-17T16:41:03.236644+00:00,18638.5,18630.75,LONG,False,False,False,False,False,NO_LOG_FILLS
,2024-05-17T16:43:38.804992+00:00,2024-05-17T16:45:10.720813+00:00,18625.75,18620.75,LONG,False,False,False,False,False,NO_LOG_FILLS
,2024-05-17T17:02:13.683389+00:00,2024-05-17T17:03:25.191389+00:00,18635.75,18639.0,SHORT,False,False,False,False,False,NO_LOG_FILLS
,2024-05-17T18:10:20.517122+00:00,2024-05-17T18:10:37.063250+00:00,18591.25,18596.5,SHORT,False,False,False,False,False,NO_LOG_FILLS
,2024-05-17T18:15:42.239172+00:00,2024-05-17T18:17:19.695980+00:00,18576.25,18582.0,LONG,False,False,False,False,False,NO_LOG_FILLS
,2024-05-17T18:15:42.239172+00:00,2024-05-17T18:22:18.753861+00:00,18576.25,18565.0,LONG,False,False,False,False,False,NO_LOG_FILLS
,2024-05-17T18:33:00.389014+00:00,2024-05-17T18:36:44.474254+00:00,18574.5,18583.75,SHORT,False,False,False,False,False,NO_LOG_FILLS
,2024-05-17T18:44:17.310023+00:00,2024-05-17T18:49:01.118854+00:00,18575.0,18587.0,SHORT,False,False,False,False,False,NO_LOG_FILLS
,2024-05-17T18:56:44.943496+00:00,2024-05-17T18:58:04.594344+00:00,18611.5,18621.0,SHORT,False,False,False,False,False,NO_LOG_FILLS
,2024-05-17T19:01:28.689801+00:00,2024-05-17T19:04:11.742666+00:00,18611.0,18622.75,SHORT,False,False,False,False,False,NO_LOG_FILLS
,2024-05-17T19:54:59.303849+00:00,2024-05-17T19:56:16.725515+00:00,18626.75,18620.5,SHORT,False,False,False,False,False,NO_LOG_FILLS
,2024-05-17T19:54:59.303849+00:00,2024-05-17T19:59:35.896051+00:00,18626.75,18634.75,SHORT,False,False,False,False,False,NO_LOG_FILLS
,2024-05-17T20:07:47.007248+00:00,2024-05-17T20:17:19.113683+00:00,18624.25,18627.5,SHORT,False,False,False,False,False,NO_LOG_FILLS
,2024-05-19T22:38:59.148065+00:00,2024-05-19T22:39:00.137334+00:00,18650.5,18651.0,SHORT,False,False,False,False,False,NO_LOG_FILLS
,2024-05-20T02:05:54.548841+00:00,2024-05-20T02:33:09.056915+00:00,18660.5,18668.5,SHORT,False,False,False,False,False,NO_LOG_FILLS
,2024-05-20T07:37:00.498090+00:00,2024-05-20T08:03:31.927815+00:00,18660.75,18667.5,LONG,False,False,False,False,False,NO_LOG_FILLS
,2024-05-20T07:37:00.498090+00:00,2024-05-20T08:42:02.669419+00:00,18660.75,18655.5,LONG,False,False,False,False,False,NO_LOG_FILLS
,2024-05-20T13:24:59.870725+00:00,2024-05-20T13:27:49.286296+00:00,18646.75,18638.0,SHORT,False,False,False,False,False,NO_LOG_FILLS
,2024-05-20T13:24:59.870725+00:00,2024-05-20T13:31:56.208185+00:00,18646.75,18654.0,SHORT,False,False,False,False,False,NO_LOG_FILLS
,2024-05-20T13:38:17.894672+00:00,2024-05-20T13:38:55.323669+00:00,18703.5,18698.75,SHORT,False,False,False,False,False,NO_LOG_FILLS
,2024-05-20T13:38:17.894672+00:00,2024-05-20T13:40:51.308093+00:00,18703.5,18694.0,SHORT,False,False,False,False,False,NO_LOG_FILLS
,2024-05-20T13:38:17.894672+00:00,2024-05-20T13:41:45.359171+00:00,18703.5,18695.25,SHORT,False,False,False,False,False,NO_LOG_FILLS
,2024-05-20T13:46:38.698426+00:00,2024-05-20T13:47:40.929328+00:00,18702.25,18697.75,SHORT,False,False,False,False,False,NO_LOG_FILLS
,2024-05-20T13:46:38.698426+00:00,2024-05-20T13:50:05.073618+00:00,18702.25,18711.25,SHORT,False,False,False,False,False,NO_LOG_FILLS
,2024-05-20T13:55:47.313288+00:00,2024-05-20T13:55:59.767176+00:00,18739.25,18746.25,SHORT,False,False,False,False,False,NO_LOG_FILLS
,2024-05-20T13:57:41.360463+00:00,2024-05-20T13:59:20.181849+00:00,18744.25,18751.0,SHORT,False,False,False,False,False,NO_LOG_FILLS
,2024-05-20T13:59:43.862965+00:00,2024-05-20T13:59:59.872760+00:00,18747.5,18753.75,SHORT,False,False,False,False,False,NO_LOG_FILLS
,2024-05-20T14:00:50.048782+00:00,2024-05-20T14:02:02.940838+00:00,18742.25,18736.75,SHORT,False,False,False,False,False,NO_LOG_FILLS
,2024-05-20T14:00:50.048782+00:00,2024-05-20T14:21:01.280031+00:00,18742.25,18753.5,SHORT,False,False,False,False,False,NO_LOG_FILLS
,2024-05-20T14:23:17.664631+00:00,2024-05-20T14:23:18.165014+00:00,18747.0,18747.25,SHORT,False,False,False,False,False,NO_LOG_FILLS
,2024-05-20T14:46:10.701640+00:00,2024-05-20T14:49:45.147544+00:00,18754.25,18762.0,SHORT,False,False,False,False,False,NO_LOG_FILLS
,2024-05-20T14:50:14.789210+00:00,2024-05-20T14:50:40.749064+00:00,18765.5,18760.25,SHORT,False,False,False,False,False,NO_LOG_FILLS
,2024-05-20T14:50:14.789210+00:00,2024-05-20T14:51:49.122366+00:00,18765.5,18755.0,SHORT,False,False,False,False,False,NO_LOG_FILLS
,2024-05-20T14:50:14.789210+00:00,2024-05-20T14:52:03.221147+00:00,18765.5,18761.0,SHORT,False,False,False,False,False,NO_LOG_FILLS
,2024-05-20T14:59:33.358085+00:00,2024-05-20T15:03:09.868505+00:00,18742.0,18747.25,LONG,False,False,False,False,False,NO_LOG_FILLS
,2024-05-20T14:59:33.358085+00:00,2024-05-20T15:15:38.313191+00:00,18742.0,18735.0,LONG,False,False,False,False,False,NO_LOG_FILLS
,2024-05-20T15:19:22.420378+00:00,2024-05-20T15:23:39.060556+00:00,18739.25,18744.5,LONG,False,False,False,False,False,NO_LOG_FILLS
,2024-05-20T15:19:22.420378+00:00,2024-05-20T15:25:18.734485+00:00,18739.25,18749.75,LONG,False,False,False,False,False,NO_LOG_FILLS
,2024-05-20T15:19:22.420378+00:00,2024-05-20T15:26:24.092286+00:00,18739.25,18748.5,LONG,False,False,False,False,False,NO_LOG_FILLS
,2024-05-20T15:39:27.361869+00:00,2024-05-20T15:42:24.442560+00:00,18754.75,18749.5,SHORT,False,False,False,False,False,NO_LOG_FILLS
,2024-05-20T15:39:27.361869+00:00,2024-05-20T15:42:57.188127+00:00,18754.75,18744.25,SHORT,False,False,False,False,False,NO_LOG_FILLS
,2024-05-20T15:39:27.361869+00:00,2024-05-20T15:43:24.766630+00:00,18754.75,18743.0,SHORT,False,False,False,False,False,NO_LOG_FILLS
,2024-05-20T16:45:08.190103+00:00,2024-05-20T16:49:25.716213+00:00,18775.25,18770.5,SHORT,False,False,False,False,False,NO_LOG_FILLS
,2024-05-20T16:45:08.190103+00:00,2024-05-20T16:51:40.680341+00:00,18775.25,18780.0,SHORT,False,False,False,False,False,NO_LOG_FILLS
,2024-05-20T17:33:27.675189+00:00,2024-05-20T17:34:46.971335+00:00,18746.75,18751.5,LONG,False,False,False,False,False,NO_LOG_FILLS
,2024-05-20T17:33:27.675189+00:00,2024-05-20T17:35:15.631298+00:00,18746.75,18744.0,LONG,False,False,False,False,False,NO_LOG_FILLS
,2024-05-20T18:08:52.270002+00:00,2024-05-20T18:09:28.307699+00:00,18721.25,18726.25,LONG,False,False,False,False,False,NO_LOG_FILLS
,2024-05-20T18:08:52.270002+00:00,2024-05-20T18:09:38.374878+00:00,18721.25,18731.5,LONG,False,False,False,False,False,NO_LOG_FILLS
,2024-05-20T18:08:52.270002+00:00,2024-05-20T18:10:13.916181+00:00,18721.25,18727.25,LONG,False,False,False,False,False,NO_LOG_FILLS
,2024-05-20T18:14:51.266016+00:00,2024-05-20T18:16:26.836804+00:00,18733.0,18742.75,SHORT,False,False,False,False,False,NO_LOG_FILLS
,2024-05-20T18:25:58.338282+00:00,2024-05-20T18:27:13.463204+00:00,18739.0,18745.5,LONG,False,False,False,False,False,NO_LOG_FILLS
,2024-05-20T18:25:58.338282+00:00,2024-05-20T18:30:11.550676+00:00,18739.0,18752.0,LONG,False,False,False,False,False,NO_LOG_FILLS
,2024-05-20T18:25:58.338282+00:00,2024-05-20T18:34:38.874467+00:00,18739.0,18751.25,LONG,False,False,False,False,False,NO_LOG_FILLS
,2024-05-20T19:00:26.706476+00:00,2024-05-20T19:04:16.728421+00:00,18751.0,18757.5,LONG,False,False,False,False,False,NO_LOG_FILLS
,2024-05-20T19:00:26.706476+00:00,2024-05-20T19:09:35.480969+00:00,18751.0,18764.0,LONG,False,False,False,False,False,NO_LOG_FILLS
,2024-05-20T19:00:26.706476+00:00,2024-05-20T19:14:59.970695+00:00,18751.0,18770.25,LONG,False,False,False,False,False,NO_LOG_FILLS
,2024-05-20T19:50:09.158972+00:00,2024-05-20T19:55:21.319657+00:00,18750.0,18742.0,LONG,False,False,False,False,False,NO_LOG_FILLS
,2024-05-21T01:31:42.444287+00:00,2024-05-21T07:26:09.435227+00:00,18746.25,18759.75,SHORT,False,False,False,False,False,NO_LOG_FILLS
,2024-05-21T07:53:16.541612+00:00,2024-05-21T08:05:05.230234+00:00,18756.25,18749.5,SHORT,False,False,False,False,False,NO_LOG_FILLS
,2024-05-21T07:53:16.541612+00:00,2024-05-21T08:21:09.950825+00:00,18756.25,18742.75,SHORT,False,False,False,False,False,NO_LOG_FILLS
,2024-05-21T07:53:16.541612+00:00,2024-05-21T08:38:20.782098+00:00,18756.25,18743.5,SHORT,False,False,False,False,False,NO_LOG_FILLS
,2024-05-21T09:11:52.175540+00:00,2024-05-21T09:20:40.079618+00:00,18746.0,18734.5,LONG,False,False,False,False,False,NO_LOG_FILLS
,2024-05-21T12:32:51.316935+00:00,2024-05-21T12:37:26.721957+00:00,18732.0,18723.25,LONG,False,False,False,False,False,NO_LOG_FILLS
,2024-05-21T13:00:50.282204+00:00,2024-05-21T13:01:14.531693+00:00,18709.5,18699.5,LONG,False,False,False,False,False,NO_LOG_FILLS
,2024-05-21T13:31:26.459491+00:00,2024-05-21T13:31:36.104074+00:00,18690.5,18696.75,LONG,False,False,False,False,False,NO_LOG_FILLS
,2024-05-21T13:31:26.459491+00:00,2024-05-21T13:34:00.583326+00:00,18690.5,18703.0,LONG,False,False,False,False,False,NO_LOG_FILLS
,2024-05-21T13:31:26.459491+00:00,2024-05-21T13:34:18.398712+00:00,18690.5,18702.75,LONG,False,False,False,False,False,NO_LOG_FILLS
,2024-05-21T13:39:27.611459+00:00,2024-05-21T13:45:07.208454+00:00,18706.5,18696.75,LONG,False,False,False,False,False,NO_LOG_FILLS
,2024-05-21T13:47:04.670240+00:00,2024-05-21T13:49:35.413575+00:00,18692.75,18698.5,LONG,False,False,False,False,False,NO_LOG_FILLS
,2024-05-21T13:47:04.670240+00:00,2024-05-21T13:52:11.013734+00:00,18692.75,18704.25,LONG,False,False,False,False,False,NO_LOG_FILLS
,2024-05-21T13:47:04.670240+00:00,2024-05-21T13:56:51.876951+00:00,18692.75,18710.75,LONG,False,False,False,False,False,NO_LOG_FILLS
,2024-05-21T14:06:44.857023+00:00,2024-05-21T14:07:03.591356+00:00,18714.25,18710.0,LONG,False,False,False,False,False,NO_LOG_FILLS
,2024-05-21T14:41:04.982817+00:00,2024-05-21T14:44:09.706390+00:00,18751.75,18743.25,LONG,False,False,False,False,False,NO_LOG_FILLS
,2024-05-21T14:45:00.029010+00:00,2024-05-21T14:45:05.655178+00:00,18742.75,18740.0,LONG,False,False,False,False,False,NO_LOG_FILLS
,2024-05-21T15:00:23.951926+00:00,2024-05-21T15:01:10.431695+00:00,18751.25,18756.75,SHORT,False,False,False,False,False,NO_LOG_FILLS
,2024-05-21T15:52:21.988388+00:00,2024-05-21T15:52:30.775017+00:00,18737.75,18732.5,SHORT,False,False,False,False,False,NO_LOG_FILLS
,2024-05-21T15:52:21.988388+00:00,2024-05-21T15:52:57.030872+00:00,18737.75,18742.25,SHORT,False,False,False,False,False,NO_LOG_FILLS
,2024-05-21T16:02:00.808724+00:00,2024-05-21T16:05:44.563769+00:00,18740.75,18750.0,SHORT,False,False,False,False,False,NO_LOG_FILLS
,2024-05-21T16:43:27.773807+00:00,2024-05-21T16:45:11.731799+00:00,18750.75,18747.25,LONG,False,False,False,False,False,NO_LOG_FILLS
,2024-05-21T16:50:38.243305+00:00,2024-05-21T16:56:30.221103+00:00,18755.75,18746.5,LONG,False,False,False,False,False,NO_LOG_FILLS
,2024-05-21T17:06:09.962461+00:00,2024-05-21T17:08:32.475461+00:00,18750.0,18755.75,LONG,False,False,False,False,False,NO_LOG_FILLS
,2024-05-21T17:06:09.962461+00:00,2024-05-21T17:11:28.094095+00:00,18750.0,18736.75,LONG,False,False,False,False,False,NO_LOG_FILLS
,2024-05-21T17:24:22.174627+00:00,2024-05-21T17:27:22.314923+00:00,18741.0,18749.0,SHORT,False,False,False,False,False,NO_LOG_FILLS
,2024-05-21T19:59:44.369025+00:00,2024-05-21T20:58:58.717477+00:00,18794.75,18798.5,SHORT,False,False,False,False,False,NO_LOG_FILLS
,2024-05-21T22:45:26.263371+00:00,2024-05-21T23:24:14.702210+00:00,18806.75,18813.75,SHORT,False,False,False,False,False,NO_LOG_FILLS
,2024-05-22T02:11:19.235329+00:00,2024-05-22T02:37:29.350506+00:00,18817.5,18812.5,SHORT,False,False,False,False,False,NO_LOG_FILLS
,2024-05-22T02:11:19.235329+00:00,2024-05-22T03:20:14.989945+00:00,18817.5,18807.75,SHORT,False,False,False,False,False,NO_LOG_FILLS
,2024-05-22T02:11:19.235329+00:00,2024-05-22T04:21:07.051962+00:00,18817.5,18812.75,SHORT,False,False,False,False,False,NO_LOG_FILLS
,2024-05-22T02:11:21.584498+00:00,2024-05-22T07:23:30.416752+00:00,18817.5,18808.25,SHORT,False,False,False,False,False,NO_LOG_FILLS
,2024-05-22T07:29:03.918100+00:00,2024-05-22T09:02:35.478367+00:00,18793.5,18796.5,SHORT,False,False,False,False,False,NO_LOG_FILLS
,2024-05-22T08:55:12.328451+00:00,2024-05-22T10:57:30.224343+00:00,18791.5,18776.25,SHORT,False,False,False,False,False,NO_LOG_FILLS
,2024-05-22T11:00:28.978762+00:00,2024-05-22T13:08:37.274010+00:00,18783.5,18799.25,SHORT,False,False,False,False,False,NO_LOG_FILLS
,2024-05-22T11:01:52.106679+00:00,2024-05-22T13:10:10.728874+00:00,18790.75,18794.5,SHORT,False,False,False,False,False,NO_LOG_FILLS
,2024-05-22T11:10:15.193402+00:00,2024-05-22T13:17:40.478988+00:00,18806.0,18802.5,SHORT,False,False,False,False,False,NO_LOG_FILLS
,2024-05-22T13:05:39.572588+00:00,2024-05-22T13:36:00.621112+00:00,18804.25,18811.0,SHORT,False,False,False,False,False,NO_LOG_FILLS
,2024-05-22T13:05:39.572588+00:00,2024-05-22T13:38:11.512697+00:00,18804.25,18805.75,SHORT,False,False,False,False,False,NO_LOG_FILLS
,2024-05-22T13:05:39.572588+00:00,2024-05-22T13:39:06.522623+00:00,18804.25,18810.25,SHORT,False,False,False,False,False,NO_LOG_FILLS
,2024-05-22T13:33:59.557122+00:00,2024-05-22T13:39:07.184806+00:00,18816.25,18810.5,SHORT,False,False,False,False,False,NO_LOG_FILLS
,2024-05-22T13:40:35.920462+00:00,2024-05-22T13:48:04.943894+00:00,18801.5,18819.0,SHORT,False,False,False,False,False,NO_LOG_FILLS
,2024-05-22T13:45:42.943022+00:00,2024-05-22T13:56:45.295287+00:00,18810.0,18822.0,SHORT,False,False,False,False,False,NO_LOG_FILLS
,2024-05-22T14:00:00.148944+00:00,2024-05-22T14:12:49.592168+00:00,18827.0,18819.75,SHORT,False,False,False,False,False,NO_LOG_FILLS
,2024-05-22T14:00:04.779283+00:00,2024-05-22T14:12:49.592168+00:00,18832.0,18819.75,SHORT,False,False,False,False,False,NO_LOG_FILLS
,2024-05-22T14:00:18.563475+00:00,2024-05-22T14:12:49.592168+00:00,18824.5,18819.75,SHORT,False,False,False,False,False,NO_LOG_FILLS
,2024-05-22T14:12:41.339617+00:00,2024-05-22T14:16:59.610599+00:00,18816.0,18820.25,SHORT,False,False,False,False,False,NO_LOG_FILLS
,2024-05-22T14:12:41.339617+00:00,2024-05-22T14:21:39.946533+00:00,18816.0,18815.5,SHORT,False,False,False,False,False,NO_LOG_FILLS
,2024-05-22T14:12:41.339617+00:00,2024-05-22T14:22:20.493074+00:00,18816.0,18811.0,SHORT,False,False,False,False,False,NO_LOG_FILLS
,2024-05-22T14:16:48.482104+00:00,2024-05-22T14:52:40.851909+00:00,18825.0,18812.75,SHORT,False,False,False,False,False,NO_LOG_FILLS
,2024-05-22T14:57:54.820643+00:00,2024-05-22T15:01:29.444262+00:00,18818.5,18816.0,SHORT,False,False,False,False,False,NO_LOG_FILLS
,2024-05-22T15:01:17.585750+00:00,2024-05-22T15:04:36.946034+00:00,18824.5,18826.25,SHORT,False,False,False,False,False,NO_LOG_FILLS
,2024-05-22T15:01:19.441997+00:00,2024-05-22T15:04:36.946034+00:00,18823.0,18826.25,SHORT,False,False,False,False,False,NO_LOG_FILLS
,2024-05-22T15:01:20.736119+00:00,2024-05-22T15:45:50.158858+00:00,18821.5,18827.25,SHORT,False,False,False,False,False,NO_LOG_FILLS
,2024-05-22T15:01:20.736119+00:00,2024-05-22T15:50:10.488336+00:00,18821.5,18821.75,SHORT,False,False,False,False,False,NO_LOG_FILLS
,2024-05-22T15:01:20.736119+00:00,2024-05-22T15:50:42.651066+00:00,18821.5,18808.75,SHORT,False,False,False,False,False,NO_LOG_FILLS
,2024-05-22T15:07:56.319782+00:00,2024-05-22T16:48:06.046213+00:00,18832.5,18800.25,SHORT,False,False,False,False,False,NO_LOG_FILLS
,2024-05-22T15:07:56.319782+00:00,2024-05-22T16:51:02.320370+00:00,18832.5,18795.0,SHORT,False,False,False,False,False,NO_LOG_FILLS
,2024-05-22T15:07:56.319782+00:00,2024-05-22T16:53:35.128712+00:00,18832.5,18798.0,SHORT,False,False,False,False,False,NO_LOG_FILLS
,2024-05-22T16:47:07.358056+00:00,2024-05-22T17:41:17.636553+00:00,18805.25,18773.25,SHORT,False,False,False,False,False,NO_LOG_FILLS
,2024-05-22T17:41:36.148996+00:00,2024-05-22T17:50:02.303344+00:00,18779.0,18764.0,SHORT,False,False,False,False,False,NO_LOG_FILLS
,2024-05-22T17:43:58.669163+00:00,2024-05-22T17:50:02.303344+00:00,18764.25,18764.0,SHORT,False,False,False,False,False,NO_LOG_FILLS
,2024-05-22T17:56:28.769980+00:00,2024-05-22T18:02:21.937108+00:00,18751.25,18741.0,SHORT,False,False,False,False,False,NO_LOG_FILLS
,2024-05-22T17:56:28.769980+00:00,2024-05-22T18:02:38.180934+00:00,18751.25,18733.25,SHORT,False,False,False,False,False,NO_LOG_FILLS
,2024-05-22T17:56:28.769980+00:00,2024-05-22T18:03:46.014873+00:00,18751.25,18711.25,SHORT,False,False,False,False,False,NO_LOG_FILLS
,2024-05-22T18:01:50.519707+00:00,2024-05-22T18:15:17.831635+00:00,18749.0,18754.75,SHORT,False,False,False,False,False,NO_LOG_FILLS
,2024-05-22T18:18:04.239027+00:00,2024-05-22T18:35:37.773727+00:00,18740.5,18709.0,SHORT,False,False,False,False,False,NO_LOG_FILLS
,2024-05-22T18:37:45.270513+00:00,2024-05-22T18:55:05.997934+00:00,18697.5,18716.0,SHORT,False,False,False,False,False,NO_LOG_FILLS
,2024-05-22T18:37:45.270513+00:00,2024-05-22T19:01:41.660795+00:00,18697.5,18734.25,SHORT,False,False,False,False,False,NO_LOG_FILLS
,2024-05-22T18:51:59.606549+00:00,2024-05-22T19:11:48.606465+00:00,18724.0,18739.25,SHORT,False,False,False,False,False,NO_LOG_FILLS
,2024-05-22T19:10:25.566514+00:00,2024-05-22T19:20:06.374552+00:00,18731.25,18706.5,SHORT,False,False,False,False,False,NO_LOG_FILLS
,2024-05-22T19:10:27.849817+00:00,2024-05-22T19:20:08.696812+00:00,18731.25,18706.5,SHORT,False,False,False,False,False,NO_LOG_FILLS
,2024-05-22T19:20:12.029448+00:00,2024-05-22T20:01:52.216877+00:00,18714.75,18804.25,SHORT,False,False,False,False,False,NO_LOG_FILLS
,2024-05-22T19:20:20.156508+00:00,2024-05-22T20:03:46.263531+00:00,18723.0,18819.0,SHORT,False,False,False,False,False,NO_LOG_FILLS
,2024-05-22T19:26:37.743514+00:00,2024-05-22T20:03:46.263531+00:00,18734.5,18819.0,SHORT,False,False,False,False,False,NO_LOG_FILLS
,2024-05-23T03:18:19.370350+00:00,2024-05-23T03:18:41.311272+00:00,18954.75,18959.5,SHORT,False,False,False,False,False,NO_LOG_FILLS
,2024-05-23T03:19:57.424402+00:00,2024-05-23T03:38:03.328967+00:00,18956.25,18961.75,SHORT,False,False,False,False,False,NO_LOG_FILLS
,2024-05-23T05:05:38.850940+00:00,2024-05-23T05:29:49.029208+00:00,18959.75,18950.25,SHORT,False,False,False,False,False,NO_LOG_FILLS
,2024-05-23T05:05:38.850940+00:00,2024-05-23T06:27:01.815789+00:00,18959.75,18940.75,SHORT,False,False,False,False,False,NO_LOG_FILLS
,2024-05-23T05:05:38.850940+00:00,2024-05-23T06:44:05.924867+00:00,18959.75,18940.0,SHORT,False,False,False,False,False,NO_LOG_FILLS
,2024-05-23T07:05:34.263039+00:00,2024-05-23T07:55:20.158055+00:00,18949.25,18930.5,LONG,False,False,False,False,False,NO_LOG_FILLS
,2024-05-23T10:00:46.407872+00:00,2024-05-23T10:34:59.944691+00:00,18943.75,18955.0,SHORT,False,False,False,False,False,NO_LOG_FILLS
,2024-05-23T12:33:17.951379+00:00,2024-05-23T12:34:42.276650+00:00,19009.0,19014.25,SHORT,False,False,False,False,False,NO_LOG_FILLS
,2024-05-23T12:47:55.805231+00:00,2024-05-23T12:47:56.609524+00:00,19017.5,19018.0,SHORT,False,False,False,False,False,NO_LOG_FILLS
,2024-05-23T13:35:32.863169+00:00,2024-05-23T13:35:52.384554+00:00,18931.25,18948.0,SHORT,False,False,False,False,False,NO_LOG_FILLS
,2024-05-23T13:35:33.831278+00:00,2024-05-23T13:56:59.121473+00:00,18931.25,18848.5,SHORT,False,False,False,False,False,NO_LOG_FILLS
,2024-05-23T13:57:08.984911+00:00,2024-05-23T13:59:38.677888+00:00,18841.0,18848.75,SHORT,False,False,False,False,False,NO_LOG_FILLS
,2024-05-23T13:59:01.376244+00:00,2024-05-23T14:02:09.869598+00:00,18841.25,18860.5,SHORT,False,False,False,False,False,NO_LOG_FILLS
,2024-05-23T14:01:48.457495+00:00,2024-05-23T14:07:59.707733+00:00,18870.5,18855.75,SHORT,False,False,False,False,False,NO_LOG_FILLS
,2024-05-23T14:01:48.457495+00:00,2024-05-23T14:09:20.013883+00:00,18870.5,18877.25,SHORT,False,False,False,False,False,NO_LOG_FILLS
,2024-05-23T14:07:14.402807+00:00,2024-05-23T14:15:52.765483+00:00,18864.0,18904.5,SHORT,False,False,False,False,False,NO_LOG_FILLS
,2024-05-23T14:16:20.284600+00:00,2024-05-23T14:21:52.422339+00:00,18911.25,18867.0,SHORT,False,False,False,False,False,NO_LOG_FILLS
,2024-05-23T14:16:58.804834+00:00,2024-05-23T14:21:52.422339+00:00,18900.75,18867.0,SHORT,False,False,False,False,False,NO_LOG_FILLS
,2024-05-23T14:22:19.102884+00:00,2024-05-23T14:23:14.275998+00:00,18861.75,18868.5,SHORT,False,False,False,False,False,NO_LOG_FILLS
,2024-05-23T14:23:21.587930+00:00,2024-05-23T14:32:20.142249+00:00,18874.5,18897.5,SHORT,False,False,False,False,False,NO_LOG_FILLS
,2024-05-23T14:27:31.648803+00:00,2024-05-23T14:32:20.142249+00:00,18880.5,18897.5,SHORT,False,False,False,False,False,NO_LOG_FILLS
,2024-05-23T14:30:16.380235+00:00,2024-05-23T14:32:20.142249+00:00,18886.25,18897.5,SHORT,False,False,False,False,False,NO_LOG_FILLS
,2024-05-23T14:32:36.683277+00:00,2024-05-23T14:40:28.421652+00:00,18904.5,18905.75,SHORT,False,False,False,False,False,NO_LOG_FILLS
,2024-05-23T14:34:27.627045+00:00,2024-05-23T14:40:28.421652+00:00,18893.5,18905.75,SHORT,False,False,False,False,False,NO_LOG_FILLS
,2024-05-23T14:40:27.718422+00:00,2024-05-23T14:50:37.177696+00:00,18905.5,18851.0,SHORT,False,False,False,False,False,NO_LOG_FILLS
,2024-05-23T14:51:42.814780+00:00,2024-05-23T15:16:58.126601+00:00,18847.75,18879.0,SHORT,False,False,False,False,False,NO_LOG_FILLS
,2024-05-23T14:51:42.814780+00:00,2024-05-23T15:22:24.455330+00:00,18847.75,18893.25,SHORT,False,False,False,False,False,NO_LOG_FILLS
,2024-05-23T15:16:09.150069+00:00,2024-05-23T15:29:03.598627+00:00,18885.5,18897.25,SHORT,False,False,False,False,False,NO_LOG_FILLS
,2024-05-23T15:28:02.614459+00:00,2024-05-23T15:30:30.782345+00:00,18882.75,18898.75,SHORT,False,False,False,False,False,NO_LOG_FILLS
,2024-05-23T15:29:11.641514+00:00,2024-05-23T15:52:45.263484+00:00,18888.25,18923.25,SHORT,False,False,False,False,False,NO_LOG_FILLS
,2024-05-23T15:41:06.080996+00:00,2024-05-23T15:56:19.042096+00:00,18909.75,18928.75,SHORT,False,False,False,False,False,NO_LOG_FILLS
,2024-05-23T15:54:19.107936+00:00,2024-05-23T16:07:18.200027+00:00,18921.5,18914.75,SHORT,False,False,False,False,False,NO_LOG_FILLS
,2024-05-23T15:54:19.107936+00:00,2024-05-23T16:07:33.156727+00:00,18921.5,18908.25,SHORT,False,False,False,False,False,NO_LOG_FILLS
,2024-05-23T15:54:19.107936+00:00,2024-05-23T16:08:59.686331+00:00,18921.5,18910.75,SHORT,False,False,False,False,False,NO_LOG_FILLS
,2024-05-23T16:04:10.458222+00:00,2024-05-23T16:14:03.151840+00:00,18921.0,18898.75,SHORT,False,False,False,False,False,NO_LOG_FILLS
,2024-05-23T16:19:01.592937+00:00,2024-05-23T16:50:48.304407+00:00,18905.5,18873.5,SHORT,False,False,False,False,False,NO_LOG_FILLS
,2024-05-23T16:19:51.583563+00:00,2024-05-23T16:50:48.304407+00:00,18912.0,18873.5,SHORT,False,False,False,False,False,NO_LOG_FILLS
,2024-05-23T16:30:44.813419+00:00,2024-05-23T16:50:48.304407+00:00,18922.25,18873.5,SHORT,False,False,False,False,False,NO_LOG_FILLS
,2024-05-23T16:51:40.184453+00:00,2024-05-23T17:02:10.934471+00:00,18865.0,18841.0,SHORT,False,False,False,False,False,NO_LOG_FILLS
,2024-05-23T16:51:40.184453+00:00,2024-05-23T17:03:29.895191+00:00,18865.0,18834.0,SHORT,False,False,False,False,False,NO_LOG_FILLS
,2024-05-23T16:51:40.184453+00:00,2024-05-23T17:04:59.084817+00:00,18865.0,18833.0,SHORT,False,False,False,False,False,NO_LOG_FILLS
,2024-05-23T16:57:36.766452+00:00,2024-05-23T17:08:49.995839+00:00,18848.0,18838.5,SHORT,False,False,False,False,False,NO_LOG_FILLS
,2024-05-23T17:07:04.231669+00:00,2024-05-23T17:21:59.915549+00:00,18833.75,18830.75,SHORT,False,False,False,False,False,NO_LOG_FILLS
,2024-05-23T17:23:26.647754+00:00,2024-05-23T17:24:38.515133+00:00,18819.75,18835.0,SHORT,False,False,False,False,False,NO_LOG_FILLS
,2024-05-23T17:28:53.589964+00:00,2024-05-23T17:36:52.021224+00:00,18843.0,18818.5,SHORT,False,False,False,False,False,NO_LOG_FILLS
,2024-05-23T17:36:03.286987+00:00,2024-05-23T17:36:52.021224+00:00,18815.0,18818.5,SHORT,False,False,False,False,False,NO_LOG_FILLS
,2024-05-23T17:36:59.222877+00:00,2024-05-23T17:38:33.709044+00:00,18811.0,18790.5,SHORT,False,False,False,False,False,NO_LOG_FILLS
,2024-05-23T17:39:35.469074+00:00,2024-05-23T17:39:45.335856+00:00,18779.25,18783.5,SHORT,False,False,False,False,False,NO_LOG_FILLS
,2024-05-23T17:39:46.499551+00:00,2024-05-23T17:41:27.029283+00:00,18783.0,18789.25,SHORT,False,False,False,False,False,NO_LOG_FILLS
,2024-05-23T17:39:46.499551+00:00,2024-05-23T17:43:16.422008+00:00,18783.0,18781.0,SHORT,False,False,False,False,False,NO_LOG_FILLS
,2024-05-23T17:39:46.499551+00:00,2024-05-23T17:45:09.861140+00:00,18783.0,18765.75,SHORT,False,False,False,False,False,NO_LOG_FILLS
,2024-05-23T17:41:22.794791+00:00,2024-05-23T17:51:56.083731+00:00,18797.25,18752.25,SHORT,False,False,False,False,False,NO_LOG_FILLS
,2024-05-23T17:41:22.794791+00:00,2024-05-23T17:51:59.291226+00:00,18797.25,18743.25,SHORT,False,False,False,False,False,NO_LOG_FILLS
,2024-05-23T17:41:22.794791+00:00,2024-05-23T17:52:05.483213+00:00,18797.25,18747.75,SHORT,False,False,False,False,False,NO_LOG_FILLS
,2024-05-23T17:51:35.355926+00:00,2024-05-23T18:00:08.157922+00:00,18761.25,18720.5,SHORT,False,False,False,False,False,NO_LOG_FILLS
,2024-05-23T18:02:44.703526+00:00,2024-05-23T18:03:02.136697+00:00,18707.25,18712.25,SHORT,False,False,False,False,False,NO_LOG_FILLS
,2024-05-23T18:04:02.150452+00:00,2024-05-23T18:05:08.044831+00:00,18703.0,18700.25,SHORT,False,False,False,False,False,NO_LOG_FILLS
,2024-05-23T18:05:43.173862+00:00,2024-05-23T18:14:26.736735+00:00,18691.5,18707.75,SHORT,False,False,False,False,False,NO_LOG_FILLS
,2024-05-23T18:15:29.442714+00:00,2024-05-23T18:23:58.560097+00:00,18716.75,18676.25,SHORT,False,False,False,False,False,NO_LOG_FILLS
,2024-05-23T18:18:47.598669+00:00,2024-05-23T18:24:25.834028+00:00,18701.25,18668.5,SHORT,False,False,False,False,False,NO_LOG_FILLS
,2024-05-23T18:18:47.598669+00:00,2024-05-23T18:25:08.859726+00:00,18701.25,18672.25,SHORT,False,False,False,False,False,NO_LOG_FILLS
,2024-05-23T18:23:12.468721+00:00,2024-05-23T18:33:18.898378+00:00,18684.25,18664.25,SHORT,False,False,False,False,False,NO_LOG_FILLS
,2024-05-23T18:34:07.014565+00:00,2024-05-23T18:41:24.740795+00:00,18672.5,18696.75,SHORT,False,False,False,False,False,NO_LOG_FILLS
,2024-05-23T18:37:13.588728+00:00,2024-05-23T18:41:24.740795+00:00,18680.5,18696.75,SHORT,False,False,False,False,False,NO_LOG_FILLS
,2024-05-23T18:40:40.164438+00:00,2024-05-23T18:41:24.740795+00:00,18686.5,18696.75,SHORT,False,False,False,False,False,NO_LOG_FILLS
,2024-05-23T18:40:41.415419+00:00,2024-05-23T18:42:58.953163+00:00,18685.5,18674.0,SHORT,False,False,False,False,False,NO_LOG_FILLS
,2024-05-23T18:40:41.415419+00:00,2024-05-23T18:43:03.665857+00:00,18685.5,18665.0,SHORT,False,False,False,False,False,NO_LOG_FILLS
,2024-05-23T18:40:41.415419+00:00,2024-05-23T18:43:33.130750+00:00,18685.5,18670.25,SHORT,False,False,False,False,False,NO_LOG_FILLS
,2024-05-23T18:42:51.839553+00:00,2024-05-23T19:03:03.877563+00:00,18682.75,18648.75,SHORT,False,False,False,False,False,NO_LOG_FILLS
,2024-05-23T19:03:02.718114+00:00,2024-05-23T19:37:02.068158+00:00,18650.75,18686.25,SHORT,False,False,False,False,False,NO_LOG_FILLS
,2024-05-23T19:35:54.011812+00:00,2024-05-23T19:47:03.840996+00:00,18680.5,18683.75,SHORT,False,False,False,False,False,NO_LOG_FILLS
,2024-05-23T19:49:02.553045+00:00,2024-05-23T19:50:39.378759+00:00,18692.0,18702.0,SHORT,False,False,False,False,False,NO_LOG_FILLS
,2024-05-23T19:49:59.125932+00:00,2024-05-23T19:51:17.776586+00:00,18700.0,18695.0,SHORT,False,False,False,False,False,NO_LOG_FILLS
,2024-05-23T19:50:29.737072+00:00,2024-05-23T19:52:27.506037+00:00,18709.75,18691.5,SHORT,False,False,False,False,False,NO_LOG_FILLS
,2024-05-23T19:50:31.565804+00:00,2024-05-23T19:55:15.058647+00:00,18709.0,18682.0,SHORT,False,False,False,False,False,NO_LOG_FILLS
,2024-05-23T19:50:31.565804+00:00,2024-05-23T19:59:49.658310+00:00,18709.0,18699.0,SHORT,False,False,False,False,False,NO_LOG_FILLS
,2024-05-24T00:36:58.236810+00:00,2024-05-24T07:10:59.190619+00:00,18715.75,18690.0,LONG,False,False,False,False,False,NO_LOG_FILLS
,2024-05-24T07:03:00.526761+00:00,2024-05-24T08:05:48.945817+00:00,18704.75,18711.75,LONG,False,False,False,False,False,NO_LOG_FILLS
,2024-05-24T07:03:00.526761+00:00,2024-05-24T08:07:14.667369+00:00,18704.75,18708.5,LONG,False,False,False,False,False,NO_LOG_FILLS
,2024-05-24T07:03:00.615822+00:00,2024-05-24T13:16:35.517328+00:00,18704.75,18741.75,LONG,False,False,False,False,False,NO_LOG_FILLS
,2024-05-24T07:41:26.313662+00:00,2024-05-24T13:34:13.557028+00:00,18703.0,18764.25,LONG,False,False,False,False,False,NO_LOG_FILLS
,2024-05-24T07:41:26.313662+00:00,2024-05-24T13:34:36.979628+00:00,18703.0,18774.5,LONG,False,False,False,False,False,NO_LOG_FILLS
,2024-05-24T07:41:26.313662+00:00,2024-05-24T13:35:23.761241+00:00,18703.0,18764.75,LONG,False,False,False,False,False,NO_LOG_FILLS
,2024-05-24T13:01:22.462037+00:00,2024-05-24T13:50:40.166486+00:00,18765.5,18749.0,LONG,False,False,False,False,False,NO_LOG_FILLS
,2024-05-24T13:33:31.641857+00:00,2024-05-24T13:56:52.765494+00:00,18754.0,18749.0,LONG,False,False,False,False,False,NO_LOG_FILLS
,2024-05-24T13:33:31.641857+00:00,2024-05-24T13:59:59.342972+00:00,18754.0,18758.0,LONG,False,False,False,False,False,NO_LOG_FILLS
,2024-05-24T13:33:31.641857+00:00,2024-05-24T14:01:37.402584+00:00,18754.0,18790.75,LONG,False,False,False,False,False,NO_LOG_FILLS
,2024-05-24T13:49:42.443186+00:00,2024-05-24T14:08:14.593668+00:00,18759.25,18787.25,LONG,False,False,False,False,False,NO_LOG_FILLS
,2024-05-24T13:49:42.443186+00:00,2024-05-24T14:09:20.924238+00:00,18759.25,18794.0,LONG,False,False,False,False,False,NO_LOG_FILLS
,2024-05-24T13:49:42.443186+00:00,2024-05-24T14:11:15.989297+00:00,18759.25,18795.5,LONG,False,False,False,False,False,NO_LOG_FILLS
,2024-05-24T13:55:07.107060+00:00,2024-05-24T14:34:17.235846+00:00,18741.75,18831.75,LONG,False,False,False,False,False,NO_LOG_FILLS
,2024-05-24T14:07:52.879755+00:00,2024-05-24T14:51:36.357606+00:00,18780.25,18834.0,LONG,False,False,False,False,False,NO_LOG_FILLS
,2024-05-24T14:36:21.730348+00:00,2024-05-24T14:51:37.461114+00:00,18825.25,18834.0,LONG,False,False,False,False,False,NO_LOG_FILLS
,2024-05-24T14:44:07.356114+00:00,2024-05-24T14:51:37.461114+00:00,18818.75,18834.0,LONG,False,False,False,False,False,NO_LOG_FILLS
,2024-05-24T14:45:21.695051+00:00,2024-05-24T14:51:37.461114+00:00,18822.5,18834.0,LONG,False,False,False,False,False,NO_LOG_FILLS
,2024-05-24T14:53:30.857649+00:00,2024-05-24T15:25:50.688047+00:00,18846.25,18907.75,LONG,False,False,False,False,False,NO_LOG_FILLS
,2024-05-24T15:19:45.089950+00:00,2024-05-24T15:32:18.228419+00:00,18914.5,18910.5,LONG,False,False,False,False,False,NO_LOG_FILLS
,2024-05-24T15:19:45.089950+00:00,2024-05-24T15:34:15.324566+00:00,18914.5,18915.5,LONG,False,False,False,False,False,NO_LOG_FILLS
,2024-05-24T15:19:45.089950+00:00,2024-05-24T15:35:21.338329+00:00,18914.5,18906.0,LONG,False,False,False,False,False,NO_LOG_FILLS
,2024-05-24T15:19:46.152224+00:00,2024-05-24T15:35:21.935419+00:00,18914.5,18906.75,LONG,False,False,False,False,False,NO_LOG_FILLS
,2024-05-24T15:30:23.631390+00:00,2024-05-24T15:35:23.038403+00:00,18905.5,18906.75,LONG,False,False,False,False,False,NO_LOG_FILLS
,2024-05-24T15:30:24.673651+00:00,2024-05-24T15:47:09.518743+00:00,18905.5,18893.75,LONG,False,False,False,False,False,NO_LOG_FILLS
,2024-05-24T15:35:35.914723+00:00,2024-05-24T15:47:10.644139+00:00,18897.75,18893.75,LONG,False,False,False,False,False,NO_LOG_FILLS
,2024-05-24T15:35:36.994513+00:00,2024-05-24T15:53:30.450467+00:00,18897.75,18891.25,LONG,False,False,False,False,False,NO_LOG_FILLS
,2024-05-24T15:35:36.994513+00:00,2024-05-24T15:54:11.668154+00:00,18897.75,18897.0,LONG,False,False,False,False,False,NO_LOG_FILLS
,2024-05-24T15:35:36.994513+00:00,2024-05-24T15:55:26.207685+00:00,18897.75,18899.25,LONG,False,False,False,False,False,NO_LOG_FILLS
,2024-05-24T15:51:40.203911+00:00,2024-05-24T16:36:46.956428+00:00,18888.25,18894.25,LONG,False,False,False,False,False,NO_LOG_FILLS
,2024-05-24T15:51:59.858331+00:00,2024-05-24T16:36:46.956428+00:00,18882.5,18894.25,LONG,False,False,False,False,False,NO_LOG_FILLS
,2024-05-24T15:53:16.118932+00:00,2024-05-24T16:36:46.956428+00:00,18884.25,18894.25,LONG,False,False,False,False,False,NO_LOG_FILLS
,2024-05-24T15:53:17.470266+00:00,2024-05-24T17:13:01.196651+00:00,18885.5,18887.0,LONG,False,False,False,False,False,NO_LOG_FILLS
,2024-05-24T15:53:18.745520+00:00,2024-05-24T17:13:02.504812+00:00,18885.5,18887.0,LONG,False,False,False,False,False,NO_LOG_FILLS
,2024-05-24T16:36:44.480863+00:00,2024-05-24T18:03:50.864492+00:00,18895.5,18912.5,LONG,False,False,False,False,False,NO_LOG_FILLS
,2024-05-24T16:36:45.812725+00:00,2024-05-24T18:03:52.261355+00:00,18895.5,18912.5,LONG,False,False,False,False,False,NO_LOG_FILLS
,2024-05-24T17:13:00.632881+00:00,2024-05-24T18:17:46.747840+00:00,18884.5,18924.25,LONG,False,False,False,False,False,NO_LOG_FILLS
,2024-05-24T17:13:00.632881+00:00,2024-05-24T18:21:06.156170+00:00,18884.5,18914.25,LONG,False,False,False,False,False,NO_LOG_FILLS
,2024-05-24T17:13:01.930926+00:00,2024-05-24T18:33:29.093923+00:00,18884.5,18893.25,LONG,False,False,False,False,False,NO_LOG_FILLS
,2024-05-24T18:07:22.101550+00:00,2024-05-24T18:52:22.286934+00:00,18917.0,18886.25,LONG,False,False,False,False,False,NO_LOG_FILLS
,2024-05-24T18:15:41.306016+00:00,2024-05-24T18:52:23.867305+00:00,18919.0,18886.25,LONG,False,False,False,False,False,NO_LOG_FILLS
,2024-05-24T18:15:42.733876+00:00,2024-05-24T19:02:40.101274+00:00,18919.0,18851.25,LONG,False,False,False,False,False,NO_LOG_FILLS
,2024-05-24T18:15:42.733876+00:00,2024-05-24T19:03:26.656658+00:00,18919.0,18857.25,LONG,False,False,False,False,False,NO_LOG_FILLS
,2024-05-24T18:15:42.733876+00:00,2024-05-24T19:04:19.182630+00:00,18919.0,18853.5,LONG,False,False,False,False,False,NO_LOG_FILLS
,2024-05-24T18:31:40.568053+00:00,2024-05-24T19:20:30.864703+00:00,18899.5,18864.0,LONG,False,False,False,False,False,NO_LOG_FILLS
,2024-05-24T18:31:42.034910+00:00,2024-05-24T19:22:03.192093+00:00,18899.5,18861.75,LONG,False,False,False,False,False,NO_LOG_FILLS
,2024-05-24T18:54:41.056116+00:00,2024-05-24T19:22:04.756864+00:00,18880.5,18861.75,LONG,False,False,False,False,False,NO_LOG_FILLS
,2024-05-24T18:55:46.632417+00:00,2024-05-24T19:22:04.756864+00:00,18874.75,18861.75,LONG,False,False,False,False,False,NO_LOG_FILLS
,2024-05-24T18:55:59.720968+00:00,2024-05-24T19:22:04.756864+00:00,18876.5,18861.75,LONG,False,False,False,False,False,NO_LOG_FILLS
,2024-05-24T19:02:34.893314+00:00,2024-05-24T19:52:48.686446+00:00,18845.5,18855.5,LONG,False,False,False,False,False,NO_LOG_FILLS
,2024-05-24T19:02:36.408164+00:00,2024-05-24T19:52:50.368964+00:00,18845.5,18855.5,LONG,False,False,False,False,False,NO_LOG_FILLS
,2024-05-24T19:19:12.669359+00:00,2024-05-24T19:56:01.458919+00:00,18870.75,18860.75,LONG,False,False,False,False,False,NO_LOG_FILLS
,2024-05-24T19:19:14.185127+00:00,2024-05-24T19:56:03.122170+00:00,18870.75,18860.75,LONG,False,False,False,False,False,NO_LOG_FILLS
,2024-05-27T00:54:36.329126+00:00,2024-05-27T01:56:10.094544+00:00,18848.25,18854.5,LONG,False,False,False,False,False,NO_LOG_FILLS
,2024-05-27T00:54:36.329126+00:00,2024-05-27T04:56:27.881269+00:00,18848.25,18861.0,LONG,False,False,False,False,False,NO_LOG_FILLS
,2024-05-27T00:54:36.329126+00:00,2024-05-27T07:00:44.212692+00:00,18848.25,18879.0,LONG,False,False,False,False,False,NO_LOG_FILLS
,2024-05-27T13:39:47.095924+00:00,2024-05-27T13:41:19.327695+00:00,18905.5,18909.75,SHORT,False,False,False,False,False,NO_LOG_FILLS
,2024-05-27T16:07:47.753134+00:00,2024-05-27T16:15:10.813810+00:00,18934.0,18940.75,SHORT,False,False,False,False,False,NO_LOG_FILLS
,2024-05-28T00:00:53.597011+00:00,2024-05-28T04:50:56.112077+00:00,18897.75,18925.5,LONG,False,False,False,False,False,NO_LOG_FILLS
,2024-05-28T00:11:09.550357+00:00,2024-05-28T04:50:56.112077+00:00,18891.0,18925.5,LONG,False,False,False,False,False,NO_LOG_FILLS
,2024-05-28T00:16:27.409381+00:00,2024-05-28T04:50:56.112077+00:00,18895.0,18925.5,LONG,False,False,False,False,False,NO_LOG_FILLS
,2024-05-28T05:02:40.576815+00:00,2024-05-28T07:13:03.764559+00:00,18917.75,18930.75,LONG,False,False,False,False,False,NO_LOG_FILLS
,2024-05-28T06:01:13.289421+00:00,2024-05-28T07:13:03.764559+00:00,18910.0,18930.75,LONG,False,False,False,False,False,NO_LOG_FILLS
,2024-05-28T06:24:56.368983+00:00,2024-05-28T07:13:03.764559+00:00,18918.75,18930.75,LONG,False,False,False,False,False,NO_LOG_FILLS
,2024-05-28T07:14:22.960239+00:00,2024-05-28T09:30:42.221710+00:00,18922.25,18965.5,LONG,False,False,False,False,False,NO_LOG_FILLS
,2024-05-28T07:20:17.020562+00:00,2024-05-28T09:30:42.221710+00:00,18913.5,18965.5,LONG,False,False,False,False,False,NO_LOG_FILLS
,2024-05-28T07:22:30.129716+00:00,2024-05-28T09:30:42.221710+00:00,18921.75,18965.5,LONG,False,False,False,False,False,NO_LOG_FILLS
,2024-05-28T09:30:42.697239+00:00,2024-05-28T12:44:51.794326+00:00,18966.0,18909.0,LONG,False,False,False,False,False,NO_LOG_FILLS
,2024-05-28T12:08:09.014880+00:00,2024-05-28T13:14:02.494864+00:00,18930.75,18922.25,LONG,False,False,False,False,False,NO_LOG_FILLS
,2024-05-28T12:08:09.014880+00:00,2024-05-28T13:31:36.326985+00:00,18930.75,18930.75,LONG,False,False,False,False,False,NO_LOG_FILLS
,2024-05-28T12:08:09.014880+00:00,2024-05-28T13:32:31.036879+00:00,18930.75,18931.5,LONG,False,False,False,False,False,NO_LOG_FILLS
,2024-05-28T12:51:52.171239+00:00,2024-05-28T13:35:59.587736+00:00,18913.5,18905.5,LONG,False,False,False,False,False,NO_LOG_FILLS
,2024-05-28T13:34:23.802577+00:00,2024-05-28T13:36:02.451231+00:00,18912.5,18903.0,LONG,False,False,False,False,False,NO_LOG_FILLS
,2024-05-28T13:36:27.986902+00:00,2024-05-28T13:50:15.471066+00:00,18894.75,18857.0,LONG,False,False,False,False,False,NO_LOG_FILLS
,2024-05-28T13:40:03.855838+00:00,2024-05-28T13:53:18.113963+00:00,18912.75,18864.0,LONG,False,False,False,False,False,NO_LOG_FILLS
,2024-05-28T13:40:03.855838+00:00,2024-05-28T13:54:10.505321+00:00,18912.75,18854.25,LONG,False,False,False,False,False,NO_LOG_FILLS
,2024-05-28T13:47:19.503542+00:00,2024-05-28T14:00:55.600485+00:00,18850.0,18851.5,LONG,False,False,False,False,False,NO_LOG_FILLS
,2024-05-28T14:01:44.370671+00:00,2024-05-28T14:13:13.683864+00:00,18844.0,18889.25,LONG,False,False,False,False,False,NO_LOG_FILLS
,2024-05-28T14:02:48.366914+00:00,2024-05-28T14:13:13.683864+00:00,18869.75,18889.25,LONG,False,False,False,False,False,NO_LOG_FILLS
,2024-05-28T14:14:02.288547+00:00,2024-05-28T14:33:02.701703+00:00,18881.5,18898.5,LONG,False,False,False,False,False,NO_LOG_FILLS
,2024-05-28T14:19:17.936693+00:00,2024-05-28T14:33:02.701703+00:00,18900.0,18898.5,LONG,False,False,False,False,False,NO_LOG_FILLS
,2024-05-28T14:34:46.648099+00:00,2024-05-28T14:51:14.357919+00:00,18891.5,18921.0,LONG,False,False,False,False,False,NO_LOG_FILLS
,2024-05-28T14:36:19.474738+00:00,2024-05-28T14:51:14.357919+00:00,18884.75,18921.0,LONG,False,False,False,False,False,NO_LOG_FILLS
,2024-05-28T14:38:37.071500+00:00,2024-05-28T14:51:14.357919+00:00,18888.0,18921.0,LONG,False,False,False,False,False,NO_LOG_FILLS
,2024-05-28T14:52:37.152835+00:00,2024-05-28T14:58:53.119494+00:00,18914.0,18925.25,LONG,False,False,False,False,False,NO_LOG_FILLS
,2024-05-28T14:58:13.352951+00:00,2024-05-28T14:58:53.119494+00:00,18925.5,18925.25,LONG,False,False,False,False,False,NO_LOG_FILLS
,2024-05-28T15:00:45.320362+00:00,2024-05-28T15:06:05.325495+00:00,18919.0,18902.75,LONG,False,False,False,False,False,NO_LOG_FILLS
,2024-05-28T15:02:12.420144+00:00,2024-05-28T15:06:05.325495+00:00,18912.5,18902.75,LONG,False,False,False,False,False,NO_LOG_FILLS
,2024-05-28T15:04:13.479900+00:00,2024-05-28T15:06:05.325495+00:00,18911.25,18902.75,LONG,False,False,False,False,False,NO_LOG_FILLS
,2024-05-28T15:04:14.230387+00:00,2024-05-28T15:28:13.166928+00:00,18912.75,18922.5,LONG,False,False,False,False,False,NO_LOG_FILLS
,2024-05-28T15:30:03.874599+00:00,2024-05-28T15:30:22.798589+00:00,18928.0,18923.25,LONG,False,False,False,False,False,NO_LOG_FILLS
,2024-05-28T15:31:31.405772+00:00,2024-05-28T15:32:17.862374+00:00,18932.25,18932.75,LONG,False,False,False,False,False,NO_LOG_FILLS
,2024-05-28T15:32:43.504507+00:00,2024-05-28T15:43:28.627862+00:00,18927.5,18930.5,LONG,False,False,False,False,False,NO_LOG_FILLS
,2024-05-28T15:33:07.032507+00:00,2024-05-28T16:07:42.532059+00:00,18922.0,18914.75,LONG,False,False,False,False,False,NO_LOG_FILLS
,2024-05-28T15:36:51.338736+00:00,2024-05-28T16:07:42.532059+00:00,18923.25,18914.75,LONG,False,False,False,False,False,NO_LOG_FILLS
,2024-05-28T15:36:56.200402+00:00,2024-05-28T16:15:17.857253+00:00,18925.0,18926.75,LONG,False,False,False,False,False,NO_LOG_FILLS
,2024-05-28T16:15:51.977325+00:00,2024-05-28T17:09:00.388087+00:00,18921.5,18920.25,LONG,False,False,False,False,False,NO_LOG_FILLS
,2024-05-28T16:16:10.699864+00:00,2024-05-28T17:10:12.853465+00:00,18916.0,18926.5,LONG,False,False,False,False,False,NO_LOG_FILLS
,2024-05-28T16:16:37.828540+00:00,2024-05-28T17:15:55.706245+00:00,18920.5,18920.75,LONG,False,False,False,False,False,NO_LOG_FILLS
,2024-05-28T17:07:58.718405+00:00,2024-05-28T17:16:26.647459+00:00,18914.0,18919.75,LONG,False,False,False,False,False,NO_LOG_FILLS
,2024-05-28T17:19:00.402672+00:00,2024-05-28T17:43:20.561052+00:00,18928.25,18935.0,LONG,False,False,False,False,False,NO_LOG_FILLS
,2024-05-28T17:46:19.006755+00:00,2024-05-28T18:04:08.463172+00:00,18928.0,18915.5,LONG,False,False,False,False,False,NO_LOG_FILLS
,2024-05-28T17:46:20.816908+00:00,2024-05-28T18:11:35.291200+00:00,18921.0,18922.75,LONG,False,False,False,False,False,NO_LOG_FILLS
,2024-05-28T17:50:01.215437+00:00,2024-05-28T18:12:15.281277+00:00,18918.25,18924.0,LONG,False,False,False,False,False,NO_LOG_FILLS
,2024-05-28T18:04:00.505389+00:00,2024-05-28T18:43:22.837971+00:00,18908.5,18835.75,LONG,False,False,False,False,False,NO_LOG_FILLS
,2024-05-28T18:46:29.481799+00:00,2024-05-28T19:38:43.380195+00:00,18828.5,18891.25,LONG,False,False,False,False,False,NO_LOG_FILLS
,2024-05-28T18:55:10.801660+00:00,2024-05-28T19:38:43.380195+00:00,18846.5,18891.25,LONG,False,False,False,False,False,NO_LOG_FILLS
,2024-05-28T19:43:23.330666+00:00,2024-05-28T20:58:58.705139+00:00,18883.5,18950.75,LONG,False,False,False,False,False,NO_LOG_FILLS
,2024-05-28T19:48:45.479090+00:00,2024-05-28T20:58:58.705139+00:00,18875.75,18950.75,LONG,False,False,False,False,False,NO_LOG_FILLS
,2024-05-28T19:49:58.900716+00:00,2024-05-28T20:58:58.705139+00:00,18883.75,18950.75,LONG,False,False,False,False,False,NO_LOG_FILLS
,2024-05-29T03:58:42.120442+00:00,2024-05-29T04:29:22.299633+00:00,18887.0,18893.5,LONG,False,False,False,False,False,NO_LOG_FILLS
,2024-05-29T03:58:42.120442+00:00,2024-05-29T05:06:07.654495+00:00,18887.0,18899.75,LONG,False,False,False,False,False,NO_LOG_FILLS
,2024-05-29T03:58:42.120442+00:00,2024-05-29T05:24:42.849609+00:00,18887.0,18889.75,LONG,False,False,False,False,False,NO_LOG_FILLS
,2024-05-29T07:45:50.729056+00:00,2024-05-29T07:54:46.031940+00:00,18860.0,18846.5,LONG,False,False,False,False,False,NO_LOG_FILLS
,2024-05-29T08:02:31.116274+00:00,2024-05-29T08:04:30.369925+00:00,18865.5,18875.0,LONG,False,False,False,False,False,NO_LOG_FILLS
,2024-05-29T08:02:31.116274+00:00,2024-05-29T08:08:03.268017+00:00,18865.5,18845.0,LONG,False,False,False,False,False,NO_LOG_FILLS
,2024-05-29T08:50:30.262360+00:00,2024-05-29T08:55:03.250500+00:00,18816.0,18826.0,LONG,False,False,False,False,False,NO_LOG_FILLS
,2024-05-29T08:50:30.262360+00:00,2024-05-29T09:23:11.188604+00:00,18816.0,18802.25,LONG,False,False,False,False,False,NO_LOG_FILLS
,2024-05-29T10:07:14.840876+00:00,2024-05-29T11:09:15.867526+00:00,18825.5,18813.0,LONG,False,False,False,False,False,NO_LOG_FILLS
,2024-05-29T12:46:04.919498+00:00,2024-05-29T13:02:21.250281+00:00,18788.5,18772.75,LONG,False,False,False,False,False,NO_LOG_FILLS
,2024-05-29T20:59:00.055872+00:00,2024-05-29T22:15:23.931209+00:00,18747.0,18745.0,LONG,False,False,False,False,False,NO_LOG_FILLS
,2024-05-29T23:16:13.207028+00:00,2024-05-29T23:27:23.073131+00:00,18722.75,18714.5,LONG,False,False,False,False,False,NO_LOG_FILLS
,2024-05-29T23:31:13.911606+00:00,2024-05-29T23:44:14.686013+00:00,18709.5,18717.0,LONG,False,False,False,False,False,NO_LOG_FILLS
,2024-05-29T23:31:13.911606+00:00,2024-05-29T23:51:34.795926+00:00,18709.5,18724.5,LONG,False,False,False,False,False,NO_LOG_FILLS
,2024-05-30T02:28:12.479403+00:00,2024-05-30T02:36:05.023838+00:00,18705.75,18698.5,LONG,False,False,False,False,False,NO_LOG_FILLS
,2024-05-30T03:47:08.988977+00:00,2024-05-30T04:35:53.124288+00:00,18687.25,18676.5,LONG,False,False,False,False,False,NO_LOG_FILLS
,2024-05-30T07:01:15.359178+00:00,2024-05-30T07:04:36.500506+00:00,18670.25,18679.75,LONG,False,False,False,False,False,NO_LOG_FILLS
,2024-05-30T07:01:15.359178+00:00,2024-05-30T07:23:03.760432+00:00,18670.25,18689.25,LONG,False,False,False,False,False,NO_LOG_FILLS
,2024-05-30T07:01:15.359178+00:00,2024-05-30T07:24:43.771914+00:00,18670.25,18679.25,LONG,False,False,False,False,False,NO_LOG_FILLS
,2024-05-30T08:22:38.011123+00:00,2024-05-30T08:22:39.205552+00:00,18708.0,18708.75,SHORT,False,False,False,False,False,NO_LOG_FILLS
,2024-05-30T09:21:54.455078+00:00,2024-05-30T09:40:38.597470+00:00,18728.0,18719.75,SHORT,False,False,False,False,False,NO_LOG_FILLS
,2024-05-30T09:21:54.455078+00:00,2024-05-30T10:36:27.649979+00:00,18728.0,18738.0,SHORT,False,False,False,False,False,NO_LOG_FILLS
,2024-05-30T11:01:20.043993+00:00,2024-05-30T11:45:36.319684+00:00,18742.25,18758.5,SHORT,False,False,False,False,False,NO_LOG_FILLS
,2024-05-30T11:52:22.946873+00:00,2024-05-30T11:55:10.738986+00:00,18752.75,18745.0,SHORT,False,False,False,False,False,NO_LOG_FILLS
,2024-05-30T11:52:22.946873+00:00,2024-05-30T12:30:05.829461+00:00,18752.75,18750.5,SHORT,False,False,False,False,False,NO_LOG_FILLS
,2024-05-30T12:47:06.186838+00:00,2024-05-30T12:50:15.684689+00:00,18780.5,18772.25,SHORT,False,False,False,False,False,NO_LOG_FILLS
,2024-05-30T12:47:06.186838+00:00,2024-05-30T12:56:31.658312+00:00,18780.5,18764.0,SHORT,False,False,False,False,False,NO_LOG_FILLS
,2024-05-30T12:47:06.186838+00:00,2024-05-30T12:59:42.354658+00:00,18780.5,18764.25,SHORT,False,False,False,False,False,NO_LOG_FILLS
,2024-05-30T13:19:57.877781+00:00,2024-05-30T13:24:09.682560+00:00,18756.5,18766.0,LONG,False,False,False,False,False,NO_LOG_FILLS
,2024-05-30T13:19:57.877781+00:00,2024-05-30T13:30:10.606544+00:00,18756.5,18747.0,LONG,False,False,False,False,False,NO_LOG_FILLS
,2024-05-30T13:32:30.859869+00:00,2024-05-30T13:32:53.171752+00:00,18751.5,18758.25,SHORT,False,False,False,False,False,NO_LOG_FILLS
,2024-05-30T13:33:47.923068+00:00,2024-05-30T13:33:55.608924+00:00,18757.75,18749.5,SHORT,False,False,False,False,False,NO_LOG_FILLS
,2024-05-30T13:33:47.923068+00:00,2024-05-30T13:34:04.649636+00:00,18757.75,18741.25,SHORT,False,False,False,False,False,NO_LOG_FILLS
,2024-05-30T13:33:47.923068+00:00,2024-05-30T13:35:07.989352+00:00,18757.75,18723.0,SHORT,False,False,False,False,False,NO_LOG_FILLS
,2024-05-30T13:39:46.067859+00:00,2024-05-30T13:40:03.743961+00:00,18737.0,18732.25,SHORT,False,False,False,False,False,NO_LOG_FILLS
,2024-05-30T13:39:46.067859+00:00,2024-05-30T13:40:22.593723+00:00,18737.0,18744.5,SHORT,False,False,False,False,False,NO_LOG_FILLS
,2024-05-30T13:59:54.439945+00:00,2024-05-30T14:00:13.598828+00:00,18733.0,18744.75,SHORT,False,False,False,False,False,NO_LOG_FILLS
,2024-05-30T14:02:07.911798+00:00,2024-05-30T14:03:01.729992+00:00,18744.0,18729.75,LONG,False,False,False,False,False,NO_LOG_FILLS
,2024-05-30T14:03:59.048068+00:00,2024-05-30T14:04:07.993474+00:00,18727.5,18735.5,LONG,False,False,False,False,False,NO_LOG_FILLS
,2024-05-30T14:03:59.048068+00:00,2024-05-30T14:05:20.577740+00:00,18727.5,18743.25,LONG,False,False,False,False,False,NO_LOG_FILLS
,2024-05-30T14:03:59.048068+00:00,2024-05-30T14:07:01.224929+00:00,18727.5,18742.25,LONG,False,False,False,False,False,NO_LOG_FILLS
,2024-05-30T14:14:11.479675+00:00,2024-05-30T14:14:39.691188+00:00,18699.25,18706.0,LONG,False,False,False,False,False,NO_LOG_FILLS
,2024-05-30T14:14:11.479675+00:00,2024-05-30T14:16:26.220207+00:00,18699.25,18712.75,LONG,False,False,False,False,False,NO_LOG_FILLS
,2024-05-30T14:14:11.479675+00:00,2024-05-30T14:18:21.222950+00:00,18699.25,18716.0,LONG,False,False,False,False,False,NO_LOG_FILLS
,2024-05-30T14:37:38.849049+00:00,2024-05-30T14:38:37.356279+00:00,18686.25,18678.75,SHORT,False,False,False,False,False,NO_LOG_FILLS
,2024-05-30T14:37:38.849049+00:00,2024-05-30T14:38:59.538292+00:00,18686.25,18671.25,SHORT,False,False,False,False,False,NO_LOG_FILLS
,2024-05-30T14:37:38.849049+00:00,2024-05-30T14:39:45.537902+00:00,18686.25,18674.75,SHORT,False,False,False,False,False,NO_LOG_FILLS
,2024-05-30T14:39:45.984127+00:00,2024-05-30T14:40:20.513324+00:00,18674.75,18666.25,LONG,False,False,False,False,False,NO_LOG_FILLS
,2024-05-30T14:44:19.012683+00:00,2024-05-30T14:44:27.051722+00:00,18658.5,18665.25,LONG,False,False,False,False,False,NO_LOG_FILLS
,2024-05-30T14:44:19.012683+00:00,2024-05-30T14:45:42.917740+00:00,18658.5,18672.0,LONG,False,False,False,False,False,NO_LOG_FILLS
,2024-05-30T14:44:19.012683+00:00,2024-05-30T14:46:06.670804+00:00,18658.5,18665.0,LONG,False,False,False,False,False,NO_LOG_FILLS
,2024-05-30T14:49:19.193833+00:00,2024-05-30T14:50:14.914286+00:00,18664.0,18674.75,SHORT,False,False,False,False,False,NO_LOG_FILLS
,2024-05-30T14:54:49.819483+00:00,2024-05-30T14:54:50.386221+00:00,18668.0,18669.25,LONG,False,False,False,False,False,NO_LOG_FILLS
,2024-05-30T15:00:14.386185+00:00,2024-05-30T15:01:31.536342+00:00,18655.0,18648.5,SHORT,False,False,False,False,False,NO_LOG_FILLS
,2024-05-30T15:00:14.386185+00:00,2024-05-30T15:04:01.240953+00:00,18655.0,18641.75,SHORT,False,False,False,False,False,NO_LOG_FILLS
,2024-05-30T15:00:14.386185+00:00,2024-05-30T15:04:04.683462+00:00,18655.0,18644.5,SHORT,False,False,False,False,False,NO_LOG_FILLS
,2024-05-30T15:16:38.592664+00:00,2024-05-30T15:17:30.355104+00:00,18650.75,18657.0,LONG,False,False,False,False,False,NO_LOG_FILLS
,2024-05-30T15:16:38.592664+00:00,2024-05-30T15:19:53.165961+00:00,18650.75,18663.25,LONG,False,False,False,False,False,NO_LOG_FILLS
,2024-05-30T15:16:38.592664+00:00,2024-05-30T15:20:59.662295+00:00,18650.75,18653.0,LONG,False,False,False,False,False,NO_LOG_FILLS
,2024-05-30T15:16:39.445788+00:00,2024-05-30T15:21:35.396289+00:00,18650.75,18651.25,LONG,False,False,False,False,False,NO_LOG_FILLS
,2024-05-30T15:21:36.125500+00:00,2024-05-30T15:25:17.261590+00:00,18651.25,18664.5,SHORT,False,False,False,False,False,NO_LOG_FILLS
,2024-05-30T15:32:26.753982+00:00,2024-05-30T15:32:59.275054+00:00,18672.5,18683.25,SHORT,False,False,False,False,False,NO_LOG_FILLS
,2024-05-30T15:32:27.298397+00:00,2024-05-30T15:41:15.657758+00:00,18672.5,18689.75,SHORT,False,False,False,False,False,NO_LOG_FILLS
,2024-05-30T15:41:15.921899+00:00,2024-05-30T15:42:00.215161+00:00,18689.75,18696.0,LONG,False,False,False,False,False,NO_LOG_FILLS
,2024-05-30T15:41:15.921899+00:00,2024-05-30T15:54:25.812204+00:00,18689.75,18676.25,LONG,False,False,False,False,False,NO_LOG_FILLS
,2024-05-30T16:05:14.915975+00:00,2024-05-30T16:07:13.974696+00:00,18692.75,18686.0,SHORT,False,False,False,False,False,NO_LOG_FILLS
,2024-05-30T16:05:14.915975+00:00,2024-05-30T16:09:14.746420+00:00,18692.75,18679.0,SHORT,False,False,False,False,False,NO_LOG_FILLS
,2024-05-30T16:05:14.915975+00:00,2024-05-30T16:10:37.706058+00:00,18692.75,18689.0,SHORT,False,False,False,False,False,NO_LOG_FILLS
,2024-05-30T16:05:16.647722+00:00,2024-05-30T16:23:27.924924+00:00,18692.75,18689.75,SHORT,False,False,False,False,False,NO_LOG_FILLS
,2024-05-30T16:05:16.647722+00:00,2024-05-30T16:29:31.318242+00:00,18692.75,18683.0,SHORT,False,False,False,False,False,NO_LOG_FILLS
,2024-05-30T16:05:16.647722+00:00,2024-05-30T16:30:44.835583+00:00,18692.75,18689.5,SHORT,False,False,False,False,False,NO_LOG_FILLS
,2024-05-30T16:22:27.966858+00:00,2024-05-30T16:49:09.309808+00:00,18696.5,18687.75,SHORT,False,False,False,False,False,NO_LOG_FILLS
,2024-05-30T16:22:27.966858+00:00,2024-05-30T17:01:09.268249+00:00,18696.5,18705.25,SHORT,False,False,False,False,False,NO_LOG_FILLS
,2024-05-30T16:39:52.775101+00:00,2024-05-30T17:23:03.849845+00:00,18694.75,18714.0,SHORT,False,False,False,False,False,NO_LOG_FILLS
,2024-05-30T17:57:23.077994+00:00,2024-05-30T18:03:58.618669+00:00,18703.75,18693.75,LONG,False,False,False,False,False,NO_LOG_FILLS
,2024-05-30T18:16:53.907376+00:00,2024-05-30T18:17:27.147380+00:00,18668.0,18674.75,LONG,False,False,False,False,False,NO_LOG_FILLS
,2024-05-30T18:16:53.907376+00:00,2024-05-30T18:17:47.766229+00:00,18668.0,18681.5,LONG,False,False,False,False,False,NO_LOG_FILLS
,2024-05-30T18:16:53.907376+00:00,2024-05-30T18:18:32.842569+00:00,18668.0,18682.25,LONG,False,False,False,False,False,NO_LOG_FILLS
,2024-05-30T18:35:18.986109+00:00,2024-05-30T18:35:19.803732+00:00,18670.0,18670.5,SHORT,False,False,False,False,False,NO_LOG_FILLS
,2024-05-30T18:35:19.896491+00:00,2024-05-30T18:35:20.358045+00:00,18670.0,18670.0,SHORT,False,False,False,False,False,NO_LOG_FILLS
,2024-05-30T18:39:01.166946+00:00,2024-05-30T18:49:01.747987+00:00,18666.25,18659.0,SHORT,False,False,False,False,False,NO_LOG_FILLS
,2024-05-30T18:39:01.166946+00:00,2024-05-30T19:20:02.530623+00:00,18666.25,18651.75,SHORT,False,False,False,False,False,NO_LOG_FILLS
,2024-05-30T18:39:01.166946+00:00,2024-05-30T19:20:16.884141+00:00,18666.25,18650.25,SHORT,False,False,False,False,False,NO_LOG_FILLS
,2024-05-30T19:25:19.285171+00:00,2024-05-30T19:25:44.424478+00:00,18619.75,18626.25,LONG,False,False,False,False,False,NO_LOG_FILLS
,2024-05-30T19:25:19.285171+00:00,2024-05-30T19:25:53.856286+00:00,18619.75,18632.5,LONG,False,False,False,False,False,NO_LOG_FILLS
,2024-05-30T19:25:19.285171+00:00,2024-05-30T19:26:09.434541+00:00,18619.75,18625.75,LONG,False,False,False,False,False,NO_LOG_FILLS
,2024-05-30T19:28:02.939255+00:00,2024-05-30T19:28:18.787611+00:00,18619.25,18621.0,SHORT,False,False,False,False,False,NO_LOG_FILLS
,2024-05-30T19:58:59.328801+00:00,2024-05-30T19:59:08.348344+00:00,18605.75,18613.5,LONG,False,False,False,False,False,NO_LOG_FILLS
,2024-05-30T19:58:59.328801+00:00,2024-05-30T20:00:03.574306+00:00,18605.75,18599.75,LONG,False,False,False,False,False,NO_LOG_FILLS
,2024-05-30T20:15:24.536080+00:00,2024-05-30T20:20:07.832508+00:00,18565.5,18554.25,LONG,False,False,False,False,False,NO_LOG_FILLS
,2024-05-31T06:26:43.580334+00:00,2024-05-31T07:21:35.466601+00:00,18548.25,18537.75,LONG,False,False,False,False,False,NO_LOG_FILLS
,2024-05-31T08:09:52.439334+00:00,2024-05-31T08:10:50.707900+00:00,18545.0,18546.25,LONG,False,False,False,False,False,NO_LOG_FILLS
,2024-06-03T02:04:07.944298+00:00,2024-06-03T02:15:03.838326+00:00,18634.0,18644.75,LONG,False,False,False,False,False,NO_LOG_FILLS
,2024-06-03T02:04:07.944298+00:00,2024-06-03T05:17:17.488346+00:00,18634.0,18655.25,LONG,False,False,False,False,False,NO_LOG_FILLS
,2024-06-03T02:04:07.944298+00:00,2024-06-03T05:27:18.802554+00:00,18634.0,18647.0,LONG,False,False,False,False,False,NO_LOG_FILLS
,2024-06-03T11:23:08.448087+00:00,2024-06-03T11:26:31.681425+00:00,18677.5,18664.75,SHORT,False,False,False,False,False,NO_LOG_FILLS
,2024-06-03T11:23:08.448087+00:00,2024-06-03T11:31:47.608923+00:00,18677.5,18685.75,SHORT,False,False,False,False,False,NO_LOG_FILLS
,2024-06-03T11:33:20.054576+00:00,2024-06-03T11:54:03.609912+00:00,18682.25,18691.5,SHORT,False,False,False,False,False,NO_LOG_FILLS
,2024-06-03T12:32:39.776988+00:00,2024-06-03T12:35:00.345171+00:00,18691.0,18679.0,SHORT,False,False,False,False,False,NO_LOG_FILLS
,2024-06-03T12:32:39.776988+00:00,2024-06-03T13:09:26.862224+00:00,18691.0,18702.25,SHORT,False,False,False,False,False,NO_LOG_FILLS
,2024-06-03T13:21:42.980258+00:00,2024-06-03T13:21:43.536432+00:00,18701.0,18703.0,LONG,False,False,False,False,False,NO_LOG_FILLS
,2024-06-03T13:30:16.915267+00:00,2024-06-03T13:30:42.586808+00:00,18713.25,18705.25,SHORT,False,False,False,False,False,NO_LOG_FILLS
,2024-06-03T13:30:16.915267+00:00,2024-06-03T13:32:23.118393+00:00,18713.25,18721.25,SHORT,False,False,False,False,False,NO_LOG_FILLS
,2024-06-03T13:36:36.172860+00:00,2024-06-03T13:36:51.400140+00:00,18710.5,18717.25,LONG,False,False,False,False,False,NO_LOG_FILLS
,2024-06-03T13:36:36.172860+00:00,2024-06-03T13:37:03.478996+00:00,18710.5,18724.0,LONG,False,False,False,False,False,NO_LOG_FILLS
,2024-06-03T13:36:36.172860+00:00,2024-06-03T13:37:50.440574+00:00,18710.5,18728.0,LONG,False,False,False,False,False,NO_LOG_FILLS
,2024-06-03T13:44:42.674025+00:00,2024-06-03T13:45:37.968470+00:00,18735.75,18742.5,LONG,False,False,False,False,False,NO_LOG_FILLS
,2024-06-03T13:44:42.674025+00:00,2024-06-03T13:45:58.518590+00:00,18735.75,18749.0,LONG,False,False,False,False,False,NO_LOG_FILLS
,2024-06-03T13:44:42.674025+00:00,2024-06-03T13:46:15.081375+00:00,18735.75,18746.5,LONG,False,False,False,False,False,NO_LOG_FILLS
,2024-06-03T13:55:43.096886+00:00,2024-06-03T13:56:02.709551+00:00,18680.5,18673.5,SHORT,False,False,False,False,False,NO_LOG_FILLS
,2024-06-03T13:55:43.096886+00:00,2024-06-03T13:56:09.525625+00:00,18680.5,18666.5,SHORT,False,False,False,False,False,NO_LOG_FILLS
,2024-06-03T13:55:43.096886+00:00,2024-06-03T13:56:14.180247+00:00,18680.5,18665.5,SHORT,False,False,False,False,False,NO_LOG_FILLS
,2024-06-03T14:00:34.995465+00:00,2024-06-03T14:00:37.735421+00:00,18705.0,18697.0,SHORT,False,False,False,False,False,NO_LOG_FILLS
,2024-06-03T14:00:34.995465+00:00,2024-06-03T14:01:19.336537+00:00,18705.0,18689.0,SHORT,False,False,False,False,False,NO_LOG_FILLS
,2024-06-03T14:00:34.995465+00:00,2024-06-03T14:01:31.720167+00:00,18705.0,18685.25,SHORT,False,False,False,False,False,NO_LOG_FILLS
,2024-06-03T14:07:49.380051+00:00,2024-06-03T14:08:58.426597+00:00,18681.75,18672.5,SHORT,False,False,False,False,False,NO_LOG_FILLS
,2024-06-03T14:07:49.380051+00:00,2024-06-03T14:09:39.684529+00:00,18681.75,18663.25,SHORT,False,False,False,False,False,NO_LOG_FILLS
,2024-06-03T14:07:49.380051+00:00,2024-06-03T14:10:31.154476+00:00,18681.75,18657.0,SHORT,False,False,False,False,False,NO_LOG_FILLS
,2024-06-03T14:37:19.474749+00:00,2024-06-03T14:39:14.811928+00:00,18660.0,18647.75,LONG,False,False,False,False,False,NO_LOG_FILLS
,2024-06-03T14:49:17.934406+00:00,2024-06-03T14:49:18.366652+00:00,18608.75,18608.5,SHORT,False,False,False,False,False,NO_LOG_FILLS
,2024-06-03T14:49:18.366652+00:00,2024-06-03T14:49:59.995061+00:00,18608.5,18605.0,LONG,False,False,False,False,False,NO_LOG_FILLS
,2024-06-03T15:15:06.552603+00:00,2024-06-03T15:19:09.655435+00:00,18583.75,18603.75,SHORT,False,False,False,False,False,NO_LOG_FILLS
,2024-06-03T15:22:10.080998+00:00,2024-06-03T15:24:35.362210+00:00,18611.75,18619.5,SHORT,False,False,False,False,False,NO_LOG_FILLS
,2024-06-03T15:43:58.222394+00:00,2024-06-03T15:45:15.490119+00:00,18618.75,18623.0,SHORT,False,False,False,False,False,NO_LOG_FILLS
,2024-06-03T15:55:16.141462+00:00,2024-06-03T15:56:07.057959+00:00,18607.0,18598.75,SHORT,False,False,False,False,False,NO_LOG_FILLS
,2024-06-03T15:55:16.141462+00:00,2024-06-03T16:02:21.734469+00:00,18607.0,18590.5,SHORT,False,False,False,False,False,NO_LOG_FILLS
,2024-06-03T15:55:16.141462+00:00,2024-06-03T16:03:31.177798+00:00,18607.0,18583.75,SHORT,False,False,False,False,False,NO_LOG_FILLS
,2024-06-03T16:10:05.254813+00:00,2024-06-03T16:12:14.040331+00:00,18583.25,18569.75,LONG,False,False,False,False,False,NO_LOG_FILLS
,2024-06-03T16:13:43.644685+00:00,2024-06-03T16:14:49.597181+00:00,18533.5,18519.75,LONG,False,False,False,False,False,NO_LOG_FILLS
,2024-06-03T16:15:17.634121+00:00,2024-06-03T16:17:20.316029+00:00,18533.25,18520.75,LONG,False,False,False,False,False,NO_LOG_FILLS
,2024-06-03T16:35:27.292711+00:00,2024-06-03T16:36:43.223817+00:00,18482.5,18491.75,LONG,False,False,False,False,False,NO_LOG_FILLS
,2024-06-03T16:35:27.292711+00:00,2024-06-03T16:37:23.773062+00:00,18482.5,18501.0,LONG,False,False,False,False,False,NO_LOG_FILLS
,2024-06-03T16:35:27.292711+00:00,2024-06-03T16:40:18.914218+00:00,18482.5,18512.75,LONG,False,False,False,False,False,NO_LOG_FILLS
,2024-06-03T16:40:19.235104+00:00,2024-06-03T16:40:47.677418+00:00,18513.25,18504.75,SHORT,False,False,False,False,False,NO_LOG_FILLS
,2024-06-03T16:48:38.681346+00:00,2024-06-03T16:48:50.788548+00:00,18507.75,18517.0,LONG,False,False,False,False,False,NO_LOG_FILLS
,2024-06-03T16:48:38.681346+00:00,2024-06-03T16:50:31.480397+00:00,18507.75,18493.25,LONG,False,False,False,False,False,NO_LOG_FILLS
,2024-06-03T16:53:44.279902+00:00,2024-06-03T16:53:59.279767+00:00,18478.5,18487.75,LONG,False,False,False,False,False,NO_LOG_FILLS
,2024-06-03T16:53:44.279902+00:00,2024-06-03T16:54:42.667134+00:00,18478.5,18496.75,LONG,False,False,False,False,False,NO_LOG_FILLS
,2024-06-03T16:53:44.279902+00:00,2024-06-03T16:56:07.642873+00:00,18478.5,18491.75,LONG,False,False,False,False,False,NO_LOG_FILLS
,2024-06-03T17:07:57.901326+00:00,2024-06-03T17:10:18.745852+00:00,18472.5,18463.0,SHORT,False,False,False,False,False,NO_LOG_FILLS
,2024-06-03T17:07:57.901326+00:00,2024-06-03T17:10:46.246008+00:00,18472.5,18453.75,SHORT,False,False,False,False,False,NO_LOG_FILLS
,2024-06-03T17:07:57.901326+00:00,2024-06-03T17:11:00.247744+00:00,18472.5,18452.0,SHORT,False,False,False,False,False,NO_LOG_FILLS
,2024-06-03T17:12:09.485478+00:00,2024-06-03T17:13:02.869597+00:00,18442.25,18451.75,LONG,False,False,False,False,False,NO_LOG_FILLS
,2024-06-03T17:12:09.485478+00:00,2024-06-03T17:14:24.969178+00:00,18442.25,18461.25,LONG,False,False,False,False,False,NO_LOG_FILLS
,2024-06-03T17:12:09.485478+00:00,2024-06-03T17:19:00.387588+00:00,18442.25,18483.75,LONG,False,False,False,False,False,NO_LOG_FILLS
,2024-06-03T18:16:05.026636+00:00,2024-06-03T18:21:00.965971+00:00,18541.25,18550.75,LONG,False,False,False,False,False,NO_LOG_FILLS
,2024-06-03T18:16:05.026636+00:00,2024-06-03T18:21:06.904896+00:00,18541.25,18560.25,LONG,False,False,False,False,False,NO_LOG_FILLS
,2024-06-03T18:16:05.026636+00:00,2024-06-03T18:22:42.049680+00:00,18541.25,18559.75,LONG,False,False,False,False,False,NO_LOG_FILLS
,2024-06-03T18:27:32.577594+00:00,2024-06-03T18:29:34.759713+00:00,18552.25,18542.5,SHORT,False,False,False,False,False,NO_LOG_FILLS
,2024-06-03T18:27:32.577594+00:00,2024-06-03T18:40:43.186535+00:00,18552.25,18569.0,SHORT,False,False,False,False,False,NO_LOG_FILLS
,2024-06-03T18:58:20.516347+00:00,2024-06-03T18:58:59.239784+00:00,18552.25,18561.75,LONG,False,False,False,False,False,NO_LOG_FILLS
,2024-06-03T18:58:20.516347+00:00,2024-06-03T19:01:37.919897+00:00,18552.25,18571.0,LONG,False,False,False,False,False,NO_LOG_FILLS
,2024-06-03T18:58:20.516347+00:00,2024-06-03T19:03:53.860068+00:00,18552.25,18562.25,LONG,False,False,False,False,False,NO_LOG_FILLS
,2024-06-03T19:07:12.168631+00:00,2024-06-03T19:07:51.430245+00:00,18554.75,18561.5,SHORT,False,False,False,False,False,NO_LOG_FILLS
,2024-06-03T19:11:52.658447+00:00,2024-06-03T19:12:54.224139+00:00,18561.5,18570.75,SHORT,False,False,False,False,False,NO_LOG_FILLS
,2024-06-03T19:34:19.481545+00:00,2024-06-03T19:36:27.582879+00:00,18594.5,18588.0,LONG,False,False,False,False,False,NO_LOG_FILLS
,2024-06-03T19:47:01.559018+00:00,2024-06-03T19:49:57.981149+00:00,18589.25,18600.5,SHORT,False,False,False,False,False,NO_LOG_FILLS
,2024-06-04T08:03:04.698294+00:00,2024-06-04T08:03:11.668796+00:00,18605.5,18595.0,SHORT,False,False,False,False,False,NO_LOG_FILLS
,2024-06-04T08:03:04.698294+00:00,2024-06-04T08:04:24.372655+00:00,18605.5,18584.75,SHORT,False,False,False,False,False,NO_LOG_FILLS
,2024-06-04T08:03:04.698294+00:00,2024-06-04T08:04:44.039080+00:00,18605.5,18592.5,SHORT,False,False,False,False,False,NO_LOG_FILLS
,2024-06-04T12:13:20.986774+00:00,2024-06-04T12:17:24.385479+00:00,18578.5,18569.5,LONG,False,False,False,False,False,NO_LOG_FILLS
,2024-06-04T12:42:21.437202+00:00,2024-06-04T12:47:45.736458+00:00,18595.75,18610.5,LONG,False,False,False,False,False,NO_LOG_FILLS
,2024-06-04T12:42:21.437202+00:00,2024-06-04T13:14:21.421335+00:00,18595.75,18625.25,LONG,False,False,False,False,False,NO_LOG_FILLS
,2024-06-04T12:42:21.437202+00:00,2024-06-04T13:19:06.204554+00:00,18595.75,18625.75,LONG,False,False,False,False,False,NO_LOG_FILLS
,2024-06-04T13:55:00.476434+00:00,2024-06-04T13:55:57.051787+00:00,18616.75,18608.25,LONG,False,False,False,False,False,NO_LOG_FILLS
,2024-06-04T14:03:55.204763+00:00,2024-06-04T14:04:10.500107+00:00,18652.5,18647.0,LONG,False,False,False,False,False,NO_LOG_FILLS
,2024-06-04T14:14:50.703106+00:00,2024-06-04T14:15:41.181612+00:00,18577.5,18584.75,LONG,False,False,False,False,False,NO_LOG_FILLS
,2024-06-04T14:14:50.703106+00:00,2024-06-04T14:15:45.181971+00:00,18577.5,18591.75,LONG,False,False,False,False,False,NO_LOG_FILLS
,2024-06-04T14:14:50.703106+00:00,2024-06-04T14:16:24.938052+00:00,18577.5,18583.25,LONG,False,False,False,False,False,NO_LOG_FILLS
,2024-06-04T14:24:06.908887+00:00,2024-06-04T14:25:35.915884+00:00,18591.75,18600.5,LONG,False,False,False,False,False,NO_LOG_FILLS
,2024-06-04T14:24:06.908887+00:00,2024-06-04T14:25:44.678607+00:00,18591.75,18609.25,LONG,False,False,False,False,False,NO_LOG_FILLS
,2024-06-04T14:24:06.908887+00:00,2024-06-04T14:25:50.919860+00:00,18591.75,18599.0,LONG,False,False,False,False,False,NO_LOG_FILLS
,2024-06-04T14:36:17.102501+00:00,2024-06-04T14:36:59.987704+00:00,18616.75,18611.75,LONG,False,False,False,False,False,NO_LOG_FILLS
,2024-06-04T14:38:37.130011+00:00,2024-06-04T14:39:57.866238+00:00,18617.25,18626.5,LONG,False,False,False,False,False,NO_LOG_FILLS
,2024-06-04T14:38:37.130011+00:00,2024-06-04T14:40:10.574377+00:00,18617.25,18635.75,LONG,False,False,False,False,False,NO_LOG_FILLS
,2024-06-04T14:38:37.130011+00:00,2024-06-04T14:42:01.610042+00:00,18617.25,18646.25,LONG,False,False,False,False,False,NO_LOG_FILLS
,2024-06-04T14:42:02.256302+00:00,2024-06-04T14:42:24.833658+00:00,18646.25,18644.5,SHORT,False,False,False,False,False,NO_LOG_FILLS
,2024-06-04T15:11:56.183247+00:00,2024-06-04T15:12:01.050136+00:00,18605.75,18596.25,SHORT,False,False,False,False,False,NO_LOG_FILLS
,2024-06-04T15:11:56.183247+00:00,2024-06-04T15:20:34.944795+00:00,18605.75,18626.25,SHORT,False,False,False,False,False,NO_LOG_FILLS
,2024-06-04T15:33:11.544439+00:00,2024-06-04T15:33:51.706161+00:00,18598.5,18586.0,LONG,False,False,False,False,False,NO_LOG_FILLS
,2024-06-04T15:47:14.155669+00:00,2024-06-04T15:54:44.155765+00:00,18590.5,18604.5,SHORT,False,False,False,False,False,NO_LOG_FILLS
,2024-06-04T16:18:24.059959+00:00,2024-06-04T16:20:24.559604+00:00,18572.25,18589.25,SHORT,False,False,False,False,False,NO_LOG_FILLS
,2024-06-04T17:15:24.293279+00:00,2024-06-04T17:16:52.701538+00:00,18618.75,18629.0,SHORT,False,False,False,False,False,NO_LOG_FILLS
,2024-06-04T17:23:40.016137+00:00,2024-06-04T17:25:11.807578+00:00,18628.75,18619.25,SHORT,False,False,False,False,False,NO_LOG_FILLS
,2024-06-04T17:23:40.016137+00:00,2024-06-04T17:25:43.041906+00:00,18628.75,18609.75,SHORT,False,False,False,False,False,NO_LOG_FILLS
,2024-06-04T17:23:40.016137+00:00,2024-06-04T17:26:20.861462+00:00,18628.75,18618.5,SHORT,False,False,False,False,False,NO_LOG_FILLS
,2024-06-04T18:25:26.161671+00:00,2024-06-04T18:25:44.195845+00:00,18717.75,18708.5,SHORT,False,False,False,False,False,NO_LOG_FILLS
,2024-06-04T18:25:26.161671+00:00,2024-06-04T18:29:03.256262+00:00,18717.75,18727.25,SHORT,False,False,False,False,False,NO_LOG_FILLS
,2024-06-04T18:30:01.622624+00:00,2024-06-04T18:30:06.386957+00:00,18737.5,18738.25,SHORT,False,False,False,False,False,NO_LOG_FILLS
,2024-06-04T18:45:58.330262+00:00,2024-06-04T18:48:37.208528+00:00,18744.75,18750.0,SHORT,False,False,False,False,False,NO_LOG_FILLS
,2024-06-04T18:48:38.135501+00:00,2024-06-04T18:48:38.365335+00:00,18750.5,18751.25,SHORT,False,False,False,False,False,NO_LOG_FILLS
,2024-06-04T19:06:04.551182+00:00,2024-06-04T19:07:29.036112+00:00,18645.25,18635.25,LONG,False,False,False,False,False,NO_LOG_FILLS
,2024-06-04T19:57:23.077539+00:00,2024-06-04T20:00:09.442395+00:00,18703.75,18693.5,LONG,False,False,False,False,False,NO_LOG_FILLS
,2024-06-05T01:45:03.131321+00:00,2024-06-05T02:02:42.645759+00:00,18739.75,18748.5,LONG,False,False,False,False,False,NO_LOG_FILLS
,2024-06-05T01:45:03.131321+00:00,2024-06-05T02:06:35.799005+00:00,18739.75,18757.5,LONG,False,False,False,False,False,NO_LOG_FILLS
,2024-06-05T01:45:03.131321+00:00,2024-06-05T02:07:20.092172+00:00,18739.75,18750.75,LONG,False,False,False,False,False,NO_LOG_FILLS
,2024-06-05T02:07:20.435964+00:00,2024-06-05T02:11:00.024683+00:00,18750.0,18760.0,SHORT,False,False,False,False,False,NO_LOG_FILLS
,2024-06-05T10:28:08.361592+00:00,2024-06-05T10:59:12.123012+00:00,18785.0,18775.25,SHORT,False,False,False,False,False,NO_LOG_FILLS
,2024-06-05T10:28:08.361592+00:00,2024-06-05T11:03:18.298074+00:00,18785.0,18765.5,SHORT,False,False,False,False,False,NO_LOG_FILLS
,2024-06-05T10:28:08.361592+00:00,2024-06-05T11:07:06.240610+00:00,18785.0,18774.25,SHORT,False,False,False,False,False,NO_LOG_FILLS
,2024-06-05T12:09:19.659900+00:00,2024-06-05T12:15:00.463018+00:00,18804.5,18812.5,SHORT,False,False,False,False,False,NO_LOG_FILLS
,2024-06-05T12:18:18.796071+00:00,2024-06-05T12:18:47.803083+00:00,18805.0,18794.75,SHORT,False,False,False,False,False,NO_LOG_FILLS
,2024-06-05T12:18:18.796071+00:00,2024-06-05T12:31:45.013239+00:00,18805.0,18784.5,SHORT,False,False,False,False,False,NO_LOG_FILLS
,2024-06-05T12:18:18.796071+00:00,2024-06-05T12:33:10.327130+00:00,18805.0,18785.25,SHORT,False,False,False,False,False,NO_LOG_FILLS
,2024-06-05T12:33:10.935091+00:00,2024-06-05T12:35:36.029627+00:00,18785.5,18794.75,LONG,False,False,False,False,False,NO_LOG_FILLS
,2024-06-05T12:33:10.935091+00:00,2024-06-05T12:39:07.235711+00:00,18785.5,18804.0,LONG,False,False,False,False,False,NO_LOG_FILLS
,2024-06-05T12:33:10.935091+00:00,2024-06-05T12:47:48.596712+00:00,18785.5,18815.75,LONG,False,False,False,False,False,NO_LOG_FILLS
,2024-06-05T12:47:49.254151+00:00,2024-06-05T12:51:33.333949+00:00,18815.5,18823.25,SHORT,False,False,False,False,False,NO_LOG_FILLS
,2024-06-05T13:09:08.548271+00:00,2024-06-05T13:22:54.422513+00:00,18835.5,18840.5,SHORT,False,False,False,False,False,NO_LOG_FILLS
,2024-06-05T13:51:32.604569+00:00,2024-06-05T13:52:00.774993+00:00,18835.25,18843.0,LONG,False,False,False,False,False,NO_LOG_FILLS
,2024-06-05T13:51:32.604569+00:00,2024-06-05T13:52:18.275870+00:00,18835.25,18850.5,LONG,False,False,False,False,False,NO_LOG_FILLS
,2024-06-05T13:51:32.604569+00:00,2024-06-05T13:53:06.376151+00:00,18835.25,18854.5,LONG,False,False,False,False,False,NO_LOG_FILLS
,2024-06-05T13:51:33.824386+00:00,2024-06-05T13:59:58.924398+00:00,18835.25,18858.25,LONG,False,False,False,False,False,NO_LOG_FILLS
,2024-06-05T13:51:33.824386+00:00,2024-06-05T14:00:04.545079+00:00,18835.25,18854.25,LONG,False,False,False,False,False,NO_LOG_FILLS
,2024-06-05T13:58:34.003189+00:00,2024-06-05T14:00:40.493688+00:00,18846.75,18830.75,LONG,False,False,False,False,False,NO_LOG_FILLS
,2024-06-05T13:58:35.280180+00:00,2024-06-05T14:02:03.575221+00:00,18846.75,18862.25,LONG,False,False,False,False,False,NO_LOG_FILLS
,2024-06-05T13:58:35.280180+00:00,2024-06-05T14:21:38.975651+00:00,18846.75,18854.5,LONG,False,False,False,False,False,NO_LOG_FILLS
,2024-06-05T13:58:35.280180+00:00,2024-06-05T14:23:51.171441+00:00,18846.75,18865.25,LONG,False,False,False,False,False,NO_LOG_FILLS
,2024-06-05T14:00:33.679899+00:00,2024-06-05T14:24:51.821452+00:00,18840.75,18874.75,LONG,False,False,False,False,False,NO_LOG_FILLS
,2024-06-05T14:00:33.679899+00:00,2024-06-05T14:38:57.628345+00:00,18840.75,18919.0,LONG,False,False,False,False,False,NO_LOG_FILLS
,2024-06-05T14:00:34.914597+00:00,2024-06-05T14:38:57.628345+00:00,18840.75,18919.0,LONG,False,False,False,False,False,NO_LOG_FILLS
,2024-06-05T14:00:34.914597+00:00,2024-06-05T14:38:58.722462+00:00,18840.75,18919.0,LONG,False,False,False,False,False,NO_LOG_FILLS
,2024-06-05T14:02:04.104123+00:00,2024-06-05T14:38:58.722462+00:00,18859.75,18919.0,LONG,False,False,False,False,False,NO_LOG_FILLS
,2024-06-05T14:02:05.351717+00:00,2024-06-05T15:00:00.228405+00:00,18859.75,18925.0,LONG,False,False,False,False,False,NO_LOG_FILLS
,2024-06-05T14:21:03.277420+00:00,2024-06-05T15:01:22.024660+00:00,18843.75,18931.25,LONG,False,False,False,False,False,NO_LOG_FILLS
,2024-06-05T14:21:03.277420+00:00,2024-06-05T15:02:02.749843+00:00,18843.75,18926.5,LONG,False,False,False,False,False,NO_LOG_FILLS
,2024-06-05T14:21:03.277420+00:00,2024-06-05T15:39:32.102173+00:00,18843.75,18972.25,LONG,False,False,False,False,False,NO_LOG_FILLS
,2024-06-05T14:21:04.446715+00:00,2024-06-05T15:39:32.102173+00:00,18843.75,18972.25,LONG,False,False,False,False,False,NO_LOG_FILLS
,2024-06-05T14:21:04.446715+00:00,2024-06-05T15:39:33.271016+00:00,18843.75,18972.25,LONG,False,False,False,False,False,NO_LOG_FILLS
,2024-06-05T14:38:58.503357+00:00,2024-06-05T15:39:33.271016+00:00,18918.0,18972.25,LONG,False,False,False,False,False,NO_LOG_FILLS
,2024-06-05T14:38:58.503357+00:00,2024-06-05T15:47:27.793346+00:00,18918.0,18974.0,LONG,False,False,False,False,False,NO_LOG_FILLS
,2024-06-05T14:38:59.723582+00:00,2024-06-05T15:47:27.793346+00:00,18918.0,18974.0,LONG,False,False,False,False,False,NO_LOG_FILLS
,2024-06-05T14:38:59.723582+00:00,2024-06-05T15:47:29.004504+00:00,18918.0,18974.0,LONG,False,False,False,False,False,NO_LOG_FILLS
,2024-06-05T14:54:17.219723+00:00,2024-06-05T15:47:29.004504+00:00,18919.0,18974.0,LONG,False,False,False,False,False,NO_LOG_FILLS
,2024-06-05T14:54:17.219723+00:00,2024-06-05T15:59:59.988149+00:00,18919.0,18964.0,LONG,False,False,False,False,False,NO_LOG_FILLS
,2024-06-05T14:54:18.597611+00:00,2024-06-05T15:59:59.988149+00:00,18919.0,18964.0,LONG,False,False,False,False,False,NO_LOG_FILLS
,2024-06-05T14:54:18.597611+00:00,2024-06-05T16:00:01.497619+00:00,18919.0,18964.0,LONG,False,False,False,False,False,NO_LOG_FILLS
,2024-06-05T15:39:37.630808+00:00,2024-06-05T16:00:01.497619+00:00,18967.0,18964.0,LONG,False,False,False,False,False,NO_LOG_FILLS
,2024-06-05T15:42:20.135937+00:00,2024-06-05T16:00:01.497619+00:00,18981.0,18964.0,LONG,False,False,False,False,False,NO_LOG_FILLS
,2024-06-05T15:42:20.135937+00:00,2024-06-05T16:14:56.488060+00:00,18981.0,18964.75,LONG,False,False,False,False,False,NO_LOG_FILLS
,2024-06-05T15:47:43.919080+00:00,2024-06-05T16:14:56.488060+00:00,18968.75,18964.75,LONG,False,False,False,False,False,NO_LOG_FILLS
,2024-06-05T15:50:40.448022+00:00,2024-06-05T16:14:56.488060+00:00,18963.5,18964.75,LONG,False,False,False,False,False,NO_LOG_FILLS
,2024-06-05T15:51:30.159221+00:00,2024-06-05T16:14:57.901140+00:00,18970.5,18964.75,LONG,False,False,False,False,False,NO_LOG_FILLS
,2024-06-05T16:00:23.335633+00:00,2024-06-05T16:14:57.901140+00:00,18958.25,18964.75,LONG,False,False,False,False,False,NO_LOG_FILLS
,2024-06-05T16:07:58.057450+00:00,2024-06-05T16:14:57.901140+00:00,18971.25,18964.75,LONG,False,False,False,False,False,NO_LOG_FILLS
,2024-06-05T16:07:58.057450+00:00,2024-06-05T17:00:09.473728+00:00,18971.25,19001.0,LONG,False,False,False,False,False,NO_LOG_FILLS
,2024-06-05T16:14:57.141724+00:00,2024-06-05T17:00:09.473728+00:00,18967.0,19001.0,LONG,False,False,False,False,False,NO_LOG_FILLS
,2024-06-05T16:14:57.141724+00:00,2024-06-05T18:13:56.671732+00:00,18967.0,19006.25,LONG,False,False,False,False,False,NO_LOG_FILLS
,2024-06-05T16:14:58.487154+00:00,2024-06-05T18:13:56.671732+00:00,18967.0,19006.25,LONG,False,False,False,False,False,NO_LOG_FILLS
,2024-06-05T16:14:58.487154+00:00,2024-06-05T18:45:51.887287+00:00,18967.0,19033.0,LONG,False,False,False,False,False,NO_LOG_FILLS
,2024-06-05T17:02:52.437690+00:00,2024-06-05T18:45:51.887287+00:00,19008.25,19033.0,LONG,False,False,False,False,False,NO_LOG_FILLS
,2024-06-05T17:02:52.437690+00:00,2024-06-05T19:09:09.159490+00:00,19008.25,19035.25,LONG,False,False,False,False,False,NO_LOG_FILLS
,2024-06-05T18:09:28.749031+00:00,2024-06-05T19:09:09.159490+00:00,19019.0,19035.25,LONG,False,False,False,False,False,NO_LOG_FILLS
,2024-06-05T18:09:28.749031+00:00,2024-06-05T19:15:05.761254+00:00,19019.0,19042.5,LONG,False,False,False,False,False,NO_LOG_FILLS
,2024-06-05T18:51:41.140665+00:00,2024-06-05T19:15:05.761254+00:00,19040.75,19042.5,LONG,False,False,False,False,False,NO_LOG_FILLS
,2024-06-05T18:51:41.140665+00:00,2024-06-05T19:26:57.401770+00:00,19040.75,19035.0,LONG,False,False,False,False,False,NO_LOG_FILLS
,2024-06-05T19:09:15.444236+00:00,2024-06-05T19:26:57.401770+00:00,19035.5,19035.0,LONG,False,False,False,False,False,NO_LOG_FILLS
,2024-06-05T19:09:15.444236+00:00,2024-06-05T19:26:57.485219+00:00,19035.5,19035.0,LONG,False,False,False,False,False,NO_LOG_FILLS
,2024-06-05T19:18:01.980557+00:00,2024-06-05T19:27:48.911021+00:00,19047.75,19029.25,LONG,False,False,False,False,False,NO_LOG_FILLS
,2024-06-05T19:26:57.905658+00:00,2024-06-05T19:40:33.089397+00:00,19035.25,19045.0,LONG,False,False,False,False,False,NO_LOG_FILLS
,2024-06-05T19:27:48.591482+00:00,2024-06-05T20:00:41.342112+00:00,19029.0,19068.75,LONG,False,False,False,False,False,NO_LOG_FILLS
,2024-06-05T19:44:29.123934+00:00,2024-06-05T20:00:41.342112+00:00,19039.75,19068.75,LONG,False,False,False,False,False,NO_LOG_FILLS
,2024-06-05T19:45:20.264352+00:00,2024-06-05T20:00:41.342112+00:00,19034.5,19068.75,LONG,False,False,False,False,False,NO_LOG_FILLS
,2024-06-05T19:50:09.330865+00:00,2024-06-05T23:08:09.461432+00:00,19029.5,19101.0,LONG,False,False,False,False,False,NO_LOG_FILLS
,2024-06-05T19:59:42.417052+00:00,2024-06-05T23:08:09.461432+00:00,19073.5,19101.0,LONG,False,False,False,False,False,NO_LOG_FILLS
,2024-06-06T00:23:44.513332+00:00,2024-06-06T04:07:35.569835+00:00,19080.5,19095.0,LONG,False,False,False,False,False,NO_LOG_FILLS
,2024-06-06T04:07:35.569835+00:00,2024-06-06T05:22:53.655139+00:00,19095.0,19087.5,SHORT,False,False,False,False,False,NO_LOG_FILLS
,2024-06-06T04:07:35.569835+00:00,2024-06-06T06:03:00.341420+00:00,19095.0,19080.0,SHORT,False,False,False,False,False,NO_LOG_FILLS
,2024-06-06T06:46:05.572122+00:00,2024-06-06T07:12:03.300212+00:00,19085.0,19098.25,LONG,False,False,False,False,False,NO_LOG_FILLS
,2024-06-06T06:47:45.258047+00:00,2024-06-06T08:24:08.946569+00:00,19089.75,19106.5,LONG,False,False,False,False,False,NO_LOG_FILLS
,2024-06-06T06:47:45.258047+00:00,2024-06-06T08:38:25.897522+00:00,19089.75,19099.0,LONG,False,False,False,False,False,NO_LOG_FILLS
,2024-06-06T06:47:45.258047+00:00,2024-06-06T08:44:14.417231+00:00,19089.75,19094.0,LONG,False,False,False,False,False,NO_LOG_FILLS
,2024-06-06T08:44:14.417231+00:00,2024-06-06T09:37:00.395015+00:00,19094.0,19084.25,SHORT,False,False,False,False,False,NO_LOG_FILLS
,2024-06-06T08:44:14.417231+00:00,2024-06-06T09:43:07.482003+00:00,19094.0,19074.75,SHORT,False,False,False,False,False,NO_LOG_FILLS
,2024-06-06T09:53:13.158816+00:00,2024-06-06T11:05:27.854178+00:00,19082.75,19098.0,LONG,False,False,False,False,False,NO_LOG_FILLS
,2024-06-06T10:02:45.076821+00:00,2024-06-06T12:04:09.378366+00:00,19087.75,19108.0,LONG,False,False,False,False,False,NO_LOG_FILLS
,2024-06-06T10:02:45.076821+00:00,2024-06-06T12:15:03.763175+00:00,19087.75,19109.0,LONG,False,False,False,False,False,NO_LOG_FILLS
,2024-06-06T10:02:45.076821+00:00,2024-06-06T12:20:53.996181+00:00,19087.75,19110.0,LONG,False,False,False,False,False,NO_LOG_FILLS
,2024-06-06T12:20:53.996181+00:00,2024-06-06T12:22:45.157763+00:00,19110.0,19099.75,SHORT,False,False,False,False,False,NO_LOG_FILLS
,2024-06-06T12:20:53.996181+00:00,2024-06-06T12:27:33.936937+00:00,19110.0,19089.5,SHORT,False,False,False,False,False,NO_LOG_FILLS
,2024-06-06T12:29:58.868173+00:00,2024-06-06T13:16:11.834272+00:00,19098.0,19092.5,LONG,False,False,False,False,False,NO_LOG_FILLS
,2024-06-06T13:16:11.834272+00:00,2024-06-06T13:21:54.267989+00:00,19092.5,19102.0,SHORT,False,False,False,False,False,NO_LOG_FILLS
,2024-06-06T13:21:54.267989+00:00,2024-06-06T13:30:00.118341+00:00,19102.0,19097.5,LONG,False,False,False,False,False,NO_LOG_FILLS
,2024-06-06T13:30:00.118341+00:00,2024-06-06T13:31:24.544489+00:00,19097.5,19087.25,SHORT,False,False,False,False,False,NO_LOG_FILLS
,2024-06-06T13:30:00.118341+00:00,2024-06-06T13:40:04.597288+00:00,19097.5,19115.25,SHORT,False,False,False,False,False,NO_LOG_FILLS
,2024-06-06T13:40:04.597288+00:00,2024-06-06T13:49:00.066440+00:00,19115.25,19066.5,LONG,False,False,False,False,False,NO_LOG_FILLS
,2024-06-06T13:47:19.946965+00:00,2024-06-06T13:49:00.066440+00:00,19083.5,19066.5,LONG,False,False,False,False,False,NO_LOG_FILLS
,2024-06-06T13:47:19.946965+00:00,2024-06-06T14:16:04.232301+00:00,19083.5,19062.25,LONG,False,False,False,False,False,NO_LOG_FILLS
,2024-06-06T14:12:09.249537+00:00,2024-06-06T14:16:04.232301+00:00,19072.5,19062.25,LONG,False,False,False,False,False,NO_LOG_FILLS
,2024-06-06T14:12:09.249537+00:00,2024-06-06T14:23:20.899047+00:00,19072.5,19074.75,LONG,False,False,False,False,False,NO_LOG_FILLS
,2024-06-06T14:19:24.879629+00:00,2024-06-06T14:23:57.469589+00:00,19064.75,19084.75,LONG,False,False,False,False,False,NO_LOG_FILLS
,2024-06-06T14:19:24.879629+00:00,2024-06-06T14:25:00.849493+00:00,19064.75,19078.0,LONG,False,False,False,False,False,NO_LOG_FILLS
,2024-06-06T14:19:24.879629+00:00,2024-06-06T14:40:03.141462+00:00,19064.75,19096.25,LONG,False,False,False,False,False,NO_LOG_FILLS
,2024-06-06T14:40:03.141462+00:00,2024-06-06T14:50:37.517887+00:00,19096.25,19088.0,SHORT,False,False,False,False,False,NO_LOG_FILLS
,2024-06-06T14:40:03.141462+00:00,2024-06-06T14:51:07.630927+00:00,19096.25,19079.5,SHORT,False,False,False,False,False,NO_LOG_FILLS
,2024-06-06T14:53:12.293345+00:00,2024-06-06T14:55:09.399804+00:00,19085.0,19094.5,LONG,False,False,False,False,False,NO_LOG_FILLS
,2024-06-06T14:53:13.323077+00:00,2024-06-06T15:00:59.128910+00:00,19087.0,19073.0,LONG,False,False,False,False,False,NO_LOG_FILLS
,2024-06-06T14:53:13.323077+00:00,2024-06-06T15:10:33.561808+00:00,19087.0,19084.25,LONG,False,False,False,False,False,NO_LOG_FILLS
,2024-06-06T15:10:33.561808+00:00,2024-06-06T15:18:05.498186+00:00,19084.25,19076.25,SHORT,False,False,False,False,False,NO_LOG_FILLS
,2024-06-06T15:10:33.561808+00:00,2024-06-06T15:24:00.870920+00:00,19084.25,19068.25,SHORT,False,False,False,False,False,NO_LOG_FILLS
,2024-06-06T15:27:39.296789+00:00,2024-06-06T15:51:57.938832+00:00,19075.25,19074.25,LONG,False,False,False,False,False,NO_LOG_FILLS
,2024-06-06T15:36:39.001301+00:00,2024-06-06T16:15:59.981705+00:00,19065.75,19052.0,LONG,False,False,False,False,False,NO_LOG_FILLS
,2024-06-06T15:36:39.001301+00:00,2024-06-06T17:06:51.575437+00:00,19065.75,19066.0,LONG,False,False,False,False,False,NO_LOG_FILLS
,2024-06-06T17:06:51.575437+00:00,2024-06-06T17:09:17.201481+00:00,19066.0,19058.25,SHORT,False,False,False,False,False,NO_LOG_FILLS
,2024-06-06T17:06:51.575437+00:00,2024-06-06T17:23:59.773973+00:00,19066.0,19078.75,SHORT,False,False,False,False,False,NO_LOG_FILLS
,2024-06-06T17:23:59.773973+00:00,2024-06-06T18:02:33.020015+00:00,19078.75,19066.25,LONG,False,False,False,False,False,NO_LOG_FILLS
,2024-06-06T17:53:38.884484+00:00,2024-06-06T18:02:33.020015+00:00,19077.75,19066.25,LONG,False,False,False,False,False,NO_LOG_FILLS
,2024-06-06T17:53:38.884484+00:00,2024-06-06T18:42:38.301229+00:00,19077.75,19059.25,LONG,False,False,False,False,False,NO_LOG_FILLS
,2024-06-06T18:33:53.312683+00:00,2024-06-06T18:50:33.605451+00:00,19052.0,19066.5,LONG,False,False,False,False,False,NO_LOG_FILLS
,2024-06-06T18:33:53.312683+00:00,2024-06-06T18:54:05.832642+00:00,19052.0,19068.75,LONG,False,False,False,False,False,NO_LOG_FILLS
,2024-06-06T18:33:53.312683+00:00,2024-06-06T19:12:34.111035+00:00,19052.0,19058.25,LONG,False,False,False,False,False,NO_LOG_FILLS
,2024-06-06T19:12:34.111035+00:00,2024-06-06T19:14:05.976674+00:00,19058.25,19050.25,SHORT,False,False,False,False,False,NO_LOG_FILLS
,2024-06-06T19:12:34.111035+00:00,2024-06-06T19:26:58.500627+00:00,19058.25,19042.25,SHORT,False,False,False,False,False,NO_LOG_FILLS
,2024-06-06T19:27:57.247377+00:00,2024-06-06T19:29:33.207894+00:00,19051.5,19066.75,LONG,False,False,False,False,False,NO_LOG_FILLS
,2024-06-06T19:28:58.824453+00:00,2024-06-06T19:43:55.780192+00:00,19058.5,19042.0,LONG,False,False,False,False,False,NO_LOG_FILLS
,2024-06-06T19:28:58.824453+00:00,2024-06-06T19:48:59.553151+00:00,19058.5,19067.5,LONG,False,False,False,False,False,NO_LOG_FILLS
,2024-06-06T19:48:00.895268+00:00,2024-06-06T20:58:58.984458+00:00,19059.0,19067.5,LONG,False,False,False,False,False,NO_LOG_FILLS
,2024-06-07T04:31:13.847835+00:00,2024-06-07T04:31:14.841202+00:00,19089.25,19089.5,SHORT,False,False,False,False,False,NO_LOG_FILLS
,2024-06-07T11:32:05.458296+00:00,2024-06-07T11:39:59.980423+00:00,19071.25,19080.0,LONG,False,False,False,False,False,NO_LOG_FILLS
,2024-06-07T11:32:05.458296+00:00,2024-06-07T11:40:52.804194+00:00,19071.25,19088.75,LONG,False,False,False,False,False,NO_LOG_FILLS
,2024-06-07T11:32:05.458296+00:00,2024-06-07T11:59:44.826662+00:00,19071.25,19087.0,LONG,False,False,False,False,False,NO_LOG_FILLS
,2024-06-07T12:41:17.845868+00:00,2024-06-07T12:41:51.070803+00:00,18968.75,18964.0,SHORT,False,False,False,False,False,NO_LOG_FILLS
,2024-06-07T13:42:44.162220+00:00,2024-06-07T13:43:20.891719+00:00,19003.25,19013.5,LONG,False,False,False,False,False,NO_LOG_FILLS
,2024-06-07T13:42:44.162220+00:00,2024-06-07T13:43:51.110076+00:00,19003.25,19023.75,LONG,False,False,False,False,False,NO_LOG_FILLS
,2024-06-07T13:42:44.162220+00:00,2024-06-07T13:43:52.362831+00:00,19003.25,19028.0,LONG,False,False,False,False,False,NO_LOG_FILLS
,2024-06-07T13:44:16.673088+00:00,2024-06-07T13:46:24.889263+00:00,19023.5,19030.75,SHORT,False,False,False,False,False,NO_LOG_FILLS
,2024-06-07T14:03:51.915061+00:00,2024-06-07T14:05:07.616887+00:00,19029.5,19041.25,SHORT,False,False,False,False,False,NO_LOG_FILLS
,2024-06-07T14:10:39.026513+00:00,2024-06-07T14:11:06.707477+00:00,19032.0,19024.0,SHORT,False,False,False,False,False,NO_LOG_FILLS
,2024-06-07T14:10:39.026513+00:00,2024-06-07T14:16:59.123564+00:00,19032.0,19043.5,SHORT,False,False,False,False,False,NO_LOG_FILLS
,2024-06-07T14:20:16.116222+00:00,2024-06-07T14:22:24.577252+00:00,19043.25,19034.75,SHORT,False,False,False,False,False,NO_LOG_FILLS
,2024-06-07T14:20:16.116222+00:00,2024-06-07T14:35:24.882841+00:00,19043.25,19054.5,SHORT,False,False,False,False,False,NO_LOG_FILLS
,2024-06-07T14:53:32.246452+00:00,2024-06-07T14:55:49.803215+00:00,19095.5,19088.25,LONG,False,False,False,False,False,NO_LOG_FILLS
,2024-06-07T14:56:12.719372+00:00,2024-06-07T14:56:33.247832+00:00,19080.0,19074.25,LONG,False,False,False,False,False,NO_LOG_FILLS
,2024-06-07T15:16:10.806762+00:00,2024-06-07T15:22:22.101862+00:00,19027.75,19044.25,SHORT,False,False,False,False,False,NO_LOG_FILLS
,2024-06-07T15:28:48.397134+00:00,2024-06-07T15:29:58.067175+00:00,19055.75,19066.25,SHORT,False,False,False,False,False,NO_LOG_FILLS
,2024-06-07T15:40:00.938695+00:00,2024-06-07T15:43:05.601366+00:00,19071.25,19058.5,LONG,False,False,False,False,False,NO_LOG_FILLS
,2024-06-07T15:45:25.505867+00:00,2024-06-07T15:48:38.036319+00:00,19065.75,19073.25,LONG,False,False,False,False,False,NO_LOG_FILLS
,2024-06-07T15:45:25.505867+00:00,2024-06-07T15:50:46.171870+00:00,19065.75,19080.75,LONG,False,False,False,False,False,NO_LOG_FILLS
,2024-06-07T15:45:25.505867+00:00,2024-06-07T15:53:12.828523+00:00,19065.75,19070.5,LONG,False,False,False,False,False,NO_LOG_FILLS
,2024-06-07T16:51:03.558308+00:00,2024-06-07T16:52:45.082757+00:00,19102.0,19111.5,SHORT,False,False,False,False,False,NO_LOG_FILLS
,2024-06-07T16:56:28.533326+00:00,2024-06-07T16:57:04.451185+00:00,19140.0,19144.75,SHORT,False,False,False,False,False,NO_LOG_FILLS
,2024-06-07T16:58:03.558399+00:00,2024-06-07T17:01:08.141502+00:00,19138.25,19131.25,SHORT,False,False,False,False,False,NO_LOG_FILLS
,2024-06-07T16:58:03.558399+00:00,2024-06-07T17:01:14.443500+00:00,19138.25,19124.5,SHORT,False,False,False,False,False,NO_LOG_FILLS
,2024-06-07T16:58:03.558399+00:00,2024-06-07T17:03:12.226080+00:00,19138.25,19124.0,SHORT,False,False,False,False,False,NO_LOG_FILLS
,2024-06-07T17:05:04.108390+00:00,2024-06-07T17:06:45.681454+00:00,19126.75,19133.5,LONG,False,False,False,False,False,NO_LOG_FILLS
,2024-06-07T17:05:04.108390+00:00,2024-06-07T17:10:33.274663+00:00,19126.75,19115.75,LONG,False,False,False,False,False,NO_LOG_FILLS
,2024-06-07T17:32:06.287038+00:00,2024-06-07T17:38:17.698356+00:00,19135.25,19118.75,LONG,False,False,False,False,False,NO_LOG_FILLS
,2024-06-07T17:40:44.855497+00:00,2024-06-07T17:47:50.325250+00:00,19120.75,19130.0,SHORT,False,False,False,False,False,NO_LOG_FILLS
,2024-06-07T17:55:04.514430+00:00,2024-06-07T17:59:51.647003+00:00,19126.75,19118.5,SHORT,False,False,False,False,False,NO_LOG_FILLS
,2024-06-07T17:55:04.514430+00:00,2024-06-07T18:00:08.484941+00:00,19126.75,19110.5,SHORT,False,False,False,False,False,NO_LOG_FILLS
,2024-06-07T17:55:04.514430+00:00,2024-06-07T18:00:11.628075+00:00,19126.75,19103.75,SHORT,False,False,False,False,False,NO_LOG_FILLS
,2024-06-07T18:01:37.659197+00:00,2024-06-07T18:02:24.105723+00:00,19082.25,19091.25,LONG,False,False,False,False,False,NO_LOG_FILLS
,2024-06-07T18:01:37.659197+00:00,2024-06-07T18:03:58.830055+00:00,19082.25,19068.5,LONG,False,False,False,False,False,NO_LOG_FILLS
,2024-06-07T18:09:06.095665+00:00,2024-06-07T18:09:14.255547+00:00,19036.5,19030.75,LONG,False,False,False,False,False,NO_LOG_FILLS
,2024-06-07T18:13:09.579849+00:00,2024-06-07T18:14:32.407965+00:00,19020.0,19009.75,SHORT,False,False,False,False,False,NO_LOG_FILLS
,2024-06-07T18:13:09.579849+00:00,2024-06-07T18:15:00.506648+00:00,19020.0,18999.25,SHORT,False,False,False,False,False,NO_LOG_FILLS
,2024-06-07T18:13:09.579849+00:00,2024-06-07T18:15:27.979352+00:00,19020.0,19007.25,SHORT,False,False,False,False,False,NO_LOG_FILLS
,2024-06-07T18:15:29.697348+00:00,2024-06-07T18:15:41.139672+00:00,19009.5,19020.0,LONG,False,False,False,False,False,NO_LOG_FILLS
,2024-06-07T18:15:29.697348+00:00,2024-06-07T18:20:37.699435+00:00,19009.5,19030.25,LONG,False,False,False,False,False,NO_LOG_FILLS
,2024-06-07T18:15:29.697348+00:00,2024-06-07T18:22:53.671070+00:00,19009.5,19035.5,LONG,False,False,False,False,False,NO_LOG_FILLS
,2024-06-07T18:54:04.659315+00:00,2024-06-07T18:57:15.049748+00:00,19067.25,19057.25,LONG,False,False,False,False,False,NO_LOG_FILLS
,2024-06-07T19:10:12.594651+00:00,2024-06-07T19:13:13.897901+00:00,19045.25,19032.0,LONG,False,False,False,False,False,NO_LOG_FILLS
,2024-06-07T19:35:35.977721+00:00,2024-06-07T19:42:42.780655+00:00,19040.5,19055.0,SHORT,False,False,False,False,False,NO_LOG_FILLS
,2024-06-07T19:45:12.798905+00:00,2024-06-07T19:49:58.812014+00:00,19044.0,19033.75,SHORT,False,False,False,False,False,NO_LOG_FILLS
,2024-06-07T19:45:12.798905+00:00,2024-06-07T19:50:00.882062+00:00,19044.0,19023.75,SHORT,False,False,False,False,False,NO_LOG_FILLS
,2024-06-07T19:45:12.798905+00:00,2024-06-07T19:50:15.873424+00:00,19044.0,19032.25,SHORT,False,False,False,False,False,NO_LOG_FILLS
,2024-06-07T19:45:14.537380+00:00,2024-06-07T19:53:49.191857+00:00,19044.0,19028.0,SHORT,False,False,False,False,False,NO_LOG_FILLS
,2024-06-07T19:53:51.253032+00:00,2024-06-07T19:54:58.769523+00:00,19028.0,19038.0,LONG,False,False,False,False,False,NO_LOG_FILLS
,2024-06-07T19:53:51.253032+00:00,2024-06-07T19:55:00.019938+00:00,19028.0,19048.0,LONG,False,False,False,False,False,NO_LOG_FILLS
,2024-06-07T19:53:51.253032+00:00,2024-06-07T19:55:09.670694+00:00,19028.0,19040.5,LONG,False,False,False,False,False,NO_LOG_FILLS
,2024-06-07T20:00:03.876210+00:00,2024-06-07T20:00:20.972969+00:00,19039.25,19031.75,SHORT,False,False,False,False,False,NO_LOG_FILLS
,2024-06-07T20:00:05.855135+00:00,2024-06-07T20:04:17.312312+00:00,19039.25,19032.0,SHORT,False,False,False,False,False,NO_LOG_FILLS
,2024-06-07T20:00:05.855406+00:00,2024-06-07T20:04:19.285076+00:00,19039.25,19032.0,SHORT,False,False,False,False,False,NO_LOG_FILLS
,2024-06-07T20:04:19.285076+00:00,2024-06-07T20:09:57.286179+00:00,19032.0,19025.5,LONG,False,False,False,False,False,NO_LOG_FILLS
,2024-06-10T04:15:55.054593+00:00,2024-06-10T05:21:13.531786+00:00,19036.75,19051.25,SHORT,False,False,False,False,False,NO_LOG_FILLS
,2024-06-10T08:07:04.159075+00:00,2024-06-10T09:06:46.023786+00:00,19001.75,18990.5,SHORT,False,False,False,False,False,NO_LOG_FILLS
,2024-06-10T08:07:04.159075+00:00,2024-06-10T09:22:30.766537+00:00,19001.75,18979.25,SHORT,False,False,False,False,False,NO_LOG_FILLS
,2024-06-10T08:07:04.159075+00:00,2024-06-10T09:23:50.217575+00:00,19001.75,18988.0,SHORT,False,False,False,False,False,NO_LOG_FILLS
,2024-06-10T11:15:04.882440+00:00,2024-06-10T12:40:32.801703+00:00,19029.75,19014.5,LONG,False,False,False,False,False,NO_LOG_FILLS
,2024-06-10T13:15:24.989914+00:00,2024-06-10T13:18:25.555777+00:00,19000.25,18988.0,LONG,False,False,False,False,False,NO_LOG_FILLS
,2024-06-10T13:22:46.673464+00:00,2024-06-10T13:26:27.800742+00:00,18985.0,18994.75,LONG,False,False,False,False,False,NO_LOG_FILLS
,2024-06-10T13:22:46.673464+00:00,2024-06-10T13:31:25.721555+00:00,18985.0,18979.0,LONG,False,False,False,False,False,NO_LOG_FILLS
,2024-06-10T13:37:01.713315+00:00,2024-06-10T13:44:43.837082+00:00,19007.75,18999.0,SHORT,False,False,False,False,False,NO_LOG_FILLS
,2024-06-10T13:37:01.713315+00:00,2024-06-10T13:46:51.074891+00:00,19007.75,18990.5,SHORT,False,False,False,False,False,NO_LOG_FILLS
,2024-06-10T13:37:01.713315+00:00,2024-06-10T13:47:11.351564+00:00,19007.75,18995.75,SHORT,False,False,False,False,False,NO_LOG_FILLS
,2024-06-10T13:50:43.835756+00:00,2024-06-10T13:54:13.373887+00:00,18999.25,18985.5,LONG,False,False,False,False,False,NO_LOG_FILLS
,2024-06-10T14:02:41.907651+00:00,2024-06-10T14:02:50.286284+00:00,19006.75,19001.75,LONG,False,False,False,False,False,NO_LOG_FILLS
,2024-06-10T14:06:35.483531+00:00,2024-06-10T14:06:46.782454+00:00,19005.0,19001.75,LONG,False,False,False,False,False,NO_LOG_FILLS
,2024-06-10T14:10:43.739833+00:00,2024-06-10T14:11:37.510717+00:00,19012.75,19019.75,SHORT,False,False,False,False,False,NO_LOG_FILLS
,2024-06-10T14:12:05.258272+00:00,2024-06-10T14:12:58.117895+00:00,19009.5,19001.0,SHORT,False,False,False,False,False,NO_LOG_FILLS
,2024-06-10T14:12:05.258272+00:00,2024-06-10T14:17:00.991640+00:00,19009.5,18992.5,SHORT,False,False,False,False,False,NO_LOG_FILLS
,2024-06-10T14:12:05.258272+00:00,2024-06-10T14:17:16.226165+00:00,19009.5,19001.5,SHORT,False,False,False,False,False,NO_LOG_FILLS
,2024-06-10T14:25:29.139940+00:00,2024-06-10T14:25:34.797089+00:00,19018.0,19020.5,SHORT,False,False,False,False,False,NO_LOG_FILLS
,2024-06-10T14:38:21.388911+00:00,2024-06-10T14:39:33.428583+00:00,19043.25,19037.25,SHORT,False,False,False,False,False,NO_LOG_FILLS
,2024-06-10T14:38:21.388911+00:00,2024-06-10T14:44:01.098728+00:00,19043.25,19031.5,SHORT,False,False,False,False,False,NO_LOG_FILLS
,2024-06-10T14:38:21.388911+00:00,2024-06-10T14:45:08.599194+00:00,19043.25,19037.25,SHORT,False,False,False,False,False,NO_LOG_FILLS
,2024-06-10T14:49:42.054949+00:00,2024-06-10T14:52:03.515968+00:00,19043.5,19052.75,SHORT,False,False,False,False,False,NO_LOG_FILLS
,2024-06-10T15:02:56.334875+00:00,2024-06-10T15:07:59.456267+00:00,19065.25,19075.0,SHORT,False,False,False,False,False,NO_LOG_FILLS
,2024-06-10T15:33:54.979467+00:00,2024-06-10T15:36:30.199285+00:00,19092.75,19087.25,SHORT,False,False,False,False,False,NO_LOG_FILLS
,2024-06-10T15:33:54.979467+00:00,2024-06-10T15:41:18.040674+00:00,19092.75,19100.75,SHORT,False,False,False,False,False,NO_LOG_FILLS
,2024-06-10T15:49:51.044982+00:00,2024-06-10T15:50:17.146773+00:00,19095.75,19101.5,LONG,False,False,False,False,False,NO_LOG_FILLS
,2024-06-10T15:49:51.044982+00:00,2024-06-10T15:53:10.930717+00:00,19095.75,19107.0,LONG,False,False,False,False,False,NO_LOG_FILLS
,2024-06-10T15:49:51.044982+00:00,2024-06-10T15:57:01.224467+00:00,19095.75,19103.75,LONG,False,False,False,False,False,NO_LOG_FILLS
,2024-06-10T16:13:06.600544+00:00,2024-06-10T16:14:42.234308+00:00,19100.0,19107.0,SHORT,False,False,False,False,False,NO_LOG_FILLS
,2024-06-10T16:23:32.680339+00:00,2024-06-10T16:25:31.061763+00:00,19107.75,19101.5,SHORT,False,False,False,False,False,NO_LOG_FILLS
,2024-06-10T16:23:32.680339+00:00,2024-06-10T17:00:36.305149+00:00,19107.75,19095.25,SHORT,False,False,False,False,False,NO_LOG_FILLS
,2024-06-10T16:23:32.680339+00:00,2024-06-10T17:02:10.920813+00:00,19107.75,19093.0,SHORT,False,False,False,False,False,NO_LOG_FILLS
,2024-06-10T17:18:10.086576+00:00,2024-06-10T17:19:46.316565+00:00,19073.75,19087.0,SHORT,False,False,False,False,False,NO_LOG_FILLS
,2024-06-10T17:32:15.359039+00:00,2024-06-10T17:33:17.107447+00:00,19066.5,19073.5,LONG,False,False,False,False,False,NO_LOG_FILLS
,2024-06-10T17:32:15.359039+00:00,2024-06-10T17:38:17.342013+00:00,19066.5,19055.5,LONG,False,False,False,False,False,NO_LOG_FILLS
,2024-06-10T18:10:36.881536+00:00,2024-06-10T18:11:59.173836+00:00,19079.75,19086.5,LONG,False,False,False,False,False,NO_LOG_FILLS
,2024-06-10T18:10:36.881536+00:00,2024-06-10T18:18:50.048636+00:00,19079.75,19071.25,LONG,False,False,False,False,False,NO_LOG_FILLS
,2024-06-10T18:25:02.154880+00:00,2024-06-10T18:25:06.090615+00:00,19054.25,19059.0,SHORT,False,False,False,False,False,NO_LOG_FILLS
,2024-06-10T18:28:03.712754+00:00,2024-06-10T18:28:04.309024+00:00,19051.5,19047.5,SHORT,False,False,False,False,False,NO_LOG_FILLS
,2024-06-10T18:46:18.317521+00:00,2024-06-10T19:01:59.044838+00:00,19084.5,19093.0,LONG,False,False,False,False,False,NO_LOG_FILLS
,2024-06-10T18:46:18.317521+00:00,2024-06-10T19:07:33.729214+00:00,19084.5,19101.25,LONG,False,False,False,False,False,NO_LOG_FILLS
,2024-06-10T18:46:18.317521+00:00,2024-06-10T19:09:11.635946+00:00,19084.5,19091.0,LONG,False,False,False,False,False,NO_LOG_FILLS
,2024-06-10T19:14:58.092702+00:00,2024-06-10T19:15:02.600559+00:00,19120.25,19123.75,SHORT,False,False,False,False,False,NO_LOG_FILLS
,2024-06-10T19:15:42.432161+00:00,2024-06-10T19:16:49.324974+00:00,19113.5,19108.0,LONG,False,False,False,False,False,NO_LOG_FILLS
,2024-06-30T23:21:06.902209+00:00,2024-06-30T23:25:40.088158+00:00,19950.0,19960.0,LONG,False,False,False,False,False,NO_LOG_FILLS
,2024-07-21T22:06:54.814123+00:00,2024-07-21T22:08:16.111835+00:00,19762.0,19752.75,SHORT,False,False,False,False,False,NO_LOG_FILLS
,2024-07-21T22:06:54.814123+00:00,2024-07-21T22:08:31.367452+00:00,19762.0,19743.5,SHORT,False,False,False,False,False,NO_LOG_FILLS
,2024-07-21T22:06:54.814123+00:00,2024-07-21T22:09:47.590892+00:00,19762.0,19747.75,SHORT,False,False,False,False,False,NO_LOG_FILLS
,2024-07-28T22:15:03.898505+00:00,2024-07-28T22:23:33.543870+00:00,19224.25,19235.0,LONG,False,False,False,False,False,NO_LOG_FILLS
,2024-07-28T22:15:03.898505+00:00,2024-07-28T23:16:15.723943+00:00,19224.25,19245.5,LONG,False,False,False,False,False,NO_LOG_FILLS
,2024-07-28T22:15:03.898505+00:00,2024-07-28T23:34:31.816589+00:00,19224.25,19239.0,LONG,False,False,False,False,False,NO_LOG_FILLS
,2024-08-04T22:00:58.552317+00:00,2024-08-04T22:01:41.059809+00:00,18335.0,18314.75,SHORT,False,False,False,False,False,NO_LOG_FILLS
,2024-08-04T22:00:58.552317+00:00,2024-08-04T22:01:44.838903+00:00,18335.0,18294.5,SHORT,False,False,False,False,False,NO_LOG_FILLS
,2024-08-04T22:00:58.552317+00:00,2024-08-04T22:01:53.881553+00:00,18335.0,18299.5,SHORT,False,False,False,False,False,NO_LOG_FILLS
,2024-08-04T22:34:51.774433+00:00,2024-08-04T22:48:10.859511+00:00,18357.25,18376.0,SHORT,False,False,False,False,False,NO_LOG_FILLS
,2024-08-04T23:01:27.235733+00:00,2024-08-04T23:01:28.425687+00:00,18317.25,18328.0,SHORT,False,False,False,False,False,NO_LOG_FILLS
,2024-09-15T21:59:59.320950+00:00,2024-09-15T22:19:32.975506+00:00,19497.25,19486.25,SHORT,False,False,False,False,False,NO_LOG_FILLS
,2024-09-15T21:59:59.320950+00:00,2024-09-15T23:15:12.511337+00:00,19497.25,19529.25,SHORT,False,False,False,False,False,NO_LOG_FILLS
,2024-10-06T22:31:02.460600+00:00,2024-10-06T22:34:40.731915+00:00,20248.25,20239.0,SHORT,False,False,False,False,False,NO_LOG_FILLS
,2024-10-06T22:31:02.460600+00:00,2024-10-06T23:48:01.843019+00:00,20248.25,20229.5,SHORT,False,False,False,False,False,NO_LOG_FILLS
,2024-10-06T22:31:02.460600+00:00,2024-10-06T23:55:14.688645+00:00,20248.25,20236.75,SHORT,False,False,False,False,False,NO_LOG_FILLS
,2024-12-26T12:37:00.548646+00:00,2024-12-26T13:30:01.104624+00:00,21944.75,21927.25,SHORT,False,False,False,False,False,NO_LOG_FILLS
,2024-12-26T12:37:00.548646+00:00,2024-12-26T14:30:13.067689+00:00,21944.75,21976.25,SHORT,False,False,False,False,False,NO_LOG_FILLS
,2024-12-26T14:30:13.067689+00:00,2024-12-26T14:31:16.263237+00:00,21976.25,21970.0,LONG,False,False,False,False,False,NO_LOG_FILLS
,2024-12-26T14:36:50.507437+00:00,2024-12-26T14:38:44.780887+00:00,21988.0,22005.5,LONG,False,False,False,False,False,NO_LOG_FILLS
,2024-12-26T14:36:50.507437+00:00,2024-12-26T14:49:04.017449+00:00,21988.0,21964.25,LONG,False,False,False,False,False,NO_LOG_FILLS
,2024-12-26T14:55:07.429247+00:00,2024-12-26T14:56:03.134838+00:00,21895.75,21907.5,LONG,False,False,False,False,False,NO_LOG_FILLS
,2024-12-26T14:55:07.429247+00:00,2024-12-26T14:57:04.321587+00:00,21895.75,21919.5,LONG,False,False,False,False,False,NO_LOG_FILLS
,2024-12-26T14:55:07.429247+00:00,2024-12-26T15:09:14.403112+00:00,21895.75,21942.75,LONG,False,False,False,False,False,NO_LOG_FILLS
,2024-12-26T15:12:02.704113+00:00,2024-12-26T15:22:07.158776+00:00,21948.75,21960.5,LONG,False,False,False,False,False,NO_LOG_FILLS
,2024-12-26T15:12:02.704113+00:00,2024-12-26T15:22:53.019135+00:00,21948.75,21972.0,LONG,False,False,False,False,False,NO_LOG_FILLS
,2024-12-26T15:12:02.704113+00:00,2024-12-26T15:23:28.866055+00:00,21948.75,21969.5,LONG,False,False,False,False,False,NO_LOG_FILLS
,2024-12-26T15:35:29.917912+00:00,2024-12-26T15:37:08.422275+00:00,21988.75,21999.0,SHORT,False,False,False,False,False,NO_LOG_FILLS
,2024-12-26T15:44:17.528005+00:00,2024-12-26T15:45:00.038347+00:00,21994.0,21973.0,LONG,False,False,False,False,False,NO_LOG_FILLS
,2024-12-26T16:21:30.149522+00:00,2024-12-26T16:24:13.909079+00:00,22009.25,22000.5,SHORT,False,False,False,False,False,NO_LOG_FILLS
,2024-12-26T16:21:30.149522+00:00,2024-12-26T16:24:55.960403+00:00,22009.25,21991.75,SHORT,False,False,False,False,False,NO_LOG_FILLS
,2024-12-26T16:21:30.149522+00:00,2024-12-26T16:27:07.603479+00:00,22009.25,21986.0,SHORT,False,False,False,False,False,NO_LOG_FILLS
,2024-12-26T17:18:33.715867+00:00,2024-12-26T17:20:33.767331+00:00,22068.25,22061.0,SHORT,False,False,False,False,False,NO_LOG_FILLS
,2024-12-26T17:18:33.715867+00:00,2024-12-26T17:20:52.292047+00:00,22068.25,22053.75,SHORT,False,False,False,False,False,NO_LOG_FILLS
,2024-12-26T17:18:33.715867+00:00,2024-12-26T17:23:10.358210+00:00,22068.25,22057.5,SHORT,False,False,False,False,False,NO_LOG_FILLS
,2024-12-26T17:33:37.370438+00:00,2024-12-26T17:34:19.663815+00:00,22040.5,22047.5,LONG,False,False,False,False,False,NO_LOG_FILLS
,2024-12-26T17:33:37.370438+00:00,2024-12-26T17:42:47.307338+00:00,22040.5,22023.5,LONG,False,False,False,False,False,NO_LOG_FILLS
,2024-12-26T18:02:13.956970+00:00,2024-12-26T18:04:09.723910+00:00,22021.75,22015.5,LONG,False,False,False,False,False,NO_LOG_FILLS
,2024-12-26T18:16:02.851109+00:00,2024-12-26T18:17:31.976859+00:00,22020.25,22029.5,LONG,False,False,False,False,False,NO_LOG_FILLS
,2024-12-26T18:16:02.851109+00:00,2024-12-26T18:19:41.455952+00:00,22020.25,22038.5,LONG,False,False,False,False,False,NO_LOG_FILLS
,2024-12-26T18:16:02.851109+00:00,2024-12-26T18:21:47.191795+00:00,22020.25,22030.25,LONG,False,False,False,False,False,NO_LOG_FILLS
,2024-12-26T18:35:42.318882+00:00,2024-12-26T18:36:31.082501+00:00,22026.75,22020.0,LONG,False,False,False,False,False,NO_LOG_FILLS
,2024-12-26T18:38:42.325765+00:00,2024-12-26T18:39:39.713321+00:00,22028.25,22020.0,LONG,False,False,False,False,False,NO_LOG_FILLS
,2024-12-26T19:11:04.550018+00:00,2024-12-26T19:40:54.212071+00:00,22013.75,22023.5,LONG,False,False,False,False,False,NO_LOG_FILLS
,2024-12-26T19:11:04.550018+00:00,2024-12-26T19:43:22.385078+00:00,22013.75,22033.25,LONG,False,False,False,False,False,NO_LOG_FILLS
,2024-12-26T19:11:04.550018+00:00,2024-12-26T19:49:49.568083+00:00,22013.75,22034.0,LONG,False,False,False,False,False,NO_LOG_FILLS
,2024-12-26T20:10:12.058212+00:00,2024-12-26T20:11:21.138415+00:00,22050.25,22042.75,SHORT,False,False,False,False,False,NO_LOG_FILLS
,2024-12-26T20:10:12.058212+00:00,2024-12-26T20:14:04.450868+00:00,22050.25,22035.25,SHORT,False,False,False,False,False,NO_LOG_FILLS
,2024-12-26T20:10:12.058212+00:00,2024-12-26T20:15:27.704102+00:00,22050.25,22039.5,SHORT,False,False,False,False,False,NO_LOG_FILLS
,2024-12-26T20:35:03.079235+00:00,2024-12-26T20:40:01.893951+00:00,22048.75,22041.5,SHORT,False,False,False,False,False,NO_LOG_FILLS
,2024-12-26T20:35:03.079235+00:00,2024-12-26T20:41:33.629652+00:00,22048.75,22053.25,SHORT,False,False,False,False,False,NO_LOG_FILLS
,2024-12-26T21:15:03.556209+00:00,2024-12-26T21:25:39.532699+00:00,21990.0,21997.75,SHORT,False,False,False,False,False,NO_LOG_FILLS
,2024-12-31T01:24:25.327301+00:00,2024-12-31T01:46:19.351906+00:00,21403.75,21415.5,LONG,False,False,False,False,False,NO_LOG_FILLS
,2024-12-31T01:24:25.327301+00:00,2024-12-31T02:07:10.287757+00:00,21403.75,21427.5,LONG,False,False,False,False,False,NO_LOG_FILLS
,2024-12-31T01:24:25.327301+00:00,2024-12-31T02:23:58.320051+00:00,21403.75,21439.5,LONG,False,False,False,False,False,NO_LOG_FILLS
,2024-12-31T02:58:32.310533+00:00,2024-12-31T03:03:00.486486+00:00,21424.0,21411.0,SHORT,False,False,False,False,False,NO_LOG_FILLS
,2024-12-31T02:58:32.310533+00:00,2024-12-31T03:42:22.925653+00:00,21424.0,21398.0,SHORT,False,False,False,False,False,NO_LOG_FILLS
,2024-12-31T02:58:32.310533+00:00,2024-12-31T03:45:58.425800+00:00,21424.0,21394.75,SHORT,False,False,False,False,False,NO_LOG_FILLS
,2024-12-31T04:56:16.303559+00:00,2024-12-31T06:43:54.362244+00:00,21410.25,21376.5,LONG,False,False,False,False,False,NO_LOG_FILLS
,2024-12-31T08:16:30.321819+00:00,2024-12-31T09:09:00.825445+00:00,21375.75,21410.0,SHORT,False,False,False,False,False,NO_LOG_FILLS
,2024-12-31T13:49:02.548243+00:00,2024-12-31T14:00:37.351762+00:00,21467.0,21446.75,SHORT,False,False,False,False,False,NO_LOG_FILLS
,2024-12-31T13:49:02.548243+00:00,2024-12-31T14:36:55.307917+00:00,21467.0,21426.75,SHORT,False,False,False,False,False,NO_LOG_FILLS
,2024-12-31T13:49:02.548243+00:00,2024-12-31T14:37:14.444020+00:00,21467.0,21429.0,SHORT,False,False,False,False,False,NO_LOG_FILLS
,2024-12-31T15:21:13.617836+00:00,2024-12-31T15:21:56.798991+00:00,21420.0,21407.75,SHORT,False,False,False,False,False,NO_LOG_FILLS
,2024-12-31T15:21:13.617836+00:00,2024-12-31T15:22:19.501522+00:00,21420.0,21425.25,SHORT,False,False,False,False,False,NO_LOG_FILLS
,2024-12-31T15:27:33.326481+00:00,2024-12-31T15:28:10.999577+00:00,21455.0,21463.5,SHORT,False,False,False,False,False,NO_LOG_FILLS
,2024-12-31T15:28:19.946406+00:00,2024-12-31T15:28:20.469942+00:00,21449.25,21436.5,SHORT,False,False,False,False,False,NO_LOG_FILLS
,2024-12-31T15:28:19.946406+00:00,2024-12-31T15:28:21.096503+00:00,21449.25,21427.75,SHORT,False,False,False,False,False,NO_LOG_FILLS
,2024-12-31T15:28:19.946406+00:00,2024-12-31T15:30:59.351195+00:00,21449.25,21428.0,SHORT,False,False,False,False,False,NO_LOG_FILLS
,2024-12-31T15:38:50.615502+00:00,2024-12-31T15:43:13.802304+00:00,21413.75,21375.5,LONG,False,False,False,False,False,NO_LOG_FILLS
,2024-12-31T15:51:31.798678+00:00,2024-12-31T15:52:54.257452+00:00,21391.75,21406.25,LONG,False,False,False,False,False,NO_LOG_FILLS
,2024-12-31T15:51:31.798678+00:00,2024-12-31T16:01:02.588530+00:00,21391.75,21364.25,LONG,False,False,False,False,False,NO_LOG_FILLS
,2024-12-31T16:09:34.732115+00:00,2024-12-31T16:10:33.025611+00:00,21342.0,21330.25,LONG,False,False,False,False,False,NO_LOG_FILLS
,2024-12-31T16:40:11.215748+00:00,2024-12-31T16:42:05.349904+00:00,21295.0,21313.0,SHORT,False,False,False,False,False,NO_LOG_FILLS
,2024-12-31T17:25:56.733017+00:00,2024-12-31T17:27:11.714977+00:00,21293.25,21278.0,LONG,False,False,False,False,False,NO_LOG_FILLS
,2024-12-31T17:41:28.485528+00:00,2024-12-31T17:51:19.165294+00:00,21231.0,21243.5,LONG,False,False,False,False,False,NO_LOG_FILLS
,2024-12-31T17:41:28.485528+00:00,2024-12-31T17:54:35.559501+00:00,21231.0,21256.0,LONG,False,False,False,False,False,NO_LOG_FILLS
,2024-12-31T17:41:28.485528+00:00,2024-12-31T17:56:45.583143+00:00,21231.0,21277.25,LONG,False,False,False,False,False,NO_LOG_FILLS
,2024-12-31T18:35:43.483905+00:00,2024-12-31T18:37:30.908260+00:00,21224.25,21209.0,SHORT,False,False,False,False,False,NO_LOG_FILLS
,2024-12-31T18:35:43.483905+00:00,2024-12-31T18:40:13.568759+00:00,21224.25,21238.75,SHORT,False,False,False,False,False,NO_LOG_FILLS
,2024-12-31T19:16:15.583853+00:00,2024-12-31T19:17:40.540390+00:00,21258.25,21242.5,SHORT,False,False,False,False,False,NO_LOG_FILLS
,2024-12-31T19:16:15.583853+00:00,2024-12-31T19:19:47.561646+00:00,21258.25,21227.0,SHORT,False,False,False,False,False,NO_LOG_FILLS
,2024-12-31T19:16:15.583853+00:00,2024-12-31T19:21:07.028404+00:00,21258.25,21222.0,SHORT,False,False,False,False,False,NO_LOG_FILLS
,2024-12-31T19:35:44.495530+00:00,2024-12-31T19:42:28.590366+00:00,21212.0,21192.5,LONG,False,False,False,False,False,NO_LOG_FILLS
,2024-12-31T20:30:14.972758+00:00,2024-12-31T20:31:06.183959+00:00,21299.0,21282.75,SHORT,False,False,False,False,False,NO_LOG_FILLS
,2024-12-31T20:30:14.972758+00:00,2024-12-31T20:38:03.385711+00:00,21299.0,21266.75,SHORT,False,False,False,False,False,NO_LOG_FILLS
,2024-12-31T20:30:14.972758+00:00,2024-12-31T20:38:09.645049+00:00,21299.0,21273.75,SHORT,False,False,False,False,False,NO_LOG_FILLS
,2024-12-31T20:39:35.222055+00:00,2024-12-31T20:39:51.478019+00:00,21282.25,21264.75,LONG,False,False,False,False,False,NO_LOG_FILLS
,2024-12-31T20:42:34.713482+00:00,2024-12-31T20:45:37.604720+00:00,21266.0,21251.0,SHORT,False,False,False,False,False,NO_LOG_FILLS
,2024-12-31T20:42:34.713482+00:00,2024-12-31T20:49:09.980233+00:00,21266.0,21292.25,SHORT,False,False,False,False,False,NO_LOG_FILLS
,2024-12-31T20:54:40.242681+00:00,2024-12-31T20:54:47.748256+00:00,21227.75,21232.75,SHORT,False,False,False,False,False,NO_LOG_FILLS
,2024-12-31T21:15:13.624671+00:00,2024-12-31T21:44:15.314889+00:00,21230.5,21249.75,SHORT,False,False,False,False,False,NO_LOG_FILLS
,2024-12-31T21:44:38.073955+00:00,2024-12-31T21:45:48.314649+00:00,21250.75,21243.25,LONG,False,False,False,False,False,NO_LOG_FILLS
,2025-02-02T23:04:51.371931+00:00,2025-02-02T23:05:01.558361+00:00,21015.0,20994.25,LONG,False,False,False,False,False,NO_LOG_FILLS
,2025-02-02T23:06:09.424633+00:00,2025-02-02T23:07:36.682416+00:00,21036.5,21076.0,SHORT,False,False,False,False,False,NO_LOG_FILLS
,2025-02-02T23:15:02.789075+00:00,2025-02-02T23:17:33.209364+00:00,21047.25,21011.0,SHORT,False,False,False,False,False,NO_LOG_FILLS
,2025-02-02T23:15:02.789075+00:00,2025-02-02T23:30:49.125814+00:00,21047.25,21098.0,SHORT,False,False,False,False,False,NO_LOG_FILLS
,2025-02-02T23:42:42.272543+00:00,2025-02-02T23:45:24.600773+00:00,21071.25,21106.0,SHORT,False,False,False,False,False,NO_LOG_FILLS
,2025-03-16T22:52:03.949027+00:00,2025-03-16T22:52:10.259916+00:00,19593.0,19607.75,LONG,False,False,False,False,False,NO_LOG_FILLS
,2025-03-16T22:52:03.949027+00:00,2025-03-16T22:57:40.279322+00:00,19593.0,19576.5,LONG,False,False,False,False,False,NO_LOG_FILLS
,2025-03-30T23:24:52.800353+00:00,2025-03-30T23:25:19.431070+00:00,19242.25,19257.25,LONG,False,False,False,False,False,NO_LOG_FILLS
,2025-03-30T23:24:52.800353+00:00,2025-03-30T23:26:25.502825+00:00,19242.25,19272.5,LONG,False,False,False,False,False,NO_LOG_FILLS
,2025-03-30T23:24:52.800353+00:00,2025-03-30T23:27:04.072432+00:00,19242.25,19271.0,LONG,False,False,False,False,False,NO_LOG_FILLS
,2025-04-06T22:00:08.902178+00:00,2025-04-06T22:00:19.245321+00:00,16984.75,16951.0,SHORT,False,False,False,False,False,NO_LOG_FILLS
,2025-04-06T22:00:08.902178+00:00,2025-04-06T22:00:21.436386+00:00,16984.75,16915.5,SHORT,False,False,False,False,False,NO_LOG_FILLS
,2025-04-06T22:00:08.902178+00:00,2025-04-06T22:00:44.091932+00:00,16984.75,16861.5,SHORT,False,False,False,False,False,NO_LOG_FILLS
,2025-04-06T22:13:50.932802+00:00,2025-04-06T22:16:21.706633+00:00,16738.5,16779.75,SHORT,False,False,False,False,False,NO_LOG_FILLS
,2025-04-06T22:17:16.977532+00:00,2025-04-06T22:17:44.057855+00:00,16770.0,16747.5,LONG,False,False,False,False,False,NO_LOG_FILLS
,2025-04-06T22:40:12.778752+00:00,2025-04-06T22:44:06.799377+00:00,16720.0,16672.75,LONG,False,False,False,False,False,NO_LOG_FILLS
,2025-04-06T23:10:25.442243+00:00,2025-04-06T23:10:55.226734+00:00,16487.5,16556.5,LONG,False,False,False,False,False,NO_LOG_FILLS
,2025-04-06T23:10:25.442243+00:00,2025-04-06T23:24:27.849615+00:00,16487.5,16625.25,LONG,False,False,False,False,False,NO_LOG_FILLS
,2025-04-06T23:10:25.442243+00:00,2025-04-06T23:24:41.046933+00:00,16487.5,16620.25,LONG,False,False,False,False,False,NO_LOG_FILLS
,2025-04-13T22:00:09.377438+00:00,2025-04-13T22:00:09.771617+00:00,19132.25,19123.25,LONG,False,False,False,False,False,NO_LOG_FILLS
,2025-04-13T22:00:13.479798+00:00,2025-04-13T22:47:28.531548+00:00,19091.5,18967.5,LONG,False,False,False,False,False,NO_LOG_FILLS
,2025-04-13T22:00:15.438811+00:00,2025-04-13T22:47:28.531548+00:00,19065.0,18967.5,LONG,False,False,False,False,False,NO_LOG_FILLS
,2025-04-13T22:00:26.100117+00:00,2025-04-13T22:47:28.531548+00:00,19127.5,18967.5,LONG,False,False,False,False,False,NO_LOG_FILLS
,2025-04-13T22:47:29.002107+00:00,2025-04-13T23:34:39.210466+00:00,18980.0,19002.5,LONG,False,False,False,False,False,NO_LOG_FILLS
,2025-04-20T22:00:26.535560+00:00,2025-04-20T22:02:23.496363+00:00,18380.0,18318.75,LONG,False,False,False,False,False,NO_LOG_FILLS
,2025-04-21T00:08:11.365683+00:00,2025-04-21T01:31:56.549108+00:00,18334.75,18295.75,SHORT,False,False,False,False,False,NO_LOG_FILLS
,2025-04-21T00:42:40.086295+00:00,2025-04-21T01:31:56.549108+00:00,18378.25,18295.75,SHORT,False,False,False,False,False,NO_LOG_FILLS
,2025-04-21T00:44:56.597764+00:00,2025-04-21T01:31:56.549108+00:00,18358.5,18295.75,SHORT,False,False,False,False,False,NO_LOG_FILLS
,2025-04-21T01:51:34.477707+00:00,2025-04-21T02:50:05.381129+00:00,18277.25,18213.25,SHORT,False,False,False,False,False,NO_LOG_FILLS
,2025-04-21T05:44:01.445782+00:00,2025-04-21T11:00:00.132626+00:00,18247.0,18194.0,SHORT,False,False,False,False,False,NO_LOG_FILLS
,2025-04-21T07:10:30.109748+00:00,2025-04-21T11:00:00.132626+00:00,18189.0,18194.0,SHORT,False,False,False,False,False,NO_LOG_FILLS
,2025-04-21T09:12:12.274315+00:00,2025-04-21T11:42:51.694218+00:00,18143.0,18111.0,SHORT,False,False,False,False,False,NO_LOG_FILLS
,2025-04-21T11:44:37.931054+00:00,2025-04-21T12:14:38.291775+00:00,18087.5,18116.5,SHORT,False,False,False,False,False,NO_LOG_FILLS
,2025-04-21T12:39:17.698387+00:00,2025-04-21T13:46:20.045983+00:00,18145.25,18064.5,SHORT,False,False,False,False,False,NO_LOG_FILLS
,2025-04-21T13:37:02.673847+00:00,2025-04-21T13:56:18.880998+00:00,18079.75,18038.5,SHORT,False,False,False,False,False,NO_LOG_FILLS
,2025-04-21T13:37:02.673847+00:00,2025-04-21T13:57:09.960824+00:00,18079.75,18040.0,SHORT,False,False,False,False,False,NO_LOG_FILLS
,2025-04-21T13:42:04.826265+00:00,2025-04-21T15:14:25.216296+00:00,18090.25,17900.5,SHORT,False,False,False,False,False,NO_LOG_FILLS
,2025-04-21T13:42:04.826265+00:00,2025-04-21T15:22:59.101715+00:00,18090.25,17881.5,SHORT,False,False,False,False,False,NO_LOG_FILLS
,2025-04-21T13:42:04.826265+00:00,2025-04-21T15:23:24.329069+00:00,18090.25,17887.5,SHORT,False,False,False,False,False,NO_LOG_FILLS
,2025-04-21T15:01:38.919003+00:00,2025-04-21T15:27:19.336072+00:00,17919.5,17882.25,SHORT,False,False,False,False,False,NO_LOG_FILLS
,2025-04-21T15:28:40.729281+00:00,2025-04-21T15:30:28.808519+00:00,17868.25,17871.0,SHORT,False,False,False,False,False,NO_LOG_FILLS
,2025-04-21T15:31:13.819542+00:00,2025-04-21T15:44:17.936167+00:00,17855.25,17816.25,SHORT,False,False,False,False,False,NO_LOG_FILLS
,2025-04-21T15:31:13.819542+00:00,2025-04-21T15:48:21.044940+00:00,17855.25,17800.25,SHORT,False,False,False,False,False,NO_LOG_FILLS
,2025-04-21T15:31:13.819542+00:00,2025-04-21T15:49:12.211891+00:00,17855.25,17802.0,SHORT,False,False,False,False,False,NO_LOG_FILLS
,2025-04-21T15:43:58.150363+00:00,2025-04-21T16:32:16.426739+00:00,17832.25,17844.75,SHORT,False,False,False,False,False,NO_LOG_FILLS
,2025-04-21T16:34:11.866945+00:00,2025-04-21T16:55:49.344652+00:00,17832.0,17802.25,SHORT,False,False,False,False,False,NO_LOG_FILLS
,2025-04-21T16:56:44.242316+00:00,2025-04-21T17:11:30.698245+00:00,17798.0,17743.25,SHORT,False,False,False,False,False,NO_LOG_FILLS
,2025-04-21T17:19:23.583931+00:00,2025-04-21T17:26:59.794069+00:00,17757.5,17751.5,SHORT,False,False,False,False,False,NO_LOG_FILLS
,2025-04-21T17:22:14.860279+00:00,2025-04-21T17:26:59.794069+00:00,17771.75,17751.5,SHORT,False,False,False,False,False,NO_LOG_FILLS
,2025-04-21T17:22:40.510167+00:00,2025-04-21T17:26:59.794069+00:00,17763.75,17751.5,SHORT,False,False,False,False,False,NO_LOG_FILLS
,2025-04-21T17:25:02.095185+00:00,2025-04-21T19:00:28.842452+00:00,17748.75,17724.25,SHORT,False,False,False,False,False,NO_LOG_FILLS
,2025-04-21T19:01:19.595704+00:00,2025-04-21T19:21:18.314326+00:00,17739.5,17793.75,SHORT,False,False,False,False,False,NO_LOG_FILLS
,2025-04-21T19:05:01.314310+00:00,2025-04-21T19:21:18.314326+00:00,17754.5,17793.75,SHORT,False,False,False,False,False,NO_LOG_FILLS
,2025-04-21T19:05:58.930093+00:00,2025-04-21T19:21:18.314326+00:00,17753.5,17793.75,SHORT,False,False,False,False,False,NO_LOG_FILLS
,2025-04-21T19:21:06.913331+00:00,2025-04-21T19:28:27.929995+00:00,17786.0,17767.5,SHORT,False,False,False,False,False,NO_LOG_FILLS
,2025-04-21T19:21:06.913331+00:00,2025-04-21T19:32:17.979349+00:00,17786.0,17800.5,SHORT,False,False,False,False,False,NO_LOG_FILLS
,2025-04-21T19:27:02.160514+00:00,2025-04-21T19:40:47.888805+00:00,17783.25,17852.0,SHORT,False,False,False,False,False,NO_LOG_FILLS
,2025-04-21T19:37:34.472736+00:00,2025-04-21T19:53:05.997736+00:00,17831.0,17864.25,SHORT,False,False,False,False,False,NO_LOG_FILLS
,2025-04-21T19:52:22.595219+00:00,2025-04-21T20:05:00.307495+00:00,17853.75,17904.0,SHORT,False,False,False,False,False,NO_LOG_FILLS
,2025-05-18T22:04:18.133517+00:00,2025-05-18T22:57:02.690261+00:00,21347.0,21362.5,LONG,False,False,False,False,False,NO_LOG_FILLS
,2025-05-18T22:04:18.133517+00:00,2025-05-18T23:29:41.299230+00:00,21347.0,21378.0,LONG,False,False,False,False,False,NO_LOG_FILLS
,2025-05-18T22:04:18.133517+00:00,2025-05-18T23:46:00.706507+00:00,21347.0,21407.5,LONG,False,False,False,False,False,NO_LOG_FILLS
,2025-05-28T07:29:39.096825+00:00,2025-05-28T08:09:47.617493+00:00,21436.5,21424.5,SHORT,False,False,False,False,False,NO_LOG_FILLS
,2025-05-28T07:29:39.096825+00:00,2025-05-28T09:23:20.594612+00:00,21436.5,21412.5,SHORT,False,False,False,False,False,NO_LOG_FILLS
,2025-05-28T07:29:39.096825+00:00,2025-05-28T09:33:05.684597+00:00,21436.5,21418.25,SHORT,False,False,False,False,False,NO_LOG_FILLS
,2025-05-28T12:26:38.038333+00:00,2025-05-28T12:40:09.122216+00:00,21517.75,21529.75,SHORT,False,False,False,False,False,NO_LOG_FILLS
,2025-05-28T12:47:36.882337+00:00,2025-05-28T12:51:08.719237+00:00,21524.75,21509.5,SHORT,False,False,False,False,False,NO_LOG_FILLS
,2025-05-28T12:47:36.882337+00:00,2025-05-28T13:23:14.627559+00:00,21524.75,21495.0,SHORT,False,False,False,False,False,NO_LOG_FILLS
,2025-05-28T12:47:36.882337+00:00,2025-05-28T13:26:37.704629+00:00,21524.75,21499.75,SHORT,False,False,False,False,False,NO_LOG_FILLS
,2025-05-28T13:32:47.626036+00:00,2025-05-28T13:32:50.639460+00:00,21514.5,21510.0,LONG,False,False,False,False,False,NO_LOG_FILLS
,2025-05-28T15:00:46.263753+00:00,2025-05-28T15:03:51.007336+00:00,21440.5,21452.75,LONG,False,False,False,False,False,NO_LOG_FILLS
,2025-05-28T15:00:46.263753+00:00,2025-05-28T15:04:41.443043+00:00,21440.5,21465.25,LONG,False,False,False,False,False,NO_LOG_FILLS
,2025-05-28T15:00:46.263753+00:00,2025-05-28T15:06:14.970904+00:00,21440.5,21460.0,LONG,False,False,False,False,False,NO_LOG_FILLS
,2025-05-28T15:29:45.324040+00:00,2025-05-28T15:30:49.670426+00:00,21457.75,21468.0,LONG,False,False,False,False,False,NO_LOG_FILLS
,2025-05-28T15:29:45.324040+00:00,2025-05-28T15:34:36.910652+00:00,21457.75,21450.75,LONG,False,False,False,False,False,NO_LOG_FILLS
,2025-05-28T15:58:47.754319+00:00,2025-05-28T16:04:05.400197+00:00,21442.25,21464.25,SHORT,False,False,False,False,False,NO_LOG_FILLS
,2025-05-28T16:21:33.026423+00:00,2025-05-28T16:36:29.374304+00:00,21463.25,21477.0,SHORT,False,False,False,False,False,NO_LOG_FILLS
,2025-05-28T17:25:30.512101+00:00,2025-05-28T17:37:36.013811+00:00,21475.5,21465.75,SHORT,False,False,False,False,False,NO_LOG_FILLS
,2025-05-28T17:25:30.512101+00:00,2025-05-28T17:42:54.055632+00:00,21475.5,21456.25,SHORT,False,False,False,False,False,NO_LOG_FILLS
,2025-05-28T17:25:30.512101+00:00,2025-05-28T17:45:18.574508+00:00,21475.5,21466.25,SHORT,False,False,False,False,False,NO_LOG_FILLS
,2025-05-28T19:12:36.871662+00:00,2025-05-28T19:14:04.590321+00:00,21497.75,21486.25,SHORT,False,False,False,False,False,NO_LOG_FILLS
,2025-05-28T19:12:36.871662+00:00,2025-05-28T19:14:05.736244+00:00,21497.75,21474.75,SHORT,False,False,False,False,False,NO_LOG_FILLS
,2025-05-28T19:12:36.871662+00:00,2025-05-28T19:14:35.106200+00:00,21497.75,21473.25,SHORT,False,False,False,False,False,NO_LOG_FILLS
,2025-05-28T19:58:59.436489+00:00,2025-05-28T19:59:23.348485+00:00,21372.0,21386.75,SHORT,False,False,False,False,False,NO_LOG_FILLS
,2025-05-28T19:59:32.155098+00:00,2025-05-28T20:00:02.713474+00:00,21381.25,21368.0,SHORT,False,False,False,False,False,NO_LOG_FILLS
,2025-05-28T19:59:32.155098+00:00,2025-05-28T20:00:17.343438+00:00,21381.25,21354.5,SHORT,False,False,False,False,False,NO_LOG_FILLS
,2025-05-28T19:59:32.155098+00:00,2025-05-28T20:01:07.466623+00:00,21381.25,21345.75,SHORT,False,False,False,False,False,NO_LOG_FILLS
,2025-05-28T20:03:29.944239+00:00,2025-05-28T20:05:10.972472+00:00,21360.25,21373.75,LONG,False,False,False,False,False,NO_LOG_FILLS
,2025-05-28T20:03:29.944239+00:00,2025-05-28T20:06:33.714205+00:00,21360.25,21387.0,LONG,False,False,False,False,False,NO_LOG_FILLS
,2025-05-28T20:03:29.944239+00:00,2025-05-28T20:10:30.978996+00:00,21360.25,21385.5,LONG,False,False,False,False,False,NO_LOG_FILLS
,2025-05-28T20:19:54.394652+00:00,2025-05-28T20:19:58.919632+00:00,21393.25,21379.75,SHORT,False,False,False,False,False,NO_LOG_FILLS
,2025-05-28T20:19:54.394652+00:00,2025-05-28T20:19:59.210404+00:00,21393.25,21349.0,SHORT,False,False,False,False,False,NO_LOG_FILLS
,2025-05-28T20:19:54.394652+00:00,2025-05-28T20:20:04.308834+00:00,21393.25,21403.0,SHORT,False,False,False,False,False,NO_LOG_FILLS
,2025-05-28T20:20:04.308834+00:00,2025-05-28T20:20:06.323601+00:00,21403.0,21392.25,LONG,False,False,False,False,False,NO_LOG_FILLS
,2025-05-28T20:20:04.379757+00:00,2025-05-28T20:20:06.323601+00:00,21405.25,21392.25,LONG,False,False,False,False,False,NO_LOG_FILLS
,2025-05-28T22:36:51.040980+00:00,2025-05-28T22:37:18.559999+00:00,21532.75,21529.25,LONG,False,False,False,False,False,NO_LOG_FILLS
,2025-05-28T23:12:38.372143+00:00,2025-05-28T23:14:59.233561+00:00,21718.5,21744.0,SHORT,False,False,False,False,False,NO_LOG_FILLS
,2025-05-28T23:18:25.995325+00:00,2025-05-28T23:29:17.873117+00:00,21730.0,21708.0,SHORT,False,False,False,False,False,NO_LOG_FILLS
,2025-05-29T02:56:06.916018+00:00,2025-05-29T04:38:05.696871+00:00,21797.25,21775.5,SHORT,False,False,False,False,False,NO_LOG_FILLS
,2025-05-29T02:56:06.916018+00:00,2025-05-29T05:50:05.618467+00:00,21797.25,21823.75,SHORT,False,False,False,False,False,NO_LOG_FILLS
,2025-05-29T07:29:41.387297+00:00,2025-05-29T07:43:30.122154+00:00,21792.25,21811.0,LONG,False,False,False,False,False,NO_LOG_FILLS
,2025-05-29T07:29:41.387297+00:00,2025-05-29T07:58:55.156444+00:00,21792.25,21829.5,LONG,False,False,False,False,False,NO_LOG_FILLS
,2025-05-29T07:29:41.387297+00:00,2025-05-29T08:00:23.403356+00:00,21792.25,21842.25,LONG,False,False,False,False,False,NO_LOG_FILLS
,2025-05-29T09:02:14.456551+00:00,2025-05-29T09:11:36.322534+00:00,21788.0,21805.5,LONG,False,False,False,False,False,NO_LOG_FILLS
,2025-05-29T09:02:14.456551+00:00,2025-05-29T10:02:29.341062+00:00,21788.0,21774.75,LONG,False,False,False,False,False,NO_LOG_FILLS
,2025-05-29T10:32:04.941224+00:00,2025-05-29T10:47:01.243234+00:00,21751.25,21728.5,LONG,False,False,False,False,False,NO_LOG_FILLS
,2025-05-29T11:35:54.495850+00:00,2025-05-29T11:50:11.358058+00:00,21699.25,21672.75,LONG,False,False,False,False,False,NO_LOG_FILLS
,2025-05-29T13:40:21.521271+00:00,2025-05-29T13:41:22.287803+00:00,21572.0,21557.25,LONG,False,False,False,False,False,NO_LOG_FILLS
,2025-05-29T13:47:21.670248+00:00,2025-05-29T13:48:30.678683+00:00,21516.5,21507.5,LONG,False,False,False,False,False,NO_LOG_FILLS
,2025-05-29T13:55:17.147420+00:00,2025-05-29T13:55:27.982599+00:00,21538.75,21551.0,SHORT,False,False,False,False,False,NO_LOG_FILLS
,2025-05-29T13:57:17.885262+00:00,2025-05-29T13:58:38.836488+00:00,21515.25,21505.25,LONG,False,False,False,False,False,NO_LOG_FILLS
,2025-05-29T14:06:28.176466+00:00,2025-05-29T14:06:33.401059+00:00,21450.25,21440.75,LONG,False,False,False,False,False,NO_LOG_FILLS
,2025-05-29T14:23:53.082925+00:00,2025-05-29T14:25:44.872541+00:00,21417.75,21432.0,LONG,False,False,False,False,False,NO_LOG_FILLS
,2025-05-29T14:23:53.082925+00:00,2025-05-29T14:27:00.863223+00:00,21417.75,21446.25,LONG,False,False,False,False,False,NO_LOG_FILLS
,2025-05-29T14:23:53.082925+00:00,2025-05-29T14:27:35.305370+00:00,21417.75,21441.5,LONG,False,False,False,False,False,NO_LOG_FILLS
,2025-05-29T14:41:10.359467+00:00,2025-05-29T14:48:18.307521+00:00,21442.0,21475.0,SHORT,False,False,False,False,False,NO_LOG_FILLS
,2025-05-29T15:21:51.734108+00:00,2025-05-29T15:26:46.934643+00:00,21483.0,21498.0,LONG,False,False,False,False,False,NO_LOG_FILLS
,2025-05-29T15:21:51.734108+00:00,2025-05-29T15:32:16.648597+00:00,21483.0,21457.0,LONG,False,False,False,False,False,NO_LOG_FILLS
,2025-05-29T15:45:42.730442+00:00,2025-05-29T15:46:16.759685+00:00,21432.0,21446.5,SHORT,False,False,False,False,False,NO_LOG_FILLS
,2025-05-29T15:49:28.138803+00:00,2025-05-29T15:51:42.125055+00:00,21422.75,21453.5,SHORT,False,False,False,False,False,NO_LOG_FILLS
,2025-05-29T15:52:18.161127+00:00,2025-05-29T15:57:15.775364+00:00,21454.25,21420.25,LONG,False,False,False,False,False,NO_LOG_FILLS
,2025-05-29T16:00:30.483629+00:00,2025-05-29T16:00:38.880715+00:00,21326.25,21312.25,SHORT,False,False,False,False,False,NO_LOG_FILLS
,2025-05-29T16:00:30.483629+00:00,2025-05-29T16:01:17.400328+00:00,21326.25,21337.5,SHORT,False,False,False,False,False,NO_LOG_FILLS
,2025-05-29T16:55:49.359500+00:00,2025-05-29T16:57:30.172239+00:00,21447.25,21467.5,LONG,False,False,False,False,False,NO_LOG_FILLS
,2025-05-29T16:55:49.359500+00:00,2025-05-29T17:02:05.181783+00:00,21447.25,21475.5,LONG,False,False,False,False,False,NO_LOG_FILLS
,2025-05-29T16:55:49.359500+00:00,2025-05-29T17:03:18.356594+00:00,21447.25,21467.25,LONG,False,False,False,False,False,NO_LOG_FILLS
,2025-05-29T17:51:32.175502+00:00,2025-05-29T17:56:45.887448+00:00,21391.75,21374.75,LONG,False,False,False,False,False,NO_LOG_FILLS
,2025-05-29T18:05:03.000079+00:00,2025-05-29T18:17:46.916952+00:00,21391.0,21369.5,LONG,False,False,False,False,False,NO_LOG_FILLS
,2025-05-29T18:37:29.222720+00:00,2025-05-29T18:39:46.242326+00:00,21375.0,21382.0,SHORT,False,False,False,False,False,NO_LOG_FILLS
,2025-05-29T18:47:16.540528+00:00,2025-05-29T18:52:48.878820+00:00,21376.5,21394.0,SHORT,False,False,False,False,False,NO_LOG_FILLS
,2025-05-29T18:58:28.512602+00:00,2025-05-29T18:59:08.194878+00:00,21364.75,21350.5,SHORT,False,False,False,False,False,NO_LOG_FILLS
,2025-05-29T18:58:28.512602+00:00,2025-05-29T19:00:34.453361+00:00,21364.75,21372.75,SHORT,False,False,False,False,False,NO_LOG_FILLS
,2025-05-29T19:13:23.480356+00:00,2025-05-29T19:13:48.691601+00:00,21344.75,21359.25,LONG,False,False,False,False,False,NO_LOG_FILLS
,2025-05-29T19:13:23.480356+00:00,2025-05-29T19:15:10.220935+00:00,21344.75,21342.75,LONG,False,False,False,False,False,NO_LOG_FILLS
,2025-05-29T19:18:26.022092+00:00,2025-05-29T19:20:11.530704+00:00,21367.75,21382.25,LONG,False,False,False,False,False,NO_LOG_FILLS
,2025-05-29T19:18:26.022092+00:00,2025-05-29T19:23:25.050987+00:00,21367.75,21397.0,LONG,False,False,False,False,False,NO_LOG_FILLS
,2025-05-29T19:18:26.022092+00:00,2025-05-29T19:24:31.252862+00:00,21367.75,21394.75,LONG,False,False,False,False,False,NO_LOG_FILLS
,2025-05-29T19:52:59.391155+00:00,2025-05-29T19:53:13.297154+00:00,21410.0,21400.0,LONG,False,False,False,False,False,NO_LOG_FILLS
,2025-05-29T19:59:04.224347+00:00,2025-05-29T20:00:03.822830+00:00,21405.5,21420.0,SHORT,False,False,False,False,False,NO_LOG_FILLS
,2025-05-29T20:09:50.631885+00:00,2025-05-29T20:19:19.300421+00:00,21386.5,21400.5,LONG,False,False,False,False,False,NO_LOG_FILLS
,2025-05-29T20:09:50.631885+00:00,2025-05-29T20:31:17.636584+00:00,21386.5,21414.5,LONG,False,False,False,False,False,NO_LOG_FILLS
,2025-05-29T20:09:50.631885+00:00,2025-05-29T20:34:29.501711+00:00,21386.5,21405.0,LONG,False,False,False,False,False,NO_LOG_FILLS
,2025-05-30T00:06:01.513580+00:00,2025-05-30T01:04:51.818894+00:00,21341.0,21313.5,LONG,False,False,False,False,False,NO_LOG_FILLS
,2025-05-30T04:46:59.424851+00:00,2025-05-30T05:03:45.019549+00:00,21331.0,21365.5,SHORT,False,False,False,False,False,NO_LOG_FILLS
,2025-05-30T07:21:35.464430+00:00,2025-05-30T07:48:12.031304+00:00,21361.0,21381.5,LONG,False,False,False,False,False,NO_LOG_FILLS
,2025-05-30T07:21:35.464430+00:00,2025-05-30T11:07:33.335382+00:00,21361.0,21402.0,LONG,False,False,False,False,False,NO_LOG_FILLS
,2025-05-30T07:21:35.464430+00:00,2025-05-30T11:13:12.297380+00:00,21361.0,21411.75,LONG,False,False,False,False,False,NO_LOG_FILLS
,2025-05-30T12:09:43.305481+00:00,2025-05-30T12:09:45.107895+00:00,21326.75,21349.75,LONG,False,False,False,False,False,NO_LOG_FILLS
,2025-05-30T12:09:43.305481+00:00,2025-05-30T12:09:59.121081+00:00,21326.75,21372.75,LONG,False,False,False,False,False,NO_LOG_FILLS
,2025-05-30T12:09:43.305481+00:00,2025-05-30T12:10:12.335050+00:00,21326.75,21362.25,LONG,False,False,False,False,False,NO_LOG_FILLS
,2025-05-30T12:11:14.941049+00:00,2025-05-30T12:11:26.667740+00:00,21266.5,21241.5,SHORT,False,False,False,False,False,NO_LOG_FILLS
,2025-05-30T12:11:14.941049+00:00,2025-05-30T12:16:01.035459+00:00,21266.5,21307.75,SHORT,False,False,False,False,False,NO_LOG_FILLS
,2025-05-30T12:56:26.042209+00:00,2025-05-30T13:07:48.745180+00:00,21343.75,21316.25,SHORT,False,False,False,False,False,NO_LOG_FILLS
,2025-05-30T12:56:26.042209+00:00,2025-05-30T13:18:20.637542+00:00,21343.75,21370.75,SHORT,False,False,False,False,False,NO_LOG_FILLS
,2025-05-30T13:18:47.443309+00:00,2025-05-30T13:21:25.011223+00:00,21370.0,21380.75,SHORT,False,False,False,False,False,NO_LOG_FILLS
,2025-05-30T13:24:59.902655+00:00,2025-05-30T13:25:15.669954+00:00,21350.0,21359.75,SHORT,False,False,False,False,False,NO_LOG_FILLS
,2025-05-30T13:31:54.200110+00:00,2025-05-30T13:32:44.859988+00:00,21369.75,21341.0,LONG,False,False,False,False,False,NO_LOG_FILLS
,2025-05-30T13:43:23.806386+00:00,2025-05-30T13:45:00.333977+00:00,21308.5,21295.5,LONG,False,False,False,False,False,NO_LOG_FILLS
,2025-05-30T13:46:00.006273+00:00,2025-05-30T13:49:11.602871+00:00,21324.25,21290.0,LONG,False,False,False,False,False,NO_LOG_FILLS
,2025-05-30T13:49:22.034360+00:00,2025-05-30T13:50:00.986608+00:00,21296.5,21287.0,LONG,False,False,False,False,False,NO_LOG_FILLS
,2025-05-30T13:55:55.049147+00:00,2025-05-30T13:59:59.903552+00:00,21256.5,21277.5,SHORT,False,False,False,False,False,NO_LOG_FILLS
,2025-05-30T14:04:24.771518+00:00,2025-05-30T14:05:28.091737+00:00,21320.25,21335.75,LONG,False,False,False,False,False,NO_LOG_FILLS
,2025-05-30T14:04:24.771518+00:00,2025-05-30T14:09:43.379672+00:00,21320.25,21350.75,LONG,False,False,False,False,False,NO_LOG_FILLS
,2025-05-30T14:04:24.771518+00:00,2025-05-30T14:10:14.483181+00:00,21320.25,21341.0,LONG,False,False,False,False,False,NO_LOG_FILLS
,2025-05-30T14:40:36.430110+00:00,2025-05-30T14:44:59.847767+00:00,21381.25,21367.0,SHORT,False,False,False,False,False,NO_LOG_FILLS
,2025-05-30T14:40:36.430110+00:00,2025-05-30T14:52:46.180878+00:00,21381.25,21353.0,SHORT,False,False,False,False,False,NO_LOG_FILLS
,2025-05-30T14:40:36.430110+00:00,2025-05-30T14:53:11.592884+00:00,21381.25,21356.5,SHORT,False,False,False,False,False,NO_LOG_FILLS
,2025-05-30T14:58:39.841814+00:00,2025-05-30T15:11:54.946389+00:00,21350.75,21336.0,SHORT,False,False,False,False,False,NO_LOG_FILLS
,2025-05-30T14:58:39.841814+00:00,2025-05-30T15:19:01.776187+00:00,21350.75,21321.5,SHORT,False,False,False,False,False,NO_LOG_FILLS
,2025-05-30T14:58:39.841814+00:00,2025-05-30T15:20:13.271114+00:00,21350.75,21330.75,SHORT,False,False,False,False,False,NO_LOG_FILLS
,2025-05-30T15:22:31.148997+00:00,2025-05-30T15:23:10.229967+00:00,21337.25,21352.5,LONG,False,False,False,False,False,NO_LOG_FILLS
,2025-05-30T15:22:31.148997+00:00,2025-05-30T15:27:39.580388+00:00,21337.25,21367.75,LONG,False,False,False,False,False,NO_LOG_FILLS
,2025-05-30T15:22:31.148997+00:00,2025-05-30T15:29:55.066167+00:00,21337.25,21367.5,LONG,False,False,False,False,False,NO_LOG_FILLS
,2025-05-30T15:34:27.094760+00:00,2025-05-30T15:37:21.361000+00:00,21321.5,21309.0,LONG,False,False,False,False,False,NO_LOG_FILLS
,2025-05-30T15:38:08.341164+00:00,2025-05-30T15:41:14.169975+00:00,21308.0,21293.5,SHORT,False,False,False,False,False,NO_LOG_FILLS
,2025-05-30T15:38:08.341164+00:00,2025-05-30T15:43:34.938573+00:00,21308.0,21322.25,SHORT,False,False,False,False,False,NO_LOG_FILLS
,2025-05-30T15:50:50.441659+00:00,2025-05-30T15:52:08.773287+00:00,21320.5,21332.25,SHORT,False,False,False,False,False,NO_LOG_FILLS
,2025-05-30T16:00:23.315618+00:00,2025-05-30T16:01:07.559942+00:00,21319.75,21305.5,SHORT,False,False,False,False,False,NO_LOG_FILLS
,2025-05-30T16:00:23.315618+00:00,2025-05-30T16:16:57.368452+00:00,21319.75,21291.0,SHORT,False,False,False,False,False,NO_LOG_FILLS
,2025-05-30T16:00:23.315618+00:00,2025-05-30T16:19:19.199881+00:00,21319.75,21278.0,SHORT,False,False,False,False,False,NO_LOG_FILLS
,2025-05-30T16:27:23.122608+00:00,2025-05-30T16:27:44.064170+00:00,21233.5,21219.5,SHORT,False,False,False,False,False,NO_LOG_FILLS
,2025-05-30T16:27:23.122608+00:00,2025-05-30T16:28:39.811410+00:00,21233.5,21205.5,SHORT,False,False,False,False,False,NO_LOG_FILLS
,2025-05-30T16:27:23.122608+00:00,2025-05-30T16:28:58.799790+00:00,21233.5,21195.25,SHORT,False,False,False,False,False,NO_LOG_FILLS
,2025-05-30T16:32:30.092884+00:00,2025-05-30T16:32:45.544131+00:00,21113.75,21104.75,LONG,False,False,False,False,False,NO_LOG_FILLS
,2025-05-30T16:35:49.466059+00:00,2025-05-30T16:36:30.745491+00:00,21106.0,21092.25,SHORT,False,False,False,False,False,NO_LOG_FILLS
,2025-05-30T16:35:49.466059+00:00,2025-05-30T16:36:57.304559+00:00,21106.0,21126.5,SHORT,False,False,False,False,False,NO_LOG_FILLS
,2025-05-30T16:43:29.976007+00:00,2025-05-30T16:44:10.946103+00:00,21139.0,21124.0,SHORT,False,False,False,False,False,NO_LOG_FILLS
,2025-05-30T16:43:29.976007+00:00,2025-05-30T16:47:44.036691+00:00,21139.0,21109.0,SHORT,False,False,False,False,False,NO_LOG_FILLS
,2025-05-30T16:43:29.976007+00:00,2025-05-30T16:47:55.132044+00:00,21139.0,21116.0,SHORT,False,False,False,False,False,NO_LOG_FILLS
,2025-05-30T17:19:49.562392+00:00,2025-05-30T17:20:47.284821+00:00,21174.5,21150.5,LONG,False,False,False,False,False,NO_LOG_FILLS
,2025-05-30T18:18:27.921220+00:00,2025-05-30T18:18:32.666624+00:00,21228.0,21250.75,SHORT,False,False,False,False,False,NO_LOG_FILLS
,2025-05-30T18:19:09.474228+00:00,2025-05-30T18:19:29.430123+00:00,21255.25,21269.25,SHORT,False,False,False,False,False,NO_LOG_FILLS
,2025-05-30T18:21:04.925489+00:00,2025-05-30T18:21:55.337870+00:00,21265.25,21286.0,SHORT,False,False,False,False,False,NO_LOG_FILLS
,2025-05-30T18:56:17.066563+00:00,2025-05-30T18:57:45.987559+00:00,21281.25,21304.75,SHORT,False,False,False,False,False,NO_LOG_FILLS
,2025-05-30T19:22:28.546378+00:00,2025-05-30T19:24:41.376959+00:00,21355.0,21377.5,SHORT,False,False,False,False,False,NO_LOG_FILLS
,2025-06-01T23:20:30.246883+00:00,2025-06-01T23:29:59.985991+00:00,21308.75,21291.5,LONG,False,False,False,False,False,NO_LOG_FILLS
,2025-06-02T03:48:10.182215+00:00,2025-06-02T04:15:20.033440+00:00,21233.0,21244.25,SHORT,False,False,False,False,False,NO_LOG_FILLS
,2025-06-02T07:24:06.439774+00:00,2025-06-02T07:27:02.419988+00:00,21234.5,21215.75,SHORT,False,False,False,False,False,NO_LOG_FILLS
,2025-06-02T07:24:06.439774+00:00,2025-06-02T07:27:41.840245+00:00,21234.5,21197.0,SHORT,False,False,False,False,False,NO_LOG_FILLS
,2025-06-02T07:24:06.439774+00:00,2025-06-02T07:30:13.887809+00:00,21234.5,21185.0,SHORT,False,False,False,False,False,NO_LOG_FILLS
,2025-06-02T09:44:59.842612+00:00,2025-06-02T10:06:21.705632+00:00,21210.25,21233.5,SHORT,False,False,False,False,False,NO_LOG_FILLS
,2025-06-02T15:03:49.416130+00:00,2025-06-02T15:03:53.351660+00:00,21397.0,21381.0,SHORT,False,False,False,False,False,NO_LOG_FILLS
,2025-06-02T15:03:49.416130+00:00,2025-06-02T15:09:17.646434+00:00,21397.0,21366.25,SHORT,False,False,False,False,False,NO_LOG_FILLS
,2025-06-02T15:03:49.416130+00:00,2025-06-02T15:10:51.738282+00:00,21397.0,21367.75,SHORT,False,False,False,False,False,NO_LOG_FILLS
,2025-06-02T15:26:20.907294+00:00,2025-06-02T15:43:45.438636+00:00,21368.25,21397.5,SHORT,False,False,False,False,False,NO_LOG_FILLS
,2025-06-02T15:46:17.489583+00:00,2025-06-02T15:50:54.500436+00:00,21408.5,21424.5,LONG,False,False,False,False,False,NO_LOG_FILLS
,2025-06-02T15:46:17.489583+00:00,2025-06-02T15:53:30.575553+00:00,21408.5,21440.5,LONG,False,False,False,False,False,NO_LOG_FILLS
,2025-06-02T15:46:17.489583+00:00,2025-06-02T15:56:28.808001+00:00,21408.5,21434.75,LONG,False,False,False,False,False,NO_LOG_FILLS
,2025-06-02T16:44:07.666274+00:00,2025-06-02T16:53:03.647627+00:00,21413.75,21438.75,SHORT,False,False,False,False,False,NO_LOG_FILLS
,2025-06-02T23:30:37.749054+00:00,2025-06-02T23:35:55.222643+00:00,21526.0,21513.25,SHORT,False,False,False,False,False,NO_LOG_FILLS
,2025-06-02T23:30:37.749054+00:00,2025-06-02T23:51:35.981929+00:00,21526.0,21500.5,SHORT,False,False,False,False,False,NO_LOG_FILLS
,2025-06-03T00:03:12.284919+00:00,2025-06-03T08:19:36.404433+00:00,21497.75,21406.25,LONG,False,False,False,False,False,NO_LOG_FILLS
,2025-06-03T07:32:15.964036+00:00,2025-06-03T08:19:36.404433+00:00,21444.5,21406.25,LONG,False,False,False,False,False,NO_LOG_FILLS
,2025-06-03T07:32:15.964036+00:00,2025-06-03T12:46:05.745905+00:00,21444.5,21503.75,LONG,False,False,False,False,False,NO_LOG_FILLS
,2025-06-03T12:46:05.745905+00:00,2025-06-03T13:04:38.934995+00:00,21503.75,21543.75,SHORT,False,False,False,False,False,NO_LOG_FILLS
,2025-06-03T13:04:38.934995+00:00,2025-06-03T13:24:59.964873+00:00,21543.75,21536.75,LONG,False,False,False,False,False,NO_LOG_FILLS
,2025-06-03T13:20:30.087453+00:00,2025-06-03T13:24:59.964873+00:00,21544.0,21536.75,LONG,False,False,False,False,False,NO_LOG_FILLS
,2025-06-03T13:20:30.087453+00:00,2025-06-03T13:30:58.440953+00:00,21544.0,21586.5,LONG,False,False,False,False,False,NO_LOG_FILLS
,2025-06-03T13:30:58.440953+00:00,2025-06-03T13:31:07.138119+00:00,21586.5,21595.5,SHORT,False,False,False,False,False,NO_LOG_FILLS
,2025-06-03T13:31:07.138119+00:00,2025-06-03T13:32:49.624647+00:00,21595.5,21536.0,LONG,False,False,False,False,False,NO_LOG_FILLS
,2025-06-03T13:32:42.941551+00:00,2025-06-03T13:32:49.624647+00:00,21546.5,21536.0,LONG,False,False,False,False,False,NO_LOG_FILLS
,2025-06-03T13:32:42.941551+00:00,2025-06-03T13:38:38.415137+00:00,21546.5,21521.5,LONG,False,False,False,False,False,NO_LOG_FILLS
,2025-06-03T13:36:45.384848+00:00,2025-06-03T13:38:38.415137+00:00,21539.25,21521.5,LONG,False,False,False,False,False,NO_LOG_FILLS
,2025-06-03T13:36:45.384848+00:00,2025-06-03T13:57:04.823075+00:00,21539.25,21598.75,LONG,False,False,False,False,False,NO_LOG_FILLS
,2025-06-03T13:57:03.624615+00:00,2025-06-03T13:57:04.823075+00:00,21600.75,21598.75,LONG,False,False,False,False,False,NO_LOG_FILLS
,2025-06-03T13:57:03.624615+00:00,2025-06-03T14:46:11.024146+00:00,21600.75,21622.25,LONG,False,False,False,False,False,NO_LOG_FILLS
,2025-06-03T14:38:58.665569+00:00,2025-06-03T14:49:51.050707+00:00,21609.25,21635.0,LONG,False,False,False,False,False,NO_LOG_FILLS
,2025-06-03T14:38:58.665569+00:00,2025-06-03T14:55:59.524451+00:00,21609.25,21642.75,LONG,False,False,False,False,False,NO_LOG_FILLS
,2025-06-03T14:38:58.665569+00:00,2025-06-03T15:18:24.402430+00:00,21609.25,21668.75,LONG,False,False,False,False,False,NO_LOG_FILLS
,2025-06-03T15:13:32.873605+00:00,2025-06-03T15:20:17.570111+00:00,21658.25,21679.5,LONG,False,False,False,False,False,NO_LOG_FILLS
,2025-06-03T15:13:32.873605+00:00,2025-06-03T15:21:14.968369+00:00,21658.25,21676.0,LONG,False,False,False,False,False,NO_LOG_FILLS
,2025-06-03T15:13:32.873605+00:00,2025-06-03T15:25:47.820462+00:00,21658.25,21675.75,LONG,False,False,False,False,False,NO_LOG_FILLS
,2025-06-03T15:25:47.820462+00:00,2025-06-03T15:30:03.128603+00:00,21675.75,21666.0,SHORT,False,False,False,False,False,NO_LOG_FILLS
,2025-06-03T15:25:47.820462+00:00,2025-06-03T15:42:48.348129+00:00,21675.75,21679.0,SHORT,False,False,False,False,False,NO_LOG_FILLS
,2025-06-03T15:42:48.348129+00:00,2025-06-03T15:50:07.680104+00:00,21679.0,21661.5,LONG,False,False,False,False,False,NO_LOG_FILLS
,2025-06-03T15:42:53.352387+00:00,2025-06-03T15:50:07.680104+00:00,21680.0,21661.5,LONG,False,False,False,False,False,NO_LOG_FILLS
,2025-06-03T15:42:53.352387+00:00,2025-06-03T16:20:25.585945+00:00,21680.0,21704.25,LONG,False,False,False,False,False,NO_LOG_FILLS
,2025-06-03T16:20:25.585945+00:00,2025-06-03T16:23:05.530312+00:00,21704.25,21695.5,SHORT,False,False,False,False,False,NO_LOG_FILLS
,2025-06-03T16:20:25.585945+00:00,2025-06-03T16:30:31.213213+00:00,21704.25,21710.0,SHORT,False,False,False,False,False,NO_LOG_FILLS
,2025-06-03T16:30:31.213213+00:00,2025-06-03T16:32:03.110055+00:00,21710.0,21728.0,LONG,False,False,False,False,False,NO_LOG_FILLS
,2025-06-03T16:31:13.884368+00:00,2025-06-03T16:35:37.342397+00:00,21719.25,21736.75,LONG,False,False,False,False,False,NO_LOG_FILLS
,2025-06-03T16:31:13.884368+00:00,2025-06-03T16:39:57.605510+00:00,21719.25,21736.0,LONG,False,False,False,False,False,NO_LOG_FILLS
,2025-06-03T16:31:13.884368+00:00,2025-06-03T17:17:33.747898+00:00,21719.25,21749.25,LONG,False,False,False,False,False,NO_LOG_FILLS
,2025-06-03T16:49:14.989335+00:00,2025-06-03T17:21:51.218693+00:00,21740.75,21759.25,LONG,False,False,False,False,False,NO_LOG_FILLS
,2025-06-03T16:49:14.989335+00:00,2025-06-03T17:25:13.325512+00:00,21740.75,21749.5,LONG,False,False,False,False,False,NO_LOG_FILLS
,2025-06-03T16:49:14.989335+00:00,2025-06-03T17:46:24.387479+00:00,21740.75,21741.75,LONG,False,False,False,False,False,NO_LOG_FILLS
,2025-06-03T17:41:06.720055+00:00,2025-06-03T17:49:59.511235+00:00,21734.25,21727.0,LONG,False,False,False,False,False,NO_LOG_FILLS
,2025-06-03T17:41:06.720055+00:00,2025-06-03T18:51:25.040725+00:00,21734.25,21697.75,LONG,False,False,False,False,False,NO_LOG_FILLS
,2025-06-03T18:51:25.040725+00:00,2025-06-03T18:57:53.914376+00:00,21697.75,21710.25,SHORT,False,False,False,False,False,NO_LOG_FILLS
,2025-06-03T18:57:53.914376+00:00,2025-06-03T19:50:50.069677+00:00,21710.25,21682.0,LONG,False,False,False,False,False,NO_LOG_FILLS
,2025-06-03T19:49:13.509094+00:00,2025-06-03T19:53:22.364227+00:00,21672.25,21691.75,LONG,False,False,False,False,False,NO_LOG_FILLS
,2025-06-03T19:49:13.509094+00:00,2025-06-03T19:54:49.262915+00:00,21672.25,21697.5,LONG,False,False,False,False,False,NO_LOG_FILLS
,2025-06-04T08:06:27.755171+00:00,2025-06-04T08:12:20.795167+00:00,21726.75,21739.5,SHORT,False,False,False,False,False,NO_LOG_FILLS
,2025-06-04T11:07:44.032517+00:00,2025-06-04T11:24:13.800509+00:00,21751.25,21731.75,LONG,False,False,False,False,False,NO_LOG_FILLS
,2025-06-04T11:48:45.200917+00:00,2025-06-04T11:58:27.367613+00:00,21752.75,21745.75,LONG,False,False,False,False,False,NO_LOG_FILLS
,2025-06-04T12:26:19.570803+00:00,2025-06-04T12:30:39.481470+00:00,21681.0,21696.0,LONG,False,False,False,False,False,NO_LOG_FILLS
,2025-06-04T12:26:19.570803+00:00,2025-06-04T12:59:40.384264+00:00,21681.0,21711.25,LONG,False,False,False,False,False,NO_LOG_FILLS
,2025-06-04T12:26:19.570803+00:00,2025-06-04T13:00:10.674775+00:00,21681.0,21708.5,LONG,False,False,False,False,False,NO_LOG_FILLS
,2025-06-04T13:43:10.066293+00:00,2025-06-04T13:43:47.172925+00:00,21775.75,21761.75,SHORT,False,False,False,False,False,NO_LOG_FILLS
,2025-06-04T13:43:10.066293+00:00,2025-06-04T13:51:42.863425+00:00,21775.75,21748.0,SHORT,False,False,False,False,False,NO_LOG_FILLS
,2025-06-04T13:43:10.066293+00:00,2025-06-04T13:52:12.404651+00:00,21775.75,21743.5,SHORT,False,False,False,False,False,NO_LOG_FILLS
,2025-06-04T14:03:10.702494+00:00,2025-06-04T14:03:29.976714+00:00,21715.0,21701.0,SHORT,False,False,False,False,False,NO_LOG_FILLS
,2025-06-04T14:03:10.702494+00:00,2025-06-04T14:06:16.438809+00:00,21715.0,21687.0,SHORT,False,False,False,False,False,NO_LOG_FILLS
,2025-06-04T14:03:10.702494+00:00,2025-06-04T14:08:34.797934+00:00,21715.0,21652.75,SHORT,False,False,False,False,False,NO_LOG_FILLS
,2025-06-04T14:40:39.092230+00:00,2025-06-04T14:41:12.420522+00:00,21735.5,21724.25,LONG,False,False,False,False,False,NO_LOG_FILLS
,2025-06-04T15:05:29.705881+00:00,2025-06-04T15:06:03.344879+00:00,21765.5,21772.75,SHORT,False,False,False,False,False,NO_LOG_FILLS
,2025-06-04T15:10:28.270422+00:00,2025-06-04T15:11:00.743426+00:00,21769.0,21777.25,SHORT,False,False,False,False,False,NO_LOG_FILLS
,2025-06-04T15:27:42.923824+00:00,2025-06-04T15:29:43.795323+00:00,21769.75,21756.0,LONG,False,False,False,False,False,NO_LOG_FILLS
,2025-06-04T15:44:21.280279+00:00,2025-06-04T15:44:23.305743+00:00,21766.75,21756.0,SHORT,False,False,False,False,False,NO_LOG_FILLS
,2025-06-04T15:44:21.280279+00:00,2025-06-04T15:44:29.179855+00:00,21766.75,21745.5,SHORT,False,False,False,False,False,NO_LOG_FILLS
,2025-06-04T15:44:21.280279+00:00,2025-06-04T15:45:15.786399+00:00,21766.75,21747.5,SHORT,False,False,False,False,False,NO_LOG_FILLS
,2025-06-04T15:55:49.568318+00:00,2025-06-04T15:55:58.676820+00:00,21756.75,21757.75,SHORT,False,False,False,False,False,NO_LOG_FILLS
,2025-06-04T16:17:22.228959+00:00,2025-06-04T16:19:22.722046+00:00,21725.5,21737.0,LONG,False,False,False,False,False,NO_LOG_FILLS
,2025-06-04T16:17:22.228959+00:00,2025-06-04T16:48:57.683087+00:00,21725.5,21748.5,LONG,False,False,False,False,False,NO_LOG_FILLS
,2025-06-04T16:17:22.228959+00:00,2025-06-04T17:19:21.553878+00:00,21725.5,21767.5,LONG,False,False,False,False,False,NO_LOG_FILLS
,2025-06-04T18:04:43.597942+00:00,2025-06-04T18:06:31.710517+00:00,21789.0,21798.0,SHORT,False,False,False,False,False,NO_LOG_FILLS
,2025-06-04T18:08:39.073329+00:00,2025-06-04T18:30:06.651493+00:00,21780.5,21799.75,SHORT,False,False,False,False,False,NO_LOG_FILLS
,2025-06-04T20:26:18.633738+00:00,2025-06-04T20:57:01.433960+00:00,21755.75,21745.5,SHORT,False,False,False,False,False,NO_LOG_FILLS
,2025-06-04T20:26:18.633738+00:00,2025-06-04T20:58:59.337860+00:00,21755.75,21746.5,SHORT,False,False,False,False,False,NO_LOG_FILLS
,2025-06-04T22:42:43.972364+00:00,2025-06-04T23:07:49.488383+00:00,21758.75,21748.0,SHORT,False,False,False,False,False,NO_LOG_FILLS
,2025-06-04T22:42:43.972364+00:00,2025-06-04T23:57:21.073943+00:00,21758.75,21737.5,SHORT,False,False,False,False,False,NO_LOG_FILLS
,2025-06-05T00:01:30.309922+00:00,2025-06-05T07:02:00.241877+00:00,21747.0,21748.5,LONG,False,False,False,False,False,NO_LOG_FILLS
,2025-06-05T06:26:36.388816+00:00,2025-06-05T07:11:40.192582+00:00,21738.0,21759.0,LONG,False,False,False,False,False,NO_LOG_FILLS
,2025-06-05T06:26:36.388816+00:00,2025-06-05T07:16:45.676325+00:00,21738.0,21762.5,LONG,False,False,False,False,False,NO_LOG_FILLS
,2025-06-05T06:26:36.388816+00:00,2025-06-05T12:29:59.703375+00:00,21738.0,21763.0,LONG,False,False,False,False,False,NO_LOG_FILLS
,2025-06-05T11:48:06.442299+00:00,2025-06-05T12:29:59.703375+00:00,21770.25,21763.0,LONG,False,False,False,False,False,NO_LOG_FILLS
,2025-06-05T11:48:06.442299+00:00,2025-06-05T12:54:29.860558+00:00,21770.25,21819.0,LONG,False,False,False,False,False,NO_LOG_FILLS
,2025-06-05T12:54:29.860558+00:00,2025-06-05T12:59:35.598866+00:00,21819.0,21787.75,SHORT,False,False,False,False,False,NO_LOG_FILLS
,2025-06-05T12:54:29.860558+00:00,2025-06-05T13:32:14.680656+00:00,21819.0,21777.75,SHORT,False,False,False,False,False,NO_LOG_FILLS
,2025-06-05T13:32:19.320561+00:00,2025-06-05T13:39:31.701984+00:00,21766.5,21761.25,LONG,False,False,False,False,False,NO_LOG_FILLS
,2025-06-05T13:33:29.993483+00:00,2025-06-05T13:39:31.701984+00:00,21806.25,21761.25,LONG,False,False,False,False,False,NO_LOG_FILLS
,2025-06-05T13:33:29.993483+00:00,2025-06-05T13:51:40.308940+00:00,21806.25,21728.25,LONG,False,False,False,False,False,NO_LOG_FILLS
,2025-06-05T13:51:40.308940+00:00,2025-06-05T13:55:01.501668+00:00,21728.25,21754.75,SHORT,False,False,False,False,False,NO_LOG_FILLS
,2025-06-05T13:55:01.501668+00:00,2025-06-05T13:55:20.796500+00:00,21754.75,21739.0,LONG,False,False,False,False,False,NO_LOG_FILLS
,2025-06-05T13:55:20.796500+00:00,2025-06-05T13:56:07.339499+00:00,21739.0,21722.75,SHORT,False,False,False,False,False,NO_LOG_FILLS
,2025-06-05T13:55:20.796500+00:00,2025-06-05T13:57:47.760473+00:00,21739.0,21706.25,SHORT,False,False,False,False,False,NO_LOG_FILLS
,2025-06-05T13:58:17.603464+00:00,2025-06-05T14:21:52.629886+00:00,21715.5,21752.75,LONG,False,False,False,False,False,NO_LOG_FILLS
,2025-06-05T14:12:12.627415+00:00,2025-06-05T14:23:03.592851+00:00,21737.0,21769.0,LONG,False,False,False,False,False,NO_LOG_FILLS
,2025-06-05T14:12:12.627415+00:00,2025-06-05T14:23:57.759218+00:00,21737.0,21764.5,LONG,False,False,False,False,False,NO_LOG_FILLS
,2025-06-05T14:12:12.627415+00:00,2025-06-05T14:31:27.150843+00:00,21737.0,21779.75,LONG,False,False,False,False,False,NO_LOG_FILLS
,2025-06-05T14:31:27.150843+00:00,2025-06-05T14:32:11.986682+00:00,21779.75,21764.75,SHORT,False,False,False,False,False,NO_LOG_FILLS
,2025-06-05T14:31:27.150843+00:00,2025-06-05T14:32:40.398676+00:00,21779.75,21749.5,SHORT,False,False,False,False,False,NO_LOG_FILLS
,2025-06-05T14:33:35.400418+00:00,2025-06-05T14:42:49.658994+00:00,21748.5,21845.0,LONG,False,False,False,False,False,NO_LOG_FILLS
,2025-06-05T14:42:49.658994+00:00,2025-06-05T14:42:53.495783+00:00,21845.0,21830.5,SHORT,False,False,False,False,False,NO_LOG_FILLS
,2025-06-05T14:42:49.658994+00:00,2025-06-05T14:45:34.569745+00:00,21845.0,21816.25,SHORT,False,False,False,False,False,NO_LOG_FILLS
,2025-06-05T14:45:46.323473+00:00,2025-06-05T14:56:18.480579+00:00,21819.25,21841.75,LONG,False,False,False,False,False,NO_LOG_FILLS
,2025-06-05T14:50:57.527205+00:00,2025-06-05T14:57:52.040348+00:00,21825.5,21858.25,LONG,False,False,False,False,False,NO_LOG_FILLS
,2025-06-05T14:50:57.527205+00:00,2025-06-05T14:59:55.738749+00:00,21825.5,21857.5,LONG,False,False,False,False,False,NO_LOG_FILLS
,2025-06-05T14:50:57.527205+00:00,2025-06-05T15:02:43.964560+00:00,21825.5,21857.0,LONG,False,False,False,False,False,NO_LOG_FILLS
,2025-06-05T15:02:43.964560+00:00,2025-06-05T15:10:51.658109+00:00,21857.0,21871.0,SHORT,False,False,False,False,False,NO_LOG_FILLS
,2025-06-05T15:10:51.658109+00:00,2025-06-05T15:21:19.541459+00:00,21871.0,21913.0,LONG,False,False,False,False,False,NO_LOG_FILLS
,2025-06-05T15:21:08.796210+00:00,2025-06-05T15:21:19.541459+00:00,21916.75,21913.0,LONG,False,False,False,False,False,NO_LOG_FILLS
,2025-06-05T15:21:08.796210+00:00,2025-06-05T15:31:18.294810+00:00,21916.75,21917.25,LONG,False,False,False,False,False,NO_LOG_FILLS
,2025-06-05T15:31:18.294810+00:00,2025-06-05T15:44:27.004123+00:00,21917.25,21927.5,SHORT,False,False,False,False,False,NO_LOG_FILLS
,2025-06-05T15:44:27.004123+00:00,2025-06-05T15:56:37.161388+00:00,21927.5,21928.25,LONG,False,False,False,False,False,NO_LOG_FILLS
,2025-06-05T15:50:12.026794+00:00,2025-06-05T16:08:42.387769+00:00,21915.0,21896.75,LONG,False,False,False,False,False,NO_LOG_FILLS
,2025-06-05T15:50:12.026794+00:00,2025-06-05T16:26:40.552987+00:00,21915.0,21843.75,LONG,False,False,False,False,False,NO_LOG_FILLS
,2025-06-05T16:26:40.552987+00:00,2025-06-05T16:27:51.549227+00:00,21843.75,21865.0,SHORT,False,False,False,False,False,NO_LOG_FILLS
,2025-06-05T16:27:51.549227+00:00,2025-06-05T17:03:09.804011+00:00,21865.0,21698.0,LONG,False,False,False,False,False,NO_LOG_FILLS
,2025-06-05T17:02:27.927506+00:00,2025-06-05T17:07:11.838819+00:00,21686.0,21709.75,LONG,False,False,False,False,False,NO_LOG_FILLS
,2025-06-05T17:02:27.927506+00:00,2025-06-05T17:09:38.911008+00:00,21686.0,21727.75,LONG,False,False,False,False,False,NO_LOG_FILLS
,2025-06-05T17:02:27.927506+00:00,2025-06-05T17:27:17.177745+00:00,21686.0,21766.0,LONG,False,False,False,False,False,NO_LOG_FILLS
,2025-06-05T17:27:17.177745+00:00,2025-06-05T17:28:09.485008+00:00,21766.0,21781.5,SHORT,False,False,False,False,False,NO_LOG_FILLS
,2025-06-05T17:28:09.485008+00:00,2025-06-05T18:34:26.711203+00:00,21781.5,21714.75,LONG,False,False,False,False,False,NO_LOG_FILLS
,2025-06-05T18:34:26.711203+00:00,2025-06-05T18:34:27.191969+00:00,21714.75,21715.0,SHORT,False,False,False,False,False,NO_LOG_FILLS
,2025-06-05T18:34:27.191969+00:00,2025-06-05T19:03:33.692332+00:00,21715.0,21681.25,LONG,False,False,False,False,False,NO_LOG_FILLS
,2025-06-05T19:02:14.199250+00:00,2025-06-05T19:03:33.692332+00:00,21696.25,21681.25,LONG,False,False,False,False,False,NO_LOG_FILLS
,2025-06-05T19:02:14.199250+00:00,2025-06-05T19:21:45.003899+00:00,21696.25,21515.5,LONG,False,False,False,False,False,NO_LOG_FILLS
,2025-06-05T19:21:45.003899+00:00,2025-06-05T19:26:09.727610+00:00,21515.5,21554.25,SHORT,False,False,False,False,False,NO_LOG_FILLS
,2025-06-05T19:26:09.727610+00:00,2025-06-05T19:28:24.307866+00:00,21554.25,21560.75,LONG,False,False,False,False,False,NO_LOG_FILLS
,2025-06-05T19:28:24.307866+00:00,2025-06-05T19:30:04.196834+00:00,21560.75,21589.5,SHORT,False,False,False,False,False,NO_LOG_FILLS
,2025-06-05T19:30:04.196834+00:00,2025-06-05T20:13:56.193249+00:00,21589.5,21591.75,LONG,False,False,False,False,False,NO_LOG_FILLS
,2025-06-05T20:13:56.193249+00:00,2025-06-05T20:15:04.338769+00:00,21591.75,21573.0,SHORT,False,False,False,False,False,NO_LOG_FILLS
,2025-06-05T20:13:56.193249+00:00,2025-06-05T20:15:04.338955+00:00,21591.75,21554.5,SHORT,False,False,False,False,False,NO_LOG_FILLS
,2025-06-05T20:15:31.189076+00:00,2025-06-05T20:37:17.512809+00:00,21564.0,21540.25,LONG,False,False,False,False,False,NO_LOG_FILLS
,2025-06-05T20:28:40.760571+00:00,2025-06-05T20:37:17.512809+00:00,21588.75,21540.25,LONG,False,False,False,False,False,NO_LOG_FILLS
,2025-06-06T00:46:54.547380+00:00,2025-06-06T01:40:56.304051+00:00,21547.75,21588.25,SHORT,False,False,False,False,False,NO_LOG_FILLS
,2025-06-06T06:38:46.399263+00:00,2025-06-06T07:11:22.917486+00:00,21674.5,21652.25,SHORT,False,False,False,False,False,NO_LOG_FILLS
,2025-06-06T06:38:46.399263+00:00,2025-06-06T09:36:30.048609+00:00,21674.5,21685.75,SHORT,False,False,False,False,False,NO_LOG_FILLS
,2025-06-06T12:08:01.122527+00:00,2025-06-06T12:28:26.422032+00:00,21670.0,21685.5,SHORT,False,False,False,False,False,NO_LOG_FILLS
,2025-06-06T12:54:14.506374+00:00,2025-06-06T13:15:55.488704+00:00,21754.5,21785.5,SHORT,False,False,False,False,False,NO_LOG_FILLS
,2025-06-06T13:39:34.589503+00:00,2025-06-06T13:40:16.087202+00:00,21821.5,21832.5,SHORT,False,False,False,False,False,NO_LOG_FILLS
,2025-06-06T13:42:34.832891+00:00,2025-06-06T13:44:07.405577+00:00,21832.5,21846.75,SHORT,False,False,False,False,False,NO_LOG_FILLS
,2025-06-06T13:51:23.102788+00:00,2025-06-06T13:55:14.936210+00:00,21844.5,21831.0,SHORT,False,False,False,False,False,NO_LOG_FILLS
,2025-06-06T13:51:23.102788+00:00,2025-06-06T13:56:06.980473+00:00,21844.5,21817.75,SHORT,False,False,False,False,False,NO_LOG_FILLS
,2025-06-06T13:51:23.102788+00:00,2025-06-06T13:56:52.617102+00:00,21844.5,21813.0,SHORT,False,False,False,False,False,NO_LOG_FILLS
,2025-06-06T14:00:19.174302+00:00,2025-06-06T14:00:42.388160+00:00,21837.25,21823.25,SHORT,False,False,False,False,False,NO_LOG_FILLS
,2025-06-06T14:00:19.174302+00:00,2025-06-06T14:11:42.300140+00:00,21837.25,21809.5,SHORT,False,False,False,False,False,NO_LOG_FILLS
,2025-06-06T14:00:19.174302+00:00,2025-06-06T14:11:56.541723+00:00,21837.25,21818.75,SHORT,False,False,False,False,False,NO_LOG_FILLS
,2025-06-06T14:14:52.887863+00:00,2025-06-06T14:23:33.493968+00:00,21838.0,21808.75,LONG,False,False,False,False,False,NO_LOG_FILLS
,2025-06-06T14:24:03.151122+00:00,2025-06-06T14:24:51.251298+00:00,21814.75,21831.0,LONG,False,False,False,False,False,NO_LOG_FILLS
,2025-06-06T14:24:03.151122+00:00,2025-06-06T14:26:20.043114+00:00,21814.75,21805.0,LONG,False,False,False,False,False,NO_LOG_FILLS
,2025-06-06T15:06:15.135870+00:00,2025-06-06T15:06:37.557561+00:00,21831.5,21843.75,SHORT,False,False,False,False,False,NO_LOG_FILLS
,2025-06-06T15:16:57.167794+00:00,2025-06-06T15:17:34.527078+00:00,21821.75,21811.25,LONG,False,False,False,False,False,NO_LOG_FILLS
,2025-06-06T15:20:57.988475+00:00,2025-06-06T15:22:25.804241+00:00,21758.75,21770.5,LONG,False,False,False,False,False,NO_LOG_FILLS
,2025-06-06T15:20:57.988475+00:00,2025-06-06T15:22:37.675847+00:00,21758.75,21782.0,LONG,False,False,False,False,False,NO_LOG_FILLS
,2025-06-06T15:20:57.988475+00:00,2025-06-06T15:23:39.184588+00:00,21758.75,21779.25,LONG,False,False,False,False,False,NO_LOG_FILLS
,2025-06-06T15:39:01.128853+00:00,2025-06-06T15:44:36.522006+00:00,21790.75,21803.0,LONG,False,False,False,False,False,NO_LOG_FILLS
,2025-06-06T15:39:01.128853+00:00,2025-06-06T15:48:55.617456+00:00,21790.75,21815.5,LONG,False,False,False,False,False,NO_LOG_FILLS
,2025-06-06T15:39:01.128853+00:00,2025-06-06T15:51:52.166294+00:00,21790.75,21820.75,LONG,False,False,False,False,False,NO_LOG_FILLS
,2025-06-06T16:10:26.541292+00:00,2025-06-06T16:11:15.112237+00:00,21817.5,21830.75,LONG,False,False,False,False,False,NO_LOG_FILLS
,2025-06-06T16:10:26.541292+00:00,2025-06-06T16:20:33.840566+00:00,21817.5,21801.5,LONG,False,False,False,False,False,NO_LOG_FILLS
,2025-06-06T16:52:55.971880+00:00,2025-06-06T16:55:21.050288+00:00,21754.25,21740.25,SHORT,False,False,False,False,False,NO_LOG_FILLS
,2025-06-06T16:52:55.971880+00:00,2025-06-06T16:55:49.610643+00:00,21754.25,21726.25,SHORT,False,False,False,False,False,NO_LOG_FILLS
,2025-06-06T16:52:55.971880+00:00,2025-06-06T16:56:20.151295+00:00,21754.25,21732.5,SHORT,False,False,False,False,False,NO_LOG_FILLS
,2025-06-06T17:06:46.587404+00:00,2025-06-06T17:14:25.257892+00:00,21745.5,21765.0,SHORT,False,False,False,False,False,NO_LOG_FILLS
,2025-06-06T18:30:00.979823+00:00,2025-06-06T18:30:01.828012+00:00,21863.25,21857.0,LONG,False,False,False,False,False,NO_LOG_FILLS
,2025-06-06T19:25:43.798563+00:00,2025-06-06T19:26:08.893970+00:00,21814.5,21824.75,LONG,False,False,False,False,False,NO_LOG_FILLS
,2025-06-06T19:25:43.798563+00:00,2025-06-06T19:33:11.946989+00:00,21814.5,21799.25,LONG,False,False,False,False,False,NO_LOG_FILLS
,2025-06-09T08:56:22.563588+00:00,2025-06-09T09:09:12.877327+00:00,21794.75,21778.0,SHORT,False,False,False,False,False,NO_LOG_FILLS
,2025-06-09T08:56:22.563588+00:00,2025-06-09T11:21:45.180892+00:00,21794.75,21798.75,SHORT,False,False,False,False,False,NO_LOG_FILLS
,2025-06-09T11:25:05.284390+00:00,2025-06-09T11:33:26.821749+00:00,21794.0,21806.0,SHORT,False,False,False,False,False,NO_LOG_FILLS
,2025-06-09T11:38:17.423276+00:00,2025-06-09T12:16:18.909109+00:00,21808.25,21792.5,SHORT,False,False,False,False,False,NO_LOG_FILLS
,2025-06-09T11:38:17.423276+00:00,2025-06-09T13:35:00.561025+00:00,21808.25,21777.0,SHORT,False,False,False,False,False,NO_LOG_FILLS
,2025-06-09T11:38:17.423276+00:00,2025-06-09T13:35:13.563825+00:00,21808.25,21781.75,SHORT,False,False,False,False,False,NO_LOG_FILLS
,2025-06-09T13:41:39.370363+00:00,2025-06-09T13:42:50.360182+00:00,21780.5,21795.75,LONG,False,False,False,False,False,NO_LOG_FILLS
,2025-06-09T13:41:39.370363+00:00,2025-06-09T13:51:35.805096+00:00,21780.5,21811.25,LONG,False,False,False,False,False,NO_LOG_FILLS
,2025-06-09T13:41:39.370363+00:00,2025-06-09T13:52:55.914815+00:00,21780.5,21806.25,LONG,False,False,False,False,False,NO_LOG_FILLS
,2025-06-09T14:18:24.014183+00:00,2025-06-09T14:20:21.338747+00:00,21849.5,21856.75,SHORT,False,False,False,False,False,NO_LOG_FILLS
,2025-06-09T14:20:51.870603+00:00,2025-06-09T14:21:24.050752+00:00,21856.75,21861.75,SHORT,False,False,False,False,False,NO_LOG_FILLS
,2025-06-09T14:24:48.787918+00:00,2025-06-09T14:24:50.552043+00:00,21857.0,21857.75,SHORT,False,False,False,False,False,NO_LOG_FILLS
,2025-06-09T14:31:10.099780+00:00,2025-06-09T14:31:10.620608+00:00,21872.75,21869.5,LONG,False,False,False,False,False,NO_LOG_FILLS
,2025-06-09T14:48:12.201119+00:00,2025-06-09T14:50:08.809070+00:00,21860.0,21842.5,LONG,False,False,False,False,False,NO_LOG_FILLS
,2025-06-09T15:02:03.945259+00:00,2025-06-09T15:06:26.858291+00:00,21853.0,21862.75,LONG,False,False,False,False,False,NO_LOG_FILLS
,2025-06-09T15:02:03.945259+00:00,2025-06-09T15:19:09.829700+00:00,21853.0,21830.25,LONG,False,False,False,False,False,NO_LOG_FILLS
,2025-06-09T16:04:11.255951+00:00,2025-06-09T16:06:09.738485+00:00,21833.5,21847.25,SHORT,False,False,False,False,False,NO_LOG_FILLS
,2025-06-09T16:53:38.943723+00:00,2025-06-09T16:56:37.071795+00:00,21878.25,21868.25,SHORT,False,False,False,False,False,NO_LOG_FILLS
,2025-06-09T16:53:38.943723+00:00,2025-06-09T17:12:06.441474+00:00,21878.25,21858.25,SHORT,False,False,False,False,False,NO_LOG_FILLS
,2025-06-09T16:53:38.943723+00:00,2025-06-09T17:13:08.473796+00:00,21878.25,21865.0,SHORT,False,False,False,False,False,NO_LOG_FILLS
,2025-06-09T17:26:27.736428+00:00,2025-06-09T17:27:39.969632+00:00,21868.0,21858.5,SHORT,False,False,False,False,False,NO_LOG_FILLS
,2025-06-09T17:26:27.736428+00:00,2025-06-09T17:30:51.641288+00:00,21868.0,21848.75,SHORT,False,False,False,False,False,NO_LOG_FILLS
,2025-06-09T17:26:27.736428+00:00,2025-06-09T17:32:31.718570+00:00,21868.0,21855.25,SHORT,False,False,False,False,False,NO_LOG_FILLS
,2025-06-09T18:15:12.581703+00:00,2025-06-09T18:16:21.486922+00:00,21869.75,21859.5,LONG,False,False,False,False,False,NO_LOG_FILLS
,2025-06-09T18:48:14.020500+00:00,2025-06-09T18:57:20.594621+00:00,21864.75,21874.25,LONG,False,False,False,False,False,NO_LOG_FILLS
,2025-06-09T18:48:14.020500+00:00,2025-06-09T19:40:24.607929+00:00,21864.75,21841.5,LONG,False,False,False,False,False,NO_LOG_FILLS
,2025-06-09T19:49:53.571924+00:00,2025-06-09T19:49:59.267159+00:00,21834.75,21844.5,LONG,False,False,False,False,False,NO_LOG_FILLS
,2025-06-09T19:49:53.571924+00:00,2025-06-09T19:49:59.267802+00:00,21834.75,21854.25,LONG,False,False,False,False,False,NO_LOG_FILLS
,2025-06-09T19:49:53.571924+00:00,2025-06-09T19:50:02.097115+00:00,21834.75,21846.0,LONG,False,False,False,False,False,NO_LOG_FILLS
,2025-06-09T19:54:39.621479+00:00,2025-06-09T19:54:59.405215+00:00,21828.25,21838.25,LONG,False,False,False,False,False,NO_LOG_FILLS
,2025-06-09T19:54:39.621479+00:00,2025-06-09T19:59:04.606746+00:00,21828.25,21820.5,LONG,False,False,False,False,False,NO_LOG_FILLS
,2025-06-10T00:05:28.618452+00:00,2025-06-10T01:40:47.920389+00:00,21816.75,21949.25,LONG,False,False,False,False,False,NO_LOG_FILLS
,2025-06-10T00:38:54.691616+00:00,2025-06-10T01:40:47.920389+00:00,21845.5,21949.25,LONG,False,False,False,False,False,NO_LOG_FILLS
,2025-06-10T01:56:52.474421+00:00,2025-06-10T02:26:48.230751+00:00,21969.0,21949.75,LONG,False,False,False,False,False,NO_LOG_FILLS
,2025-06-10T03:07:39.152407+00:00,2025-06-10T05:39:12.474105+00:00,21939.25,21823.5,LONG,False,False,False,False,False,NO_LOG_FILLS
,2025-06-10T04:05:46.331126+00:00,2025-06-10T05:39:27.476786+00:00,21928.75,21838.25,LONG,False,False,False,False,False,NO_LOG_FILLS
,2025-06-10T04:06:19.324832+00:00,2025-06-10T05:39:44.042075+00:00,21937.25,21833.5,LONG,False,False,False,False,False,NO_LOG_FILLS
,2025-06-10T05:37:14.823629+00:00,2025-06-10T07:00:29.874262+00:00,21808.75,21799.0,LONG,False,False,False,False,False,NO_LOG_FILLS
,2025-06-10T07:24:41.957694+00:00,2025-06-10T07:46:00.292433+00:00,21824.0,21759.5,LONG,False,False,False,False,False,NO_LOG_FILLS
,2025-06-10T07:24:41.957694+00:00,2025-06-10T07:53:26.520732+00:00,21824.0,21777.75,LONG,False,False,False,False,False,NO_LOG_FILLS
,2025-06-10T07:24:41.957694+00:00,2025-06-10T08:10:49.438579+00:00,21824.0,21802.0,LONG,False,False,False,False,False,NO_LOG_FILLS
,2025-06-10T07:45:13.537592+00:00,2025-06-10T08:14:10.408924+00:00,21741.0,21766.5,LONG,False,False,False,False,False,NO_LOG_FILLS
,2025-06-10T08:37:11.209491+00:00,2025-06-10T10:48:05.535530+00:00,21815.5,21832.75,LONG,False,False,False,False,False,NO_LOG_FILLS
,2025-06-10T11:08:49.027497+00:00,2025-06-10T13:06:12.170466+00:00,21811.75,21847.0,LONG,False,False,False,False,False,NO_LOG_FILLS
,2025-06-10T11:59:58.950357+00:00,2025-06-10T13:06:12.170466+00:00,21857.5,21847.0,LONG,False,False,False,False,False,NO_LOG_FILLS
,2025-06-10T13:32:32.876837+00:00,2025-06-10T13:42:13.156246+00:00,21826.0,21872.0,LONG,False,False,False,False,False,NO_LOG_FILLS
,2025-06-10T13:39:14.485461+00:00,2025-06-10T13:42:13.156246+00:00,21866.75,21872.0,LONG,False,False,False,False,False,NO_LOG_FILLS
,2025-06-10T13:43:30.551939+00:00,2025-06-10T13:53:35.374009+00:00,21855.0,21881.75,LONG,False,False,False,False,False,NO_LOG_FILLS
,2025-06-10T13:44:04.213439+00:00,2025-06-10T13:53:35.374009+00:00,21838.0,21881.75,LONG,False,False,False,False,False,NO_LOG_FILLS
,2025-06-10T13:44:24.000632+00:00,2025-06-10T13:53:35.374009+00:00,21842.0,21881.75,LONG,False,False,False,False,False,NO_LOG_FILLS
,2025-06-10T13:54:15.634046+00:00,2025-06-10T14:14:05.972951+00:00,21868.25,21867.0,LONG,False,False,False,False,False,NO_LOG_FILLS
,2025-06-10T13:54:44.121734+00:00,2025-06-10T14:14:05.972951+00:00,21854.75,21867.0,LONG,False,False,False,False,False,NO_LOG_FILLS
,2025-06-10T13:55:05.609855+00:00,2025-06-10T14:14:05.972951+00:00,21863.5,21867.0,LONG,False,False,False,False,False,NO_LOG_FILLS
,2025-06-10T14:18:21.555701+00:00,2025-06-10T15:34:45.978134+00:00,21880.5,21771.25,LONG,False,False,False,False,False,NO_LOG_FILLS
,2025-06-10T15:35:21.789060+00:00,2025-06-10T16:01:31.574547+00:00,21793.0,21891.75,LONG,False,False,False,False,False,NO_LOG_FILLS
,2025-06-10T16:02:24.082092+00:00,2025-06-10T16:04:03.602150+00:00,21901.75,21890.25,LONG,False,False,False,False,False,NO_LOG_FILLS
,2025-06-10T16:05:19.311187+00:00,2025-06-10T16:09:17.265482+00:00,21902.5,21896.75,LONG,False,False,False,False,False,NO_LOG_FILLS
,2025-06-10T16:12:47.243673+00:00,2025-06-10T17:10:30.596402+00:00,21886.0,21920.0,LONG,False,False,False,False,False,NO_LOG_FILLS
,2025-06-10T16:28:00.260842+00:00,2025-06-10T17:11:50.377808+00:00,21904.5,21925.0,LONG,False,False,False,False,False,NO_LOG_FILLS
,2025-06-10T16:28:00.260842+00:00,2025-06-10T17:15:35.669281+00:00,21904.5,21921.0,LONG,False,False,False,False,False,NO_LOG_FILLS
,2025-06-10T16:51:13.999613+00:00,2025-06-10T17:57:07.226778+00:00,21909.0,21877.75,LONG,False,False,False,False,False,NO_LOG_FILLS
,2025-06-10T18:00:00.739626+00:00,2025-06-10T18:08:16.033874+00:00,21869.75,21860.5,LONG,False,False,False,False,False,NO_LOG_FILLS
,2025-06-10T18:00:04.808489+00:00,2025-06-10T18:12:22.179717+00:00,21861.75,21842.75,LONG,False,False,False,False,False,NO_LOG_FILLS
,2025-06-10T18:00:34.632000+00:00,2025-06-10T18:12:22.179717+00:00,21842.25,21842.75,LONG,False,False,False,False,False,NO_LOG_FILLS
,2025-06-10T18:07:02.492102+00:00,2025-06-10T21:59:58.870020+00:00,21852.0,21946.75,LONG,False,False,False,False,False,NO_LOG_FILLS
,2025-06-10T22:11:04.588986+00:00,2025-06-10T23:36:38.610707+00:00,21957.0,21961.75,LONG,False,False,False,False,False,NO_LOG_FILLS
,2025-06-11T00:12:54.814293+00:00,2025-06-11T09:04:14.579557+00:00,21935.75,21935.25,LONG,False,False,False,False,False,NO_LOG_FILLS
,2025-06-11T00:13:23.893697+00:00,2025-06-11T09:04:14.579557+00:00,21938.5,21935.25,LONG,False,False,False,False,False,NO_LOG_FILLS
,2025-06-11T09:04:14.579557+00:00,2025-06-11T09:58:48.546292+00:00,21935.25,21917.0,SHORT,False,False,False,False,False,NO_LOG_FILLS
,2025-06-11T11:15:48.359937+00:00,2025-06-11T13:27:59.882425+00:00,21899.0,22014.75,LONG,False,False,False,False,False,NO_LOG_FILLS
,2025-06-11T11:24:21.962289+00:00,2025-06-11T13:27:59.882425+00:00,21893.25,22014.75,LONG,False,False,False,False,False,NO_LOG_FILLS
,2025-06-11T13:27:59.882425+00:00,2025-06-11T13:31:38.014406+00:00,22014.75,21988.0,SHORT,False,False,False,False,False,NO_LOG_FILLS
,2025-06-11T13:35:49.601541+00:00,2025-06-11T13:40:21.123142+00:00,21961.0,21978.25,LONG,False,False,False,False,False,NO_LOG_FILLS
,2025-06-11T13:36:28.095297+00:00,2025-06-11T13:40:21.123142+00:00,21970.5,21978.25,LONG,False,False,False,False,False,NO_LOG_FILLS
,2025-06-11T13:40:21.123142+00:00,2025-06-11T13:41:17.691323+00:00,21978.25,21993.75,SHORT,False,False,False,False,False,NO_LOG_FILLS
,2025-06-11T13:41:17.691323+00:00,2025-06-11T13:41:45.423300+00:00,21993.75,21973.75,LONG,False,False,False,False,False,NO_LOG_FILLS
,2025-06-11T13:41:45.423300+00:00,2025-06-11T13:46:00.974620+00:00,21973.75,21954.25,SHORT,False,False,False,False,False,NO_LOG_FILLS
,2025-06-11T13:46:36.092289+00:00,2025-06-11T14:08:07.079411+00:00,21934.5,21975.25,LONG,False,False,False,False,False,NO_LOG_FILLS
,2025-06-11T13:47:05.781803+00:00,2025-06-11T14:08:07.079411+00:00,21930.0,21975.25,LONG,False,False,False,False,False,NO_LOG_FILLS
,2025-06-11T14:08:07.079411+00:00,2025-06-11T14:09:31.719346+00:00,21975.25,21999.0,SHORT,False,False,False,False,False,NO_LOG_FILLS
,2025-06-11T14:09:31.719346+00:00,2025-06-11T14:49:39.019925+00:00,21999.0,22040.0,LONG,False,False,False,False,False,NO_LOG_FILLS
,2025-06-11T14:44:38.639302+00:00,2025-06-11T14:49:39.019925+00:00,22045.25,22040.0,LONG,False,False,False,False,False,NO_LOG_FILLS
,2025-06-11T14:44:38.639302+00:00,2025-06-11T15:04:02.024334+00:00,22045.25,22064.5,LONG,False,False,False,False,False,NO_LOG_FILLS
,2025-06-11T14:44:38.639302+00:00,2025-06-11T15:08:20.769546+00:00,22045.25,22036.5,LONG,False,False,False,False,False,NO_LOG_FILLS
,2025-06-11T14:52:17.713962+00:00,2025-06-11T15:08:20.769546+00:00,22055.25,22036.5,LONG,False,False,False,False,False,NO_LOG_FILLS
,2025-06-11T14:52:17.713962+00:00,2025-06-11T15:10:13.310767+00:00,22055.25,22006.0,LONG,False,False,False,False,False,NO_LOG_FILLS
,2025-06-11T14:52:17.713962+00:00,2025-06-11T15:10:25.494983+00:00,22055.25,22014.5,LONG,False,False,False,False,False,NO_LOG_FILLS
,2025-06-11T15:10:08.089875+00:00,2025-06-11T15:11:04.786726+00:00,21997.5,22015.5,LONG,False,False,False,False,False,NO_LOG_FILLS
,2025-06-11T15:10:08.089875+00:00,2025-06-11T15:39:55.807272+00:00,21997.5,22010.5,LONG,False,False,False,False,False,NO_LOG_FILLS
,2025-06-11T15:36:07.419327+00:00,2025-06-11T15:39:55.807272+00:00,22024.25,22010.5,LONG,False,False,False,False,False,NO_LOG_FILLS
,2025-06-11T15:36:07.419327+00:00,2025-06-11T15:51:29.534494+00:00,22024.25,22004.5,LONG,False,False,False,False,False,NO_LOG_FILLS
,2025-06-11T15:36:07.419327+00:00,2025-06-11T15:54:02.402976+00:00,22024.25,22016.0,LONG,False,False,False,False,False,NO_LOG_FILLS
,2025-06-11T15:49:17.953708+00:00,2025-06-11T15:55:07.782078+00:00,21993.0,22012.0,LONG,False,False,False,False,False,NO_LOG_FILLS
,2025-06-11T15:49:17.953708+00:00,2025-06-11T16:04:35.627337+00:00,21993.0,21990.0,LONG,False,False,False,False,False,NO_LOG_FILLS
,2025-06-11T16:03:35.294244+00:00,2025-06-11T16:04:35.627337+00:00,22000.5,21990.0,LONG,False,False,False,False,False,NO_LOG_FILLS
,2025-06-11T16:03:35.294244+00:00,2025-06-11T16:10:21.288729+00:00,22000.5,21963.0,LONG,False,False,False,False,False,NO_LOG_FILLS
,2025-06-11T16:10:21.288729+00:00,2025-06-11T16:10:38.278380+00:00,21963.0,21950.25,SHORT,False,False,False,False,False,NO_LOG_FILLS
,2025-06-11T16:11:02.878611+00:00,2025-06-11T16:19:20.751019+00:00,21937.25,21933.0,LONG,False,False,False,False,False,NO_LOG_FILLS
,2025-06-11T16:11:16.979778+00:00,2025-06-11T16:19:20.751019+00:00,21942.5,21933.0,LONG,False,False,False,False,False,NO_LOG_FILLS
,2025-06-11T16:13:06.390619+00:00,2025-06-11T16:19:20.751019+00:00,21960.75,21933.0,LONG,False,False,False,False,False,NO_LOG_FILLS
,2025-06-11T16:13:06.390619+00:00,2025-06-11T16:20:37.019406+00:00,21960.75,21924.5,LONG,False,False,False,False,False,NO_LOG_FILLS
,2025-06-11T16:19:45.310702+00:00,2025-06-11T16:20:37.019406+00:00,21929.25,21924.5,LONG,False,False,False,False,False,NO_LOG_FILLS
,2025-06-11T16:19:45.310702+00:00,2025-06-11T16:35:58.536330+00:00,21929.25,21970.0,LONG,False,False,False,False,False,NO_LOG_FILLS
,2025-06-11T16:35:58.536330+00:00,2025-06-11T16:48:01.545496+00:00,21970.0,21981.5,SHORT,False,False,False,False,False,NO_LOG_FILLS
,2025-06-11T16:48:01.545496+00:00,2025-06-11T17:49:20.145142+00:00,21981.5,21951.5,LONG,False,False,False,False,False,NO_LOG_FILLS
,2025-06-11T17:48:30.971680+00:00,2025-06-11T17:49:20.145142+00:00,21960.0,21951.5,LONG,False,False,False,False,False,NO_LOG_FILLS
,2025-06-11T17:48:30.971680+00:00,2025-06-11T17:58:40.410517+00:00,21960.0,21924.75,LONG,False,False,False,False,False,NO_LOG_FILLS
,2025-06-11T17:58:14.207762+00:00,2025-06-11T17:58:40.410517+00:00,21935.75,21924.75,LONG,False,False,False,False,False,NO_LOG_FILLS
,2025-06-11T17:58:14.207762+00:00,2025-06-11T18:01:12.214163+00:00,21935.75,21909.25,LONG,False,False,False,False,False,NO_LOG_FILLS
,2025-06-11T18:00:31.742528+00:00,2025-06-11T18:01:12.214163+00:00,21927.5,21909.25,LONG,False,False,False,False,False,NO_LOG_FILLS
,2025-06-11T18:00:31.742528+00:00,2025-06-11T18:24:46.364808+00:00,21927.5,21856.25,LONG,False,False,False,False,False,NO_LOG_FILLS
,2025-06-11T18:24:46.364808+00:00,2025-06-11T18:25:10.493667+00:00,21856.25,21865.75,SHORT,False,False,False,False,False,NO_LOG_FILLS
,2025-06-11T18:25:10.493667+00:00,2025-06-11T18:37:13.526147+00:00,21865.75,21887.75,LONG,False,False,False,False,False,NO_LOG_FILLS
,2025-06-11T18:37:13.526147+00:00,2025-06-11T18:37:16.006509+00:00,21887.75,21895.25,SHORT,False,False,False,False,False,NO_LOG_FILLS
,2025-06-11T18:37:16.006509+00:00,2025-06-11T18:50:22.099343+00:00,21895.25,21898.0,LONG,False,False,False,False,False,NO_LOG_FILLS
,2025-06-11T18:50:22.099343+00:00,2025-06-11T18:54:00.881341+00:00,21898.0,21882.5,SHORT,False,False,False,False,False,NO_LOG_FILLS
,2025-06-11T18:55:28.840931+00:00,2025-06-11T18:56:52.755451+00:00,21867.0,21854.75,LONG,False,False,False,False,False,NO_LOG_FILLS
,2025-06-11T18:55:43.455110+00:00,2025-06-11T18:56:52.755451+00:00,21868.75,21854.75,LONG,False,False,False,False,False,NO_LOG_FILLS
,2025-06-11T18:55:51.490559+00:00,2025-06-11T18:56:52.755451+00:00,21871.0,21854.75,LONG,False,False,False,False,False,NO_LOG_FILLS
,2025-06-11T18:55:51.490559+00:00,2025-06-11T18:59:09.311337+00:00,21871.0,21860.0,LONG,False,False,False,False,False,NO_LOG_FILLS
,2025-06-11T18:57:46.086211+00:00,2025-06-11T18:59:09.311337+00:00,21871.5,21860.0,LONG,False,False,False,False,False,NO_LOG_FILLS
,2025-06-11T18:57:46.086211+00:00,2025-06-11T19:15:16.213758+00:00,21871.5,21855.25,LONG,False,False,False,False,False,NO_LOG_FILLS
,2025-06-11T19:15:16.213758+00:00,2025-06-11T19:17:06.421237+00:00,21855.25,21838.75,SHORT,False,False,False,False,False,NO_LOG_FILLS
,2025-06-11T19:24:27.971075+00:00,2025-06-11T19:27:00.224448+00:00,21868.75,21861.75,LONG,False,False,False,False,False,NO_LOG_FILLS
,2025-06-11T19:27:00.224448+00:00,2025-06-11T19:27:01.525439+00:00,21861.75,21870.5,SHORT,False,False,False,False,False,NO_LOG_FILLS
,2025-06-11T19:27:01.525439+00:00,2025-06-11T20:10:59.577012+00:00,21870.5,21894.0,LONG,False,False,False,False,False,NO_LOG_FILLS
,2025-06-11T19:27:01.525439+00:00,2025-06-11T20:23:59.427940+00:00,21870.5,21910.25,LONG,False,False,False,False,False,NO_LOG_FILLS
,2025-06-11T19:53:38.145208+00:00,2025-06-11T20:30:18.835809+00:00,21877.5,21900.75,LONG,False,False,False,False,False,NO_LOG_FILLS
,2025-06-12T00:28:03.414760+00:00,2025-06-12T00:37:07.490930+00:00,21810.0,21794.5,SHORT,False,False,False,False,False,NO_LOG_FILLS
,2025-06-12T00:28:03.414760+00:00,2025-06-12T01:26:02.406074+00:00,21810.0,21779.0,SHORT,False,False,False,False,False,NO_LOG_FILLS
,2025-06-12T00:28:03.414760+00:00,2025-06-12T01:26:30.138395+00:00,21810.0,21786.25,SHORT,False,False,False,False,False,NO_LOG_FILLS
,2025-06-12T04:38:21.464426+00:00,2025-06-12T04:48:45.789487+00:00,21803.0,21825.25,SHORT,False,False,False,False,False,NO_LOG_FILLS
,2025-06-12T07:30:05.077404+00:00,2025-06-12T07:44:06.603988+00:00,21831.0,21810.75,SHORT,False,False,False,False,False,NO_LOG_FILLS
,2025-06-12T07:30:05.077404+00:00,2025-06-12T07:46:55.769527+00:00,21831.0,21790.25,SHORT,False,False,False,False,False,NO_LOG_FILLS
,2025-06-12T07:30:05.077404+00:00,2025-06-12T07:48:43.547769+00:00,21831.0,21799.0,SHORT,False,False,False,False,False,NO_LOG_FILLS
,2025-06-12T09:52:31.373602+00:00,2025-06-12T10:12:12.786159+00:00,21807.0,21784.25,SHORT,False,False,False,False,False,NO_LOG_FILLS
,2025-06-12T09:52:31.373602+00:00,2025-06-12T10:25:01.684136+00:00,21807.0,21761.5,SHORT,False,False,False,False,False,NO_LOG_FILLS
,2025-06-12T09:52:31.373602+00:00,2025-06-12T10:25:10.439235+00:00,21807.0,21772.75,SHORT,False,False,False,False,False,NO_LOG_FILLS
,2025-06-12T11:20:01.307141+00:00,2025-06-12T11:30:05.612799+00:00,21780.75,21758.0,SHORT,False,False,False,False,False,NO_LOG_FILLS
,2025-06-12T11:20:01.307141+00:00,2025-06-12T11:56:23.942165+00:00,21780.75,21735.0,SHORT,False,False,False,False,False,NO_LOG_FILLS
,2025-06-12T11:20:01.307141+00:00,2025-06-12T12:00:07.702493+00:00,21780.75,21743.75,SHORT,False,False,False,False,False,NO_LOG_FILLS
,2025-06-12T12:11:28.926668+00:00,2025-06-12T12:30:02.536974+00:00,21769.25,21764.75,LONG,False,False,False,False,False,NO_LOG_FILLS
,2025-06-12T13:51:16.018680+00:00,2025-06-12T13:52:39.893048+00:00,21874.75,21883.0,SHORT,False,False,False,False,False,NO_LOG_FILLS
,2025-06-12T14:03:31.057044+00:00,2025-06-12T14:04:05.464211+00:00,21855.25,21841.0,SHORT,False,False,False,False,False,NO_LOG_FILLS
,2025-06-12T14:03:31.057044+00:00,2025-06-12T14:07:12.373579+00:00,21855.25,21872.5,SHORT,False,False,False,False,False,NO_LOG_FILLS
,2025-06-12T14:51:32.610954+00:00,2025-06-12T15:01:54.038502+00:00,21935.75,21947.75,SHORT,False,False,False,False,False,NO_LOG_FILLS
,2025-06-12T15:32:06.866239+00:00,2025-06-12T15:32:47.165844+00:00,21909.5,21898.5,SHORT,False,False,False,False,False,NO_LOG_FILLS
,2025-06-12T15:32:06.866239+00:00,2025-06-12T15:41:28.181620+00:00,21909.5,21925.25,SHORT,False,False,False,False,False,NO_LOG_FILLS
,2025-06-12T15:54:51.830686+00:00,2025-06-12T15:59:09.208423+00:00,21914.25,21926.5,LONG,False,False,False,False,False,NO_LOG_FILLS
,2025-06-12T15:54:51.830686+00:00,2025-06-12T16:01:03.637225+00:00,21914.25,21938.75,LONG,False,False,False,False,False,NO_LOG_FILLS
,2025-06-12T15:54:51.830686+00:00,2025-06-12T16:03:27.815641+00:00,21914.25,21933.0,LONG,False,False,False,False,False,NO_LOG_FILLS
,2025-06-12T16:04:10.641129+00:00,2025-06-12T16:04:29.741399+00:00,21923.25,21910.25,SHORT,False,False,False,False,False,NO_LOG_FILLS
,2025-06-12T16:04:10.641129+00:00,2025-06-12T16:12:22.724994+00:00,21923.25,21944.0,SHORT,False,False,False,False,False,NO_LOG_FILLS
,2025-06-12T16:33:08.264966+00:00,2025-06-12T16:37:01.466763+00:00,21939.5,21950.25,LONG,False,False,False,False,False,NO_LOG_FILLS
,2025-06-12T16:33:08.264966+00:00,2025-06-12T16:39:55.905188+00:00,21939.5,21961.0,LONG,False,False,False,False,False,NO_LOG_FILLS
,2025-06-12T16:33:08.264966+00:00,2025-06-12T16:39:56.758145+00:00,21939.5,21960.75,LONG,False,False,False,False,False,NO_LOG_FILLS
,2025-06-12T17:05:33.483022+00:00,2025-06-12T17:10:50.278861+00:00,21933.0,21954.75,SHORT,False,False,False,False,False,NO_LOG_FILLS
,2025-06-12T17:18:28.854906+00:00,2025-06-12T17:31:54.982389+00:00,21943.75,21962.0,SHORT,False,False,False,False,False,NO_LOG_FILLS
,2025-06-12T17:36:15.589379+00:00,2025-06-12T17:45:39.366665+00:00,21957.25,21946.75,SHORT,False,False,False,False,False,NO_LOG_FILLS
,2025-06-12T17:36:15.589379+00:00,2025-06-12T17:56:38.880181+00:00,21957.25,21936.25,SHORT,False,False,False,False,False,NO_LOG_FILLS
,2025-06-12T17:36:15.589379+00:00,2025-06-12T17:58:38.008700+00:00,21957.25,21940.0,SHORT,False,False,False,False,False,NO_LOG_FILLS
,2025-06-12T19:25:53.868423+00:00,2025-06-12T19:32:22.329530+00:00,21930.75,21919.75,SHORT,False,False,False,False,False,NO_LOG_FILLS
,2025-06-12T19:25:53.868423+00:00,2025-06-12T19:44:59.890779+00:00,21930.75,21909.0,SHORT,False,False,False,False,False,NO_LOG_FILLS
,2025-06-12T19:25:53.868423+00:00,2025-06-12T19:49:59.429964+00:00,21930.75,21910.0,SHORT,False,False,False,False,False,NO_LOG_FILLS
,2025-06-12T19:59:29.642599+00:00,2025-06-12T19:59:54.826970+00:00,21925.75,21933.5,SHORT,False,False,False,False,False,NO_LOG_FILLS
,2025-06-13T00:19:26.630035+00:00,2025-06-13T00:20:34.186081+00:00,21619.0,21593.75,SHORT,False,False,False,False,False,NO_LOG_FILLS
,2025-06-13T00:19:26.630035+00:00,2025-06-13T00:32:48.016375+00:00,21619.0,21568.0,SHORT,False,False,False,False,False,NO_LOG_FILLS
,2025-06-13T00:19:26.630035+00:00,2025-06-13T00:32:56.862698+00:00,21619.0,21569.0,SHORT,False,False,False,False,False,NO_LOG_FILLS
,2025-06-13T00:42:41.188909+00:00,2025-06-13T00:52:05.748845+00:00,21599.5,21573.5,LONG,False,False,False,False,False,NO_LOG_FILLS
,2025-06-13T01:22:38.368281+00:00,2025-06-13T01:48:15.504443+00:00,21559.75,21594.75,LONG,False,False,False,False,False,NO_LOG_FILLS
,2025-06-13T01:22:38.368281+00:00,2025-06-13T02:41:40.275495+00:00,21559.75,21509.25,LONG,False,False,False,False,False,NO_LOG_FILLS
,2025-06-13T02:51:47.819267+00:00,2025-06-13T02:57:36.415443+00:00,21503.75,21528.5,SHORT,False,False,False,False,False,NO_LOG_FILLS
,2025-06-13T04:11:32.498919+00:00,2025-06-13T04:33:09.137221+00:00,21542.0,21545.75,SHORT,False,False,False,False,False,NO_LOG_FILLS
,2025-06-13T05:55:15.671424+00:00,2025-06-13T06:02:27.800301+00:00,21570.5,21601.0,LONG,False,False,False,False,False,NO_LOG_FILLS
,2025-06-13T05:55:15.671424+00:00,2025-06-13T07:11:24.644806+00:00,21570.5,21631.5,LONG,False,False,False,False,False,NO_LOG_FILLS
,2025-06-13T05:55:15.671424+00:00,2025-06-13T07:14:18.172070+00:00,21570.5,21626.5,LONG,False,False,False,False,False,NO_LOG_FILLS
,2025-06-13T07:23:03.255709+00:00,2025-06-13T07:41:36.516090+00:00,21599.0,21638.0,SHORT,False,False,False,False,False,NO_LOG_FILLS
,2025-06-13T08:21:27.848005+00:00,2025-06-13T08:42:00.524372+00:00,21632.5,21601.5,SHORT,False,False,False,False,False,NO_LOG_FILLS
,2025-06-13T08:21:27.848005+00:00,2025-06-13T11:01:26.096750+00:00,21632.5,21662.75,SHORT,False,False,False,False,False,NO_LOG_FILLS
,2025-06-13T12:05:41.875079+00:00,2025-06-13T12:22:35.364642+00:00,21664.25,21694.25,SHORT,False,False,False,False,False,NO_LOG_FILLS
,2025-06-13T13:25:48.650718+00:00,2025-06-13T13:30:06.247997+00:00,21655.5,21685.25,LONG,False,False,False,False,False,NO_LOG_FILLS
,2025-06-13T13:25:48.650718+00:00,2025-06-13T13:30:31.564410+00:00,21655.5,21714.75,LONG,False,False,False,False,False,NO_LOG_FILLS
,2025-06-13T13:25:48.650718+00:00,2025-06-13T13:30:34.834378+00:00,21655.5,21704.25,LONG,False,False,False,False,False,NO_LOG_FILLS
,2025-06-13T13:37:18.669252+00:00,2025-06-13T13:39:00.708838+00:00,21751.25,21776.0,LONG,False,False,False,False,False,NO_LOG_FILLS
,2025-06-13T13:37:18.669252+00:00,2025-06-13T13:55:02.557778+00:00,21751.25,21730.25,LONG,False,False,False,False,False,NO_LOG_FILLS
,2025-06-13T14:20:56.129641+00:00,2025-06-13T14:21:41.658521+00:00,21654.5,21657.0,LONG,False,False,False,False,False,NO_LOG_FILLS
,2025-06-13T14:30:30.057310+00:00,2025-06-13T14:32:34.696809+00:00,21635.75,21653.0,LONG,False,False,False,False,False,NO_LOG_FILLS
,2025-06-13T14:30:30.057310+00:00,2025-06-13T14:33:45.037190+00:00,21635.75,21670.5,LONG,False,False,False,False,False,NO_LOG_FILLS
,2025-06-13T14:30:30.057310+00:00,2025-06-13T14:34:32.683145+00:00,21635.75,21663.25,LONG,False,False,False,False,False,NO_LOG_FILLS
,2025-06-13T14:42:05.052604+00:00,2025-06-13T14:42:37.846760+00:00,21742.25,21728.5,SHORT,False,False,False,False,False,NO_LOG_FILLS
,2025-06-13T14:42:05.052604+00:00,2025-06-13T14:43:18.483426+00:00,21742.25,21714.75,SHORT,False,False,False,False,False,NO_LOG_FILLS
,2025-06-13T14:42:05.052604+00:00,2025-06-13T14:44:23.067236+00:00,21742.25,21717.25,SHORT,False,False,False,False,False,NO_LOG_FILLS
,2025-06-13T15:05:28.169362+00:00,2025-06-13T15:15:25.768039+00:00,21758.5,21771.75,LONG,False,False,False,False,False,NO_LOG_FILLS
,2025-06-13T15:05:28.169362+00:00,2025-06-13T15:22:53.598222+00:00,21758.5,21785.0,LONG,False,False,False,False,False,NO_LOG_FILLS
,2025-06-13T15:05:28.169362+00:00,2025-06-13T15:23:28.267178+00:00,21758.5,21789.0,LONG,False,False,False,False,False,NO_LOG_FILLS
,2025-06-13T15:35:17.293599+00:00,2025-06-13T15:42:41.326383+00:00,21789.0,21813.25,SHORT,False,False,False,False,False,NO_LOG_FILLS
,2025-06-13T15:55:39.405923+00:00,2025-06-13T15:56:31.070639+00:00,21830.0,21816.5,SHORT,False,False,False,False,False,NO_LOG_FILLS
,2025-06-13T15:55:39.405923+00:00,2025-06-13T16:11:18.291531+00:00,21830.0,21842.5,SHORT,False,False,False,False,False,NO_LOG_FILLS
,2025-06-13T16:15:05.071438+00:00,2025-06-13T16:18:24.394927+00:00,21840.75,21854.0,SHORT,False,False,False,False,False,NO_LOG_FILLS
,2025-06-13T18:34:56.438790+00:00,2025-06-13T18:36:30.772154+00:00,21649.25,21627.5,LONG,False,False,False,False,False,NO_LOG_FILLS
,2025-06-13T18:40:36.220018+00:00,2025-06-13T18:45:15.953859+00:00,21627.5,21645.5,LONG,False,False,False,False,False,NO_LOG_FILLS
,2025-06-13T18:40:36.220018+00:00,2025-06-13T18:54:42.853607+00:00,21627.5,21663.75,LONG,False,False,False,False,False,NO_LOG_FILLS
,2025-06-13T18:40:36.220018+00:00,2025-06-13T18:55:35.678392+00:00,21627.5,21668.0,LONG,False,False,False,False,False,NO_LOG_FILLS
,2025-06-13T19:12:24.473248+00:00,2025-06-13T19:14:42.182879+00:00,21659.75,21687.0,SHORT,False,False,False,False,False,NO_LOG_FILLS
,2025-06-13T19:54:39.807367+00:00,2025-06-13T19:54:49.449378+00:00,21623.5,21625.5,LONG,False,False,False,False,False,NO_LOG_FILLS
,2025-06-13T19:54:40.952876+00:00,2025-06-13T19:54:50.557261+00:00,21623.5,21625.5,LONG,False,False,False,False,False,NO_LOG_FILLS
,2025-06-22T22:00:00.281820+00:00,2025-06-22T22:00:04.832108+00:00,21637.0,21600.25,LONG,False,False,False,False,False,NO_LOG_FILLS
,2025-06-29T22:05:29.712356+00:00,2025-06-29T22:09:20.145993+00:00,22763.5,22789.0,SHORT,False,False,False,False,False,NO_LOG_FILLS
,2025-06-30T02:56:24.189904+00:00,2025-06-30T03:37:02.473145+00:00,22855.5,22873.25,SHORT,False,False,False,False,False,NO_LOG_FILLS
,2025-06-30T06:26:09.459215+00:00,2025-06-30T06:44:37.974443+00:00,22894.5,22879.0,SHORT,False,False,False,False,False,NO_LOG_FILLS
,2025-06-30T06:26:09.459215+00:00,2025-06-30T07:02:04.900548+00:00,22894.5,22863.5,SHORT,False,False,False,False,False,NO_LOG_FILLS
,2025-06-30T06:26:09.459215+00:00,2025-06-30T07:18:24.760007+00:00,22894.5,22859.25,SHORT,False,False,False,False,False,NO_LOG_FILLS
,2025-06-30T09:03:36.978709+00:00,2025-06-30T09:08:10.106475+00:00,22871.25,22880.0,SHORT,False,False,False,False,False,NO_LOG_FILLS
,2025-06-30T09:44:37.939989+00:00,2025-06-30T09:50:10.365780+00:00,22901.5,22886.5,SHORT,False,False,False,False,False,NO_LOG_FILLS
,2025-06-30T09:44:37.939989+00:00,2025-06-30T12:34:25.737692+00:00,22901.5,22871.25,SHORT,False,False,False,False,False,NO_LOG_FILLS
,2025-06-30T09:44:37.939989+00:00,2025-06-30T12:51:33.541672+00:00,22901.5,22863.25,SHORT,False,False,False,False,False,NO_LOG_FILLS
,2025-06-30T13:29:59.869085+00:00,2025-06-30T13:30:00.180963+00:00,22870.5,22868.25,LONG,False,False,False,False,False,NO_LOG_FILLS
,2025-06-30T13:30:35.812624+00:00,2025-06-30T13:31:55.461035+00:00,22867.25,22850.75,LONG,False,False,False,False,False,NO_LOG_FILLS
,2025-06-30T13:31:56.929953+00:00,2025-06-30T13:31:58.399170+00:00,22850.5,22849.0,LONG,False,False,False,False,False,NO_LOG_FILLS
,2025-06-30T13:47:59.680440+00:00,2025-06-30T13:48:17.495525+00:00,22804.75,22810.5,SHORT,False,False,False,False,False,NO_LOG_FILLS
,2025-06-30T14:14:15.331421+00:00,2025-06-30T14:18:07.126213+00:00,22836.0,22825.75,SHORT,False,False,False,False,False,NO_LOG_FILLS
,2025-06-30T14:14:15.331421+00:00,2025-06-30T14:21:09.105984+00:00,22836.0,22815.75,SHORT,False,False,False,False,False,NO_LOG_FILLS
,2025-06-30T14:14:15.331421+00:00,2025-06-30T14:22:08.867188+00:00,22836.0,22818.25,SHORT,False,False,False,False,False,NO_LOG_FILLS
,2025-06-30T14:27:39.608949+00:00,2025-06-30T14:29:32.501389+00:00,22826.5,22836.75,LONG,False,False,False,False,False,NO_LOG_FILLS
,2025-06-30T14:27:39.608949+00:00,2025-06-30T14:37:53.768202+00:00,22826.5,22816.0,LONG,False,False,False,False,False,NO_LOG_FILLS
,2025-06-30T14:50:44.311787+00:00,2025-06-30T15:05:15.521748+00:00,22823.25,22836.25,SHORT,False,False,False,False,False,NO_LOG_FILLS
,2025-06-30T15:56:33.782640+00:00,2025-06-30T16:04:11.552736+00:00,22842.25,22858.25,SHORT,False,False,False,False,False,NO_LOG_FILLS
,2025-06-30T16:33:15.550034+00:00,2025-06-30T16:40:23.070150+00:00,22845.75,22855.5,LONG,False,False,False,False,False,NO_LOG_FILLS
,2025-06-30T16:33:15.550034+00:00,2025-06-30T16:42:59.544732+00:00,22845.75,22865.5,LONG,False,False,False,False,False,NO_LOG_FILLS
,2025-06-30T16:33:15.550034+00:00,2025-06-30T16:44:28.937799+00:00,22845.75,22856.25,LONG,False,False,False,False,False,NO_LOG_FILLS
,2025-06-30T18:30:59.619310+00:00,2025-06-30T18:32:59.532727+00:00,22812.25,22801.25,SHORT,False,False,False,False,False,NO_LOG_FILLS
,2025-06-30T18:30:59.619310+00:00,2025-06-30T18:40:59.961553+00:00,22812.25,22790.25,SHORT,False,False,False,False,False,NO_LOG_FILLS
,2025-06-30T18:30:59.619310+00:00,2025-06-30T18:41:36.920020+00:00,22812.25,22796.5,SHORT,False,False,False,False,False,NO_LOG_FILLS
,2025-06-30T19:02:24.658315+00:00,2025-06-30T19:03:23.858344+00:00,22849.0,22859.5,SHORT,False,False,False,False,False,NO_LOG_FILLS
,2025-06-30T19:29:29.120805+00:00,2025-06-30T19:30:37.148079+00:00,22876.0,22866.75,SHORT,False,False,False,False,False,NO_LOG_FILLS
,2025-06-30T19:29:29.120805+00:00,2025-06-30T19:43:07.698507+00:00,22876.0,22893.75,SHORT,False,False,False,False,False,NO_LOG_FILLS
,2025-06-30T19:54:39.640154+00:00,2025-06-30T19:54:58.953876+00:00,22924.0,22932.75,SHORT,False,False,False,False,False,NO_LOG_FILLS
,2025-07-01T07:01:36.879583+00:00,2025-07-01T07:50:12.053015+00:00,22854.5,22827.0,LONG,False,False,False,False,False,NO_LOG_FILLS
,2025-07-01T08:23:54.538286+00:00,2025-07-01T08:37:02.887369+00:00,22842.75,22857.0,LONG,False,False,False,False,False,NO_LOG_FILLS
,2025-07-01T08:23:54.538286+00:00,2025-07-01T09:46:54.448410+00:00,22842.75,22818.5,LONG,False,False,False,False,False,NO_LOG_FILLS
,2025-07-01T11:00:02.975240+00:00,2025-07-01T11:57:21.072804+00:00,22840.5,22813.75,LONG,False,False,False,False,False,NO_LOG_FILLS
,2025-07-01T13:46:03.270335+00:00,2025-07-01T13:48:58.745392+00:00,22804.5,22819.25,LONG,False,False,False,False,False,NO_LOG_FILLS
,2025-07-01T13:46:03.270335+00:00,2025-07-01T13:51:53.796644+00:00,22804.5,22833.75,LONG,False,False,False,False,False,NO_LOG_FILLS
,2025-07-01T13:46:03.270335+00:00,2025-07-01T13:52:22.623912+00:00,22804.5,22825.25,LONG,False,False,False,False,False,NO_LOG_FILLS
,2025-07-01T15:29:12.648303+00:00,2025-07-01T15:37:04.743633+00:00,22679.5,22669.5,SHORT,False,False,False,False,False,NO_LOG_FILLS
,2025-07-01T15:29:12.648303+00:00,2025-07-01T15:38:11.610982+00:00,22679.5,22659.5,SHORT,False,False,False,False,False,NO_LOG_FILLS
,2025-07-01T15:29:12.648303+00:00,2025-07-01T15:39:46.724956+00:00,22679.5,22657.0,SHORT,False,False,False,False,False,NO_LOG_FILLS
,2025-07-01T16:08:33.148289+00:00,2025-07-01T16:10:31.293622+00:00,22649.75,22660.25,LONG,False,False,False,False,False,NO_LOG_FILLS
,2025-07-01T16:08:33.148289+00:00,2025-07-01T16:11:02.751975+00:00,22649.75,22670.5,LONG,False,False,False,False,False,NO_LOG_FILLS
,2025-07-01T16:08:33.148289+00:00,2025-07-01T16:15:18.023321+00:00,22649.75,22696.25,LONG,False,False,False,False,False,NO_LOG_FILLS
,2025-07-01T16:16:32.828013+00:00,2025-07-01T16:17:07.087351+00:00,22704.5,22691.5,LONG,False,False,False,False,False,NO_LOG_FILLS
,2025-07-01T16:23:08.528824+00:00,2025-07-01T16:30:07.310501+00:00,22685.5,22672.25,LONG,False,False,False,False,False,NO_LOG_FILLS
,2025-07-01T16:40:58.814260+00:00,2025-07-01T16:43:25.824913+00:00,22695.25,22708.5,SHORT,False,False,False,False,False,NO_LOG_FILLS
,2025-07-01T16:56:06.539718+00:00,2025-07-01T16:57:06.950707+00:00,22723.0,22713.25,SHORT,False,False,False,False,False,NO_LOG_FILLS
,2025-07-01T16:56:06.539718+00:00,2025-07-01T16:57:49.353324+00:00,22723.0,22703.75,SHORT,False,False,False,False,False,NO_LOG_FILLS
,2025-07-01T16:56:06.539718+00:00,2025-07-01T17:00:15.622221+00:00,22723.0,22709.0,SHORT,False,False,False,False,False,NO_LOG_FILLS
,2025-07-01T17:23:19.983697+00:00,2025-07-01T17:27:28.345540+00:00,22742.25,22719.25,LONG,False,False,False,False,False,NO_LOG_FILLS
,2025-07-01T17:43:09.012911+00:00,2025-07-01T17:50:47.903181+00:00,22729.25,22740.25,LONG,False,False,False,False,False,NO_LOG_FILLS
,2025-07-01T17:43:09.012911+00:00,2025-07-01T17:52:41.921651+00:00,22729.25,22751.25,LONG,False,False,False,False,False,NO_LOG_FILLS
,2025-07-01T17:43:09.012911+00:00,2025-07-01T17:54:34.810513+00:00,22729.25,22750.75,LONG,False,False,False,False,False,NO_LOG_FILLS
,2025-07-01T18:32:09.150039+00:00,2025-07-01T18:51:10.245756+00:00,22740.25,22720.5,LONG,False,False,False,False,False,NO_LOG_FILLS
,2025-07-01T19:19:10.958708+00:00,2025-07-01T19:22:17.200206+00:00,22699.5,22711.25,LONG,False,False,False,False,False,NO_LOG_FILLS
,2025-07-01T19:19:10.958708+00:00,2025-07-01T19:26:56.227974+00:00,22699.5,22722.75,LONG,False,False,False,False,False,NO_LOG_FILLS
,2025-07-01T19:19:10.958708+00:00,2025-07-01T19:31:04.744058+00:00,22699.5,22717.0,LONG,False,False,False,False,False,NO_LOG_FILLS
,2025-07-01T20:00:07.929537+00:00,2025-07-01T20:00:30.020977+00:00,22697.25,22686.25,LONG,False,False,False,False,False,NO_LOG_FILLS
,2025-07-02T03:48:27.795550+00:00,2025-07-02T04:06:13.842821+00:00,22732.25,22746.5,SHORT,False,False,False,False,False,NO_LOG_FILLS
,2025-07-02T05:28:35.367833+00:00,2025-07-02T07:26:50.965967+00:00,22754.25,22742.0,SHORT,False,False,False,False,False,NO_LOG_FILLS
,2025-07-02T05:28:35.367833+00:00,2025-07-02T07:43:58.230109+00:00,22754.25,22729.75,SHORT,False,False,False,False,False,NO_LOG_FILLS
,2025-07-02T05:28:35.367833+00:00,2025-07-02T07:54:10.468392+00:00,22754.25,22727.5,SHORT,False,False,False,False,False,NO_LOG_FILLS
,2025-07-02T10:50:18.155067+00:00,2025-07-02T10:57:18.587451+00:00,22687.25,22675.75,LONG,False,False,False,False,False,NO_LOG_FILLS
,2025-07-02T11:55:24.548725+00:00,2025-07-02T11:57:33.315022+00:00,22645.0,22660.75,LONG,False,False,False,False,False,NO_LOG_FILLS
,2025-07-02T11:55:24.548725+00:00,2025-07-02T12:11:41.809276+00:00,22645.0,22676.25,LONG,False,False,False,False,False,NO_LOG_FILLS
,2025-07-02T11:55:24.548725+00:00,2025-07-02T12:15:11.696227+00:00,22645.0,22675.25,LONG,False,False,False,False,False,NO_LOG_FILLS
,2025-07-02T12:35:28.447304+00:00,2025-07-02T12:41:04.188003+00:00,22627.25,22610.25,LONG,False,False,False,False,False,NO_LOG_FILLS
,2025-07-02T12:41:43.017253+00:00,2025-07-02T12:42:07.121147+00:00,22602.0,22596.5,LONG,False,False,False,False,False,NO_LOG_FILLS
,2025-07-02T13:45:20.846790+00:00,2025-07-02T13:45:29.085678+00:00,22708.25,22723.0,LONG,False,False,False,False,False,NO_LOG_FILLS
,2025-07-02T13:45:20.846790+00:00,2025-07-02T14:03:48.175259+00:00,22708.25,22735.0,LONG,False,False,False,False,False,NO_LOG_FILLS
,2025-07-02T13:45:20.846790+00:00,2025-07-02T14:07:45.439968+00:00,22708.25,22736.75,LONG,False,False,False,False,False,NO_LOG_FILLS
,2025-07-02T15:15:44.895824+00:00,2025-07-02T15:21:15.729922+00:00,22829.25,22815.25,LONG,False,False,False,False,False,NO_LOG_FILLS
,2025-07-02T15:37:28.026524+00:00,2025-07-02T16:08:42.878593+00:00,22825.5,22835.25,LONG,False,False,False,False,False,NO_LOG_FILLS
,2025-07-02T15:37:28.026524+00:00,2025-07-02T17:02:15.956277+00:00,22825.5,22845.0,LONG,False,False,False,False,False,NO_LOG_FILLS
,2025-07-02T15:37:28.026524+00:00,2025-07-02T17:03:47.294132+00:00,22825.5,22835.75,LONG,False,False,False,False,False,NO_LOG_FILLS
,2025-07-02T17:49:34.240728+00:00,2025-07-02T17:52:00.600367+00:00,22822.0,22832.0,LONG,False,False,False,False,False,NO_LOG_FILLS
,2025-07-02T17:49:34.240728+00:00,2025-07-02T19:02:32.023206+00:00,22822.0,22845.25,LONG,False,False,False,False,False,NO_LOG_FILLS
,2025-07-02T17:49:34.240728+00:00,2025-07-02T19:04:39.002000+00:00,22822.0,22840.75,LONG,False,False,False,False,False,NO_LOG_FILLS
,2025-07-02T19:25:31.919638+00:00,2025-07-02T19:42:04.670107+00:00,22834.0,22819.0,LONG,False,False,False,False,False,NO_LOG_FILLS
,2025-07-02T19:49:59.524600+00:00,2025-07-02T19:54:39.639853+00:00,22835.0,22845.0,LONG,False,False,False,False,False,NO_LOG_FILLS
,2025-07-02T19:49:59.524600+00:00,2025-07-02T20:53:25.406559+00:00,22835.0,22855.0,LONG,False,False,False,False,False,NO_LOG_FILLS
,2025-07-02T19:49:59.524600+00:00,2025-07-02T20:58:58.961430+00:00,22835.0,22852.0,LONG,False,False,False,False,False,NO_LOG_FILLS
,2025-07-02T22:10:33.077437+00:00,2025-07-02T22:19:34.363707+00:00,22840.25,22832.5,SHORT,False,False,False,False,False,NO_LOG_FILLS
,2025-07-03T01:25:11.474385+00:00,2025-07-03T05:41:44.714661+00:00,22862.0,22858.75,LONG,False,False,False,False,False,NO_LOG_FILLS
,2025-07-03T05:41:44.714661+00:00,2025-07-03T06:44:02.160721+00:00,22858.75,22881.75,SHORT,False,False,False,False,False,NO_LOG_FILLS
,2025-07-03T06:44:02.160721+00:00,2025-07-03T08:16:28.843425+00:00,22881.75,22879.0,LONG,False,False,False,False,False,NO_LOG_FILLS
,2025-07-03T08:16:28.843425+00:00,2025-07-03T08:45:51.332964+00:00,22879.0,22868.5,SHORT,False,False,False,False,False,NO_LOG_FILLS
,2025-07-03T08:58:14.935149+00:00,2025-07-03T12:32:57.073730+00:00,22858.0,22912.5,LONG,False,False,False,False,False,NO_LOG_FILLS
,2025-07-03T09:00:55.624894+00:00,2025-07-03T12:32:57.073730+00:00,22859.25,22912.5,LONG,False,False,False,False,False,NO_LOG_FILLS
,2025-07-03T12:32:57.073730+00:00,2025-07-03T12:34:59.642102+00:00,22912.5,22928.0,SHORT,False,False,False,False,False,NO_LOG_FILLS
,2025-07-03T12:34:59.642102+00:00,2025-07-03T12:35:00.950879+00:00,22928.0,22933.25,LONG,False,False,False,False,False,NO_LOG_FILLS
,2025-07-03T12:35:00.950879+00:00,2025-07-03T12:35:25.299677+00:00,22933.25,22920.75,SHORT,False,False,False,False,False,NO_LOG_FILLS
,2025-07-03T12:35:25.299677+00:00,2025-07-03T13:17:32.072702+00:00,22920.75,22905.25,LONG,False,False,False,False,False,NO_LOG_FILLS
,2025-07-03T13:17:32.072702+00:00,2025-07-03T13:24:30.358843+00:00,22905.25,22927.5,SHORT,False,False,False,False,False,NO_LOG_FILLS
,2025-07-03T13:24:30.358843+00:00,2025-07-03T13:37:13.881876+00:00,22927.5,22970.0,LONG,False,False,False,False,False,NO_LOG_FILLS
,2025-07-03T13:35:29.466138+00:00,2025-07-03T13:37:13.881876+00:00,22975.5,22970.0,LONG,False,False,False,False,False,NO_LOG_FILLS
,2025-07-03T13:35:29.466138+00:00,2025-07-03T13:51:02.777614+00:00,22975.5,22968.25,LONG,False,False,False,False,False,NO_LOG_FILLS
,2025-07-03T13:51:02.777614+00:00,2025-07-03T13:51:44.786851+00:00,22968.25,22969.5,SHORT,False,False,False,False,False,NO_LOG_FILLS
,2025-07-03T13:51:44.786851+00:00,2025-07-03T13:58:42.988910+00:00,22969.5,22996.25,LONG,False,False,False,False,False,NO_LOG_FILLS
,2025-07-03T13:58:42.988910+00:00,2025-07-03T13:59:59.971436+00:00,22996.25,23004.0,SHORT,False,False,False,False,False,NO_LOG_FILLS
,2025-07-03T13:59:59.971436+00:00,2025-07-03T15:02:29.170001+00:00,23004.0,23061.75,LONG,False,False,False,False,False,NO_LOG_FILLS
,2025-07-03T13:59:59.971436+00:00,2025-07-03T15:25:43.538476+00:00,23004.0,23086.25,LONG,False,False,False,False,False,NO_LOG_FILLS
,2025-07-03T14:55:52.171372+00:00,2025-07-03T15:27:15.418197+00:00,23052.0,23062.0,LONG,False,False,False,False,False,NO_LOG_FILLS
,2025-07-03T14:55:52.171372+00:00,2025-07-03T15:41:54.091051+00:00,23052.0,23097.0,LONG,False,False,False,False,False,NO_LOG_FILLS
,2025-07-03T15:41:54.091051+00:00,2025-07-03T15:51:03.289528+00:00,23097.0,23088.75,SHORT,False,False,False,False,False,NO_LOG_FILLS
,2025-07-03T15:57:05.159723+00:00,2025-07-03T16:29:50.541481+00:00,23080.5,23072.75,LONG,False,False,False,False,False,NO_LOG_FILLS
,2025-07-03T16:00:48.665553+00:00,2025-07-03T16:29:50.541481+00:00,23088.5,23072.75,LONG,False,False,False,False,False,NO_LOG_FILLS
,2025-07-03T16:27:59.155218+00:00,2025-07-03T16:29:50.541481+00:00,23085.5,23072.75,LONG,False,False,False,False,False,NO_LOG_FILLS
,2025-07-03T16:27:59.155218+00:00,2025-07-03T16:45:20.875402+00:00,23085.5,23068.5,LONG,False,False,False,False,False,NO_LOG_FILLS
,2025-07-03T16:45:20.875402+00:00,2025-07-03T16:47:34.481818+00:00,23068.5,23061.0,SHORT,False,False,False,False,False,NO_LOG_FILLS
,2025-07-04T00:11:00.643662+00:00,2025-07-04T02:10:30.658342+00:00,23021.25,23012.25,SHORT,False,False,False,False,False,NO_LOG_FILLS
,2025-07-04T00:11:00.643662+00:00,2025-07-04T02:12:34.143891+00:00,23021.25,23003.25,SHORT,False,False,False,False,False,NO_LOG_FILLS
,2025-07-04T00:11:00.643662+00:00,2025-07-04T02:14:04.420025+00:00,23021.25,23013.0,SHORT,False,False,False,False,False,NO_LOG_FILLS
,2025-07-04T09:41:16.462790+00:00,2025-07-04T10:46:20.124781+00:00,22937.75,22918.75,LONG,False,False,False,False,False,NO_LOG_FILLS
,2025-07-04T11:15:05.105107+00:00,2025-07-04T14:30:36.135298+00:00,22924.75,22945.5,LONG,False,False,False,False,False,NO_LOG_FILLS
,2025-07-06T21:59:58.662921+00:00,2025-07-06T22:00:54.921071+00:00,22968.0,23010.0,SHORT,False,False,False,False,False,NO_LOG_FILLS
,2025-07-07T07:01:57.147664+00:00,2025-07-07T08:10:08.072629+00:00,22944.0,22918.0,LONG,False,False,False,False,False,NO_LOG_FILLS
,2025-07-07T08:26:39.142215+00:00,2025-07-07T09:52:38.983147+00:00,22934.75,22949.5,LONG,False,False,False,False,False,NO_LOG_FILLS
,2025-07-07T08:26:39.142215+00:00,2025-07-07T09:57:41.108604+00:00,22934.75,22964.0,LONG,False,False,False,False,False,NO_LOG_FILLS
,2025-07-07T08:26:39.142215+00:00,2025-07-07T10:15:20.887851+00:00,22934.75,22976.25,LONG,False,False,False,False,False,NO_LOG_FILLS
,2025-07-07T12:44:05.866597+00:00,2025-07-07T12:54:54.614577+00:00,22967.75,22952.25,SHORT,False,False,False,False,False,NO_LOG_FILLS
,2025-07-07T12:44:05.866597+00:00,2025-07-07T13:18:04.405065+00:00,22967.75,22936.75,SHORT,False,False,False,False,False,NO_LOG_FILLS
,2025-07-07T12:44:05.866597+00:00,2025-07-07T13:26:48.950772+00:00,22967.75,22937.75,SHORT,False,False,False,False,False,NO_LOG_FILLS
,2025-07-07T13:41:56.705967+00:00,2025-07-07T13:45:27.352555+00:00,22951.0,22936.25,LONG,False,False,False,False,False,NO_LOG_FILLS
,2025-07-07T13:54:00.371355+00:00,2025-07-07T13:55:27.263094+00:00,22961.75,22950.0,SHORT,False,False,False,False,False,NO_LOG_FILLS
,2025-07-07T13:54:00.371355+00:00,2025-07-07T14:00:58.052264+00:00,22961.75,22938.25,SHORT,False,False,False,False,False,NO_LOG_FILLS
,2025-07-07T13:54:00.371355+00:00,2025-07-07T14:02:51.439861+00:00,22961.75,22911.5,SHORT,False,False,False,False,False,NO_LOG_FILLS
,2025-07-07T14:12:17.229785+00:00,2025-07-07T14:15:18.536437+00:00,22923.25,22910.5,SHORT,False,False,False,False,False,NO_LOG_FILLS
,2025-07-07T14:12:17.229785+00:00,2025-07-07T14:21:08.012445+00:00,22923.25,22944.25,SHORT,False,False,False,False,False,NO_LOG_FILLS
,2025-07-07T14:45:55.905147+00:00,2025-07-07T14:51:35.296396+00:00,22927.0,22911.0,LONG,False,False,False,False,False,NO_LOG_FILLS
,2025-07-07T14:59:15.925947+00:00,2025-07-07T15:01:18.576785+00:00,22893.0,22902.5,LONG,False,False,False,False,False,NO_LOG_FILLS
,2025-07-07T14:59:15.925947+00:00,2025-07-07T15:02:08.869292+00:00,22893.0,22911.75,LONG,False,False,False,False,False,NO_LOG_FILLS
,2025-07-07T14:59:15.925947+00:00,2025-07-07T15:03:03.627228+00:00,22893.0,22905.5,LONG,False,False,False,False,False,NO_LOG_FILLS
,2025-07-07T15:26:19.600192+00:00,2025-07-07T15:31:40.265274+00:00,22915.5,22924.25,LONG,False,False,False,False,False,NO_LOG_FILLS
,2025-07-07T15:26:19.600192+00:00,2025-07-07T15:57:56.668402+00:00,22915.5,22933.0,LONG,False,False,False,False,False,NO_LOG_FILLS
,2025-07-07T15:26:19.600192+00:00,2025-07-07T16:11:41.553952+00:00,22915.5,22946.0,LONG,False,False,False,False,False,NO_LOG_FILLS
,2025-07-07T16:23:09.727484+00:00,2025-07-07T16:23:29.309709+00:00,22875.25,22886.75,LONG,False,False,False,False,False,NO_LOG_FILLS
,2025-07-07T16:23:09.727484+00:00,2025-07-07T16:23:34.636677+00:00,22875.25,22898.25,LONG,False,False,False,False,False,NO_LOG_FILLS
,2025-07-07T16:23:09.727484+00:00,2025-07-07T16:23:42.136244+00:00,22875.25,22901.75,LONG,False,False,False,False,False,NO_LOG_FILLS
,2025-07-07T16:26:49.892550+00:00,2025-07-07T16:27:00.634703+00:00,22878.25,22892.5,LONG,False,False,False,False,False,NO_LOG_FILLS
,2025-07-07T16:26:49.892550+00:00,2025-07-07T16:30:37.579968+00:00,22878.25,22904.75,LONG,False,False,False,False,False,NO_LOG_FILLS
,2025-07-07T16:26:49.892550+00:00,2025-07-07T16:30:42.191007+00:00,22878.25,22900.75,LONG,False,False,False,False,False,NO_LOG_FILLS
,2025-07-07T17:15:41.452899+00:00,2025-07-07T17:19:04.851936+00:00,22886.25,22895.75,SHORT,False,False,False,False,False,NO_LOG_FILLS
,2025-07-07T17:30:10.714473+00:00,2025-07-07T17:30:13.453219+00:00,22887.5,22899.75,LONG,False,False,False,False,False,NO_LOG_FILLS
,2025-07-07T17:30:10.714473+00:00,2025-07-07T17:30:18.250826+00:00,22887.5,22911.75,LONG,False,False,False,False,False,NO_LOG_FILLS
,2025-07-07T17:30:10.714473+00:00,2025-07-07T17:30:32.675565+00:00,22887.5,22895.5,LONG,False,False,False,False,False,NO_LOG_FILLS
,2025-07-07T17:46:13.224175+00:00,2025-07-07T18:03:02.219295+00:00,22867.25,22879.5,LONG,False,False,False,False,False,NO_LOG_FILLS
,2025-07-07T17:46:13.224175+00:00,2025-07-07T18:16:19.985332+00:00,22867.25,22846.0,LONG,False,False,False,False,False,NO_LOG_FILLS
,2025-07-07T18:31:56.663518+00:00,2025-07-07T18:36:39.295681+00:00,22800.5,22814.25,LONG,False,False,False,False,False,NO_LOG_FILLS
,2025-07-07T18:31:56.663518+00:00,2025-07-07T18:40:39.119390+00:00,22800.5,22827.75,LONG,False,False,False,False,False,NO_LOG_FILLS
,2025-07-07T18:31:56.663518+00:00,2025-07-07T18:47:25.925019+00:00,22800.5,22845.5,LONG,False,False,False,False,False,NO_LOG_FILLS
,2025-07-07T19:11:35.846695+00:00,2025-07-07T19:41:26.323747+00:00,22858.0,22844.0,LONG,False,False,False,False,False,NO_LOG_FILLS
,2025-07-07T19:51:18.065528+00:00,2025-07-07T19:51:18.378873+00:00,22862.5,22863.25,SHORT,False,False,False,False,False,NO_LOG_FILLS
,2025-07-13T23:10:50.184482+00:00,2025-07-13T23:28:40.489713+00:00,22859.0,22839.5,LONG,False,False,False,False,False,NO_LOG_FILLS
,2025-07-27T23:14:35.328806+00:00,2025-07-27T23:23:28.355617+00:00,23525.5,23535.0,LONG,False,False,False,False,False,NO_LOG_FILLS
,2025-07-27T23:14:35.328806+00:00,2025-07-27T23:25:49.750527+00:00,23525.5,23544.5,LONG,False,False,False,False,False,NO_LOG_FILLS
,2025-07-27T23:14:35.328806+00:00,2025-07-27T23:28:37.302002+00:00,23525.5,23538.75,LONG,False,False,False,False,False,NO_LOG_FILLS
,2025-08-03T22:03:25.314256+00:00,2025-08-03T22:06:58.939254+00:00,22867.0,22840.25,LONG,False,False,False,False,False,NO_LOG_FILLS
,2025-08-10T22:21:49.825749+00:00,2025-08-10T23:09:04.008118+00:00,23748.0,23725.0,LONG,False,False,False,False,False,NO_LOG_FILLS
,2025-12-14T23:02:23.782274+00:00,2025-12-14T23:02:24.864135+00:00,25219.5,25209.25,SHORT,False,False,False,False,False,NO_LOG_FILLS
,2025-12-14T23:02:23.782274+00:00,2025-12-14T23:02:30.837786+00:00,25219.5,25198.75,SHORT,False,False,False,False,False,NO_LOG_FILLS
,2025-12-14T23:02:23.782274+00:00,2025-12-14T23:03:24.468927+00:00,25219.5,25173.0,SHORT,False,False,False,False,False,NO_LOG_FILLS
,2025-12-14T23:03:27.771850+00:00,2025-12-14T23:03:57.689202+00:00,25182.5,25170.25,LONG,False,False,False,False,False,NO_LOG_FILLS
,2025-12-24T09:14:09.448552+00:00,2025-12-24T12:17:54.499290+00:00,25797.5,25807.0,LONG,False,False,False,False,False,NO_LOG_FILLS
,2025-12-24T09:14:09.448552+00:00,2025-12-24T12:58:49.070287+00:00,25797.5,25816.75,LONG,False,False,False,False,False,NO_LOG_FILLS
,2025-12-24T09:14:09.448552+00:00,2025-12-24T13:03:19.219303+00:00,25797.5,25807.75,LONG,False,False,False,False,False,NO_LOG_FILLS
,2025-12-24T14:33:54.974047+00:00,2025-12-24T15:10:42.096697+00:00,25815.75,25833.25,LONG,False,False,False,False,False,NO_LOG_FILLS
,2025-12-24T14:33:54.974047+00:00,2025-12-24T16:09:19.345979+00:00,25815.75,25841.75,LONG,False,False,False,False,False,NO_LOG_FILLS
,2025-12-24T14:33:54.974047+00:00,2025-12-24T16:18:31.663358+00:00,25815.75,25841.75,LONG,False,False,False,False,False,NO_LOG_FILLS
,2025-12-24T16:53:05.247477+00:00,2025-12-24T17:18:10.654703+00:00,25878.25,25871.75,SHORT,False,False,False,False,False,NO_LOG_FILLS
,2025-12-24T16:53:05.247477+00:00,2025-12-24T17:18:20.115928+00:00,25878.25,25865.5,SHORT,False,False,False,False,False,NO_LOG_FILLS
,2025-12-24T16:53:05.247477+00:00,2025-12-24T17:21:00.014205+00:00,25878.25,25874.0,SHORT,False,False,False,False,False,NO_LOG_FILLS
,2025-12-24T17:30:49.346242+00:00,2025-12-24T17:42:01.780647+00:00,25877.5,25871.75,SHORT,False,False,False,False,False,NO_LOG_FILLS
,2025-12-24T17:30:49.346242+00:00,2025-12-24T17:44:27.946646+00:00,25877.5,25866.25,SHORT,False,False,False,False,False,NO_LOG_FILLS
,2025-12-24T17:30:49.346242+00:00,2025-12-24T17:48:19.302454+00:00,25877.5,25875.25,SHORT,False,False,False,False,False,NO_LOG_FILLS
,2025-12-26T14:33:48.890366+00:00,2025-12-26T14:35:18.220652+00:00,25894.5,25911.75,LONG,False,False,False,False,False,NO_LOG_FILLS
,2025-12-26T14:33:48.890366+00:00,2025-12-26T14:41:33.072512+00:00,25894.5,25930.0,LONG,False,False,False,False,False,NO_LOG_FILLS
,2025-12-26T14:33:48.890366+00:00,2025-12-26T14:42:04.438897+00:00,25894.5,25920.75,LONG,False,False,False,False,False,NO_LOG_FILLS
,2025-12-26T14:52:36.080252+00:00,2025-12-26T14:57:44.322582+00:00,25898.0,25873.5,LONG,False,False,False,False,False,NO_LOG_FILLS
,2025-12-26T15:00:38.032340+00:00,2025-12-26T15:01:16.547521+00:00,25874.5,25860.0,SHORT,False,False,False,False,False,NO_LOG_FILLS
,2025-12-26T15:00:38.032340+00:00,2025-12-26T15:01:45.660959+00:00,25874.5,25845.25,SHORT,False,False,False,False,False,NO_LOG_FILLS
,2025-12-26T15:00:38.032340+00:00,2025-12-26T15:01:52.254521+00:00,25874.5,25854.0,SHORT,False,False,False,False,False,NO_LOG_FILLS
,2025-12-26T15:11:44.963309+00:00,2025-12-26T15:20:10.972206+00:00,25847.75,25869.5,SHORT,False,False,False,False,False,NO_LOG_FILLS
,2025-12-26T16:16:10.886616+00:00,2025-12-26T16:20:51.373842+00:00,25867.0,25880.0,LONG,False,False,False,False,False,NO_LOG_FILLS
,2025-12-26T16:16:10.886616+00:00,2025-12-26T17:10:55.717833+00:00,25867.0,25856.75,LONG,False,False,False,False,False,NO_LOG_FILLS
,2025-12-26T17:25:20.446138+00:00,2025-12-26T17:27:09.950129+00:00,25863.75,25875.5,LONG,False,False,False,False,False,NO_LOG_FILLS
,2025-12-26T17:25:20.446138+00:00,2025-12-26T18:51:42.161349+00:00,25863.75,25887.5,LONG,False,False,False,False,False,NO_LOG_FILLS
,2025-12-26T17:25:20.446138+00:00,2025-12-26T19:15:39.798357+00:00,25863.75,25888.5,LONG,False,False,False,False,False,NO_LOG_FILLS
,2025-12-26T20:40:57.787371+00:00,2025-12-26T20:49:58.481825+00:00,25877.5,25872.0,LONG,False,False,False,False,False,NO_LOG_FILLS
,2025-12-26T20:54:38.526816+00:00,2025-12-26T20:54:41.375073+00:00,25858.75,25861.25,SHORT,False,False,False,False,False,NO_LOG_FILLS
,2026-01-04T23:07:38.350024+00:00,2026-01-04T23:25:50.466274+00:00,25411.0,25456.0,SHORT,False,False,False,False,False,NO_LOG_FILLS
,2026-01-25T23:11:03.524931+00:00,2026-01-25T23:17:45.916676+00:00,25492.75,25511.5,LONG,False,False,False,False,False,NO_LOG_FILLS
,2026-01-25T23:11:03.524931+00:00,2026-01-25T23:21:42.395481+00:00,25492.75,25530.0,LONG,False,False,False,False,False,NO_LOG_FILLS
,2026-01-25T23:11:03.524931+00:00,2026-01-25T23:23:00.772934+00:00,25492.75,25528.5,LONG,False,False,False,False,False,NO_LOG_FILLS
,2026-01-25T23:52:19.902247+00:00,2026-01-25T23:57:04.450207+00:00,25523.25,25552.75,SHORT,False,False,False,False,False,NO_LOG_FILLS
,2026-02-15T23:53:41.728336+00:00,2026-02-15T23:59:33.887940+00:00,24794.75,24831.25,SHORT,False,False,False,False,False,NO_LOG_FILLS
,2026-03-08T22:14:44.001629+00:00,2026-03-08T22:17:40.565052+00:00,24231.0,24280.25,SHORT,False,False,False,False,False,NO_LOG_FILLS
,2026-03-08T23:07:12.319589+00:00,2026-03-08T23:38:14.925315+00:00,24274.0,24243.5,SHORT,False,False,False,False,False,NO_LOG_FILLS
,2026-03-08T23:07:12.319589+00:00,2026-03-08T23:47:22.151235+00:00,24274.0,24213.0,SHORT,False,False,False,False,False,NO_LOG_FILLS
,2026-03-08T23:07:12.319589+00:00,2026-03-08T23:47:41.060634+00:00,24274.0,24198.75,SHORT,False,False,False,False,False,NO_LOG_FILLS
,2026-03-22T22:22:32.226733+00:00,2026-03-22T22:24:10.582961+00:00,24023.5,24047.0,LONG,False,False,False,False,False,NO_LOG_FILLS
,2026-03-22T22:22:32.226733+00:00,2026-03-22T22:26:06.191849+00:00,24023.5,24068.0,LONG,False,False,False,False,False,NO_LOG_FILLS
,2026-03-22T22:22:32.226733+00:00,2026-03-22T22:26:15.063877+00:00,24023.5,24056.0,LONG,False,False,False,False,False,NO_LOG_FILLS
,2026-03-29T21:59:58.530687+00:00,2026-03-29T22:00:04.411397+00:00,23169.75,23224.0,SHORT,False,False,False,False,False,NO_LOG_FILLS
,2026-03-29T22:03:55.549821+00:00,2026-03-29T22:04:26.023408+00:00,23177.25,23161.75,SHORT,False,False,False,False,False,NO_LOG_FILLS
,2026-03-29T22:03:55.549821+00:00,2026-03-29T22:06:38.679281+00:00,23177.25,23146.0,SHORT,False,False,False,False,False,NO_LOG_FILLS
,2026-03-29T22:03:55.549821+00:00,2026-03-29T22:06:52.052718+00:00,23177.25,23150.25,SHORT,False,False,False,False,False,NO_LOG_FILLS
,2026-03-29T22:58:23.777888+00:00,2026-03-29T23:26:24.686609+00:00,23213.0,23163.0,LONG,False,False,False,False,False,NO_LOG_FILLS
,2026-04-05T23:04:11.294036+00:00,2026-04-05T23:07:10.011723+00:00,24043.5,24094.5,SHORT,False,False,False,False,False,NO_LOG_FILLS
,2026-04-06T02:09:52.290085+00:00,2026-04-06T02:11:07.817357+00:00,24244.0,24273.0,LONG,False,False,False,False,False,NO_LOG_FILLS
,2026-04-06T02:09:52.290085+00:00,2026-04-06T02:20:28.865359+00:00,24244.0,24300.5,LONG,False,False,False,False,False,NO_LOG_FILLS
,2026-04-06T02:09:52.290085+00:00,2026-04-06T02:22:16.920506+00:00,24244.0,24308.75,LONG,False,False,False,False,False,NO_LOG_FILLS
,2026-04-06T05:41:31.261764+00:00,2026-04-06T06:12:31.136371+00:00,24222.75,24268.0,SHORT,False,False,False,False,False,NO_LOG_FILLS
,2026-04-06T09:50:26.683267+00:00,2026-04-06T09:53:58.903142+00:00,24361.75,24334.75,SHORT,False,False,False,False,False,NO_LOG_FILLS
,2026-04-06T09:50:26.683267+00:00,2026-04-06T10:46:14.860277+00:00,24361.75,24308.0,SHORT,False,False,False,False,False,NO_LOG_FILLS
,2026-04-06T09:50:26.683267+00:00,2026-04-06T10:46:15.686804+00:00,24361.75,24318.25,SHORT,False,False,False,False,False,NO_LOG_FILLS
,2026-04-06T11:10:16.601156+00:00,2026-04-06T12:46:17.957018+00:00,24291.75,24333.5,SHORT,False,False,False,False,False,NO_LOG_FILLS
,2026-04-06T13:01:15.714642+00:00,2026-04-06T13:29:03.963820+00:00,24294.0,24265.25,SHORT,False,False,False,False,False,NO_LOG_FILLS
,2026-04-06T13:01:15.714642+00:00,2026-04-06T13:31:04.072836+00:00,24294.0,24338.25,SHORT,False,False,False,False,False,NO_LOG_FILLS
,2026-04-06T13:49:06.054132+00:00,2026-04-06T13:49:30.639290+00:00,24379.25,24368.75,LONG,False,False,False,False,False,NO_LOG_FILLS
,2026-04-06T14:10:08.339908+00:00,2026-04-06T14:10:35.746605+00:00,24303.5,24286.25,SHORT,False,False,False,False,False,NO_LOG_FILLS
,2026-04-06T14:10:08.339908+00:00,2026-04-06T14:11:40.544852+00:00,24303.5,24328.0,SHORT,False,False,False,False,False,NO_LOG_FILLS
,2026-04-06T14:32:20.972249+00:00,2026-04-06T14:32:28.696274+00:00,24356.5,24365.25,SHORT,False,False,False,False,False,NO_LOG_FILLS
,2026-04-06T14:35:25.347641+00:00,2026-04-06T14:36:03.774181+00:00,24374.5,24356.75,LONG,False,False,False,False,False,NO_LOG_FILLS
,2026-04-06T14:54:12.088848+00:00,2026-04-06T14:54:36.214089+00:00,24288.0,24294.0,SHORT,False,False,False,False,False,NO_LOG_FILLS
,2026-04-06T14:59:35.288004+00:00,2026-04-06T15:01:44.195041+00:00,24304.25,24327.75,SHORT,False,False,False,False,False,NO_LOG_FILLS
,2026-04-06T15:07:31.302557+00:00,2026-04-06T15:23:29.978763+00:00,24321.0,24293.0,LONG,False,False,False,False,False,NO_LOG_FILLS
,2026-04-06T15:33:10.313707+00:00,2026-04-06T15:35:25.884374+00:00,24264.0,24280.75,LONG,False,False,False,False,False,NO_LOG_FILLS
,2026-04-06T15:33:10.313707+00:00,2026-04-06T15:42:44.780087+00:00,24264.0,24297.5,LONG,False,False,False,False,False,NO_LOG_FILLS
,2026-04-06T15:33:10.313707+00:00,2026-04-06T15:43:28.009881+00:00,24264.0,24287.5,LONG,False,False,False,False,False,NO_LOG_FILLS
,2026-04-06T16:02:13.614337+00:00,2026-04-06T16:08:18.441652+00:00,24310.75,24293.75,SHORT,False,False,False,False,False,NO_LOG_FILLS
,2026-04-06T16:02:13.614337+00:00,2026-04-06T16:35:55.514631+00:00,24310.75,24329.0,SHORT,False,False,False,False,False,NO_LOG_FILLS
,2026-04-06T17:04:21.573810+00:00,2026-04-06T17:10:38.850235+00:00,24284.25,24256.75,LONG,False,False,False,False,False,NO_LOG_FILLS
,2026-04-06T17:44:35.884355+00:00,2026-04-06T17:46:41.717935+00:00,24296.0,24279.25,LONG,False,False,False,False,False,NO_LOG_FILLS
,2026-04-06T18:06:39.079573+00:00,2026-04-06T18:10:11.187316+00:00,24264.75,24282.25,LONG,False,False,False,False,False,NO_LOG_FILLS
,2026-04-06T18:06:39.079573+00:00,2026-04-06T18:10:45.316486+00:00,24264.75,24300.0,LONG,False,False,False,False,False,NO_LOG_FILLS
,2026-04-06T18:06:39.079573+00:00,2026-04-06T18:11:20.597492+00:00,24264.75,24310.5,LONG,False,False,False,False,False,NO_LOG_FILLS
,2026-04-06T18:34:39.660957+00:00,2026-04-06T18:45:21.693804+00:00,24332.0,24349.25,LONG,False,False,False,False,False,NO_LOG_FILLS
,2026-04-06T18:34:39.660957+00:00,2026-04-06T19:49:55.381050+00:00,24332.0,24371.25,LONG,False,False,False,False,False,NO_LOG_FILLS
,2026-04-06T18:34:39.660957+00:00,2026-04-06T19:50:16.870328+00:00,24332.0,24357.0,LONG,False,False,False,False,False,NO_LOG_FILLS
,2026-04-06T19:59:55.480705+00:00,2026-04-06T19:59:55.887577+00:00,24364.25,24366.75,SHORT,False,False,False,False,False,NO_LOG_FILLS
,2026-04-06T20:04:45.676823+00:00,2026-04-06T20:08:50.307954+00:00,24357.5,24346.0,SHORT,False,False,False,False,False,NO_LOG_FILLS
,2026-04-06T20:04:45.676823+00:00,2026-04-06T20:18:04.193429+00:00,24357.5,24334.5,SHORT,False,False,False,False,False,NO_LOG_FILLS
,2026-04-06T20:04:45.676823+00:00,2026-04-06T20:19:52.620033+00:00,24357.5,24341.75,SHORT,False,False,False,False,False,NO_LOG_FILLS
,2026-04-19T23:06:46.948549+00:00,2026-04-19T23:09:44.124643+00:00,26659.0,26675.25,SHORT,False,False,False,False,False,NO_LOG_FILLS
,2026-05-03T21:59:58.520497+00:00,2026-05-03T21:59:59.084738+00:00,27893.5,27881.75,SHORT,False,False,False,False,False,NO_LOG_FILLS
,2026-05-03T21:59:58.520497+00:00,2026-05-03T22:00:06.508433+00:00,27893.5,27894.5,SHORT,False,False,False,False,False,NO_LOG_FILLS
,2026-05-03T22:03:27.831489+00:00,2026-05-03T22:22:38.097889+00:00,27857.5,27844.25,SHORT,False,False,False,False,False,NO_LOG_FILLS
,2026-05-03T22:03:27.831489+00:00,2026-05-03T23:11:41.958481+00:00,27857.5,27831.0,SHORT,False,False,False,False,False,NO_LOG_FILLS
,2026-05-03T22:03:27.831489+00:00,2026-05-03T23:18:31.925871+00:00,27857.5,27825.5,SHORT,False,False,False,False,False,NO_LOG_FILLS
,2026-05-10T22:25:33.401284+00:00,2026-05-10T22:29:58.828516+00:00,29262.5,29274.0,LONG,False,False,False,False,False,NO_LOG_FILLS
,2026-05-10T22:25:33.401284+00:00,2026-05-10T22:50:03.002265+00:00,29262.5,29285.5,LONG,False,False,False,False,False,NO_LOG_FILLS
,2026-05-10T22:25:33.401284+00:00,2026-05-10T22:52:06.201004+00:00,29262.5,29277.0,LONG,False,False,False,False,False,NO_LOG_FILLS
,2026-05-17T22:00:11.226302+00:00,2026-05-17T22:00:24.123173+00:00,29182.0,29198.25,LONG,False,False,False,False,False,NO_LOG_FILLS
,2026-05-17T22:00:11.226302+00:00,2026-05-17T22:00:30.375561+00:00,29182.0,29214.5,LONG,False,False,False,False,False,NO_LOG_FILLS
,2026-05-17T22:00:11.226302+00:00,2026-05-17T22:00:39.752372+00:00,29182.0,29210.25,LONG,False,False,False,False,False,NO_LOG_FILLS
,2026-05-17T23:43:29.924674+00:00,2026-05-17T23:45:25.075791+00:00,29104.25,29131.0,LONG,False,False,False,False,False,NO_LOG_FILLS
,2026-05-17T23:43:29.924674+00:00,2026-05-17T23:52:38.333893+00:00,29104.25,29158.0,LONG,False,False,False,False,False,NO_LOG_FILLS
,2026-05-17T23:43:29.924674+00:00,2026-05-17T23:53:20.377718+00:00,29104.25,29148.25,LONG,False,False,False,False,False,NO_LOG_FILLS
,2026-05-24T22:15:46.090742+00:00,2026-05-24T22:18:38.163881+00:00,29767.0,29785.25,SHORT,False,False,False,False,False,NO_LOG_FILLS
,2026-07-12T22:14:02.534204+00:00,2026-07-12T22:36:18.164289+00:00,29884.25,29901.75,LONG,False,False,False,False,False,NO_LOG_FILLS
,2026-07-12T22:14:02.534204+00:00,2026-07-12T23:46:06.270018+00:00,29884.25,29854.5,LONG,False,False,False,False,False,NO_LOG_FILLS
