Database_Source,Account_Name,Symbol,Trade_ID,Entry_Time_NY,Exit_Time_NY,Side,Entry_Price,Exit_Price,Quantity,Profit_Loss_USD,Duration_Minutes,Hour_of_Day_NY,Day_of_Week
Clean_DB (processed_trades),TM_10,CLJ25,T7b4e37298fb9,2025-03-09T22:06:10.833900,2025-03-09T22:06:12.330908,SHORT,66.89999850466847,66.89999850466847,6,0.0,0,18,6
Clean_DB (processed_trades),TM_9,CLJ25,T1e9223b9ec42,2025-03-09T22:06:10.740802,2025-03-09T22:06:12.330659,SHORT,66.89999850466847,66.89999850466847,6,0.0,0,18,6
Clean_DB (processed_trades),TM_10,CLN24,T320b41c235de,2024-05-28T16:50:05.369126,2024-05-28T16:50:05.855523,SHORT,79.8599982149899,79.87999821454287,6,-120.0,0,12,1
Clean_DB (processed_trades),TM_10,CLN24,Te5e5831e5d06,2024-05-29T14:03:38.959767,2024-05-29T14:03:39.398162,LONG,79.8599982149899,79.86999821476638,6,60.0,0,10,2
Clean_DB (processed_trades),TM_10,CLN24,T95655fc0c36a,2024-05-29T15:24:00.323750,2024-05-29T15:24:00.782423,LONG,79.49999822303653,79.47999822348356,6,-120.0,0,11,2
Clean_DB (processed_trades),TM_10,CLN24,Tde38528b61b0,2024-05-29T20:38:44.708797,2024-05-29T20:38:45.207125,LONG,79.3999982252717,79.37999822571874,6,-120.0,0,16,2
Clean_DB (processed_trades),TM_10,CLN24,T15b1c4d44ec5,2024-05-31T16:05:08.458940,2024-05-31T16:05:08.921200,LONG,77.18999827466905,77.17999827489257,6,-60.0,0,12,4
Clean_DB (processed_trades),TM_10,CLN24,T7f2d08d35d55,2024-06-03T16:10:36.201579,2024-06-03T16:10:36.442690,LONG,74.49999833479524,74.48999833501875,6,-60.0,0,12,0
Clean_DB (processed_trades),TM_10,CLN24,Te49370f75f9e,2024-06-04T07:08:32.567948,2024-06-04T07:08:33.128485,LONG,73.14999836497009,73.1399983651936,6,-60.0,0,3,1
Clean_DB (processed_trades),TM_10,CLN24,T9ed2c0bd39e4,2024-06-04T14:14:26.637369,2024-06-04T14:14:27.197997,LONG,73.09999836608768,73.09999836608768,6,0.0,0,10,1
Clean_DB (processed_trades),TM_9,CLN24,T33409c00ee03,2024-06-03T16:10:36.201711,2024-06-03T16:10:36.512788,LONG,74.49999833479524,74.48999833501875,6,-60.0,0,12,0
Clean_DB (processed_trades),TM_9,CLN24,T1003bcca8191,2024-06-04T14:35:45.091912,2024-06-04T14:35:45.483524,SHORT,72.93999836966395,72.95999836921692,6,-120.0,0,10,1
Clean_DB (processed_trades),TM_10,CLN25,Tf87995ad7fdf,2025-06-13T02:27:46.200028,2025-06-13T02:27:48.370219,LONG,74.90999832563102,74.87999832630157,6,-180.0,0,22,3
Clean_DB (processed_trades),ES-TM_10,ESH25,T935f495b22e8,2025-03-04T21:19:22.712164,2025-03-04T21:19:24.354570,SHORT,5816.5,5816.25,6,75.0,0,16,1
Clean_DB (processed_trades),ES-TM_10,ESM24,Tabed54d77af7,2024-05-31T20:56:13.437234,2024-05-31T20:56:13.843567,SHORT,5299.25,5299.5,6,-75.0,0,16,4
Clean_DB (processed_trades),ES-TM_10,ESM24,T290e3e4feecc,2024-06-05T15:01:21.987329,2024-06-05T15:01:22.525065,LONG,5331.75,5331.75,5,0.0,0,11,2
Clean_DB (processed_trades),ES-TM_10,ESM24,T4f91b41fec3e,2024-06-14T16:19:12.290288,2024-06-14T16:53:37.942959,LONG,5422.75,5426.75,6,1200.0,34,12,4
Clean_DB (processed_trades),ES-TM_10,ESM25,T68af99d6ae96,2025-04-06T22:02:33.459719,2025-04-07T00:20:00.396003,LONG,4886.5,4912.25,6,7725.0,137,18,6
Clean_DB (processed_trades),ES-TM_10,ESM25,Tddb40df83e9a,2025-04-07T18:23:34.333755,2025-04-07T18:23:38.820564,LONG,5134.75,5136.75,6,600.0,0,14,0
Clean_DB (processed_trades),ES-TM_10,ESM25,Te6f05932e9f4,2025-04-07T19:27:26.322622,2025-04-07T19:27:28.457063,LONG,5061.0,5063.75,6,825.0,0,15,0
Clean_DB (processed_trades),ES-TM_5,ESM25,T05d717282a61,2025-04-09T09:47:44.794463,2025-04-09T09:48:12.441386,LONG,5007.5,5003.5,5,-1000.0,0,5,2
Clean_DB (processed_trades),ES-TM_8,ESM25,T8de4d9f75236,2025-04-09T09:47:44.795296,2025-04-09T09:48:12.590224,LONG,5007.5,5003.5,5,-1000.0,0,5,2
Clean_DB (processed_trades),ES-TM_10,ESU24,T47c57f8e48d5,2024-06-26T14:28:24.656062,2024-06-26T14:28:25.161849,SHORT,5526.5,5526.75,6,-75.0,0,10,2
Clean_DB (processed_trades),ES-TM_10,ESU24,Te2083db476fe,2024-07-25T17:51:19.850502,2024-07-25T17:51:46.337389,SHORT,5501.5,5503.75,6,-675.0,0,13,3
Clean_DB (processed_trades),ES-TM_10,ESU24,T3a29f0828508,2024-07-25T17:58:33.940803,2024-07-25T17:58:34.442979,SHORT,5506.25,5506.25,6,0.0,0,13,3
Clean_DB (processed_trades),ES-TM_10,ESU24,T8768142973f9,2024-07-25T18:06:03.219148,2024-07-25T18:11:02.690314,LONG,5497.0,5489.5,6,-2250.0,4,14,3
Clean_DB (processed_trades),ES-TM_9,ESU24,T9618e71a3214,2024-08-05T19:50:35.165414,2024-08-05T19:53:27.884254,LONG,5204.25,5198.75,6,-1650.0,2,15,0
Clean_DB (processed_trades),ES-TM_9,ESU24,T5a2efbeabb31,2024-08-05T20:10:19.554529,2024-08-05T20:10:20.110338,SHORT,5240.25,5241.0,6,-225.0,0,16,0
Clean_DB (processed_trades),ES-TM_9,ESU24,T093e9e1e8d77,2024-08-05T20:21:51.887509,2024-08-05T20:58:59.433326,LONG,5237.5,5246.25,4,1750.0,37,16,0
Clean_DB (processed_trades),TSUFIM-PROD,FDAXH25,Taecb2f96fd1e,2025-03-10T14:11:18.882348,2025-03-10T14:11:20.402133,LONG,22773.0,22773.0,4,0.0,0,10,0
Clean_DB (processed_trades),TM_10,FDAXM24,T15bfe47fd852,2024-05-31T15:49:34.918508,2024-05-31T15:49:35.340167,LONG,18548.0,18547.0,6,-150.0,0,11,4
Clean_DB (processed_trades),TM_10,FDAXM24,Tdb97b267e986,2024-06-03T10:03:48.163727,2024-06-03T10:03:48.561601,LONG,18698.0,18696.0,6,-300.0,0,6,0
Clean_DB (processed_trades),TM_10,FDAXM24,T060037359ceb,2024-06-03T11:06:05.823141,2024-06-03T11:06:06.332475,SHORT,18682.0,18684.0,6,-300.0,0,7,0
Clean_DB (processed_trades),TM_10,FDAXM24,T454f072b89d6,2024-06-03T14:15:25.844142,2024-06-03T14:15:26.312821,SHORT,18692.0,18694.0,6,-300.0,0,10,0
Clean_DB (processed_trades),TM_10,FDAXM24,T4c3cbe2dd700,2024-06-03T15:24:41.011853,2024-06-03T15:24:41.409068,LONG,18654.0,18653.0,6,-150.0,0,11,0
Clean_DB (processed_trades),TM_10,FDAXM24,T843b31e97a1f,2024-06-03T15:56:04.088274,2024-06-03T15:56:04.651518,SHORT,18631.0,18631.0,6,0.0,0,11,0
Clean_DB (processed_trades),TM_10,FDAXM24,T5346c2b09948,2024-06-04T11:16:49.856918,2024-06-04T11:16:50.436814,LONG,18472.0,18470.0,6,-300.0,0,7,1
Clean_DB (processed_trades),TM_10,FDAXM24,T46fba9bf3ff6,2024-06-04T16:14:05.092929,2024-06-04T16:14:05.454411,SHORT,18433.0,18435.0,6,-300.0,0,12,1
Clean_DB (processed_trades),TM_10,FDAXM24,T71ba44940cfd,2024-06-07T13:16:58.507798,2024-06-07T13:16:58.851802,LONG,18544.0,18543.0,6,-150.0,0,9,4
Clean_DB (processed_trades),TM_10,FDAXM24,Tfef33c0989a6,2024-06-07T13:32:00.132058,2024-06-07T13:32:00.632241,SHORT,18524.0,18527.0,6,-450.0,0,9,4
Clean_DB (processed_trades),TM_9,FDAXM24,T54baa2e0bfd3,2024-05-31T17:31:41.369234,2024-05-31T17:31:41.925227,LONG,18554.0,18552.0,6,-300.0,0,13,4
Clean_DB (processed_trades),TM_9,FDAXM24,T134d4c22c49d,2024-05-31T19:57:58.179094,2024-05-31T19:57:58.586819,LONG,18637.0,18631.0,6,-900.0,0,15,4
Clean_DB (processed_trades),TM_9,FDAXM24,T3f1152771332,2024-06-03T14:15:00.240775,2024-06-03T14:15:00.901393,SHORT,18691.0,18693.0,6,-300.0,0,10,0
Clean_DB (processed_trades),TM_9,FDAXM24,Tb6c8b640c593,2024-06-03T15:56:11.459393,2024-06-03T15:56:11.977934,SHORT,18628.0,18630.0,6,-300.0,0,11,0
Clean_DB (processed_trades),TM_9,FDAXM24,T74b6997b2cf8,2024-06-04T13:15:00.499120,2024-06-04T13:15:01.003384,LONG,18537.0,18543.0,6,900.0,0,9,1
Clean_DB (processed_trades),TM_9,FDAXM24,T96fbb82955e5,2024-06-04T16:40:26.900453,2024-06-04T16:40:27.288532,LONG,18458.0,18456.0,6,-300.0,0,12,1
Clean_DB (processed_trades),TM_9,FDAXM24,Tc8d19346ee59,2024-06-07T13:24:25.335548,2024-06-07T13:24:37.838456,LONG,18528.0,18526.0,6,-300.0,0,9,4
Clean_DB (processed_trades),TM_9,FDAXM24,Te05dac25475b,2024-06-07T13:24:38.346492,2024-06-07T13:37:50.138623,LONG,18528.0,18511.0,4,-1700.0,13,9,4
Clean_DB (processed_trades),TM_9,FDAXM25,Tf35d65690a02,2025-04-04T11:17:26.242060,2025-04-04T11:17:28.369774,LONG,20884.0,20877.0,6,-1050.0,0,7,4
Clean_DB (processed_trades),TM_9,FDAXM25,T4db7f4f90630,2025-04-04T12:02:10.953733,2025-04-04T12:02:12.428313,LONG,20833.0,20823.0,6,-1500.0,0,8,4
Clean_DB (processed_trades),TM_9,FDAXM25,Ta36d72034a89,2025-04-04T12:05:15.550601,2025-04-04T12:05:17.497686,LONG,20922.0,20913.0,6,-1350.0,0,8,4
Clean_DB (processed_trades),TM_10,FDAXU24,T37dbf31b940b,2024-06-18T14:40:19.076413,2024-06-18T14:48:40.565175,SHORT,18319.0,18338.0,6,-2850.0,8,10,1
Clean_DB (processed_trades),TM_10,FDAXU24,T7c30e00b481e,2024-07-24T17:24:27.358146,2024-07-25T13:05:57.481754,LONG,18513.0,18305.0,4,-20800.0,1181,13,2
Clean_DB (processed_trades),TM_10,FDAXU24,Td3bc6d2b463e,2024-08-06T12:06:11.557033,2024-08-06T12:08:33.166219,SHORT,17407.0,17412.0,6,-750.0,2,8,1
Clean_DB (processed_trades),TM_10,FDAXU24,Taebb352fa44f,2024-08-06T12:25:26.241416,2024-08-06T12:32:42.420100,LONG,17425.0,17392.0,6,-4950.0,7,8,1
Clean_DB (processed_trades),TM_10,FDAXU24,T6d5cea3ffe6e,2024-08-06T13:31:03.471956,2024-08-06T13:32:53.458232,LONG,17344.0,17322.0,6,-3300.0,1,9,1
Clean_DB (processed_trades),TM_10,FDAXU24,T4f3c0674f4a7,2024-08-06T13:54:05.734766,2024-08-06T13:54:06.143282,LONG,17388.0,17385.0,6,-450.0,0,9,1
Clean_DB (processed_trades),TM_10,FDAXU24,T17f208154498,2024-08-06T14:17:54.652775,2024-08-06T14:20:23.114849,LONG,17434.0,17404.0,6,-4500.0,2,10,1
Clean_DB (processed_trades),TM_10,FDAXU24,Td6d94e1b217f,2024-08-06T14:26:10.734249,2024-08-06T14:28:46.242429,SHORT,17419.0,17449.0,6,-4500.0,2,10,1
Clean_DB (processed_trades),TM_9,FDAXU24,T2c59a9190c7b,2024-07-18T18:47:05.415434,2024-07-19T09:53:12.459955,LONG,18445.0,18320.0,6,-18750.0,906,14,3
Clean_DB (processed_trades),TM_9,FDAXU24,T61ca541b7834,2024-07-31T00:30:01.872435,2024-07-31T15:06:30.522944,SHORT,18554.0,18597.0,6,-6450.0,876,20,1
Clean_DB (processed_trades),TM_9,FDAXU24,Tfda9f4674093,2024-07-31T18:50:56.012719,2024-07-31T18:56:26.060840,SHORT,18633.0,18654.0,4,-2100.0,5,14,2
Clean_DB (processed_trades),TM_9,FDAXU24,T8ecf3a4ecfde,2024-08-02T15:24:30.493101,2024-08-02T15:26:00.998494,SHORT,17713.0,17745.0,6,-4800.0,1,11,4
Clean_DB (processed_trades),TM_9,FDAXU24,T96622b728f2b,2024-08-02T17:36:36.317601,2024-08-02T17:51:56.734804,SHORT,17776.0,17769.0,4,700.0,15,13,4
Clean_DB (processed_trades),TM_9,FDAXU24,T31d6f52f11de,2024-08-05T14:40:21.922207,2024-08-05T14:42:41.593433,LONG,17358.0,17334.0,6,-3600.0,2,10,0
Clean_DB (processed_trades),TM_9,FDAXU24,T91d67eeb8267,2024-08-05T15:01:12.541087,2024-08-05T15:02:57.799935,LONG,17390.0,17360.0,6,-4500.0,1,11,0
Clean_DB (processed_trades),TM_9,FDAXU24,Td612746159d5,2024-08-05T18:12:14.439067,2024-08-05T18:59:08.602314,LONG,17445.0,17421.0,6,-3600.0,46,14,0
Clean_DB (processed_trades),TM_9,FDAXU24,Tb723591a7584,2024-08-09T19:22:51.993981,2024-08-09T20:09:50.974017,LONG,17827.0,17831.0,6,600.0,46,15,4
Clean_DB (processed_trades),TM_10,FDAXU25,Taa3656ff178d,2025-08-14T08:12:39.485928,2025-08-14T08:12:41.182909,LONG,24341.0,24337.0,6,-600.0,0,4,3
Clean_DB (processed_trades),TM_10,FDAXZ25,T95189f731351,2025-10-17T14:20:59.928726,2025-10-17T14:21:01.513881,LONG,24060.0,24055.0,6,-750.0,0,10,4
Clean_DB (processed_trades),TM_10,NQH25,Tb45e6b4f717d,2024-12-31T18:50:05.033281,2024-12-31T18:50:07.442315,LONG,21255.0,21261.25,6,750.0,0,13,1
Clean_DB (processed_trades),TM_10,NQH25,T9c8403e35c2a,2024-12-31T19:33:25.921977,2024-12-31T19:33:26.406110,SHORT,21195.75,21196.0,6,-30.0,0,14,1
Clean_DB (processed_trades),TM_10,NQH25,T33b18923ef1c,2024-12-31T20:16:17.224337,2024-12-31T20:16:19.581467,LONG,21225.25,21224.5,6,-90.0,0,15,1
Clean_DB (processed_trades),TM_10,NQH25,T64291d2d0893,2024-12-31T20:39:44.055077,2024-12-31T20:39:44.684200,SHORT,21272.25,21273.25,6,-120.0,0,15,1
Clean_DB (processed_trades),TM_10,NQH25,T04c54aa43ee1,2024-12-31T20:53:12.231699,2024-12-31T20:53:14.599720,LONG,21240.25,21240.25,6,0.0,0,15,1
Clean_DB (processed_trades),A_SIM14,NQM24,Te88f9b0f9ed5,2024-03-18T13:30:11.000001,2024-03-18T13:30:20,SHORT,18279.0,18285.0,4,-480.0,0,9,0
Clean_DB (processed_trades),A_SIM15,NQM24,T7b6041c3bef8,2024-03-18T13:30:11,2024-03-18T13:30:11.000002,SHORT,18280.0,18278.5,4,120.0,0,9,0
Clean_DB (processed_trades),DEPTH,NQM24,T6ae0bc1797e2,2024-05-16T08:15:00.000001,2024-05-16T08:15:07,SHORT,18712.5,18714.0,5,-150.0,0,4,3
Clean_DB (processed_trades),DEPTH,NQM24,T3bcedad8393c,2024-05-23T01:40:24,2024-05-23T01:42:06,SHORT,18890.5,18893.0,5,-250.0,1,21,2
Clean_DB (processed_trades),ES-TM_9,NQM24,Te0e2837c0c89,2024-05-31T20:20:19.870436,2024-05-31T20:20:20.481923,LONG,18585.0,18584.0,6,-120.0,0,16,4
Clean_DB (processed_trades),ES-TM_9,NQM24,T2f0c1fbf55d9,2024-05-31T20:25:20.913114,2024-05-31T20:25:21.466342,SHORT,18582.0,18582.75,6,-90.0,0,16,4
Clean_DB (processed_trades),ES-TM_9,NQM24,T422ea2c3025c,2024-05-31T20:47:53.017859,2024-05-31T20:47:53.513144,SHORT,18574.25,18574.75,6,-60.0,0,16,4
Clean_DB (processed_trades),ES-TM_9,NQM24,T6097a65544e3,2024-06-04T19:09:40.191434,2024-06-04T19:09:40.657312,SHORT,18657.5,18657.75,6,-30.0,0,15,1
Clean_DB (processed_trades),ES-TM_9,NQM24,Tb6f7428d5453,2024-06-14T13:52:13.562535,2024-06-14T13:57:11.617781,LONG,19631.0,19621.5,6,-1140.0,4,9,4
Clean_DB (processed_trades),ES-TM_9,NQM24,T5928a5b186b1,2024-06-16T22:00:01.530806,2024-06-17T05:57:19.591347,LONG,19703.25,19696.75,6,-780.0,477,18,6
Clean_DB (processed_trades),IMPORT,NQM24,Tbed965cd7e5d,2024-05-15T13:30:00,2024-05-15T13:30:00.000001,LONG,18513.75,18516.0,6,270.0,0,9,2
Clean_DB (processed_trades),IMPORT,NQM24,T92192387db4d,2024-05-15T13:51:45,2024-05-15T13:51:46,LONG,18467.0,18466.5,6,-60.0,0,9,2
Clean_DB (processed_trades),IMPORT,NQM24,T469960eaaad7,2024-05-15T16:10:37,2024-05-15T16:10:37.000001,LONG,18602.0,18601.5,6,-60.0,0,12,2
Clean_DB (processed_trades),IMPORT,NQM24,T938ccc75ec37,2024-05-16T07:20:30,2024-05-16T07:20:30.000001,LONG,18731.0,18730.5,6,-60.0,0,3,3
Clean_DB (processed_trades),IMPORT,NQM24,T86d9f7f2a52b,2024-05-16T13:49:59,2024-05-16T13:49:59.000001,SHORT,18703.75,18704.75,6,-120.0,0,9,3
Clean_DB (processed_trades),IMPORT,NQM24,T4beac13ad062,2024-05-17T07:06:25,2024-05-17T07:06:26,SHORT,18653.0,18653.75,6,-90.0,0,3,4
Clean_DB (processed_trades),IMPORT,NQM24,Ta5d64de310bd,2024-05-17T15:09:20,2024-05-17T15:09:20.000001,LONG,18654.0,18654.0,6,0.0,0,11,4
Clean_DB (processed_trades),IMPORT,NQM24,Tec03d7258a5d,2024-05-17T16:43:06,2024-05-17T16:43:07,LONG,18626.5,18625.5,6,-120.0,0,12,4
Clean_DB (processed_trades),IMPORT,NQM24,Tb75696b1da0c,2024-05-20T14:57:34,2024-05-20T14:57:35,SHORT,18746.0,18746.5,6,-60.0,0,10,0
Clean_DB (processed_trades),IMPORT,NQM24,Tec3ebf46b665,2024-05-20T15:16:34,2024-05-20T15:16:35,LONG,18732.0,18731.25,6,-90.0,0,11,0
Clean_DB (processed_trades),IMPORT,NQM24,T64c6883c9f67,2024-05-22T10:29:16,2024-05-22T10:29:16.000001,LONG,18767.5,18767.0,6,-60.0,0,6,2
Clean_DB (processed_trades),IMPORT,NQM24,Tc814abd23ee7,2024-05-22T15:05:09,2024-05-22T15:05:09.000001,SHORT,18833.25,18833.25,6,0.0,0,11,2
Clean_DB (processed_trades),IMPORT,NQM24,Te38ae626805e,2024-05-22T23:22:55,2024-05-22T23:22:55.000001,LONG,18868.75,18868.25,6,-60.0,0,19,2
Clean_DB (processed_trades),IMPORT,NQM24,Td441c5894552,2024-05-23T06:27:52,2024-05-23T06:27:53,LONG,18937.5,18937.0,6,-60.0,0,2,3
Clean_DB (processed_trades),IMPORT,NQM24,T76f5e33129a9,2024-05-23T09:31:37,2024-05-23T09:31:37.000001,LONG,18950.75,18950.25,6,-60.0,0,5,3
Clean_DB (processed_trades),IMPORT,NQM24,T02aa14f822e7,2024-05-23T15:31:02,2024-05-23T15:31:03,SHORT,18902.0,18900.5,6,180.0,0,11,3
Clean_DB (processed_trades),TM_10,NQM24,T32b2194dbe9f,2024-03-20T18:01:53.549819,2024-03-21T16:03:05.832542,LONG,18347.0,18687.75,6,40890.0,1321,14,2
Clean_DB (processed_trades),TM_10,NQM24,T6f81335d0380,2024-03-22T18:47:05.259430,2024-03-22T19:05:37.258478,SHORT,18593.75,18591.25,6,300.0,18,14,4
Clean_DB (processed_trades),TM_10,NQM24,Te6220f40e7f5,2024-04-04T17:02:22.658161,2024-04-05T12:49:20.177754,LONG,18546.25,18150.5,6,-47490.0,1186,13,3
Clean_DB (processed_trades),TM_10,NQM24,Tfe227b08e3fd,2024-04-04T19:14:33.538789,2024-04-04T19:16:05.036331,SHORT,18190.25,18174.75,6,1860.0,1,15,3
Clean_DB (processed_trades),TM_10,NQM24,T673fd3ad0498,2024-04-04T19:33:06.536185,2024-04-04T19:45:25.091309,SHORT,18133.75,18105.25,6,3420.0,12,15,3
Clean_DB (processed_trades),TM_10,NQM24,Tb5fe37457fd0,2024-04-08T10:29:36.983505,2024-04-08T10:29:37.558224,SHORT,18299.5,18300.0,6,-60.0,0,6,0
Clean_DB (processed_trades),TM_10,NQM24,Tf3f2961820a4,2024-04-09T17:03:38.921855,2024-04-10T13:15:07.160283,SHORT,18273.25,18087.75,6,22260.0,1211,13,1
Clean_DB (processed_trades),TM_10,NQM24,T6a417abc67eb,2024-04-09T18:01:25.604540,2024-04-10T13:29:04.811625,LONG,18252.25,18133.0,6,-14310.0,1167,14,1
Clean_DB (processed_trades),TM_10,NQM24,T480991b731f8,2024-04-15T14:40:53.366730,2024-04-15T14:42:47.842866,SHORT,18221.5,18214.75,6,810.0,1,10,0
Clean_DB (processed_trades),TM_10,NQM24,T11119eb6945b,2024-04-15T14:48:34.965475,2024-04-15T15:36:18.164976,SHORT,18201.75,18201.75,6,0.0,47,10,0
Clean_DB (processed_trades),TM_10,NQM24,T6559fa678b8b,2024-04-18T19:16:58.392664,2024-04-19T06:17:52.912195,SHORT,17556.25,17412.0,6,17310.0,660,15,3
Clean_DB (processed_trades),TM_10,NQM24,T158cec12fe40,2024-04-19T13:30:22.096151,2024-04-19T13:36:38.437593,SHORT,17476.0,17457.0,6,2280.0,6,9,4
Clean_DB (processed_trades),TM_10,NQM24,Td93f2515dcbf,2024-04-19T13:52:21.454386,2024-04-19T14:10:53.587707,SHORT,17436.5,17430.0,4,520.0,18,9,4
Clean_DB (processed_trades),TM_10,NQM24,T1ea3cc29a1f8,2024-04-19T14:10:53.995780,2024-04-19T14:19:34.280506,SHORT,17427.75,17399.5,6,3390.0,8,10,4
Clean_DB (processed_trades),TM_10,NQM24,Te60cb943d2eb,2024-04-19T14:16:03.161174,2024-04-19T14:21:26.361401,SHORT,17409.5,17388.5,6,2520.0,5,10,4
Clean_DB (processed_trades),TM_10,NQM24,T672016362e01,2024-04-19T14:19:33.731292,2024-04-19T14:27:13.545388,SHORT,17399.75,17365.25,6,4140.0,7,10,4
Clean_DB (processed_trades),TM_10,NQM24,T4898506a034c,2024-04-19T14:43:03.742299,2024-04-19T14:50:29.489085,SHORT,17374.75,17414.0,6,-4710.0,7,10,4
Clean_DB (processed_trades),TM_10,NQM24,Tcc342116f08b,2024-04-19T14:50:28.976797,2024-04-19T15:00:21.841763,SHORT,17413.75,17381.0,6,3930.0,9,10,4
Clean_DB (processed_trades),TM_10,NQM24,Tbef54258f4c9,2024-04-19T15:06:50.158288,2024-04-19T15:29:57.625199,SHORT,17364.5,17333.5,6,3720.0,23,11,4
Clean_DB (processed_trades),TM_10,NQM24,T6f31e24fa058,2024-04-19T15:29:08.594420,2024-04-19T15:34:25.667132,SHORT,17324.75,17331.75,6,-840.0,5,11,4
Clean_DB (processed_trades),TM_10,NQM24,T0961d1e2076b,2024-04-19T15:34:26.141475,2024-04-19T16:15:31.359780,SHORT,17329.25,17233.25,6,11520.0,41,11,4
Clean_DB (processed_trades),TM_10,NQM24,Tf996974f48ca,2024-04-19T16:48:33.472133,2024-04-19T16:48:33.963742,LONG,17246.0,17245.5,6,-60.0,0,12,4
Clean_DB (processed_trades),TM_10,NQM24,Ta5d52ecb0ab6,2024-04-19T17:01:58.379916,2024-04-19T17:01:58.818237,SHORT,17279.75,17280.25,6,-60.0,0,13,4
Clean_DB (processed_trades),TM_10,NQM24,T229bf6d9da3d,2024-04-19T17:08:05.104800,2024-04-19T17:08:05.581329,LONG,17289.5,17289.5,6,0.0,0,13,4
Clean_DB (processed_trades),TM_10,NQM24,Ta9bce787dc5b,2024-04-19T17:08:06.601467,2024-04-19T17:08:07.091914,LONG,17289.5,17289.5,6,0.0,0,13,4
Clean_DB (processed_trades),TM_10,NQM24,Tb12823d657e3,2024-04-19T17:16:48.007246,2024-04-19T17:16:48.506244,LONG,17279.75,17279.25,6,-60.0,0,13,4
Clean_DB (processed_trades),TM_10,NQM24,T6fffc1b1d01a,2024-04-19T17:18:29.147795,2024-04-19T17:18:29.556276,SHORT,17307.0,17308.0,6,-120.0,0,13,4
Clean_DB (processed_trades),TM_10,NQM24,T7358db1ab3a5,2024-04-19T17:18:30.562581,2024-04-19T17:18:31.048384,SHORT,17307.0,17308.0,6,-120.0,0,13,4
Clean_DB (processed_trades),TM_10,NQM24,Tacb6d4877f2e,2024-04-19T17:28:59.683952,2024-04-19T17:29:00.220337,LONG,17270.0,17270.25,6,30.0,0,13,4
Clean_DB (processed_trades),TM_10,NQM24,Tccc9203e6585,2024-04-19T17:37:40.930614,2024-04-19T17:37:41.381250,SHORT,17278.5,17278.75,6,-30.0,0,13,4
Clean_DB (processed_trades),TM_10,NQM24,T31934f91f5bc,2024-04-19T17:54:22.905434,2024-04-19T17:54:23.330188,SHORT,17334.25,17335.0,6,-90.0,0,13,4
Clean_DB (processed_trades),TM_10,NQM24,Tb85c7763a46e,2024-04-19T17:54:24.864424,2024-04-19T17:55:09.383643,LONG,17335.0,17339.5,6,540.0,0,13,4
Clean_DB (processed_trades),TM_10,NQM24,T8b96622e0b4b,2024-04-19T17:55:07.851597,2024-04-19T17:55:08.349061,SHORT,17339.5,17338.25,6,150.0,0,13,4
Clean_DB (processed_trades),TM_10,NQM24,Ta5f38c980ce0,2024-04-19T17:55:09.888017,2024-04-19T18:01:17.575888,LONG,17338.25,17261.25,6,-9240.0,6,13,4
Clean_DB (processed_trades),TM_10,NQM24,Te09c059f0efa,2024-04-19T18:01:15.578222,2024-04-19T18:01:16.087463,LONG,17260.75,17261.25,6,60.0,0,14,4
Clean_DB (processed_trades),TM_10,NQM24,T72845b053ab5,2024-04-19T18:01:17.084679,2024-04-19T18:25:52.522148,LONG,17260.75,17245.0,6,-1890.0,24,14,4
Clean_DB (processed_trades),TM_10,NQM24,Td3d00b31f5c6,2024-04-19T18:25:50.378489,2024-04-19T18:25:50.878045,LONG,17246.75,17245.0,6,-210.0,0,14,4
Clean_DB (processed_trades),TM_10,NQM24,Ta01d20ae8b73,2024-04-19T18:28:33.463758,2024-04-19T18:28:33.959205,SHORT,17238.5,17239.25,6,-90.0,0,14,4
Clean_DB (processed_trades),TM_10,NQM24,T431920679abe,2024-04-19T18:28:35.587500,2024-04-19T18:33:33.751236,LONG,17239.25,17213.75,6,-3060.0,4,14,4
Clean_DB (processed_trades),TM_10,NQM24,Tee46f7f960de,2024-04-19T18:33:31.677449,2024-04-19T18:33:32.140297,LONG,17213.5,17213.75,6,30.0,0,14,4
Clean_DB (processed_trades),TM_10,NQM24,Ta63450ce471a,2024-04-19T18:37:56.486414,2024-04-19T18:37:56.941380,LONG,17193.25,17193.0,6,-30.0,0,14,4
Clean_DB (processed_trades),TM_10,NQM24,T70e59e6bf97a,2024-04-19T18:39:42.995978,2024-04-19T18:39:43.493981,SHORT,17179.5,17180.5,6,-120.0,0,14,4
Clean_DB (processed_trades),TM_10,NQM24,T009457c6f854,2024-04-19T18:42:09.003015,2024-04-19T18:42:09.537730,LONG,17170.0,17169.25,6,-90.0,0,14,4
Clean_DB (processed_trades),TM_10,NQM24,Tbdf925f7d50c,2024-04-19T18:42:10.631347,2024-04-19T18:42:11.160451,LONG,17170.0,17169.25,6,-90.0,0,14,4
Clean_DB (processed_trades),TM_10,NQM24,T652644dadfeb,2024-04-19T18:43:59.025726,2024-04-19T18:43:59.547059,SHORT,17160.5,17160.0,6,60.0,0,14,4
Clean_DB (processed_trades),TM_10,NQM24,Td068e74a4e07,2024-04-19T18:46:11.575584,2024-04-19T18:46:12.147238,LONG,17157.25,17159.0,6,210.0,0,14,4
Clean_DB (processed_trades),TM_10,NQM24,T67577ddf4edf,2024-04-19T18:46:13.216361,2024-04-19T18:46:13.711359,LONG,17157.25,17159.0,6,210.0,0,14,4
Clean_DB (processed_trades),TM_10,NQM24,T8109f35f414c,2024-04-19T18:55:14.315282,2024-04-19T18:55:14.807613,SHORT,17167.25,17168.0,6,-90.0,0,14,4
Clean_DB (processed_trades),TM_10,NQM24,T7976958c23d4,2024-04-19T18:56:29.953888,2024-04-19T18:56:30.363047,SHORT,17164.5,17164.0,6,60.0,0,14,4
Clean_DB (processed_trades),TM_10,NQM24,T3b1ca8870694,2024-04-19T19:04:41.624973,2024-04-19T19:04:42.131695,LONG,17156.25,17155.75,6,-60.0,0,15,4
Clean_DB (processed_trades),TM_10,NQM24,T848a053d69dd,2024-04-19T19:04:43.365168,2024-04-19T19:04:43.872668,LONG,17156.25,17155.75,6,-60.0,0,15,4
Clean_DB (processed_trades),TM_10,NQM24,T59c3496adfaf,2024-04-19T19:06:32.758244,2024-04-19T19:06:33.178765,LONG,17132.75,17130.25,6,-300.0,0,15,4
Clean_DB (processed_trades),TM_10,NQM24,T0d6a6842213b,2024-04-19T19:13:12.413203,2024-04-19T19:13:12.907740,SHORT,17190.5,17189.0,6,180.0,0,15,4
Clean_DB (processed_trades),TM_10,NQM24,Tecb753f3c27b,2024-04-19T19:16:13.028193,2024-04-19T19:16:13.480250,LONG,17180.75,17178.75,6,-240.0,0,15,4
Clean_DB (processed_trades),TM_10,NQM24,T6a3af336c6ef,2024-04-19T19:24:58.132302,2024-04-19T19:24:58.631619,LONG,17176.0,17177.25,6,150.0,0,15,4
Clean_DB (processed_trades),TM_10,NQM24,T4f5e6afe229b,2024-04-19T19:28:13.228136,2024-04-19T19:28:13.726549,SHORT,17181.5,17182.75,6,-150.0,0,15,4
Clean_DB (processed_trades),TM_10,NQM24,T9d394b1cecc7,2024-04-19T19:28:15.038497,2024-04-19T19:28:15.543898,SHORT,17181.5,17182.75,6,-150.0,0,15,4
Clean_DB (processed_trades),TM_10,NQM24,T299fd5a12340,2024-04-19T19:41:05.696069,2024-04-19T19:41:06.194341,LONG,17133.0,17130.75,6,-270.0,0,15,4
Clean_DB (processed_trades),TM_10,NQM24,T0b026386547f,2024-04-19T19:41:07.914055,2024-04-19T19:44:41.112060,SHORT,17130.75,17129.0,6,210.0,3,15,4
Clean_DB (processed_trades),TM_10,NQM24,Te5373a9bb78a,2024-04-19T19:44:39.307663,2024-04-19T19:44:39.805815,LONG,17129.0,17129.0,6,0.0,0,15,4
Clean_DB (processed_trades),TM_10,NQM24,Tcf8fb853991c,2024-04-19T19:56:03.632475,2024-04-19T19:56:04.122261,LONG,17185.0,17184.0,6,-120.0,0,15,4
Clean_DB (processed_trades),TM_10,NQM24,Tba1b0e9e44c9,2024-04-19T19:59:24.707354,2024-04-19T19:59:25.220336,SHORT,17185.5,17186.0,6,-60.0,0,15,4
Clean_DB (processed_trades),TM_10,NQM24,T5d160f8f2bb5,2024-04-19T19:59:26.544218,2024-04-19T19:59:27.050367,SHORT,17185.5,17186.0,6,-60.0,0,15,4
Clean_DB (processed_trades),TM_10,NQM24,T821dd6254c6c,2024-04-26T19:46:01.802049,2024-04-26T19:46:02.307426,LONG,17865.75,17865.5,6,-30.0,0,15,4
Clean_DB (processed_trades),TM_10,NQM24,T07ff3a692019,2024-05-07T18:51:18.636345,2024-05-07T19:19:40.825506,SHORT,18194.0,18194.75,6,-90.0,28,14,1
Clean_DB (processed_trades),TM_10,NQM24,T5314287017fd,2024-05-19T22:03:49.736585,2024-05-20T06:24:01.957376,LONG,18648.5,18662.75,6,1710.0,500,18,6
Clean_DB (processed_trades),TM_10,NQM24,T894cc23e47a2,2024-05-22T20:14:09.094720,2024-05-22T20:14:09.574895,LONG,18784.25,18784.5,6,30.0,0,16,2
Clean_DB (processed_trades),TM_10,NQM24,T94e91263fd98,2024-05-23T13:32:31.734208,2024-05-23T13:32:32.307905,LONG,18946.25,18945.75,6,-60.0,0,9,3
Clean_DB (processed_trades),TM_10,NQM24,Tb9d278eb5442,2024-06-05T14:10:56.865410,2024-06-05T14:10:57.366223,SHORT,18831.25,18832.75,6,-180.0,0,10,2
Clean_DB (processed_trades),TM_10,NQM24,T87963797a814,2024-06-07T19:50:23.939997,2024-06-07T19:50:24.552460,LONG,19037.0,19036.75,6,-30.0,0,15,4
Clean_DB (processed_trades),TM_9,NQM24,T67f907883f31,2024-03-20T18:14:29.467796,2024-03-21T16:27:24.043009,SHORT,18347.0,18703.25,6,-42750.0,1332,14,2
Clean_DB (processed_trades),TM_9,NQM24,T09d5e5d038ca,2024-03-26T17:55:11.586805,2024-03-27T14:13:23.477682,LONG,18545.0,18403.5,6,-16980.0,1218,13,1
Clean_DB (processed_trades),TM_9,NQM24,Td5857593de9a,2024-03-26T18:56:33.453683,2024-03-27T15:29:28.457727,SHORT,18555.5,18407.0,6,17820.0,1232,14,1
Clean_DB (processed_trades),TM_9,NQM24,Tab8e3cec1384,2024-04-04T17:02:23.755266,2024-04-05T13:11:14.786989,LONG,18546.75,18128.5,6,-50190.0,1208,13,3
Clean_DB (processed_trades),TM_9,NQM24,T5ab80bc6b24c,2024-04-04T19:05:15.410138,2024-04-04T19:14:33.982950,SHORT,18194.25,18190.0,6,510.0,9,15,3
Clean_DB (processed_trades),TM_9,NQM24,T468de6c8cd51,2024-04-04T19:14:34.478758,2024-04-04T19:23:00.005715,SHORT,18189.25,18157.0,6,3870.0,8,15,3
Clean_DB (processed_trades),TM_9,NQM24,Tcd76046bfde2,2024-04-14T22:00:02.506136,2024-04-15T05:02:32.238891,SHORT,18168.5,18260.5,6,-11040.0,422,18,6
Clean_DB (processed_trades),TM_9,NQM24,T6125ccb5872a,2024-04-15T14:51:57.371919,2024-04-15T14:51:57.866415,SHORT,18197.75,18198.25,6,-60.0,0,10,0
Clean_DB (processed_trades),TM_9,NQM24,Tf56fb997a1e0,2024-04-18T17:10:54.827407,2024-04-19T06:57:53.042848,SHORT,17596.5,17427.5,6,20280.0,826,13,3
Clean_DB (processed_trades),TM_9,NQM24,Tc1bfa4db59d2,2024-04-18T17:28:27.905754,2024-04-19T08:07:24.568059,SHORT,17563.5,17417.25,6,17550.0,878,13,3
Clean_DB (processed_trades),TM_9,NQM24,Tb48ce1fb3832,2024-04-18T19:26:17.233002,2024-04-19T13:05:21.827225,LONG,17555.75,17506.0,6,-5970.0,1059,15,3
Clean_DB (processed_trades),TM_9,NQM24,Ta5a647429926,2024-04-19T14:31:30.772245,2024-04-19T15:37:48.805138,SHORT,17403.5,17335.75,6,8130.0,66,10,4
Clean_DB (processed_trades),TM_9,NQM24,Te44440987b7c,2024-04-19T18:00:23.564344,2024-04-19T18:45:23.245278,SHORT,17276.25,17150.25,6,15120.0,44,14,4
Clean_DB (processed_trades),TM_9,NQM24,Ta4b612374170,2024-04-19T18:45:21.669985,2024-04-19T18:45:22.263427,LONG,17150.25,17150.0,6,-30.0,0,14,4
Clean_DB (processed_trades),TM_9,NQM24,T72c5b07922b2,2024-04-19T19:06:59.180462,2024-04-19T19:06:59.691063,LONG,17143.75,17142.5,6,-150.0,0,15,4
Clean_DB (processed_trades),TM_9,NQM24,Ta1792e9de16a,2024-04-19T19:22:53.080995,2024-04-19T19:23:06.068703,SHORT,17179.25,17182.5,6,-390.0,0,15,4
Clean_DB (processed_trades),TM_9,NQM24,T5ed0a0d9c742,2024-04-19T19:22:54.901339,2024-04-19T19:53:31.412950,SHORT,17179.25,17166.5,6,1530.0,30,15,4
Clean_DB (processed_trades),TM_9,NQM24,T8ac712f6d6f2,2024-04-19T19:46:22.348724,2024-04-19T19:47:04.329563,SHORT,17124.5,17124.25,4,20.0,0,15,4
Clean_DB (processed_trades),TM_9,NQM24,Tf06560bfa570,2024-04-19T19:53:29.082316,2024-04-19T19:53:29.626975,SHORT,17165.0,17166.5,6,-180.0,0,15,4
Clean_DB (processed_trades),TM_9,NQM24,Tcf149fee3c11,2024-04-19T20:07:25.407771,2024-04-19T20:07:25.939855,LONG,17163.0,17163.5,6,60.0,0,16,4
Clean_DB (processed_trades),TM_9,NQM24,T65cbcd65a2ab,2024-04-23T20:03:08.436336,2024-04-24T06:20:20.498665,LONG,17649.5,17743.0,6,11220.0,617,16,1
Clean_DB (processed_trades),TM_9,NQM24,Tf8f8800ea4e8,2024-04-23T20:03:15.747544,2024-04-24T08:54:09.849870,LONG,17624.75,17693.75,6,8280.0,770,16,1
Clean_DB (processed_trades),TM_9,NQM24,T167d81f280d0,2024-04-24T20:00:00.623038,2024-04-24T20:00:01.114464,SHORT,17661.25,17658.75,6,300.0,0,16,2
Clean_DB (processed_trades),TM_9,NQM24,T9fc6299347dd,2024-04-24T20:27:33.778915,2024-04-25T16:25:50.891427,SHORT,17505.75,17462.5,6,5190.0,1198,16,2
Clean_DB (processed_trades),TM_9,NQM24,T3ac10c1d8220,2024-04-24T20:27:35.474022,2024-04-24T20:47:16.226936,SHORT,17505.75,17508.0,6,-270.0,19,16,2
Clean_DB (processed_trades),TM_9,NQM24,Taf76c36662a9,2024-04-24T20:47:14.871221,2024-04-25T16:50:42.722720,SHORT,17506.25,17476.25,6,3600.0,1203,16,2
Clean_DB (processed_trades),TM_9,NQM24,Tad23e06a9533,2024-04-28T22:03:55.971695,2024-04-29T01:48:37.456726,SHORT,17854.75,17897.75,6,-5160.0,224,18,6
Clean_DB (processed_trades),TM_9,NQM24,Td4619c5717f9,2024-04-29T18:23:07.934689,2024-04-30T14:05:28.496826,SHORT,17890.5,17870.25,4,1620.0,1182,14,0
Clean_DB (processed_trades),TM_9,NQM24,Te767a27d7bad,2024-05-01T18:00:22.981206,2024-05-02T14:39:08.279766,LONG,17473.5,17492.5,6,2280.0,1238,14,2
Clean_DB (processed_trades),TM_9,NQM24,Teb7b174c7213,2024-05-23T13:36:08.667138,2024-05-23T13:36:09.151110,LONG,18954.25,18953.75,6,-60.0,0,9,3
Clean_DB (processed_trades),TM_9,NQM24,Ta6f8e138c4a8,2024-05-30T16:04:21.732706,2024-05-30T16:04:22.202965,LONG,18692.5,18692.75,6,30.0,0,12,3
Clean_DB (processed_trades),TM_9,NQM24,T89dccf46ee44,2024-06-05T14:21:17.947726,2024-06-05T14:21:18.448918,SHORT,18845.25,18845.25,6,0.0,0,10,2
Clean_DB (processed_trades),TM_9,NQM24,Ta03be57514ce,2024-06-05T15:04:15.444849,2024-06-05T15:04:16.061371,SHORT,18940.0,18941.0,6,-120.0,0,11,2
Clean_DB (processed_trades),TM_9,NQM24,T188b52d6aa72,2024-06-06T18:50:34.660661,2024-06-07T13:38:06.205891,LONG,19068.25,19008.5,6,-7170.0,1127,14,3
Clean_DB (processed_trades),TM_9,NQM24,T899c20320881,2024-06-07T19:50:01.175953,2024-06-07T19:50:01.645754,SHORT,19026.75,19028.25,6,-180.0,0,15,4
Clean_DB (processed_trades),TM_10,NQM25,T3bc00013df3d,2025-06-13T17:21:03.535336,2025-06-13T17:21:30.329516,SHORT,21809.5,21802.75,6,810.0,0,13,4
Clean_DB (processed_trades),TM_10,NQM25,Tcc6dcbf640e5,2025-06-13T19:50:01.745189,2025-06-13T19:50:03.606856,SHORT,21644.5,21645.0,6,-60.0,0,15,4
Clean_DB (processed_trades),ES-TM_9,NQU24,T33cd9dd79535,2024-06-27T14:54:31.964130,2024-06-27T14:57:14.356016,LONG,20018.75,20019.5,4,60.0,2,10,3
Clean_DB (processed_trades),ES-TM_9,NQU24,Teb9748cb9bc9,2024-06-27T15:05:41.119836,2024-06-27T15:06:07.597914,SHORT,20026.5,20026.25,4,20.0,0,11,3
Clean_DB (processed_trades),ES-TM_9,NQU24,T6b95147e66c8,2024-06-27T15:18:50.798120,2024-06-27T15:20:04.176564,LONG,20029.75,20021.5,6,-990.0,1,11,3
Clean_DB (processed_trades),TM_10,NQU24,Tdcb931af03f1,2024-07-10T15:01:13.186178,2024-07-10T15:01:21.267955,LONG,20717.0,20714.75,6,-270.0,0,11,2
Clean_DB (processed_trades),TM_9,NQU24,Tcc37edfcdff7,2024-08-04T22:51:19.348361,2024-08-04T22:51:19.721206,SHORT,18367.75,18369.75,6,-240.0,0,18,6
Clean_DB (processed_trades),TM_9,NQU24,T18be2c316ee8,2024-08-04T23:03:53.263808,2024-08-04T23:03:53.670554,LONG,18319.0,18315.0,6,-480.0,0,19,6
Clean_DB (processed_trades),TM_9,NQU24,T4c1a9428f798,2024-08-04T23:24:12.859874,2024-08-04T23:24:15.302855,LONG,18276.75,18273.0,6,-450.0,0,19,6
Clean_DB (processed_trades),TM_9,NQU24,Td154ace71176,2024-08-04T23:45:01.061171,2024-08-04T23:45:13.048059,LONG,18265.0,18262.0,6,-360.0,0,19,6
Clean_DB (processed_trades),TM_U-D-1_1,NQU24,T039aa7f32496,2024-08-02T15:52:02.059681,2024-08-02T15:52:05.651370,LONG,18569.75,18562.75,6,-840.0,0,11,4
Clean_DB (processed_trades),TM_U-D-1_1,NQU24,Tb24c96f028a7,2024-08-02T17:31:04.822726,2024-08-02T17:34:49.615768,LONG,18495.75,18486.5,4,-740.0,3,13,4
Clean_DB (processed_trades),TM_U-D-1_1,NQU24,Tc505303fb900,2024-08-02T19:00:07.823388,2024-08-02T19:00:13.601203,LONG,18520.5,18510.25,6,-1230.0,0,15,4
Clean_DB (processed_trades),V500_SIM10,NQZ24,T541cadfaf4a2,2024-10-22T16:25:39.094527,2024-10-22T16:25:40.349549,LONG,20443.5,20442.5,5,-100.0,0,12,1
Clean_DB (processed_trades),V500_SIM10,NQZ24,Tdfaa9c362478,2024-10-22T16:29:03.305618,2024-10-22T16:29:03.724428,LONG,20433.25,20433.25,4,0.0,0,12,1
Clean_DB (processed_trades),V500_SIM10,NQZ24,T5c9f804f9b8c,2024-10-22T16:31:50.585975,2024-10-22T16:31:51.189385,SHORT,20445.75,20446.25,5,-50.0,0,12,1
Clean_DB (processed_trades),TM_9,ZBM24,Td12e236db1ba,2024-05-27T07:23:09.653217,2024-05-27T10:40:15.665884,SHORT,116.8125,116.96875,6,-0.94,197,3,0
Clean_DB (processed_trades),TM_9,ZBM24,T6fb2d7dc0b3f,2024-05-28T17:01:57.108179,2024-05-28T17:44:00.297949,LONG,116.09375,115.78125,4,-1.25,42,13,1
Clean_DB (processed_trades),TM_9,ZBM24,Ta7fd5707402b,2024-05-28T19:22:10.219091,2024-05-28T19:22:10.682771,SHORT,115.84375,115.875,8,-0.25,0,15,1
Clean_DB (processed_trades),TM_10,ZBU24,T17493c714ed3,2024-06-06T12:36:16.137623,2024-06-06T13:32:54.876050,SHORT,118.9375,119.15625,6,-1.31,56,8,3
Clean_DB (processed_trades),TM_9,ZBU24,T96f98baf578f,2024-05-30T07:21:01.755738,2024-05-30T07:21:02.299181,SHORT,115.09375,115.125,6,-0.19,0,3,3
Clean_DB (processed_trades),TM_9,ZBU24,T2308ee470ed7,2024-06-03T13:07:03.703720,2024-06-03T13:07:04.139074,SHORT,116.71875,116.75,6,-0.19,0,9,0
Clean_DB (processed_trades),TM_9,ZBU24,Tef329b7d063a,2024-06-04T15:42:44.620268,2024-06-04T15:42:45.129838,LONG,118.46875,118.4375,6,-0.19,0,11,1
Clean_DB (processed_trades),TM_9,ZBU24,Tb373237d7848,2024-06-05T15:05:47.625643,2024-06-05T15:05:48.094469,SHORT,119.0625,119.09375,6,-0.19,0,11,2
Clean_DB (processed_trades),TM_9,ZBU24,T0e43ed58bb3d,2024-06-06T12:35:10.355365,2024-06-06T12:35:10.823744,SHORT,118.96875,119.0,6,-0.19,0,8,3
Clean_DB (processed_trades),TM_10,ZNU24,T7106d8d6945d,2024-06-04T15:58:56.497836,2024-06-04T15:58:56.808143,LONG,110.0,109.984375,6,-0.09,0,11,1
Clean_DB (processed_trades),TM_10,ZNU24,T3671e214b18e,2024-06-05T12:22:27.353276,2024-06-05T13:30:00.072371,SHORT,110.0,110.140625,6,-0.84,67,8,2
Clean_DB (processed_trades),TM_10,ZNU24,T9d607fc72106,2024-06-05T15:16:29.343477,2024-06-05T15:16:29.791860,LONG,110.234375,110.21875,6,-0.09,0,11,2
Clean_DB (processed_trades),TM_10,ZNU24,T9f20add8f0e0,2024-06-05T15:16:30.678365,2024-06-05T15:16:31.125021,LONG,110.234375,110.21875,6,-0.09,0,11,2
Clean_DB (processed_trades),TM_10,ZNU24,T31a56a37a1ee,2024-06-06T12:35:10.354974,2024-06-06T12:35:10.728508,LONG,110.1875,110.171875,6,-0.09,0,8,3
Clean_DB (processed_trades),TM_9,ZNU24,Tf0abe1ac197f,2024-06-07T20:15:01.469672,2024-06-07T20:15:01.799662,SHORT,109.28125,109.296875,6,-0.09,0,16,4
Clean_DB (processed_trades),TM_9,ZNU24,T17c976f3a388,2024-06-07T20:15:03.430465,2024-06-07T20:15:03.760279,SHORT,109.28125,109.296875,6,-0.09,0,16,4
Pre_Fix_DB (processed_trades_backup_pre_ghost_fix),3Q_SIM15,CL,T3ed4ba49edfb,2024-08-13T12:06:27.914210,2024-08-13T12:30:01.093595,SHORT,79.55999822169542,79.86999821476638,6,-1860.0,23,8,1
Pre_Fix_DB (processed_trades_backup_pre_ghost_fix),3Q_SIM15,CL,T62032aaa7808,2024-08-14T14:00:31.420487,2024-08-14T14:33:22.757775,SHORT,78.1399982534349,77.94999825768173,4,760.0,32,10,2
Pre_Fix_DB (processed_trades_backup_pre_ghost_fix),3Q_SIM15,CL,Tb284444ac8fe,2024-08-14T15:02:50.588791,2024-08-14T15:14:13.599861,LONG,77.77999826148152,77.46999826841056,6,-1860.0,11,11,2
Pre_Fix_DB (processed_trades_backup_pre_ghost_fix),3Q_SIM15,CL,Tfbfa086c52df,2025-06-13T19:48:35.680712,2025-06-13T19:48:38.894419,SHORT,73.03999836742878,73.10999836586416,6,-420.0,0,15,4
Pre_Fix_DB (processed_trades_backup_pre_ghost_fix),TM_10,CL,T460dcf52a229,2024-05-28T13:29:59.962453,2024-05-28T14:15:33.740427,SHORT,79.21999822929502,79.20999822951853,4,40.0,45,9,1
Pre_Fix_DB (processed_trades_backup_pre_ghost_fix),TM_10,CL,T320b41c235de,2024-05-28T16:50:05.369126,2024-05-28T16:50:05.855523,SHORT,79.8599982149899,79.87999821454287,6,-120.0,0,12,1
Pre_Fix_DB (processed_trades_backup_pre_ghost_fix),TM_10,CL,Te5e5831e5d06,2024-05-29T14:03:38.959767,2024-05-29T14:03:39.398162,LONG,79.8599982149899,79.86999821476638,6,60.0,0,10,2
Pre_Fix_DB (processed_trades_backup_pre_ghost_fix),TM_10,CL,T95655fc0c36a,2024-05-29T15:24:00.323750,2024-05-29T15:24:00.782423,LONG,79.49999822303653,79.47999822348356,6,-120.0,0,11,2
Pre_Fix_DB (processed_trades_backup_pre_ghost_fix),TM_10,CL,Tde38528b61b0,2024-05-29T20:38:44.708797,2024-05-29T20:38:45.207125,LONG,79.3999982252717,79.37999822571874,6,-120.0,0,16,2
Pre_Fix_DB (processed_trades_backup_pre_ghost_fix),TM_10,CL,T15b1c4d44ec5,2024-05-31T16:05:08.458940,2024-05-31T16:05:08.921200,LONG,77.18999827466905,77.17999827489257,6,-60.0,0,12,4
Pre_Fix_DB (processed_trades_backup_pre_ghost_fix),TM_10,CL,T7f2d08d35d55,2024-06-03T16:10:36.201579,2024-06-03T16:10:36.442690,LONG,74.49999833479524,74.48999833501875,6,-60.0,0,12,0
Pre_Fix_DB (processed_trades_backup_pre_ghost_fix),TM_10,CL,Te49370f75f9e,2024-06-04T07:08:32.567948,2024-06-04T07:08:33.128485,LONG,73.14999836497009,73.1399983651936,6,-60.0,0,3,1
Pre_Fix_DB (processed_trades_backup_pre_ghost_fix),TM_10,CL,T9ed2c0bd39e4,2024-06-04T14:14:26.637369,2024-06-04T14:14:27.197997,LONG,73.09999836608768,73.09999836608768,6,0.0,0,10,1
Pre_Fix_DB (processed_trades_backup_pre_ghost_fix),TM_10,CL,Tddb883b0c8eb,2024-07-05T13:43:23.663932,2024-07-05T13:50:40.566660,LONG,84.13999811932445,83.819998126477,6,-1920.0,7,9,4
Pre_Fix_DB (processed_trades_backup_pre_ghost_fix),TM_10,CL,Tf87995ad7fdf,2025-06-13T02:27:46.200028,2025-06-13T02:27:48.370219,LONG,74.90999832563102,74.87999832630157,6,-180.0,0,22,3
Pre_Fix_DB (processed_trades_backup_pre_ghost_fix),TM_9,CL,T1fcf4293c034,2024-05-28T13:29:59.855824,2024-05-28T14:50:22.667052,SHORT,79.21999822929502,79.50999822281301,6,-1740.0,80,9,1
Pre_Fix_DB (processed_trades_backup_pre_ghost_fix),TM_9,CL,T350fbaaf6816,2024-06-02T22:10:33.465815,2024-06-02T22:10:33.917650,LONG,76.87999828159809,76.85999828204513,6,-120.0,0,18,6
Pre_Fix_DB (processed_trades_backup_pre_ghost_fix),TM_9,CL,T33409c00ee03,2024-06-03T16:10:36.201711,2024-06-03T16:10:36.512788,LONG,74.49999833479524,74.48999833501875,6,-60.0,0,12,0
Pre_Fix_DB (processed_trades_backup_pre_ghost_fix),TM_9,CL,Tf54e9d0d644b,2024-06-04T14:14:26.637635,2024-06-04T14:14:27.199005,LONG,73.09999836608768,73.09999836608768,6,0.0,0,10,1
Pre_Fix_DB (processed_trades_backup_pre_ghost_fix),TM_9,CL,T1003bcca8191,2024-06-04T14:35:45.091912,2024-06-04T14:35:45.483524,SHORT,72.93999836966395,72.95999836921692,6,-120.0,0,10,1
Pre_Fix_DB (processed_trades_backup_pre_ghost_fix),TM_9,CL,T2f3f70bdb67b,2024-06-06T11:22:46.948409,2024-06-06T12:36:18.026577,LONG,74.65999833121896,74.67999833077192,4,80.0,73,7,3
Pre_Fix_DB (processed_trades_backup_pre_ghost_fix),TM_9,CL,T801e8b2db516,2024-06-07T10:23:13.175219,2024-06-07T12:44:55.723089,LONG,75.76999830640852,75.779998306185,4,40.0,141,6,4
Pre_Fix_DB (processed_trades_backup_pre_ghost_fix),TM_9,CL,T334916ea0b13,2024-06-10T13:29:59.760310,2024-06-10T14:03:22.194446,LONG,76.04999830015004,76.19999829679728,4,600.0,33,9,0
Pre_Fix_DB (processed_trades_backup_pre_ghost_fix),TM_9,CL,T8085347b5d29,2025-06-13T02:27:46.199775,2025-06-13T02:27:48.369840,LONG,74.90999832563102,74.87999832630157,6,-180.0,0,22,3
Pre_Fix_DB (processed_trades_backup_pre_ghost_fix),TM_9,CL,Tdb62c8b7cd85,2025-06-17T02:52:51.133033,2025-06-17T02:52:53.665344,LONG,72.44999838061631,72.25999838486314,6,-1140.0,0,22,0
Pre_Fix_DB (processed_trades_backup_pre_ghost_fix),ES-TM_10,ES,Tf08e9ae5715e,2024-05-23T17:41:28.534918,2024-05-23T17:41:50.754571,SHORT,5308.75,5311.25,6,-750.0,0,13,3
Pre_Fix_DB (processed_trades_backup_pre_ghost_fix),ES-TM_10,ES,T821861f04869,2024-05-23T19:54:09.003819,2024-05-23T19:54:09.890792,LONG,5286.0,5285.5,6,-150.0,0,15,3
Pre_Fix_DB (processed_trades_backup_pre_ghost_fix),ES-TM_10,ES,Tde4012ac200a,2024-05-24T13:29:59.947270,2024-05-24T13:30:00.344796,LONG,5305.25,5304.5,6,-225.0,0,9,4
Pre_Fix_DB (processed_trades_backup_pre_ghost_fix),ES-TM_10,ES,T8725c6132bc7,2024-05-24T14:00:08.134764,2024-05-24T14:00:08.761787,LONG,5302.75,5303.75,6,300.0,0,10,4
Pre_Fix_DB (processed_trades_backup_pre_ghost_fix),ES-TM_10,ES,T9d05e97dd102,2024-05-24T14:55:48.628601,2024-05-24T14:55:48.993393,LONG,5315.0,5314.75,6,-75.0,0,10,4
Pre_Fix_DB (processed_trades_backup_pre_ghost_fix),ES-TM_10,ES,Te83bf5a66637,2024-05-24T14:55:49.666352,2024-05-24T14:55:50.158564,LONG,5315.0,5314.75,6,-75.0,0,10,4
Pre_Fix_DB (processed_trades_backup_pre_ghost_fix),ES-TM_10,ES,T284257ae409f,2024-05-24T17:25:06.315616,2024-05-24T17:25:06.694369,LONG,5325.0,5324.75,6,-75.0,0,13,4
Pre_Fix_DB (processed_trades_backup_pre_ghost_fix),ES-TM_10,ES,T2b0a97a9b2f4,2024-05-24T17:25:07.671269,2024-05-24T17:25:08.054678,LONG,5325.0,5324.75,6,-75.0,0,13,4
Pre_Fix_DB (processed_trades_backup_pre_ghost_fix),ES-TM_10,ES,T5f75bbff47aa,2024-05-27T08:15:05.452172,2024-05-27T13:36:47.345645,SHORT,5317.25,5325.0,6,-2325.0,321,4,0
Pre_Fix_DB (processed_trades_backup_pre_ghost_fix),ES-TM_10,ES,Td3e4812f9984,2024-05-30T14:00:22.067633,2024-05-30T14:00:22.550185,LONG,5270.0,5269.25,6,-225.0,0,10,3
Pre_Fix_DB (processed_trades_backup_pre_ghost_fix),ES-TM_10,ES,T176b972b559d,2024-05-30T15:19:18.034909,2024-05-30T15:19:18.534025,LONG,5262.25,5262.0,6,-75.0,0,11,3
Pre_Fix_DB (processed_trades_backup_pre_ghost_fix),ES-TM_10,ES,Tbc55cb8338bb,2024-05-30T15:19:18.914647,2024-05-30T15:19:19.414379,LONG,5262.25,5262.0,6,-75.0,0,11,3
Pre_Fix_DB (processed_trades_backup_pre_ghost_fix),ES-TM_10,ES,T1b5db7b66338,2024-05-30T18:26:02.077812,2024-05-30T18:26:02.646014,SHORT,5263.0,5263.5,6,-150.0,0,14,3
Pre_Fix_DB (processed_trades_backup_pre_ghost_fix),ES-TM_10,ES,T5a1c7a219af6,2024-05-30T19:26:19.108079,2024-05-30T19:36:08.420729,LONG,5257.5,5250.0,6,-2250.0,9,15,3
Pre_Fix_DB (processed_trades_backup_pre_ghost_fix),ES-TM_10,ES,Tc32b67678e25,2024-05-31T02:47:18.120573,2024-05-31T02:47:18.505806,SHORT,5239.0,5239.25,5,-62.5,0,22,3
Pre_Fix_DB (processed_trades_backup_pre_ghost_fix),ES-TM_10,ES,T06cd5d6e785a,2024-05-31T10:59:41.778830,2024-05-31T10:59:42.250126,LONG,5238.25,5238.0,5,-62.5,0,6,4
Pre_Fix_DB (processed_trades_backup_pre_ghost_fix),ES-TM_10,ES,T9c9bc903fdfa,2024-05-31T15:03:26.670393,2024-05-31T15:24:14.878220,SHORT,5225.75,5225.5,4,50.0,20,11,4
Pre_Fix_DB (processed_trades_backup_pre_ghost_fix),ES-TM_10,ES,T52a711e21242,2024-05-31T18:31:26.496042,2024-05-31T18:31:26.926866,SHORT,5229.25,5229.5,6,-75.0,0,14,4
Pre_Fix_DB (processed_trades_backup_pre_ghost_fix),ES-TM_10,ES,T7593db3101da,2024-05-31T18:48:50.744302,2024-05-31T18:48:51.243147,SHORT,5235.25,5235.5,6,-75.0,0,14,4
Pre_Fix_DB (processed_trades_backup_pre_ghost_fix),ES-TM_10,ES,Tabed54d77af7,2024-05-31T20:56:13.437234,2024-05-31T20:56:13.843567,SHORT,5299.25,5299.5,6,-75.0,0,16,4
Pre_Fix_DB (processed_trades_backup_pre_ghost_fix),ES-TM_10,ES,T6bd7d93c0f25,2024-06-03T01:13:56.719740,2024-06-03T01:13:57.076656,SHORT,5306.0,5306.25,6,-75.0,0,21,6
Pre_Fix_DB (processed_trades_backup_pre_ghost_fix),ES-TM_10,ES,T7ba6fc72763f,2024-06-03T07:15:43.815302,2024-06-03T07:15:44.218720,SHORT,5305.0,5305.25,6,-75.0,0,3,0
Pre_Fix_DB (processed_trades_backup_pre_ghost_fix),ES-TM_10,ES,Tfbf4e9c86062,2024-06-03T13:57:42.677548,2024-06-03T13:57:43.151879,LONG,5300.5,5300.25,6,-75.0,0,9,0
Pre_Fix_DB (processed_trades_backup_pre_ghost_fix),ES-TM_10,ES,T50433711f6e4,2024-06-04T22:04:54.831944,2024-06-04T22:04:55.332406,LONG,5305.0,5304.5,6,-150.0,0,18,1
Pre_Fix_DB (processed_trades_backup_pre_ghost_fix),ES-TM_10,ES,Tb1cfe1e8c939,2024-06-04T23:00:25.523081,2024-06-05T06:45:32.365476,LONG,5309.0,5309.25,4,50.0,465,19,1
Pre_Fix_DB (processed_trades_backup_pre_ghost_fix),ES-TM_10,ES,T340e40efcfe7,2024-06-05T07:55:36.851924,2024-06-05T07:55:37.349297,LONG,5311.0,5310.75,6,-75.0,0,3,2
Pre_Fix_DB (processed_trades_backup_pre_ghost_fix),ES-TM_10,ES,T6f20541fda83,2024-06-05T15:01:20.772559,2024-06-05T15:01:21.336025,LONG,5331.75,5331.75,6,0.0,0,11,2
Pre_Fix_DB (processed_trades_backup_pre_ghost_fix),ES-TM_10,ES,Tb3de4c56d135,2024-06-05T15:01:21.987329,2024-06-05T15:01:22.525065,LONG,5331.75,5331.75,6,0.0,0,11,2
Pre_Fix_DB (processed_trades_backup_pre_ghost_fix),ES-TM_10,ES,T486aeb0edb23,2024-06-05T19:52:39.817689,2024-06-05T20:03:32.549892,LONG,5362.0,5362.25,4,50.0,10,15,2
Pre_Fix_DB (processed_trades_backup_pre_ghost_fix),ES-TM_10,ES,T06a4bc4ba507,2024-06-06T05:25:34.915055,2024-06-06T05:25:35.306440,SHORT,5366.25,5366.5,6,-75.0,0,1,3
Pre_Fix_DB (processed_trades_backup_pre_ghost_fix),ES-TM_10,ES,T3da7dadfee36,2024-06-06T16:19:03.777692,2024-06-06T16:37:05.658757,LONG,5359.25,5351.75,6,-2250.0,18,12,3
Pre_Fix_DB (processed_trades_backup_pre_ghost_fix),ES-TM_10,ES,Td61a72bcc121,2024-06-09T22:16:41.261683,2024-06-09T22:16:41.855777,SHORT,5360.25,5360.25,6,0.0,0,18,6
Pre_Fix_DB (processed_trades_backup_pre_ghost_fix),ES-TM_10,ES,T655f4f19d30e,2024-06-10T18:42:26.391968,2024-06-10T18:42:26.861477,SHORT,5365.0,5365.5,6,-150.0,0,14,0
Pre_Fix_DB (processed_trades_backup_pre_ghost_fix),ES-TM_10,ES,Ta2047955a60c,2024-06-10T19:15:42.584287,2024-06-10T19:15:43.218503,SHORT,5370.25,5370.5,6,-75.0,0,15,0
Pre_Fix_DB (processed_trades_backup_pre_ghost_fix),ES-TM_10,ES,T417a622fa5ee,2024-06-12T18:00:00.673440,2024-06-12T18:00:20.303575,SHORT,5425.0,5429.25,6,-1275.0,0,14,2
Pre_Fix_DB (processed_trades_backup_pre_ghost_fix),ES-TM_10,ES,Ta3c6ab5f19cb,2024-06-12T18:32:47.280586,2024-06-12T18:32:47.859753,SHORT,5439.5,5439.75,6,-75.0,0,14,2
Pre_Fix_DB (processed_trades_backup_pre_ghost_fix),ES-TM_10,ES,T3431c7b36ca2,2024-06-12T18:44:41.950729,2024-06-12T18:45:10.989304,LONG,5435.75,5430.75,4,-1000.0,0,14,2
Pre_Fix_DB (processed_trades_backup_pre_ghost_fix),ES-TM_10,ES,T2750e07d0000,2024-06-12T19:30:29.920686,2024-06-12T19:38:14.181197,LONG,5424.5,5424.75,4,50.0,7,15,2
Pre_Fix_DB (processed_trades_backup_pre_ghost_fix),ES-TM_10,ES,T105c997bc369,2024-06-12T19:40:44.943721,2024-06-12T19:42:04.939163,LONG,5424.5,5416.5,6,-2400.0,1,15,2
Pre_Fix_DB (processed_trades_backup_pre_ghost_fix),ES-TM_10,ES,T8c1303ee310f,2024-06-13T08:43:50.582914,2024-06-13T09:29:19.783292,LONG,5435.25,5433.25,6,-600.0,45,4,3
Pre_Fix_DB (processed_trades_backup_pre_ghost_fix),ES-TM_10,ES,T4b5ef789998c,2024-06-13T15:29:57.268576,2024-06-13T15:37:35.740419,LONG,5424.75,5425.0,4,50.0,7,11,3
Pre_Fix_DB (processed_trades_backup_pre_ghost_fix),ES-TM_10,ES,Tb4e00523b33a,2024-06-13T18:14:02.156290,2024-06-13T18:14:02.781546,LONG,5432.0,5432.25,6,75.0,0,14,3
Pre_Fix_DB (processed_trades_backup_pre_ghost_fix),ES-TM_10,ES,Te6d814a23b1e,2024-06-14T14:31:07.470767,2024-06-14T14:31:07.886839,SHORT,5416.5,5416.75,6,-75.0,0,10,4
Pre_Fix_DB (processed_trades_backup_pre_ghost_fix),ES-TM_10,ES,T32515a0d8350,2024-06-14T14:31:08.367544,2024-06-14T14:31:08.852864,SHORT,5416.5,5416.75,6,-75.0,0,10,4
Pre_Fix_DB (processed_trades_backup_pre_ghost_fix),ES-TM_10,ES,Ta6bd2544e911,2024-06-14T16:19:10.459366,2024-06-14T16:19:11.069357,SHORT,5422.5,5422.75,6,-75.0,0,12,4
Pre_Fix_DB (processed_trades_backup_pre_ghost_fix),ES-TM_10,ES,T0c51826acf7b,2024-06-14T16:19:11.706348,2024-06-14T16:19:12.290288,SHORT,5422.5,5422.75,6,-75.0,0,12,4
Pre_Fix_DB (processed_trades_backup_pre_ghost_fix),ES-TM_10,ES,Te950fb854fc8,2024-06-14T16:53:36.623690,2024-06-14T16:53:37.089933,SHORT,5426.75,5427.0,6,-75.0,0,12,4
Pre_Fix_DB (processed_trades_backup_pre_ghost_fix),ES-TM_10,ES,Tfbd13271342e,2024-06-14T16:53:37.942959,2024-06-14T16:53:38.386122,SHORT,5426.75,5427.0,6,-75.0,0,12,4
Pre_Fix_DB (processed_trades_backup_pre_ghost_fix),ES-TM_10,ES,T1f1fbc1b6976,2024-06-14T17:00:17.277708,2024-06-14T17:24:45.357784,LONG,5429.0,5429.25,4,50.0,24,13,4
Pre_Fix_DB (processed_trades_backup_pre_ghost_fix),ES-TM_10,ES,Tdb1863e531ea,2024-06-14T18:36:04.231750,2024-06-14T18:36:04.777894,SHORT,5426.25,5426.75,6,-150.0,0,14,4
Pre_Fix_DB (processed_trades_backup_pre_ghost_fix),ES-TM_10,ES,Taec02294f812,2024-06-14T18:36:05.695467,2024-06-14T18:36:06.191431,SHORT,5426.25,5426.75,6,-150.0,0,14,4
Pre_Fix_DB (processed_trades_backup_pre_ghost_fix),ES-TM_10,ES,Td28e43beb31d,2024-06-17T05:37:25.581976,2024-06-17T07:58:37.562088,LONG,5438.0,5438.5,4,100.0,141,1,0
Pre_Fix_DB (processed_trades_backup_pre_ghost_fix),ES-TM_10,ES,T53781f95d702,2024-06-17T09:06:49.939325,2024-06-17T10:19:17.899061,LONG,5433.5,5429.0,6,-1350.0,72,5,0
Pre_Fix_DB (processed_trades_backup_pre_ghost_fix),ES-TM_10,ES,T42a46078232f,2024-06-18T01:11:07.878221,2024-06-18T01:23:35.928515,LONG,5545.0,5543.25,6,-525.0,12,21,0
Pre_Fix_DB (processed_trades_backup_pre_ghost_fix),ES-TM_10,ES,Td2262ae692e0,2024-06-18T13:44:33.280361,2024-06-18T13:44:33.723946,SHORT,5552.75,5553.25,6,-150.0,0,9,1
Pre_Fix_DB (processed_trades_backup_pre_ghost_fix),ES-TM_10,ES,Tda54df26af40,2024-06-20T12:55:31.620817,2024-06-20T13:12:57.555133,LONG,5574.25,5570.0,6,-1275.0,17,8,3
Pre_Fix_DB (processed_trades_backup_pre_ghost_fix),ES-TM_10,ES,T0ca15a85bd33,2024-06-24T10:45:28.468205,2024-06-24T12:04:45.843242,LONG,5541.0,5533.75,6,-2175.0,79,6,0
Pre_Fix_DB (processed_trades_backup_pre_ghost_fix),ES-TM_10,ES,Te221c1ac56f2,2024-06-25T14:11:06.451907,2024-06-25T15:23:30.099684,LONG,5527.5,5527.75,4,50.0,72,10,1
Pre_Fix_DB (processed_trades_backup_pre_ghost_fix),ES-TM_10,ES,Teb6edbb5d1af,2024-06-25T18:28:29.430236,2024-06-25T18:28:29.939315,SHORT,5533.5,5533.75,6,-75.0,0,14,1
Pre_Fix_DB (processed_trades_backup_pre_ghost_fix),ES-TM_10,ES,T811dc4bfa02c,2024-06-26T13:31:39.623712,2024-06-26T13:31:40.144907,SHORT,5518.75,5519.0,6,-75.0,0,9,2
Pre_Fix_DB (processed_trades_backup_pre_ghost_fix),ES-TM_10,ES,T4581bd056bd6,2024-06-26T14:28:23.785310,2024-06-26T14:28:24.202073,SHORT,5526.5,5526.75,6,-75.0,0,10,2
Pre_Fix_DB (processed_trades_backup_pre_ghost_fix),ES-TM_10,ES,T47c57f8e48d5,2024-06-26T14:28:24.656062,2024-06-26T14:28:25.161849,SHORT,5526.5,5526.75,6,-75.0,0,10,2
Pre_Fix_DB (processed_trades_backup_pre_ghost_fix),ES-TM_10,ES,T9ab6668487a5,2024-06-26T14:30:58.320548,2024-06-26T14:52:42.277528,LONG,5527.5,5528.0,4,100.0,21,10,2
Pre_Fix_DB (processed_trades_backup_pre_ghost_fix),ES-TM_10,ES,Te4f71cc575b6,2024-06-26T20:03:39.033628,2024-06-26T20:10:32.700899,LONG,5535.5,5535.75,4,50.0,6,16,2
Pre_Fix_DB (processed_trades_backup_pre_ghost_fix),ES-TM_10,ES,T362bc9d558eb,2024-06-27T01:26:50.034106,2024-06-27T03:57:30.258875,LONG,5522.75,5523.0,4,50.0,150,21,2
Pre_Fix_DB (processed_trades_backup_pre_ghost_fix),ES-TM_10,ES,Taa8a1b16d7af,2024-06-27T13:46:07.322822,2024-06-27T13:46:07.831632,SHORT,5553.75,5554.0,6,-75.0,0,9,3
Pre_Fix_DB (processed_trades_backup_pre_ghost_fix),ES-TM_10,ES,T0807c2a81825,2024-06-27T13:49:27.468484,2024-06-27T13:49:27.842868,SHORT,5548.5,5548.75,6,-75.0,0,9,3
Pre_Fix_DB (processed_trades_backup_pre_ghost_fix),ES-TM_10,ES,T1bc8a481a587,2024-06-27T14:47:52.600612,2024-06-27T14:47:53.069300,SHORT,5548.75,5549.25,6,-150.0,0,10,3
Pre_Fix_DB (processed_trades_backup_pre_ghost_fix),ES-TM_10,ES,Tf08e0174cb4e,2024-06-28T12:30:11.496470,2024-06-28T12:31:38.172871,SHORT,5569.0,5567.0,6,600.0,1,8,4
Pre_Fix_DB (processed_trades_backup_pre_ghost_fix),ES-TM_10,ES,T76ba5d99b2f0,2024-06-28T12:32:33.185753,2024-06-28T12:40:57.989785,LONG,5565.25,5561.25,6,-1200.0,8,8,4
Pre_Fix_DB (processed_trades_backup_pre_ghost_fix),ES-TM_10,ES,T9fedfe91a171,2024-06-30T22:25:47.573703,2024-07-01T00:01:32.254748,LONG,5534.75,5527.5,6,-2175.0,95,18,6
Pre_Fix_DB (processed_trades_backup_pre_ghost_fix),ES-TM_10,ES,Tb38944e34019,2024-07-01T14:22:56.955622,2024-07-01T14:22:57.379728,SHORT,5523.25,5523.5,6,-75.0,0,10,0
Pre_Fix_DB (processed_trades_backup_pre_ghost_fix),ES-TM_10,ES,T667b94af732c,2024-07-01T14:42:38.004471,2024-07-01T14:55:28.824829,LONG,5513.75,5506.25,6,-2250.0,12,10,0
Pre_Fix_DB (processed_trades_backup_pre_ghost_fix),ES-TM_10,ES,Tc034cd7d0ad4,2024-07-08T00:07:02.726407,2024-07-08T05:00:29.026906,LONG,5611.5,5612.0,4,100.0,293,20,6
Pre_Fix_DB (processed_trades_backup_pre_ghost_fix),ES-TM_10,ES,T81216991015c,2024-07-08T15:38:23.012918,2024-07-08T15:38:23.516796,SHORT,5622.75,5623.25,6,-150.0,0,11,0
Pre_Fix_DB (processed_trades_backup_pre_ghost_fix),ES-TM_10,ES,T4fd73977cbad,2024-07-08T17:30:04.677021,2024-07-08T18:02:33.469241,LONG,5623.5,5623.75,4,50.0,32,13,0
Pre_Fix_DB (processed_trades_backup_pre_ghost_fix),ES-TM_10,ES,T4c9e38bc3256,2024-07-09T14:12:20.162095,2024-07-09T14:25:13.254065,LONG,5641.5,5634.0,6,-2250.0,12,10,1
Pre_Fix_DB (processed_trades_backup_pre_ghost_fix),ES-TM_10,ES,T9da28dc50293,2024-07-11T12:31:10.460779,2024-07-11T12:31:10.992292,SHORT,5695.75,5696.0,6,-75.0,0,8,3
Pre_Fix_DB (processed_trades_backup_pre_ghost_fix),ES-TM_10,ES,Te48e6a11cdb1,2024-07-11T15:46:32.352495,2024-07-11T15:57:05.347545,SHORT,5642.25,5642.0,4,50.0,10,11,3
Pre_Fix_DB (processed_trades_backup_pre_ghost_fix),ES-TM_10,ES,T679d4aa299fe,2024-07-11T18:48:29.313990,2024-07-11T18:48:29.751978,SHORT,5639.75,5640.25,6,-150.0,0,14,3
Pre_Fix_DB (processed_trades_backup_pre_ghost_fix),ES-TM_10,ES,Td81892566cb2,2024-07-12T00:17:39.926867,2024-07-12T05:15:13.365027,LONG,5641.75,5634.25,6,-2250.0,297,20,3
Pre_Fix_DB (processed_trades_backup_pre_ghost_fix),ES-TM_10,ES,Td40bb0783c4b,2024-07-15T15:44:56.599147,2024-07-15T15:44:56.974661,SHORT,5706.5,5706.75,6,-75.0,0,11,0
Pre_Fix_DB (processed_trades_backup_pre_ghost_fix),ES-TM_10,ES,T00a8d24d5632,2024-07-15T16:55:13.849835,2024-07-15T16:57:36.807958,SHORT,5694.25,5698.25,6,-1200.0,2,12,0
Pre_Fix_DB (processed_trades_backup_pre_ghost_fix),ES-TM_10,ES,Tb768791cf48c,2024-07-16T18:08:21.286105,2024-07-16T18:18:24.037628,LONG,5703.0,5695.25,6,-2325.0,10,14,1
Pre_Fix_DB (processed_trades_backup_pre_ghost_fix),ES-TM_10,ES,T2282276337bf,2024-07-17T15:10:18.202959,2024-07-17T15:26:43.315437,LONG,5653.5,5646.0,6,-2250.0,16,11,2
Pre_Fix_DB (processed_trades_backup_pre_ghost_fix),ES-TM_10,ES,T3b7f2136509a,2024-07-19T13:30:59.968110,2024-07-19T13:31:00.402655,LONG,5588.0,5587.25,6,-225.0,0,9,4
Pre_Fix_DB (processed_trades_backup_pre_ghost_fix),ES-TM_10,ES,Tba0063f8cf0a,2024-07-19T14:44:55.883624,2024-07-19T14:44:56.478466,SHORT,5570.75,5571.0,6,-75.0,0,10,4
Pre_Fix_DB (processed_trades_backup_pre_ghost_fix),ES-TM_10,ES,T94119cf76714,2024-07-19T17:33:36.322751,2024-07-19T17:37:22.020752,SHORT,5551.75,5551.5,4,50.0,3,13,4
Pre_Fix_DB (processed_trades_backup_pre_ghost_fix),ES-TM_10,ES,T76cff41220c3,2024-07-19T19:19:26.962036,2024-07-19T19:19:27.477097,SHORT,5565.75,5565.75,6,0.0,0,15,4
Pre_Fix_DB (processed_trades_backup_pre_ghost_fix),ES-TM_10,ES,Tdcbb55433d4c,2024-07-19T19:36:09.372438,2024-07-19T19:36:20.511289,LONG,5553.0,5551.5,6,-450.0,0,15,4
Pre_Fix_DB (processed_trades_backup_pre_ghost_fix),ES-TM_10,ES,T69e6bb971e21,2024-07-19T19:50:19.152805,2024-07-19T19:54:59.304798,LONG,5552.25,5548.0,6,-1275.0,4,15,4
Pre_Fix_DB (processed_trades_backup_pre_ghost_fix),ES-TM_10,ES,T5e4ca0af797b,2024-07-22T01:51:49.619717,2024-07-22T01:53:14.891165,LONG,5559.75,5558.0,6,-525.0,1,21,6
Pre_Fix_DB (processed_trades_backup_pre_ghost_fix),ES-TM_10,ES,Tc87c5b9af3f0,2024-07-22T13:46:33.400135,2024-07-22T13:52:18.814976,LONG,5603.75,5599.75,4,-800.0,5,9,0
Pre_Fix_DB (processed_trades_backup_pre_ghost_fix),ES-TM_10,ES,T04a82b734d1a,2024-07-22T13:57:11.128250,2024-07-22T13:57:19.751333,LONG,5597.0,5596.25,6,-225.0,0,9,0
Pre_Fix_DB (processed_trades_backup_pre_ghost_fix),ES-TM_10,ES,T1ae45dc48bbe,2024-07-22T15:23:36.810173,2024-07-22T15:23:41.275446,LONG,5586.5,5584.5,6,-600.0,0,11,0
Pre_Fix_DB (processed_trades_backup_pre_ghost_fix),ES-TM_10,ES,Tc95443e17b59,2024-07-23T13:52:17.670474,2024-07-23T13:52:18.136104,SHORT,5612.5,5613.0,6,-150.0,0,9,1
Pre_Fix_DB (processed_trades_backup_pre_ghost_fix),ES-TM_10,ES,Ta0b7094393f0,2024-07-23T17:56:03.900115,2024-07-23T18:01:52.899019,LONG,5614.5,5616.0,6,450.0,5,13,1
Pre_Fix_DB (processed_trades_backup_pre_ghost_fix),ES-TM_10,ES,T34e1a1cd9105,2024-07-23T18:30:40.548222,2024-07-23T18:40:47.306466,LONG,5612.25,5612.5,4,50.0,10,14,1
Pre_Fix_DB (processed_trades_backup_pre_ghost_fix),ES-TM_10,ES,Te72d3a1c8fd2,2024-07-23T22:01:08.656054,2024-07-23T23:58:15.499628,LONG,5580.75,5575.0,6,-1725.0,117,18,1
Pre_Fix_DB (processed_trades_backup_pre_ghost_fix),ES-TM_10,ES,T7addfedb1887,2024-07-24T00:11:04.828883,2024-07-24T03:23:04.423810,LONG,5580.5,5577.25,6,-975.0,191,20,1
Pre_Fix_DB (processed_trades_backup_pre_ghost_fix),ES-TM_10,ES,T15af1de98db8,2024-07-24T19:44:34.388701,2024-07-24T19:44:34.789278,SHORT,5480.25,5480.75,6,-150.0,0,15,2
Pre_Fix_DB (processed_trades_backup_pre_ghost_fix),ES-TM_10,ES,Tf4750edc88df,2024-07-24T20:14:59.627447,2024-07-24T20:15:00.281258,SHORT,5481.5,5482.0,6,-150.0,0,16,2
Pre_Fix_DB (processed_trades_backup_pre_ghost_fix),ES-TM_10,ES,T2bf7ec643254,2024-07-25T02:33:46.249399,2024-07-25T02:37:07.873615,LONG,5479.0,5476.75,6,-675.0,3,22,2
Pre_Fix_DB (processed_trades_backup_pre_ghost_fix),ES-TM_10,ES,Td57db4e30931,2024-07-25T07:11:16.889201,2024-07-25T07:21:30.472052,LONG,5470.0,5470.25,4,50.0,10,3,3
Pre_Fix_DB (processed_trades_backup_pre_ghost_fix),ES-TM_10,ES,T82cf04e80fc5,2024-07-25T08:26:11.623385,2024-07-25T08:26:11.993578,LONG,5459.75,5459.25,6,-150.0,0,4,3
Pre_Fix_DB (processed_trades_backup_pre_ghost_fix),ES-TM_10,ES,T2f1875ebe5fd,2024-07-25T10:27:50.389437,2024-07-25T10:27:50.731062,SHORT,5458.5,5458.75,6,-75.0,0,6,3
Pre_Fix_DB (processed_trades_backup_pre_ghost_fix),ES-TM_10,ES,T7f649c2efac6,2024-07-25T13:06:45.426030,2024-07-25T13:30:57.190813,LONG,5469.75,5470.0,4,50.0,24,9,3
Pre_Fix_DB (processed_trades_backup_pre_ghost_fix),ES-TM_10,ES,T989d964b54d2,2024-07-25T14:34:46.277556,2024-07-25T14:37:58.031076,LONG,5464.25,5464.5,4,50.0,3,10,3
Pre_Fix_DB (processed_trades_backup_pre_ghost_fix),ES-TM_10,ES,Tb8c4dc135657,2024-07-25T16:29:43.774985,2024-07-25T16:42:27.453133,LONG,5520.0,5520.25,4,50.0,12,12,3
Pre_Fix_DB (processed_trades_backup_pre_ghost_fix),ES-TM_10,ES,Te2083db476fe,2024-07-25T17:51:19.850502,2024-07-25T17:51:46.337389,SHORT,5501.5,5503.75,6,-675.0,0,13,3
Pre_Fix_DB (processed_trades_backup_pre_ghost_fix),ES-TM_10,ES,T3a29f0828508,2024-07-25T17:58:33.940803,2024-07-25T17:58:34.442979,SHORT,5506.25,5506.25,6,0.0,0,13,3
Pre_Fix_DB (processed_trades_backup_pre_ghost_fix),ES-TM_10,ES,T8768142973f9,2024-07-25T18:06:03.219148,2024-07-25T18:11:02.690314,LONG,5497.0,5489.5,6,-2250.0,4,14,3
Pre_Fix_DB (processed_trades_backup_pre_ghost_fix),ES-TM_10,ES,T53285f8d01a3,2024-07-29T07:40:16.119176,2024-07-29T08:00:02.276828,LONG,5513.25,5505.75,6,-2250.0,19,3,0
Pre_Fix_DB (processed_trades_backup_pre_ghost_fix),ES-TM_10,ES,T273b861f5883,2024-08-02T14:11:33.771318,2024-08-02T14:11:34.210299,SHORT,5354.25,5354.5,6,-75.0,0,10,4
Pre_Fix_DB (processed_trades_backup_pre_ghost_fix),ES-TM_10,ES,T14101a71051a,2024-08-02T14:31:15.875384,2024-08-02T14:33:45.022832,LONG,5358.5,5350.75,6,-2325.0,2,10,4
Pre_Fix_DB (processed_trades_backup_pre_ghost_fix),ES-TM_10,ES,Tbf791dfc59a0,2024-08-05T13:13:03.586611,2024-08-05T13:14:42.739600,LONG,5184.25,5184.5,4,50.0,1,9,0
Pre_Fix_DB (processed_trades_backup_pre_ghost_fix),ES-TM_10,ES,T83d29cb8717f,2024-08-05T13:30:10.206735,2024-08-05T13:30:44.584532,LONG,5152.75,5152.5,6,-75.0,0,9,0
Pre_Fix_DB (processed_trades_backup_pre_ghost_fix),ES-TM_10,ES,T18cc7a5dc343,2024-08-05T13:30:52.193091,2024-08-05T13:31:13.233198,LONG,5154.25,5154.75,4,100.0,0,9,0
Pre_Fix_DB (processed_trades_backup_pre_ghost_fix),ES-TM_10,ES,Tf80aa3ae1e43,2024-08-05T13:42:57.566953,2024-08-05T13:43:04.727154,SHORT,5179.5,5187.0,6,-2250.0,0,9,0
Pre_Fix_DB (processed_trades_backup_pre_ghost_fix),ES-TM_10,ES,T3612cbb3cf2d,2024-08-06T10:36:41.618651,2024-08-06T10:42:55.749888,LONG,5259.5,5259.75,4,50.0,6,6,1
Pre_Fix_DB (processed_trades_backup_pre_ghost_fix),ES-TM_10,ES,Ta7be6a29aebe,2024-08-06T11:02:28.936416,2024-08-06T11:24:27.688027,LONG,5266.5,5261.75,6,-1425.0,21,7,1
Pre_Fix_DB (processed_trades_backup_pre_ghost_fix),ES-TM_10,ES,Te60affcdcb23,2024-08-06T11:30:02.375793,2024-08-06T11:30:37.701570,LONG,5271.5,5271.75,4,50.0,0,7,1
Pre_Fix_DB (processed_trades_backup_pre_ghost_fix),ES-TM_10,ES,T2ca03022380e,2024-08-06T11:40:24.194832,2024-08-06T11:40:51.245172,LONG,5260.75,5258.25,6,-750.0,0,7,1
Pre_Fix_DB (processed_trades_backup_pre_ghost_fix),ES-TM_10,ES,T6dc460eedac2,2024-08-06T12:54:46.076260,2024-08-06T13:09:21.955967,SHORT,5235.5,5243.25,6,-2325.0,14,8,1
Pre_Fix_DB (processed_trades_backup_pre_ghost_fix),ES-TM_10,ES,T364d82b5b693,2024-08-08T10:57:28.477102,2024-08-08T11:10:35.903112,SHORT,5218.5,5224.75,6,-1875.0,13,6,3
Pre_Fix_DB (processed_trades_backup_pre_ghost_fix),ES-TM_10,ES,T50f9e77b2754,2024-08-11T22:00:19.896773,2024-08-11T22:00:33.722761,LONG,5368.25,5368.25,4,0.0,0,18,6
Pre_Fix_DB (processed_trades_backup_pre_ghost_fix),ES-TM_10,ES,T0c7151ea66e1,2024-08-12T00:01:27.870751,2024-08-12T00:01:28.297397,SHORT,5367.75,5368.0,6,-75.0,0,20,6
Pre_Fix_DB (processed_trades_backup_pre_ghost_fix),ES-TM_10,ES,T76c0c1283d10,2024-08-12T03:30:02.878114,2024-08-12T03:30:03.307609,SHORT,5371.75,5372.25,6,-150.0,0,23,6
Pre_Fix_DB (processed_trades_backup_pre_ghost_fix),ES-TM_10,ES,T0f8a286fe184,2024-08-12T04:34:37.481748,2024-08-12T06:05:08.876682,LONG,5371.0,5371.25,4,50.0,90,0,0
Pre_Fix_DB (processed_trades_backup_pre_ghost_fix),ES-TM_10,ES,T59a933736b9e,2024-08-12T07:17:12.395102,2024-08-12T07:29:31.796128,SHORT,5367.75,5374.75,6,-2100.0,12,3,0
Pre_Fix_DB (processed_trades_backup_pre_ghost_fix),ES-TM_10,ES,T7d7a6ef7939f,2024-08-12T13:46:22.193068,2024-08-12T13:47:08.514834,LONG,5356.75,5355.0,6,-525.0,0,9,0
Pre_Fix_DB (processed_trades_backup_pre_ghost_fix),ES-TM_10,ES,T604d3f36c266,2024-08-12T13:50:11.305350,2024-08-12T13:51:40.731870,LONG,5356.25,5356.5,4,50.0,1,9,0
Pre_Fix_DB (processed_trades_backup_pre_ghost_fix),ES-TM_10,ES,T6166cee81519,2024-08-12T15:02:29.028421,2024-08-12T15:02:29.432914,LONG,5394.0,5393.75,6,-75.0,0,11,0
Pre_Fix_DB (processed_trades_backup_pre_ghost_fix),ES-TM_10,ES,T706430a2f07c,2024-08-12T16:35:48.866736,2024-08-12T16:35:49.341120,SHORT,5377.0,5377.0,6,0.0,0,12,0
Pre_Fix_DB (processed_trades_backup_pre_ghost_fix),ES-TM_10,ES,Td08521761218,2024-08-12T16:45:20.051136,2024-08-12T16:56:03.518867,LONG,5382.0,5374.5,6,-2250.0,10,12,0
Pre_Fix_DB (processed_trades_backup_pre_ghost_fix),ES-TM_10,ES,Tb5ca76e9d143,2024-08-13T07:26:10.465710,2024-08-13T07:26:10.997191,SHORT,5396.25,5396.5,6,-75.0,0,3,1
Pre_Fix_DB (processed_trades_backup_pre_ghost_fix),ES-TM_10,ES,T02f5191ea99f,2024-08-13T10:00:10.755392,2024-08-13T10:00:11.337137,SHORT,5390.0,5389.0,6,300.0,0,6,1
Pre_Fix_DB (processed_trades_backup_pre_ghost_fix),ES-TM_10,ES,Tcd9331558308,2024-08-13T12:30:00.930359,2024-08-13T12:30:23.862044,LONG,5398.0,5403.5,6,1650.0,0,8,1
Pre_Fix_DB (processed_trades_backup_pre_ghost_fix),ES-TM_10,ES,T458889d1a52e,2024-11-20T17:54:52.956151,2024-11-20T17:58:22.719182,SHORT,5908.25,5905.0,6,975.0,3,12,2
Pre_Fix_DB (processed_trades_backup_pre_ghost_fix),ES-TM_10,ES,Tc56f2e681ec2,2024-12-18T23:39:48.171963,2024-12-18T23:39:48.731805,SHORT,5944.75,5945.25,6,-150.0,0,18,2
Pre_Fix_DB (processed_trades_backup_pre_ghost_fix),ES-TM_10,ES,Tdbe6671689c3,2024-12-19T15:58:29.508538,2024-12-19T16:01:18.100687,LONG,5971.0,5965.75,6,-1575.0,2,10,3
Pre_Fix_DB (processed_trades_backup_pre_ghost_fix),ES-TM_10,ES,T115f39b3c495,2024-12-20T15:11:20.504958,2024-12-20T15:11:22.389399,LONG,5917.25,5917.25,6,0.0,0,10,4
Pre_Fix_DB (processed_trades_backup_pre_ghost_fix),ES-TM_10,ES,T02aac6079d81,2024-12-20T15:44:17.875998,2024-12-20T15:44:20.418349,LONG,5975.75,5975.5,4,-50.0,0,10,4
Pre_Fix_DB (processed_trades_backup_pre_ghost_fix),ES-TM_10,ES,T0e6ba7e818a9,2024-12-30T15:17:02.360442,2024-12-30T15:17:04.453795,SHORT,5929.0,5928.75,6,75.0,0,10,0
Pre_Fix_DB (processed_trades_backup_pre_ghost_fix),ES-TM_10,ES,T02c84120335b,2024-12-31T15:33:33.443197,2024-12-31T15:33:42.971218,SHORT,5964.5,5963.75,6,225.0,0,10,1
Pre_Fix_DB (processed_trades_backup_pre_ghost_fix),ES-TM_10,ES,Ted4a2d106e4c,2025-01-02T15:37:23.629766,2025-01-02T15:37:25.475325,SHORT,5949.0,5949.25,6,-75.0,0,10,3
Pre_Fix_DB (processed_trades_backup_pre_ghost_fix),ES-TM_10,ES,Tc2fd27426be5,2025-01-06T20:54:21.733876,2025-01-06T20:54:22.338919,SHORT,6012.0,6012.25,6,-75.0,0,15,0
Pre_Fix_DB (processed_trades_backup_pre_ghost_fix),ES-TM_10,ES,T0b3861351ad2,2025-01-07T15:38:07.539832,2025-01-07T15:38:09.585316,SHORT,5989.5,5990.25,6,-225.0,0,10,1
Pre_Fix_DB (processed_trades_backup_pre_ghost_fix),ES-TM_10,ES,Ta515297efe02,2025-01-07T17:14:54.114666,2025-01-07T17:14:56.536731,LONG,5980.75,5980.25,6,-150.0,0,12,1
Pre_Fix_DB (processed_trades_backup_pre_ghost_fix),ES-TM_10,ES,Td825001752e2,2025-01-08T14:46:53.901144,2025-01-08T14:46:54.424093,SHORT,5939.0,5938.75,6,75.0,0,9,2
Pre_Fix_DB (processed_trades_backup_pre_ghost_fix),ES-TM_10,ES,T9991c1c0d8c0,2025-01-08T18:47:54.394877,2025-01-08T18:50:29.444098,SHORT,5951.5,5949.25,6,675.0,2,13,2
Pre_Fix_DB (processed_trades_backup_pre_ghost_fix),ES-TM_10,ES,T4d0d8301b187,2025-01-08T19:55:13.836439,2025-01-08T19:55:16.237774,SHORT,5947.5,5948.25,6,-225.0,0,14,2
Pre_Fix_DB (processed_trades_backup_pre_ghost_fix),ES-TM_10,ES,T094ca9aa556e,2025-01-13T18:36:11.987717,2025-01-13T18:36:14.436293,LONG,5862.0,5862.0,6,0.0,0,13,0
Pre_Fix_DB (processed_trades_backup_pre_ghost_fix),ES-TM_10,ES,Tc3392eca7bd4,2025-01-15T13:39:55.824895,2025-01-15T13:40:05.013841,LONG,5970.75,5972.25,6,450.0,0,8,2
Pre_Fix_DB (processed_trades_backup_pre_ghost_fix),ES-TM_10,ES,T83907e293c4e,2025-01-15T15:58:14.123861,2025-01-15T15:58:14.670332,SHORT,5976.25,5976.0,6,75.0,0,10,2
Pre_Fix_DB (processed_trades_backup_pre_ghost_fix),ES-TM_10,ES,T3a0e059dc6b7,2025-01-29T19:00:01.976250,2025-01-29T19:00:10.690636,SHORT,6062.75,6059.0,6,1125.0,0,14,2
Pre_Fix_DB (processed_trades_backup_pre_ghost_fix),ES-TM_10,ES,Td75cdce0a7fa,2025-01-30T20:54:43.287943,2025-01-30T20:54:44.508605,LONG,6098.0,6097.5,5,-125.0,0,15,3
Pre_Fix_DB (processed_trades_backup_pre_ghost_fix),ES-TM_10,ES,T4ae12b6a92d1,2025-02-07T16:20:16.910903,2025-02-07T16:20:17.475381,LONG,6084.0,6083.75,6,-75.0,0,11,4
Pre_Fix_DB (processed_trades_backup_pre_ghost_fix),ES-TM_10,ES,T5825bfefdf30,2025-02-25T15:44:17.590617,2025-02-25T15:44:19.716090,SHORT,5950.0,5949.5,6,150.0,0,10,1
Pre_Fix_DB (processed_trades_backup_pre_ghost_fix),ES-TM_10,ES,T3567a131e5bc,2025-03-05T13:15:02.447841,2025-03-05T13:15:09.060229,SHORT,5796.25,5797.75,6,-450.0,0,8,2
Pre_Fix_DB (processed_trades_backup_pre_ghost_fix),ES-TM_10,ES,T248f44be092d,2025-03-05T16:22:51.194830,2025-03-05T16:22:52.474943,LONG,5768.5,5767.5,6,-300.0,0,11,2
Pre_Fix_DB (processed_trades_backup_pre_ghost_fix),ES-TM_10,ES,T4fb4b938c2f9,2025-06-05T14:21:31.351840,2025-06-05T14:21:33.648666,LONG,5969.5,5969.5,6,0.0,0,10,3
Pre_Fix_DB (processed_trades_backup_pre_ghost_fix),ES-TM_10,ES,T14d7d529879f,2025-06-17T19:50:00.041516,2025-06-17T19:50:01.676967,LONG,5992.75,5991.5,6,-375.0,0,15,1
Pre_Fix_DB (processed_trades_backup_pre_ghost_fix),ES-TM_10,ES,Tfb5ef400c66b,2025-06-19T13:05:44.128402,2025-06-19T13:05:45.676854,LONG,5943.5,5942.75,6,-225.0,0,9,3
Pre_Fix_DB (processed_trades_backup_pre_ghost_fix),ES-TM_10,ES,T9eb900c36575,2025-06-23T13:33:09.822282,2025-06-23T13:33:11.229058,SHORT,6012.25,6013.0,6,-225.0,0,9,0
Pre_Fix_DB (processed_trades_backup_pre_ghost_fix),ES-TM_10,ES,T0ebe4aff4fd1,2025-06-23T16:58:12.015568,2025-06-23T16:58:13.519454,LONG,6015.25,6015.5,6,75.0,0,12,0
Pre_Fix_DB (processed_trades_backup_pre_ghost_fix),ES-TM_10,ES,T1fbe66903052,2025-07-30T19:03:26.084339,2025-07-30T19:03:27.438459,SHORT,6377.0,6377.5,6,-150.0,0,15,2
Pre_Fix_DB (processed_trades_backup_pre_ghost_fix),ES-TM_10,ES,Td685c28c4fbe,2025-07-30T19:08:51.170737,2025-07-30T19:08:52.596370,LONG,6374.75,6374.5,6,-75.0,0,15,2
Pre_Fix_DB (processed_trades_backup_pre_ghost_fix),ES-TM_10,ES,T5df371946c5b,2025-10-29T18:36:39.739292,2025-10-29T18:36:46.442305,SHORT,6908.5,6902.0,6,1950.0,0,14,2
Pre_Fix_DB (processed_trades_backup_pre_ghost_fix),ES-TM_10,ES,T5a0b0cbb28cf,2025-10-29T18:51:47.856707,2025-10-29T18:52:31.359215,SHORT,6910.75,6910.0,6,225.0,0,14,2
Pre_Fix_DB (processed_trades_backup_pre_ghost_fix),ES-TM_2,ES,T1c1b2b0a3944,2025-01-29T21:00:46.413314,2025-01-29T21:00:52.495949,SHORT,6060.25,6067.25,4,-1400.0,0,16,2
Pre_Fix_DB (processed_trades_backup_pre_ghost_fix),ES-TM_9,ES,T9a6f109cb8fc,2024-07-01T06:00:13.850510,2024-07-01T07:41:30.122450,LONG,5539.25,5531.75,6,-2250.0,101,2,0
Pre_Fix_DB (processed_trades_backup_pre_ghost_fix),ES-TM_9,ES,T716e7bdb6c9a,2024-07-01T14:39:38.878327,2024-07-01T14:39:39.244449,SHORT,5513.0,5513.5,6,-150.0,0,10,0
Pre_Fix_DB (processed_trades_backup_pre_ghost_fix),ES-TM_9,ES,T5b1fc0b0fe7d,2024-07-01T19:52:59.091460,2024-07-01T20:58:59.293062,LONG,5534.25,5532.0,6,-675.0,66,15,0
Pre_Fix_DB (processed_trades_backup_pre_ghost_fix),ES-TM_9,ES,T3ebba353d4d9,2024-07-02T14:10:50.190421,2024-07-02T14:10:50.694613,SHORT,5526.0,5526.75,6,-225.0,0,10,1
Pre_Fix_DB (processed_trades_backup_pre_ghost_fix),ES-TM_9,ES,T4a3cbde39053,2024-07-05T12:32:08.959873,2024-07-05T12:32:09.454616,SHORT,5598.75,5598.75,6,0.0,0,8,4
Pre_Fix_DB (processed_trades_backup_pre_ghost_fix),ES-TM_9,ES,Tf463c52abd64,2024-07-08T08:33:31.300705,2024-07-08T14:36:47.760307,LONG,5620.75,5624.0,4,650.0,363,4,0
Pre_Fix_DB (processed_trades_backup_pre_ghost_fix),ES-TM_9,ES,T3f5fe2102c29,2024-07-16T14:40:19.339211,2024-07-16T15:29:35.669311,LONG,5703.75,5704.0,4,50.0,49,10,1
Pre_Fix_DB (processed_trades_backup_pre_ghost_fix),ES-TM_9,ES,T256e8c536fc5,2024-07-18T14:31:50.477422,2024-07-18T14:31:50.785273,SHORT,5646.5,5646.75,6,-75.0,0,10,3
Pre_Fix_DB (processed_trades_backup_pre_ghost_fix),ES-TM_9,ES,T8fa1b1fe1473,2024-07-19T13:44:28.850504,2024-07-19T13:44:29.312972,SHORT,5593.25,5593.5,6,-75.0,0,9,4
Pre_Fix_DB (processed_trades_backup_pre_ghost_fix),ES-TM_9,ES,Te31c906287c8,2024-07-19T14:26:54.011798,2024-07-19T14:27:16.017721,LONG,5582.25,5578.75,6,-1050.0,0,10,4
Pre_Fix_DB (processed_trades_backup_pre_ghost_fix),ES-TM_9,ES,T865edde130e0,2024-07-19T15:00:48.175885,2024-07-19T15:09:21.803299,LONG,5582.25,5574.75,6,-2250.0,8,11,4
Pre_Fix_DB (processed_trades_backup_pre_ghost_fix),ES-TM_9,ES,Tfb1cd6ca86f6,2024-07-19T18:43:59.477278,2024-07-19T18:51:08.657360,SHORT,5545.0,5552.25,6,-2175.0,7,14,4
Pre_Fix_DB (processed_trades_backup_pre_ghost_fix),ES-TM_9,ES,Tdda860c1e9f9,2024-07-22T20:14:59.829911,2024-07-22T20:15:00.117004,SHORT,5610.25,5610.5,6,-75.0,0,16,0
Pre_Fix_DB (processed_trades_backup_pre_ghost_fix),ES-TM_9,ES,T67884020adf6,2024-07-23T19:54:26.480688,2024-07-23T20:02:27.721261,LONG,5598.75,5599.0,4,50.0,8,15,1
Pre_Fix_DB (processed_trades_backup_pre_ghost_fix),ES-TM_9,ES,T8837917dd689,2024-07-24T16:19:33.425122,2024-07-24T16:42:36.102433,LONG,5503.5,5496.25,6,-2175.0,23,12,2
Pre_Fix_DB (processed_trades_backup_pre_ghost_fix),ES-TM_9,ES,T10e34b77cc8e,2024-07-25T13:05:04.939475,2024-07-25T13:05:10.422893,SHORT,5465.0,5466.0,6,-300.0,0,9,3
Pre_Fix_DB (processed_trades_backup_pre_ghost_fix),ES-TM_9,ES,Tf81fb0d61b62,2024-07-25T18:11:47.549625,2024-07-25T18:23:34.675035,LONG,5489.0,5485.5,6,-1050.0,11,14,3
Pre_Fix_DB (processed_trades_backup_pre_ghost_fix),ES-TM_9,ES,Tb1770617e99a,2024-07-25T19:49:37.694075,2024-07-25T19:50:25.187834,LONG,5469.0,5461.5,6,-2250.0,0,15,3
Pre_Fix_DB (processed_trades_backup_pre_ghost_fix),ES-TM_9,ES,T1750e79abd14,2024-07-25T19:59:55.516994,2024-07-25T20:01:05.984591,LONG,5439.75,5438.25,6,-450.0,1,15,3
Pre_Fix_DB (processed_trades_backup_pre_ghost_fix),ES-TM_9,ES,Ta88ea17eae41,2024-07-29T14:30:52.958447,2024-07-29T14:30:57.461274,SHORT,5505.0,5505.75,6,-225.0,0,10,0
Pre_Fix_DB (processed_trades_backup_pre_ghost_fix),ES-TM_9,ES,Tc48349203276,2024-07-29T17:26:31.393263,2024-07-29T17:26:31.931816,SHORT,5512.25,5512.75,6,-150.0,0,13,0
Pre_Fix_DB (processed_trades_backup_pre_ghost_fix),ES-TM_9,ES,Tf99d3df1eade,2024-07-29T19:09:00.944803,2024-07-29T19:54:11.737869,LONG,5506.5,5506.75,4,50.0,45,15,0
Pre_Fix_DB (processed_trades_backup_pre_ghost_fix),ES-TM_9,ES,T3a67d8e0a5c7,2024-07-30T13:29:59.837742,2024-07-30T13:30:00.282240,SHORT,5516.5,5517.75,6,-375.0,0,9,1
Pre_Fix_DB (processed_trades_backup_pre_ghost_fix),ES-TM_9,ES,Tf291cd7daefc,2024-08-01T13:57:21.352629,2024-08-01T13:58:41.275106,LONG,5598.25,5590.75,6,-2250.0,1,9,3
Pre_Fix_DB (processed_trades_backup_pre_ghost_fix),ES-TM_9,ES,Ta5e913a411ab,2024-08-01T14:29:59.432427,2024-08-01T14:32:25.900491,LONG,5550.25,5546.5,6,-1125.0,2,10,3
Pre_Fix_DB (processed_trades_backup_pre_ghost_fix),ES-TM_9,ES,T1b56182f354e,2024-08-02T13:46:45.565268,2024-08-02T13:47:02.170487,LONG,5403.25,5400.0,6,-975.0,0,9,4
Pre_Fix_DB (processed_trades_backup_pre_ghost_fix),ES-TM_9,ES,T4207a265e50e,2024-08-02T15:20:23.719240,2024-08-02T15:23:46.794829,SHORT,5335.25,5341.5,6,-1875.0,3,11,4
Pre_Fix_DB (processed_trades_backup_pre_ghost_fix),ES-TM_9,ES,T35ba285d58a6,2024-08-02T15:28:50.000999,2024-08-02T15:28:50.306241,SHORT,5345.25,5345.75,6,-150.0,0,11,4
Pre_Fix_DB (processed_trades_backup_pre_ghost_fix),ES-TM_9,ES,Tad27e41182a7,2024-08-02T16:10:22.324154,2024-08-02T16:10:22.850119,SHORT,5361.75,5362.0,6,-75.0,0,12,4
Pre_Fix_DB (processed_trades_backup_pre_ghost_fix),ES-TM_9,ES,T17ce5232124c,2024-08-02T16:46:18.365715,2024-08-02T16:46:19.087316,SHORT,5369.25,5369.75,6,-150.0,0,12,4
Pre_Fix_DB (processed_trades_backup_pre_ghost_fix),ES-TM_9,ES,Td6691421a80a,2024-08-02T19:44:28.462565,2024-08-02T19:50:29.574385,LONG,5364.5,5356.75,6,-2325.0,6,15,4
Pre_Fix_DB (processed_trades_backup_pre_ghost_fix),ES-TM_9,ES,Tb1a2c040383c,2024-08-05T13:12:23.426280,2024-08-05T13:12:33.049960,LONG,5188.0,5180.5,6,-2250.0,0,9,0
Pre_Fix_DB (processed_trades_backup_pre_ghost_fix),ES-TM_9,ES,T9fd6bb217b7a,2024-08-05T13:19:13.063525,2024-08-05T13:21:51.515901,LONG,5181.5,5181.75,4,50.0,2,9,0
Pre_Fix_DB (processed_trades_backup_pre_ghost_fix),ES-TM_9,ES,Te881cf1a33e5,2024-08-05T13:28:19.384750,2024-08-05T13:28:26.021012,LONG,5164.5,5162.25,6,-675.0,0,9,0
Pre_Fix_DB (processed_trades_backup_pre_ghost_fix),ES-TM_9,ES,T96c2d7774487,2024-08-05T14:05:02.607902,2024-08-05T14:05:57.983247,LONG,5233.5,5234.0,4,100.0,0,10,0
Pre_Fix_DB (processed_trades_backup_pre_ghost_fix),ES-TM_9,ES,T9618e71a3214,2024-08-05T19:50:35.165414,2024-08-05T19:53:27.884254,LONG,5204.25,5198.75,6,-1650.0,2,15,0
Pre_Fix_DB (processed_trades_backup_pre_ghost_fix),ES-TM_9,ES,T5a2efbeabb31,2024-08-05T20:10:19.554529,2024-08-05T20:10:20.110338,SHORT,5240.25,5241.0,6,-225.0,0,16,0
Pre_Fix_DB (processed_trades_backup_pre_ghost_fix),ES-TM_9,ES,T093e9e1e8d77,2024-08-05T20:21:51.887509,2024-08-05T20:58:59.433326,LONG,5237.5,5246.25,4,1750.0,37,16,0
Pre_Fix_DB (processed_trades_backup_pre_ghost_fix),ES-TM_9,ES,T50853ccaee5d,2024-08-06T10:36:44.739050,2024-08-06T10:36:45.256962,SHORT,5260.5,5260.75,6,-75.0,0,6,1
Pre_Fix_DB (processed_trades_backup_pre_ghost_fix),ES-TM_9,ES,T90b598131bd9,2024-08-06T11:40:59.276713,2024-08-06T11:41:12.573327,LONG,5256.5,5253.5,6,-900.0,0,7,1
Pre_Fix_DB (processed_trades_backup_pre_ghost_fix),ES-TM_9,ES,T1a5b55ebe421,2024-08-08T12:30:00.167441,2024-08-08T12:30:00.667904,SHORT,5243.0,5243.5,6,-150.0,0,8,3
Pre_Fix_DB (processed_trades_backup_pre_ghost_fix),ES-TM_9,ES,T8124f5e72018,2024-08-11T22:14:12.832688,2024-08-11T22:14:13.383558,SHORT,5362.75,5363.0,6,-75.0,0,18,6
Pre_Fix_DB (processed_trades_backup_pre_ghost_fix),ES-TM_9,ES,T77c68777bce8,2024-08-12T03:36:50.500753,2024-08-12T03:36:50.906629,SHORT,5365.0,5365.0,6,0.0,0,23,6
Pre_Fix_DB (processed_trades_backup_pre_ghost_fix),ES-TM_9,ES,T9e7fefe66494,2024-08-12T09:14:21.677034,2024-08-12T09:14:22.243760,SHORT,5375.25,5375.75,6,-150.0,0,5,0
Pre_Fix_DB (processed_trades_backup_pre_ghost_fix),ES-TM_9,ES,T0eff22b69fb3,2024-08-12T16:56:10.196231,2024-08-12T16:57:05.115431,LONG,5372.25,5368.25,4,-800.0,0,12,0
Pre_Fix_DB (processed_trades_backup_pre_ghost_fix),ES-TM_9,ES,T9f050fd82fa8,2024-08-12T19:59:55.345326,2024-08-12T20:58:59.477385,LONG,5371.5,5368.0,6,-1050.0,59,15,0
Pre_Fix_DB (processed_trades_backup_pre_ghost_fix),ES-TM_9,ES,T808e0a9d962a,2025-01-02T14:30:59.858488,2025-01-02T14:31:02.293754,LONG,5969.0,5968.0,6,-300.0,0,9,3
Pre_Fix_DB (processed_trades_backup_pre_ghost_fix),ES-TM_9,ES,T751472f38bae,2025-01-08T14:49:18.016108,2025-01-08T14:51:56.112972,LONG,5947.5,5951.0,6,1050.0,2,9,2
Pre_Fix_DB (processed_trades_backup_pre_ghost_fix),ES-TM_9,ES,T1916f09138de,2025-02-03T21:19:48.361662,2025-02-03T21:19:50.537069,LONG,6032.25,6034.25,6,600.0,0,16,0
Pre_Fix_DB (processed_trades_backup_pre_ghost_fix),TM_10,FDAX,Tbe3493c7358a,2024-05-31T15:01:06.366871,2024-05-31T15:01:06.771315,LONG,18531.0,18529.0,6,-300.0,0,11,4
Pre_Fix_DB (processed_trades_backup_pre_ghost_fix),TM_10,FDAX,T15bfe47fd852,2024-05-31T15:49:34.918508,2024-05-31T15:49:35.340167,LONG,18548.0,18547.0,6,-150.0,0,11,4
Pre_Fix_DB (processed_trades_backup_pre_ghost_fix),TM_10,FDAX,Tfe1aa1e64df6,2024-05-31T17:26:56.832103,2024-05-31T17:26:57.291135,LONG,18553.0,18552.0,6,-150.0,0,13,4
Pre_Fix_DB (processed_trades_backup_pre_ghost_fix),TM_10,FDAX,T3de8cbc8574c,2024-06-03T06:01:21.377114,2024-06-03T06:01:21.831384,LONG,18726.0,18724.0,6,-300.0,0,2,0
Pre_Fix_DB (processed_trades_backup_pre_ghost_fix),TM_10,FDAX,Td4c3d9404892,2024-06-03T06:15:01.996766,2024-06-03T06:15:02.556521,LONG,18702.0,18700.0,6,-300.0,0,2,0
Pre_Fix_DB (processed_trades_backup_pre_ghost_fix),TM_10,FDAX,Tdaf6dff0028e,2024-06-03T06:52:43.663748,2024-06-03T06:52:44.237596,LONG,18705.0,18703.0,6,-300.0,0,2,0
Pre_Fix_DB (processed_trades_backup_pre_ghost_fix),TM_10,FDAX,Tbf8113923526,2024-06-03T07:07:20.806535,2024-06-03T07:07:21.305521,LONG,18728.0,18727.0,6,-150.0,0,3,0
Pre_Fix_DB (processed_trades_backup_pre_ghost_fix),TM_10,FDAX,T154c0387266c,2024-06-03T08:41:41.402930,2024-06-03T08:41:41.969214,LONG,18728.0,18726.0,6,-300.0,0,4,0
Pre_Fix_DB (processed_trades_backup_pre_ghost_fix),TM_10,FDAX,Tdb97b267e986,2024-06-03T10:03:48.163727,2024-06-03T10:03:48.561601,LONG,18698.0,18696.0,6,-300.0,0,6,0
Pre_Fix_DB (processed_trades_backup_pre_ghost_fix),TM_10,FDAX,T060037359ceb,2024-06-03T11:06:05.823141,2024-06-03T11:06:06.332475,SHORT,18682.0,18684.0,6,-300.0,0,7,0
Pre_Fix_DB (processed_trades_backup_pre_ghost_fix),TM_10,FDAX,Td20aaa353690,2024-06-03T11:52:22.195120,2024-06-03T11:52:22.693398,LONG,18672.0,18671.0,6,-150.0,0,7,0
Pre_Fix_DB (processed_trades_backup_pre_ghost_fix),TM_10,FDAX,T454f072b89d6,2024-06-03T14:15:25.844142,2024-06-03T14:15:26.312821,SHORT,18692.0,18694.0,6,-300.0,0,10,0
Pre_Fix_DB (processed_trades_backup_pre_ghost_fix),TM_10,FDAX,T4c3cbe2dd700,2024-06-03T15:24:41.011853,2024-06-03T15:24:41.409068,LONG,18654.0,18653.0,6,-150.0,0,11,0
Pre_Fix_DB (processed_trades_backup_pre_ghost_fix),TM_10,FDAX,T843b31e97a1f,2024-06-03T15:56:04.088274,2024-06-03T15:56:04.651518,SHORT,18631.0,18631.0,6,0.0,0,11,0
Pre_Fix_DB (processed_trades_backup_pre_ghost_fix),TM_10,FDAX,T9e5fd28852c1,2024-06-04T08:03:14.518915,2024-06-04T08:03:15.010436,SHORT,18557.0,18559.0,6,-300.0,0,4,1
Pre_Fix_DB (processed_trades_backup_pre_ghost_fix),TM_10,FDAX,T5346c2b09948,2024-06-04T11:16:49.856918,2024-06-04T11:16:50.436814,LONG,18472.0,18470.0,6,-300.0,0,7,1
Pre_Fix_DB (processed_trades_backup_pre_ghost_fix),TM_10,FDAX,T46fba9bf3ff6,2024-06-04T16:14:05.092929,2024-06-04T16:14:05.454411,SHORT,18433.0,18435.0,6,-300.0,0,12,1
Pre_Fix_DB (processed_trades_backup_pre_ghost_fix),TM_10,FDAX,T9348de31e501,2024-06-06T01:28:23.804471,2024-06-06T05:58:39.010341,LONG,18690.0,18662.0,6,-4200.0,270,21,2
Pre_Fix_DB (processed_trades_backup_pre_ghost_fix),TM_10,FDAX,T695385db1cee,2024-06-06T13:15:34.973710,2024-06-06T13:55:07.520161,SHORT,18679.0,18678.0,4,100.0,39,9,3
Pre_Fix_DB (processed_trades_backup_pre_ghost_fix),TM_10,FDAX,T73b7f100cea4,2024-06-07T12:47:07.927528,2024-06-07T12:47:08.478591,SHORT,18464.0,18466.0,6,-300.0,0,8,4
Pre_Fix_DB (processed_trades_backup_pre_ghost_fix),TM_10,FDAX,Tb9ea1c483119,2024-06-07T13:05:01.719716,2024-06-07T13:15:25.459429,LONG,18530.0,18529.0,6,-150.0,10,9,4
Pre_Fix_DB (processed_trades_backup_pre_ghost_fix),TM_10,FDAX,T71ba44940cfd,2024-06-07T13:16:58.507798,2024-06-07T13:16:58.851802,LONG,18544.0,18543.0,6,-150.0,0,9,4
Pre_Fix_DB (processed_trades_backup_pre_ghost_fix),TM_10,FDAX,Tfef33c0989a6,2024-06-07T13:32:00.132058,2024-06-07T13:32:00.632241,SHORT,18524.0,18527.0,6,-450.0,0,9,4
Pre_Fix_DB (processed_trades_backup_pre_ghost_fix),TM_10,FDAX,T38cfdd924cf6,2024-06-13T12:47:00.388718,2024-06-13T12:52:16.714304,LONG,18467.0,18466.0,4,-100.0,5,8,3
Pre_Fix_DB (processed_trades_backup_pre_ghost_fix),TM_10,FDAX,T486866c10b03,2024-06-13T13:45:00.093162,2024-06-13T13:46:44.887610,LONG,18439.0,18427.0,6,-1800.0,1,9,3
Pre_Fix_DB (processed_trades_backup_pre_ghost_fix),TM_10,FDAX,T22431bf6f58a,2024-06-13T19:34:59.137452,2024-06-13T19:34:59.552274,SHORT,18313.0,18314.0,6,-150.0,0,15,3
Pre_Fix_DB (processed_trades_backup_pre_ghost_fix),TM_10,FDAX,T253e87781ce4,2024-06-14T07:47:32.180821,2024-06-14T07:47:32.680836,SHORT,18261.0,18263.0,6,-300.0,0,3,4
Pre_Fix_DB (processed_trades_backup_pre_ghost_fix),TM_10,FDAX,T83e0d063b90d,2024-06-14T09:32:39.118995,2024-06-14T09:32:57.561614,LONG,18159.0,18152.0,6,-1050.0,0,5,4
Pre_Fix_DB (processed_trades_backup_pre_ghost_fix),TM_10,FDAX,T7ae958a66dad,2024-06-14T12:38:28.989957,2024-06-14T12:48:30.907626,LONG,18052.0,18053.0,4,100.0,10,8,4
Pre_Fix_DB (processed_trades_backup_pre_ghost_fix),TM_10,FDAX,T6283d40442ba,2024-06-14T12:52:35.219911,2024-06-14T13:34:34.352975,LONG,18068.0,18037.0,6,-4650.0,41,8,4
Pre_Fix_DB (processed_trades_backup_pre_ghost_fix),TM_10,FDAX,Tee81c0506ec6,2024-06-14T15:03:53.073982,2024-06-14T15:13:40.028584,LONG,17991.0,17992.0,4,100.0,9,11,4
Pre_Fix_DB (processed_trades_backup_pre_ghost_fix),TM_10,FDAX,Tdd9e4f3236dd,2024-06-17T13:51:09.780311,2024-06-17T13:51:10.258144,LONG,18084.0,18083.0,6,-150.0,0,9,0
Pre_Fix_DB (processed_trades_backup_pre_ghost_fix),TM_10,FDAX,T65d8f7057cf2,2024-06-18T11:12:31.264332,2024-06-18T11:12:31.779113,SHORT,18332.0,18334.0,6,-300.0,0,7,1
Pre_Fix_DB (processed_trades_backup_pre_ghost_fix),TM_10,FDAX,T1c6fd70de4bc,2024-06-18T13:01:38.614669,2024-06-18T13:16:15.052633,LONG,18299.0,18297.0,4,-200.0,14,9,1
Pre_Fix_DB (processed_trades_backup_pre_ghost_fix),TM_10,FDAX,T1601219b55ae,2024-06-18T13:59:47.728396,2024-06-18T13:59:53.795751,SHORT,18307.0,18315.0,6,-1200.0,0,9,1
Pre_Fix_DB (processed_trades_backup_pre_ghost_fix),TM_10,FDAX,T419d327c9ed3,2024-06-18T14:35:07.561492,2024-06-18T14:40:18.036055,LONG,18322.0,18319.0,6,-450.0,5,10,1
Pre_Fix_DB (processed_trades_backup_pre_ghost_fix),TM_10,FDAX,T6937aecd1a78,2024-06-18T14:48:39.497291,2024-06-18T15:18:24.863998,LONG,18338.0,18314.0,6,-3600.0,29,10,1
Pre_Fix_DB (processed_trades_backup_pre_ghost_fix),TM_10,FDAX,T59ff182d6caf,2024-06-19T00:36:24.043838,2024-06-19T03:51:10.220913,LONG,18348.0,18326.0,6,-3300.0,194,20,1
Pre_Fix_DB (processed_trades_backup_pre_ghost_fix),TM_10,FDAX,T7e2e74241277,2024-06-19T08:16:01.472423,2024-06-19T08:16:01.973221,SHORT,18317.0,18319.0,6,-300.0,0,4,2
Pre_Fix_DB (processed_trades_backup_pre_ghost_fix),TM_10,FDAX,T2a63eae89663,2024-06-19T15:38:08.747511,2024-06-19T15:39:17.648278,LONG,18262.0,18255.0,6,-1050.0,1,11,2
Pre_Fix_DB (processed_trades_backup_pre_ghost_fix),TM_10,FDAX,Teec0c98abb68,2024-06-19T20:13:23.143458,2024-06-19T20:13:23.661247,LONG,18283.0,18281.0,6,-300.0,0,16,2
Pre_Fix_DB (processed_trades_backup_pre_ghost_fix),TM_10,FDAX,T736e1bdbd6e0,2024-06-21T00:58:05.474584,2024-06-21T01:05:49.982239,LONG,18414.0,18403.0,6,-1650.0,7,20,3
Pre_Fix_DB (processed_trades_backup_pre_ghost_fix),TM_10,FDAX,Td118fb9b506e,2024-06-21T14:19:16.721836,2024-06-21T14:19:17.179215,SHORT,18309.0,18311.0,6,-300.0,0,10,4
Pre_Fix_DB (processed_trades_backup_pre_ghost_fix),TM_10,FDAX,T701e9b23c6f8,2024-06-21T14:33:37.101413,2024-06-21T14:33:37.504459,SHORT,18334.0,18335.0,6,-150.0,0,10,4
Pre_Fix_DB (processed_trades_backup_pre_ghost_fix),TM_10,FDAX,Tb4dabee36371,2024-06-24T09:10:25.826553,2024-06-24T09:32:24.869682,LONG,18451.0,18452.0,4,100.0,21,5,0
Pre_Fix_DB (processed_trades_backup_pre_ghost_fix),TM_10,FDAX,T08fa7a480ad8,2024-06-24T14:24:34.481927,2024-06-24T15:04:49.065414,LONG,18534.0,18505.0,6,-4350.0,40,10,0
Pre_Fix_DB (processed_trades_backup_pre_ghost_fix),TM_10,FDAX,T8f3fac885dbe,2024-06-24T18:03:25.955500,2024-06-24T19:00:35.139699,SHORT,18415.0,18414.0,4,100.0,57,14,0
Pre_Fix_DB (processed_trades_backup_pre_ghost_fix),TM_10,FDAX,T7a0a1f247262,2024-06-25T07:26:37.145057,2024-06-25T07:29:02.405607,LONG,18328.0,18309.0,6,-2850.0,2,3,1
Pre_Fix_DB (processed_trades_backup_pre_ghost_fix),TM_10,FDAX,T656566660400,2024-06-25T08:20:54.970897,2024-06-25T08:44:35.472703,LONG,18281.0,18282.0,4,100.0,23,4,1
Pre_Fix_DB (processed_trades_backup_pre_ghost_fix),TM_10,FDAX,Tee9437d6217b,2024-06-25T10:00:57.279078,2024-06-25T10:00:57.812079,SHORT,18326.0,18328.0,6,-300.0,0,6,1
Pre_Fix_DB (processed_trades_backup_pre_ghost_fix),TM_10,FDAX,Tdcef452c0718,2024-06-25T11:39:46.182202,2024-06-25T11:39:46.615042,SHORT,18324.0,18326.0,6,-300.0,0,7,1
Pre_Fix_DB (processed_trades_backup_pre_ghost_fix),TM_10,FDAX,Tf670ce8283c7,2024-06-25T11:59:39.377296,2024-06-25T12:00:57.051173,LONG,18309.0,18301.0,6,-1200.0,1,7,1
Pre_Fix_DB (processed_trades_backup_pre_ghost_fix),TM_10,FDAX,T75663d6f9582,2024-06-25T12:21:11.303051,2024-06-25T13:01:43.922125,LONG,18322.0,18323.0,4,100.0,40,8,1
Pre_Fix_DB (processed_trades_backup_pre_ghost_fix),TM_10,FDAX,Td2612a89110c,2024-06-26T01:13:44.132037,2024-06-26T01:13:44.595987,SHORT,18398.0,18399.0,6,-150.0,0,21,1
Pre_Fix_DB (processed_trades_backup_pre_ghost_fix),TM_10,FDAX,T9da6a56e6228,2024-06-26T13:15:04.052130,2024-06-26T13:16:12.939743,LONG,18234.0,18224.0,6,-1500.0,1,9,2
Pre_Fix_DB (processed_trades_backup_pre_ghost_fix),TM_10,FDAX,Td1f5c832f6fd,2024-06-27T00:31:06.684596,2024-06-27T01:01:12.339331,LONG,18293.0,18263.0,6,-4500.0,30,20,2
Pre_Fix_DB (processed_trades_backup_pre_ghost_fix),TM_10,FDAX,Tc1c9dbc64983,2024-06-27T06:31:49.520196,2024-06-27T06:31:49.844348,SHORT,18356.0,18358.0,6,-300.0,0,2,3
Pre_Fix_DB (processed_trades_backup_pre_ghost_fix),TM_10,FDAX,Tfc9f6f7efd3e,2024-06-27T07:40:53.550017,2024-06-27T07:49:04.072334,LONG,18387.0,18379.0,6,-1200.0,8,3,3
Pre_Fix_DB (processed_trades_backup_pre_ghost_fix),TM_10,FDAX,T7a81b3ae4ab5,2024-06-27T09:37:56.545504,2024-06-27T10:19:12.476671,SHORT,18336.0,18335.0,4,100.0,41,5,3
Pre_Fix_DB (processed_trades_backup_pre_ghost_fix),TM_10,FDAX,Td0f14ca07e43,2024-06-27T10:19:12.602034,2024-06-27T10:21:34.283877,LONG,18336.0,18340.0,4,400.0,2,6,3
Pre_Fix_DB (processed_trades_backup_pre_ghost_fix),TM_10,FDAX,Te41a5452cbcd,2024-06-27T13:53:38.357640,2024-06-27T13:57:52.082959,LONG,18391.0,18392.0,4,100.0,4,9,3
Pre_Fix_DB (processed_trades_backup_pre_ghost_fix),TM_10,FDAX,Tf1b2e9aa531c,2024-06-28T08:17:08.820096,2024-06-28T08:20:43.139661,LONG,18406.0,18396.0,6,-1500.0,3,4,4
Pre_Fix_DB (processed_trades_backup_pre_ghost_fix),TM_10,FDAX,Tec5d19a6efac,2024-06-28T09:36:22.393470,2024-06-28T10:18:39.210398,LONG,18497.0,18498.0,4,100.0,42,5,4
Pre_Fix_DB (processed_trades_backup_pre_ghost_fix),TM_10,FDAX,Tde499b283458,2024-06-28T13:31:24.904211,2024-06-28T13:48:14.582129,SHORT,18405.0,18404.0,4,100.0,16,9,4
Pre_Fix_DB (processed_trades_backup_pre_ghost_fix),TM_10,FDAX,Taca49f81aabd,2024-06-28T14:54:47.256440,2024-06-28T14:55:25.981723,LONG,18461.0,18449.0,6,-1800.0,0,10,4
Pre_Fix_DB (processed_trades_backup_pre_ghost_fix),TM_10,FDAX,T4b104634d814,2024-07-01T07:15:06.938814,2024-07-01T07:20:33.227499,LONG,18605.0,18609.0,4,400.0,5,3,0
Pre_Fix_DB (processed_trades_backup_pre_ghost_fix),TM_10,FDAX,T5e9974df38f7,2024-07-01T07:32:20.524518,2024-07-01T07:32:20.864428,LONG,18574.0,18569.0,6,-750.0,0,3,0
Pre_Fix_DB (processed_trades_backup_pre_ghost_fix),TM_10,FDAX,Tc28d4fd5405f,2024-07-01T08:45:11.302812,2024-07-01T08:45:11.834201,SHORT,18516.0,18518.0,6,-300.0,0,4,0
Pre_Fix_DB (processed_trades_backup_pre_ghost_fix),TM_10,FDAX,T82af5fbe15c0,2024-07-01T08:47:29.808863,2024-07-01T08:47:30.270950,SHORT,18508.0,18511.0,6,-450.0,0,4,0
Pre_Fix_DB (processed_trades_backup_pre_ghost_fix),TM_10,FDAX,T239f94516fec,2024-07-01T14:16:04.432098,2024-07-01T14:27:19.335025,LONG,18544.0,18515.0,6,-4350.0,11,10,0
Pre_Fix_DB (processed_trades_backup_pre_ghost_fix),TM_10,FDAX,Te8020ab2bc3b,2024-07-01T15:29:09.785320,2024-07-01T15:29:10.296403,SHORT,18495.0,18497.0,6,-300.0,0,11,0
Pre_Fix_DB (processed_trades_backup_pre_ghost_fix),TM_10,FDAX,T161d814d2df0,2024-07-02T00:31:55.759772,2024-07-02T00:34:20.032702,LONG,18477.0,18469.0,6,-1200.0,2,20,0
Pre_Fix_DB (processed_trades_backup_pre_ghost_fix),TM_10,FDAX,Tb4c52bc93be3,2024-07-02T07:00:44.227053,2024-07-02T07:11:13.953598,LONG,18448.0,18418.0,6,-4500.0,10,3,1
Pre_Fix_DB (processed_trades_backup_pre_ghost_fix),TM_10,FDAX,T3204896a7e8b,2024-07-02T08:16:35.567771,2024-07-02T08:21:03.759543,SHORT,18319.0,18330.0,6,-1650.0,4,4,1
Pre_Fix_DB (processed_trades_backup_pre_ghost_fix),TM_10,FDAX,T512ad7f5c9b9,2024-07-02T08:25:27.250590,2024-07-02T08:25:27.826497,SHORT,18314.0,18316.0,6,-300.0,0,4,1
Pre_Fix_DB (processed_trades_backup_pre_ghost_fix),TM_10,FDAX,Tcf51fc236c2d,2024-07-02T10:15:06.029594,2024-07-02T10:15:06.509048,SHORT,18266.0,18270.0,6,-600.0,0,6,1
Pre_Fix_DB (processed_trades_backup_pre_ghost_fix),TM_10,FDAX,Td3233ecc06f3,2024-07-02T12:57:59.081804,2024-07-02T12:58:51.626959,LONG,18219.0,18211.0,6,-1200.0,0,8,1
Pre_Fix_DB (processed_trades_backup_pre_ghost_fix),TM_10,FDAX,T029e0a8e7c91,2024-07-03T14:14:59.803765,2024-07-03T14:15:25.359584,LONG,18524.0,18516.0,6,-1200.0,0,10,2
Pre_Fix_DB (processed_trades_backup_pre_ghost_fix),TM_10,FDAX,T00e0557744b0,2024-07-08T04:53:43.561437,2024-07-08T04:53:44.125052,SHORT,18629.0,18633.0,6,-600.0,0,0,0
Pre_Fix_DB (processed_trades_backup_pre_ghost_fix),TM_10,FDAX,T91ec938e3fab,2024-07-08T06:35:06.247320,2024-07-08T06:37:41.605018,SHORT,18596.0,18611.0,6,-2250.0,2,2,0
Pre_Fix_DB (processed_trades_backup_pre_ghost_fix),TM_10,FDAX,T4cb9e9a7505d,2024-07-08T07:30:53.310486,2024-07-08T07:38:23.508272,LONG,18651.0,18661.0,6,1500.0,7,3,0
Pre_Fix_DB (processed_trades_backup_pre_ghost_fix),TM_10,FDAX,Te3355a8a8075,2024-07-09T05:39:06.014166,2024-07-09T05:39:06.338721,SHORT,18623.0,18626.0,6,-450.0,0,1,1
Pre_Fix_DB (processed_trades_backup_pre_ghost_fix),TM_10,FDAX,T372a358eedb2,2024-07-09T06:47:36.473868,2024-07-09T06:53:16.677856,LONG,18590.0,18581.0,6,-1350.0,5,2,1
Pre_Fix_DB (processed_trades_backup_pre_ghost_fix),TM_10,FDAX,Tc4419c57fe63,2024-07-09T08:59:13.634166,2024-07-09T09:27:34.921384,LONG,18593.0,18594.0,4,100.0,28,4,1
Pre_Fix_DB (processed_trades_backup_pre_ghost_fix),TM_10,FDAX,T79af1c69dcab,2024-07-09T11:44:21.561612,2024-07-09T12:01:03.960399,LONG,18530.0,18530.0,4,0.0,16,7,1
Pre_Fix_DB (processed_trades_backup_pre_ghost_fix),TM_10,FDAX,T0955ff4946ec,2024-07-09T13:33:25.632555,2024-07-09T13:40:46.766892,SHORT,18461.0,18484.0,6,-3450.0,7,9,1
Pre_Fix_DB (processed_trades_backup_pre_ghost_fix),TM_10,FDAX,Tb1f6b0cd941c,2024-07-11T08:05:07.418954,2024-07-11T08:16:07.924265,SHORT,18608.0,18607.0,4,100.0,11,4,3
Pre_Fix_DB (processed_trades_backup_pre_ghost_fix),TM_10,FDAX,Td3e4df6536d5,2024-07-11T12:45:15.314404,2024-07-11T12:45:16.663730,LONG,18660.0,18654.0,6,-900.0,0,8,3
Pre_Fix_DB (processed_trades_backup_pre_ghost_fix),TM_10,FDAX,T89b761f79042,2024-07-11T13:00:14.188362,2024-07-11T13:00:31.743002,LONG,18638.0,18631.0,6,-1050.0,0,9,3
Pre_Fix_DB (processed_trades_backup_pre_ghost_fix),TM_10,FDAX,T11dda268e2c0,2024-07-12T19:59:01.725217,2024-07-12T20:09:59.106822,LONG,18867.0,18866.0,6,-150.0,10,15,4
Pre_Fix_DB (processed_trades_backup_pre_ghost_fix),TM_10,FDAX,Te35ae544529d,2024-07-15T06:01:49.694776,2024-07-15T08:22:00.077112,LONG,18851.0,18852.0,4,100.0,140,2,0
Pre_Fix_DB (processed_trades_backup_pre_ghost_fix),TM_10,FDAX,Tcee175abf9ab,2024-07-15T17:12:13.181988,2024-07-15T17:16:16.481622,LONG,18716.0,18692.0,6,-3600.0,4,13,0
Pre_Fix_DB (processed_trades_backup_pre_ghost_fix),TM_10,FDAX,Tf3e6cdb923b6,2024-07-16T00:30:00.231894,2024-07-16T04:50:31.142405,LONG,18725.0,18698.0,6,-4050.0,260,20,0
Pre_Fix_DB (processed_trades_backup_pre_ghost_fix),TM_10,FDAX,Tcff34b836095,2024-07-16T05:53:46.673065,2024-07-16T06:10:50.788666,LONG,18693.0,18692.0,4,-100.0,17,1,1
Pre_Fix_DB (processed_trades_backup_pre_ghost_fix),TM_10,FDAX,Tafba861e8eaf,2024-07-16T12:45:24.759807,2024-07-16T12:53:24.788741,LONG,18636.0,18636.0,4,0.0,8,8,1
Pre_Fix_DB (processed_trades_backup_pre_ghost_fix),TM_10,FDAX,T97d335377edf,2024-07-17T04:00:07.623736,2024-07-17T04:00:35.444794,LONG,18684.0,18675.0,6,-1350.0,0,0,2
Pre_Fix_DB (processed_trades_backup_pre_ghost_fix),TM_10,FDAX,T3e2928bef642,2024-07-17T09:02:32.530216,2024-07-17T09:12:40.954610,LONG,18621.0,18622.0,4,100.0,10,5,2
Pre_Fix_DB (processed_trades_backup_pre_ghost_fix),TM_10,FDAX,T6e27b0893ce4,2024-07-17T10:01:33.031006,2024-07-17T10:22:07.554122,SHORT,18614.0,18614.0,4,0.0,20,6,2
Pre_Fix_DB (processed_trades_backup_pre_ghost_fix),TM_10,FDAX,T99788d307494,2024-07-18T00:37:42.380570,2024-07-18T00:37:42.891541,SHORT,18605.0,18607.0,6,-300.0,0,20,2
Pre_Fix_DB (processed_trades_backup_pre_ghost_fix),TM_10,FDAX,T4ce5cf75def0,2024-07-18T08:48:05.700647,2024-07-18T08:48:06.259238,LONG,18574.0,18572.0,6,-300.0,0,4,3
Pre_Fix_DB (processed_trades_backup_pre_ghost_fix),TM_10,FDAX,T99a577c91bc1,2024-07-18T12:40:52.744830,2024-07-18T13:39:26.481477,LONG,18630.0,18631.0,4,100.0,58,8,3
Pre_Fix_DB (processed_trades_backup_pre_ghost_fix),TM_10,FDAX,T558c992c7e7d,2024-07-18T14:31:03.283048,2024-07-18T14:44:59.041752,LONG,18623.0,18592.0,6,-4650.0,13,10,3
Pre_Fix_DB (processed_trades_backup_pre_ghost_fix),TM_10,FDAX,Taacdb70f449d,2024-07-18T15:31:35.753961,2024-07-18T15:34:57.468060,LONG,18515.0,18506.0,6,-1350.0,3,11,3
Pre_Fix_DB (processed_trades_backup_pre_ghost_fix),TM_10,FDAX,T3a0a212e49b6,2024-07-18T19:53:52.813406,2024-07-18T20:08:45.326464,LONG,18448.0,18449.0,4,100.0,14,15,3
Pre_Fix_DB (processed_trades_backup_pre_ghost_fix),TM_10,FDAX,T73dd72bba2bb,2024-07-19T01:39:03.141624,2024-07-19T06:17:57.323741,LONG,18471.0,18469.0,4,-200.0,278,21,3
Pre_Fix_DB (processed_trades_backup_pre_ghost_fix),TM_10,FDAX,Ta9721602751b,2024-07-19T07:56:24.749767,2024-07-19T07:56:25.237988,LONG,18329.0,18326.0,6,-450.0,0,3,4
Pre_Fix_DB (processed_trades_backup_pre_ghost_fix),TM_10,FDAX,T9edc4965dfee,2024-07-19T09:18:43.835347,2024-07-19T09:31:15.086726,SHORT,18343.0,18357.0,6,-2100.0,12,5,4
Pre_Fix_DB (processed_trades_backup_pre_ghost_fix),TM_10,FDAX,T481295acffe0,2024-07-22T06:16:24.224647,2024-07-22T06:16:24.805514,SHORT,18323.0,18324.0,6,-150.0,0,2,0
Pre_Fix_DB (processed_trades_backup_pre_ghost_fix),TM_10,FDAX,T4f7b6409be76,2024-07-22T09:26:27.639054,2024-07-22T10:00:28.136091,LONG,18504.0,18505.0,4,100.0,34,5,0
Pre_Fix_DB (processed_trades_backup_pre_ghost_fix),TM_10,FDAX,T56ca3e6281a3,2024-07-22T13:44:59.916360,2024-07-22T13:45:00.400286,SHORT,18565.0,18567.0,6,-300.0,0,9,0
Pre_Fix_DB (processed_trades_backup_pre_ghost_fix),TM_10,FDAX,Tec0aa0effd3f,2024-07-23T00:30:51.178307,2024-07-23T00:58:47.094618,LONG,18627.0,18596.0,6,-4650.0,27,20,0
Pre_Fix_DB (processed_trades_backup_pre_ghost_fix),TM_10,FDAX,T25cf4f01b878,2024-07-23T01:32:21.541941,2024-07-23T02:34:57.132042,LONG,18601.0,18602.0,4,100.0,62,21,0
Pre_Fix_DB (processed_trades_backup_pre_ghost_fix),TM_10,FDAX,Taa378ee76c11,2024-07-23T05:39:06.972150,2024-07-23T06:32:54.361977,SHORT,18589.0,18588.0,4,100.0,53,1,1
Pre_Fix_DB (processed_trades_backup_pre_ghost_fix),TM_10,FDAX,Tc75f8f5dfbda,2024-07-23T07:27:31.709025,2024-07-23T07:31:11.637214,LONG,18637.0,18614.0,6,-3450.0,3,3,1
Pre_Fix_DB (processed_trades_backup_pre_ghost_fix),TM_10,FDAX,Td4ad5d7b0fa3,2024-07-23T09:36:24.304580,2024-07-23T09:36:24.803027,LONG,18677.0,18677.0,6,0.0,0,5,1
Pre_Fix_DB (processed_trades_backup_pre_ghost_fix),TM_10,FDAX,Tac5b71b3b0f6,2024-07-24T00:52:41.797591,2024-07-24T04:28:22.561930,LONG,18637.0,18605.0,6,-4800.0,215,20,1
Pre_Fix_DB (processed_trades_backup_pre_ghost_fix),TM_10,FDAX,T1ad4d8c9e767,2024-07-24T04:36:56.231295,2024-07-24T05:15:08.804091,LONG,18582.0,18583.0,4,100.0,38,0,2
Pre_Fix_DB (processed_trades_backup_pre_ghost_fix),TM_10,FDAX,T5bc53afd152c,2024-07-24T09:33:14.316242,2024-07-24T09:33:14.785811,SHORT,18510.0,18512.0,6,-300.0,0,5,2
Pre_Fix_DB (processed_trades_backup_pre_ghost_fix),TM_10,FDAX,Tf46f9e52fd0b,2024-07-24T12:26:06.267682,2024-07-24T12:57:05.605184,LONG,18536.0,18526.0,6,-1500.0,30,8,2
Pre_Fix_DB (processed_trades_backup_pre_ghost_fix),TM_10,FDAX,T125b0a0bbaed,2024-07-24T17:24:27.358146,2024-07-24T18:36:10.466901,LONG,18513.0,18483.0,6,-4500.0,71,13,2
Pre_Fix_DB (processed_trades_backup_pre_ghost_fix),TM_10,FDAX,T1cf651605550,2024-07-25T00:30:12.938470,2024-07-25T01:29:39.867446,LONG,18483.0,18482.0,4,-100.0,59,20,2
Pre_Fix_DB (processed_trades_backup_pre_ghost_fix),TM_10,FDAX,T8343a2bf60a7,2024-07-25T04:46:50.400325,2024-07-25T04:46:50.893970,LONG,18443.0,18440.0,6,-450.0,0,0,3
Pre_Fix_DB (processed_trades_backup_pre_ghost_fix),TM_10,FDAX,T8d622a29ff39,2024-07-25T07:14:55.812794,2024-07-25T07:15:46.735375,SHORT,18351.0,18350.0,4,100.0,0,3,3
Pre_Fix_DB (processed_trades_backup_pre_ghost_fix),TM_10,FDAX,Tc50abc023a03,2024-07-25T07:15:46.889062,2024-07-25T07:17:25.411453,LONG,18350.0,18327.0,4,-2300.0,1,3,3
Pre_Fix_DB (processed_trades_backup_pre_ghost_fix),TM_10,FDAX,T9994ef16dfef,2024-07-25T08:08:56.662535,2024-07-25T08:17:10.534702,LONG,18279.0,18278.0,4,-100.0,8,4,3
Pre_Fix_DB (processed_trades_backup_pre_ghost_fix),TM_10,FDAX,T74967a80db69,2024-07-25T12:59:05.276250,2024-07-25T13:05:57.481754,LONG,18303.0,18305.0,4,200.0,6,8,3
Pre_Fix_DB (processed_trades_backup_pre_ghost_fix),TM_10,FDAX,T596f7729e2ab,2024-07-25T13:10:02.500673,2024-07-25T13:49:14.462323,LONG,18326.0,18326.0,4,0.0,39,9,3
Pre_Fix_DB (processed_trades_backup_pre_ghost_fix),TM_10,FDAX,Tc8dd6cfd9748,2024-07-25T14:00:31.615486,2024-07-25T14:13:24.078444,LONG,18362.0,18330.0,6,-4800.0,12,10,3
Pre_Fix_DB (processed_trades_backup_pre_ghost_fix),TM_10,FDAX,Tf9201b464197,2024-07-25T14:16:40.210556,2024-07-25T14:18:30.619693,LONG,18329.0,18298.0,6,-4650.0,1,10,3
Pre_Fix_DB (processed_trades_backup_pre_ghost_fix),TM_10,FDAX,T453c0e178b3b,2024-07-25T17:17:18.008734,2024-07-25T17:29:13.366974,LONG,18466.0,18467.0,4,100.0,11,13,3
Pre_Fix_DB (processed_trades_backup_pre_ghost_fix),TM_10,FDAX,T9f16667c5209,2024-07-29T13:07:03.597151,2024-07-29T13:07:03.877489,SHORT,18570.0,18572.0,6,-300.0,0,9,0
Pre_Fix_DB (processed_trades_backup_pre_ghost_fix),TM_10,FDAX,T7206a9ba050f,2024-07-29T13:46:21.511371,2024-07-29T13:46:22.022381,SHORT,18502.0,18504.0,6,-300.0,0,9,0
Pre_Fix_DB (processed_trades_backup_pre_ghost_fix),TM_10,FDAX,T667090fb1e56,2024-07-30T00:30:15.985586,2024-07-30T00:31:13.470883,LONG,18426.0,18412.0,6,-2100.0,0,20,0
Pre_Fix_DB (processed_trades_backup_pre_ghost_fix),TM_10,FDAX,T77993009e0e5,2024-07-30T17:24:55.010617,2024-07-30T17:42:44.885755,LONG,18515.0,18515.0,4,0.0,17,13,1
Pre_Fix_DB (processed_trades_backup_pre_ghost_fix),TM_10,FDAX,T0fe3118439a9,2024-07-31T04:16:19.774333,2024-07-31T04:16:20.346228,SHORT,18544.0,18547.0,6,-450.0,0,0,2
Pre_Fix_DB (processed_trades_backup_pre_ghost_fix),TM_10,FDAX,T919553ec2959,2024-07-31T05:11:23.976959,2024-07-31T05:11:24.558032,SHORT,18559.0,18561.0,6,-300.0,0,1,2
Pre_Fix_DB (processed_trades_backup_pre_ghost_fix),TM_10,FDAX,Te240e3dfee5b,2024-07-31T07:15:00.648799,2024-07-31T07:15:04.178879,LONG,18616.0,18600.0,6,-2400.0,0,3,2
Pre_Fix_DB (processed_trades_backup_pre_ghost_fix),TM_10,FDAX,T3a07ab3785ec,2024-07-31T10:04:36.169672,2024-07-31T10:19:42.679786,SHORT,18574.0,18599.0,6,-3750.0,15,6,2
Pre_Fix_DB (processed_trades_backup_pre_ghost_fix),TM_10,FDAX,T3613ec35e049,2024-08-02T13:45:00.434211,2024-08-02T13:46:21.607692,LONG,17833.0,17813.0,6,-3000.0,1,9,4
Pre_Fix_DB (processed_trades_backup_pre_ghost_fix),TM_10,FDAX,T1735936968ec,2024-08-02T14:54:09.621158,2024-08-02T14:56:41.902607,LONG,17776.0,17778.0,4,200.0,2,10,4
Pre_Fix_DB (processed_trades_backup_pre_ghost_fix),TM_10,FDAX,T3477475faa88,2024-08-02T15:28:26.785309,2024-08-02T15:28:34.881848,LONG,17728.0,17722.0,6,-900.0,0,11,4
Pre_Fix_DB (processed_trades_backup_pre_ghost_fix),TM_10,FDAX,Tad794be7e2af,2024-08-05T06:51:08.576509,2024-08-05T06:51:09.067019,LONG,17434.0,17431.0,6,-450.0,0,2,0
Pre_Fix_DB (processed_trades_backup_pre_ghost_fix),TM_10,FDAX,Tcb7ee39087a1,2024-08-05T06:53:26.127377,2024-08-05T06:55:09.380920,LONG,17411.0,17379.0,6,-4800.0,1,2,0
Pre_Fix_DB (processed_trades_backup_pre_ghost_fix),TM_10,FDAX,T6404156239f7,2024-08-05T06:57:37.763870,2024-08-05T06:59:11.937583,LONG,17397.0,17374.0,6,-3450.0,1,2,0
Pre_Fix_DB (processed_trades_backup_pre_ghost_fix),TM_10,FDAX,T4cc93250a375,2024-08-05T07:00:04.837429,2024-08-05T07:01:30.078157,LONG,17368.0,17368.0,4,0.0,1,3,0
Pre_Fix_DB (processed_trades_backup_pre_ghost_fix),TM_10,FDAX,T14fab8e6cb53,2024-08-05T07:07:35.150117,2024-08-05T07:07:35.518728,LONG,17382.0,17378.0,6,-600.0,0,3,0
Pre_Fix_DB (processed_trades_backup_pre_ghost_fix),TM_10,FDAX,T8d4411c61bc9,2024-08-05T07:29:16.891151,2024-08-05T07:29:17.355306,SHORT,17219.0,17224.0,6,-750.0,0,3,0
Pre_Fix_DB (processed_trades_backup_pre_ghost_fix),TM_10,FDAX,T8ce5d197c967,2024-08-05T07:58:46.242978,2024-08-05T07:58:46.723217,SHORT,17306.0,17309.0,6,-450.0,0,3,0
Pre_Fix_DB (processed_trades_backup_pre_ghost_fix),TM_10,FDAX,T4ad1024bf927,2024-08-05T08:05:10.488819,2024-08-05T08:05:26.145054,LONG,17362.0,17348.0,6,-2100.0,0,4,0
Pre_Fix_DB (processed_trades_backup_pre_ghost_fix),TM_10,FDAX,T001509dcf28e,2024-08-05T14:47:21.189293,2024-08-05T14:47:21.699350,SHORT,17351.0,17355.0,6,-600.0,0,10,0
Pre_Fix_DB (processed_trades_backup_pre_ghost_fix),TM_10,FDAX,T759f10331b21,2024-08-05T14:47:21.909767,2024-08-05T14:47:22.422073,SHORT,17351.0,17355.0,6,-600.0,0,10,0
Pre_Fix_DB (processed_trades_backup_pre_ghost_fix),TM_10,FDAX,Tdb1ae0ff1688,2024-08-05T15:07:31.143066,2024-08-05T15:10:24.140017,LONG,17366.0,17365.0,4,-100.0,2,11,0
Pre_Fix_DB (processed_trades_backup_pre_ghost_fix),TM_10,FDAX,Tc94b00334fda,2024-08-05T15:22:16.385100,2024-08-05T15:22:16.990805,SHORT,17387.0,17390.0,6,-450.0,0,11,0
Pre_Fix_DB (processed_trades_backup_pre_ghost_fix),TM_10,FDAX,T85980c86a8aa,2024-08-05T15:41:37.879398,2024-08-05T15:41:39.222345,SHORT,17424.0,17426.0,6,-300.0,0,11,0
Pre_Fix_DB (processed_trades_backup_pre_ghost_fix),TM_10,FDAX,Tb887cf82d93b,2024-08-05T16:46:15.863547,2024-08-05T16:46:16.278899,SHORT,17487.0,17488.0,6,-150.0,0,12,0
Pre_Fix_DB (processed_trades_backup_pre_ghost_fix),TM_10,FDAX,T05bbe1fb38b8,2024-08-05T17:26:31.892478,2024-08-05T17:26:32.452784,SHORT,17434.0,17437.0,6,-450.0,0,13,0
Pre_Fix_DB (processed_trades_backup_pre_ghost_fix),TM_10,FDAX,T961ea699f2bd,2024-08-06T01:11:49.095320,2024-08-06T01:11:49.512602,SHORT,17617.0,17626.0,6,-1350.0,0,21,0
Pre_Fix_DB (processed_trades_backup_pre_ghost_fix),TM_10,FDAX,Tbd9d08748f07,2024-08-06T06:32:36.818226,2024-08-06T06:33:43.876197,LONG,17568.0,17552.0,6,-2400.0,1,2,1
Pre_Fix_DB (processed_trades_backup_pre_ghost_fix),TM_10,FDAX,T2ed2b00d7b3d,2024-08-06T06:39:36.841760,2024-08-06T06:39:37.346721,LONG,17585.0,17584.0,6,-150.0,0,2,1
Pre_Fix_DB (processed_trades_backup_pre_ghost_fix),TM_10,FDAX,T5967a3d74ba8,2024-08-06T07:09:03.752521,2024-08-06T07:09:36.191451,LONG,17546.0,17534.0,6,-1800.0,0,3,1
Pre_Fix_DB (processed_trades_backup_pre_ghost_fix),TM_10,FDAX,T104bc0902986,2024-08-06T07:15:41.662856,2024-08-06T07:15:43.172009,LONG,17436.0,17426.0,6,-1500.0,0,3,1
Pre_Fix_DB (processed_trades_backup_pre_ghost_fix),TM_10,FDAX,Tf330ef51a068,2024-08-06T07:24:12.275027,2024-08-06T07:27:54.445579,LONG,17531.0,17501.0,6,-4500.0,3,3,1
Pre_Fix_DB (processed_trades_backup_pre_ghost_fix),TM_10,FDAX,Te44ef82daa72,2024-08-06T10:51:54.969186,2024-08-06T11:01:20.566550,LONG,17442.0,17410.0,6,-4800.0,9,6,1
Pre_Fix_DB (processed_trades_backup_pre_ghost_fix),TM_10,FDAX,T122facc2f2dc,2024-08-06T11:39:26.885900,2024-08-06T11:46:00.191277,LONG,17444.0,17445.0,4,100.0,6,7,1
Pre_Fix_DB (processed_trades_backup_pre_ghost_fix),TM_10,FDAX,Td3bc6d2b463e,2024-08-06T12:06:11.557033,2024-08-06T12:08:33.166219,SHORT,17407.0,17412.0,6,-750.0,2,8,1
Pre_Fix_DB (processed_trades_backup_pre_ghost_fix),TM_10,FDAX,T6d5cea3ffe6e,2024-08-06T13:31:03.471956,2024-08-06T13:32:53.458232,LONG,17344.0,17322.0,6,-3300.0,1,9,1
Pre_Fix_DB (processed_trades_backup_pre_ghost_fix),TM_10,FDAX,T4f3c0674f4a7,2024-08-06T13:54:05.734766,2024-08-06T13:54:06.143282,LONG,17388.0,17385.0,6,-450.0,0,9,1
Pre_Fix_DB (processed_trades_backup_pre_ghost_fix),TM_10,FDAX,T17f208154498,2024-08-06T14:17:54.652775,2024-08-06T14:20:23.114849,LONG,17434.0,17404.0,6,-4500.0,2,10,1
Pre_Fix_DB (processed_trades_backup_pre_ghost_fix),TM_10,FDAX,Td6d94e1b217f,2024-08-06T14:26:10.734249,2024-08-06T14:28:46.242429,SHORT,17419.0,17449.0,6,-4500.0,2,10,1
Pre_Fix_DB (processed_trades_backup_pre_ghost_fix),TM_10,FDAX,Te42260312719,2024-08-08T12:45:11.190380,2024-08-08T12:45:11.459521,SHORT,17635.0,17640.0,6,-750.0,0,8,3
Pre_Fix_DB (processed_trades_backup_pre_ghost_fix),TM_10,FDAX,T07fb7622a766,2024-08-08T12:47:09.224628,2024-08-08T12:47:09.724382,SHORT,17662.0,17664.0,6,-300.0,0,8,3
Pre_Fix_DB (processed_trades_backup_pre_ghost_fix),TM_10,FDAX,Tce780be731ab,2024-08-08T12:54:15.054713,2024-08-08T12:54:15.398835,SHORT,17650.0,17652.0,6,-300.0,0,8,3
Pre_Fix_DB (processed_trades_backup_pre_ghost_fix),TM_10,FDAX,Te1a7d1c6dc4f,2024-08-09T01:35:09.583182,2024-08-09T01:35:10.050637,LONG,17763.0,17753.0,6,-1500.0,0,21,3
Pre_Fix_DB (processed_trades_backup_pre_ghost_fix),TM_10,FDAX,T3feab5105b7a,2024-08-09T03:22:06.379879,2024-08-09T03:22:06.866311,SHORT,17810.0,17815.0,6,-750.0,0,23,3
Pre_Fix_DB (processed_trades_backup_pre_ghost_fix),TM_10,FDAX,Te1e3785bf0f0,2024-08-09T04:45:15.024420,2024-08-09T04:56:36.011137,LONG,17794.0,17776.0,6,-2700.0,11,0,4
Pre_Fix_DB (processed_trades_backup_pre_ghost_fix),TM_10,FDAX,Ted657be7468f,2024-08-09T06:18:34.602888,2024-08-09T07:11:21.056850,LONG,17771.0,17754.0,6,-2550.0,52,2,4
Pre_Fix_DB (processed_trades_backup_pre_ghost_fix),TM_10,FDAX,T082d2938b08f,2024-08-09T08:51:10.550732,2024-08-09T09:44:41.655418,LONG,17833.0,17834.0,4,100.0,53,4,4
Pre_Fix_DB (processed_trades_backup_pre_ghost_fix),TM_10,FDAX,T6d883204973c,2024-08-09T10:18:20.902432,2024-08-09T10:18:21.331121,SHORT,17827.0,17829.0,6,-300.0,0,6,4
Pre_Fix_DB (processed_trades_backup_pre_ghost_fix),TM_10,FDAX,T8c1f5adad619,2024-08-09T12:55:41.447505,2024-08-09T13:17:24.104369,LONG,17738.0,17724.0,6,-2100.0,21,8,4
Pre_Fix_DB (processed_trades_backup_pre_ghost_fix),TM_10,FDAX,T108a7eff0a91,2024-08-09T13:21:09.972298,2024-08-09T13:40:53.977220,LONG,17745.0,17715.0,6,-4500.0,19,9,4
Pre_Fix_DB (processed_trades_backup_pre_ghost_fix),TM_10,FDAX,T3cf1f5acd47f,2024-08-09T18:55:07.003165,2024-08-09T19:36:54.557648,LONG,17816.0,17817.0,4,100.0,41,14,4
Pre_Fix_DB (processed_trades_backup_pre_ghost_fix),TM_10,FDAX,Tbac36922d723,2024-08-12T00:32:36.812342,2024-08-12T00:32:37.312616,LONG,17866.0,17863.0,6,-450.0,0,20,6
Pre_Fix_DB (processed_trades_backup_pre_ghost_fix),TM_10,FDAX,Ta2ec17cd4a02,2024-08-12T03:51:50.008214,2024-08-12T03:51:50.512254,LONG,17868.0,17860.0,6,-1200.0,0,23,6
Pre_Fix_DB (processed_trades_backup_pre_ghost_fix),TM_10,FDAX,T5f7728d2f93c,2024-08-12T14:20:59.382935,2024-08-12T14:20:59.815358,SHORT,17778.0,17780.0,6,-300.0,0,10,0
Pre_Fix_DB (processed_trades_backup_pre_ghost_fix),TM_10,FDAX,Tc6b644e83cb6,2024-08-12T14:35:40.078874,2024-08-12T14:35:40.578239,SHORT,17774.0,17776.0,6,-300.0,0,10,0
Pre_Fix_DB (processed_trades_backup_pre_ghost_fix),TM_10,FDAX,Ta369769bdfdb,2024-08-12T17:34:11.464290,2024-08-12T17:34:11.963431,LONG,17807.0,17805.0,6,-300.0,0,13,0
Pre_Fix_DB (processed_trades_backup_pre_ghost_fix),TM_10,FDAX,T8f8269378124,2024-08-12T18:36:03.265938,2024-08-12T19:59:32.024628,LONG,17797.0,17775.0,6,-3300.0,83,14,0
Pre_Fix_DB (processed_trades_backup_pre_ghost_fix),TM_10,FDAX,Tacdbd228fa91,2024-08-13T00:37:26.416886,2024-08-13T00:37:26.977844,SHORT,17772.0,17781.0,6,-1350.0,0,20,0
Pre_Fix_DB (processed_trades_backup_pre_ghost_fix),TM_10,FDAX,T5656b7e0056a,2024-08-13T01:25:27.827999,2024-08-13T01:25:28.412622,SHORT,17787.0,17795.0,6,-1200.0,0,21,0
Pre_Fix_DB (processed_trades_backup_pre_ghost_fix),TM_10,FDAX,T0ec7dabb5f1b,2024-08-13T03:19:38.000489,2024-08-13T06:16:58.249392,LONG,17814.0,17815.0,4,100.0,177,23,0
Pre_Fix_DB (processed_trades_backup_pre_ghost_fix),TM_10,FDAX,Tec4bff3f3c3f,2024-08-13T12:45:14.656223,2024-08-13T12:45:15.150248,SHORT,17832.0,17830.0,6,300.0,0,8,1
Pre_Fix_DB (processed_trades_backup_pre_ghost_fix),TM_10,FDAX,T34c1cd0cdf04,2024-08-14T04:43:29.361902,2024-08-14T06:14:01.301205,LONG,17934.0,17934.0,4,0.0,90,0,2
Pre_Fix_DB (processed_trades_backup_pre_ghost_fix),TM_10,FDAX,T19f3cd234210,2024-08-14T06:21:57.298572,2024-08-14T07:00:26.646495,LONG,17939.0,17941.0,4,200.0,38,2,2
Pre_Fix_DB (processed_trades_backup_pre_ghost_fix),TM_10,FDAX,T44f3116e3dfc,2024-08-14T11:25:21.543788,2024-08-14T12:45:01.071514,LONG,17945.0,17952.0,4,700.0,79,7,2
Pre_Fix_DB (processed_trades_backup_pre_ghost_fix),TM_10,FDAX,T08b7ad93f61d,2024-08-14T12:45:06.703510,2024-08-14T12:47:19.213605,LONG,17964.0,17965.0,4,100.0,2,8,2
Pre_Fix_DB (processed_trades_backup_pre_ghost_fix),TM_10,FDAX,Ta828a8032d79,2024-08-14T13:06:35.811307,2024-08-14T13:15:35.340229,SHORT,17961.0,17979.0,6,-2700.0,8,9,2
Pre_Fix_DB (processed_trades_backup_pre_ghost_fix),TM_10,FDAX,T06114192509e,2024-10-21T07:38:01.115450,2024-10-21T07:38:02.604429,LONG,19745.0,19743.0,6,-300.0,0,3,0
Pre_Fix_DB (processed_trades_backup_pre_ghost_fix),TM_10,FDAX,T0d2867ec6f9d,2024-12-20T11:02:15.120657,2024-12-20T11:02:17.545762,LONG,19914.0,19913.0,6,-150.0,0,6,4
Pre_Fix_DB (processed_trades_backup_pre_ghost_fix),TM_10,FDAX,T0d583308e70b,2024-12-20T13:45:23.362587,2024-12-20T13:45:25.625626,LONG,19914.0,19912.0,6,-300.0,0,8,4
Pre_Fix_DB (processed_trades_backup_pre_ghost_fix),TM_10,FDAX,T1209259e4291,2025-01-14T08:15:00.888648,2025-01-14T08:15:03.340592,LONG,20352.0,20358.0,6,900.0,0,3,1
Pre_Fix_DB (processed_trades_backup_pre_ghost_fix),TM_10,FDAX,T3521038a5a8f,2025-01-15T13:45:02.036855,2025-01-15T13:45:04.577494,LONG,20630.0,20627.0,6,-450.0,0,8,2
Pre_Fix_DB (processed_trades_backup_pre_ghost_fix),TM_10,FDAX,T6a1732ac3d3a,2025-01-20T13:45:05.221681,2025-01-20T13:45:07.511741,LONG,21035.0,21059.0,6,3600.0,0,8,0
Pre_Fix_DB (processed_trades_backup_pre_ghost_fix),TM_10,FDAX,Tbdfd1976945e,2025-01-20T17:40:12.601196,2025-01-20T17:40:14.554612,LONG,21082.0,21075.0,6,-1050.0,0,12,0
Pre_Fix_DB (processed_trades_backup_pre_ghost_fix),TM_10,FDAX,T63c67b0e1e45,2025-01-30T20:51:49.893823,2025-01-30T20:51:51.356864,LONG,21878.0,21873.0,6,-750.0,0,15,3
Pre_Fix_DB (processed_trades_backup_pre_ghost_fix),TM_10,FDAX,T4a2526c0c1b5,2025-03-12T00:51:46.387705,2025-03-12T00:51:48.627564,SHORT,22486.0,22493.0,6,-1050.0,0,20,1
Pre_Fix_DB (processed_trades_backup_pre_ghost_fix),TM_10,FDAX,Tfcfa2113d520,2025-03-12T12:31:13.168822,2025-03-12T12:31:14.499743,LONG,22755.0,22754.0,6,-150.0,0,8,2
Pre_Fix_DB (processed_trades_backup_pre_ghost_fix),TM_10,FDAX,T096964e4743f,2025-03-24T09:41:39.265354,2025-03-24T09:41:40.273844,LONG,23195.0,23189.0,6,-900.0,0,5,0
Pre_Fix_DB (processed_trades_backup_pre_ghost_fix),TM_10,FDAX,T5089a439ebfd,2025-06-23T10:27:10.007792,2025-06-23T10:27:11.431011,SHORT,23422.0,23425.0,6,-450.0,0,6,0
Pre_Fix_DB (processed_trades_backup_pre_ghost_fix),TM_10,FDAX,T122ee7e07034,2025-07-23T11:23:28.294342,2025-07-23T11:23:30.351441,LONG,24249.0,24238.0,6,-1650.0,0,7,2
Pre_Fix_DB (processed_trades_backup_pre_ghost_fix),TM_10,FDAX,T9ae20f617ab6,2025-07-23T16:09:40.435337,2025-07-23T16:09:42.481931,SHORT,24423.0,24426.0,6,-450.0,0,12,2
Pre_Fix_DB (processed_trades_backup_pre_ghost_fix),TM_10,FDAX,Tee222980880c,2025-07-23T16:18:26.231488,2025-07-23T16:18:28.531797,LONG,24561.0,24551.0,6,-1500.0,0,12,2
Pre_Fix_DB (processed_trades_backup_pre_ghost_fix),TM_9,FDAX,T7e873ae458a6,2024-05-31T10:54:00.708065,2024-05-31T10:54:01.201788,LONG,18519.0,18517.0,6,-300.0,0,6,4
Pre_Fix_DB (processed_trades_backup_pre_ghost_fix),TM_9,FDAX,T754f261d8c2e,2024-05-31T13:44:59.622798,2024-05-31T13:45:00.036512,LONG,18579.0,18577.0,6,-300.0,0,9,4
Pre_Fix_DB (processed_trades_backup_pre_ghost_fix),TM_9,FDAX,T54baa2e0bfd3,2024-05-31T17:31:41.369234,2024-05-31T17:31:41.925227,LONG,18554.0,18552.0,6,-300.0,0,13,4
Pre_Fix_DB (processed_trades_backup_pre_ghost_fix),TM_9,FDAX,T134d4c22c49d,2024-05-31T19:57:58.179094,2024-05-31T19:57:58.586819,LONG,18637.0,18631.0,6,-900.0,0,15,4
Pre_Fix_DB (processed_trades_backup_pre_ghost_fix),TM_9,FDAX,Te4c5606113ed,2024-06-03T06:33:56.595422,2024-06-03T06:33:57.018886,LONG,18720.0,18718.0,6,-300.0,0,2,0
Pre_Fix_DB (processed_trades_backup_pre_ghost_fix),TM_9,FDAX,Tb96513b242df,2024-06-03T07:15:00.804626,2024-06-03T07:15:01.303990,LONG,18705.0,18705.0,6,0.0,0,3,0
Pre_Fix_DB (processed_trades_backup_pre_ghost_fix),TM_9,FDAX,T270578064a23,2024-06-03T12:55:42.007269,2024-06-03T12:55:42.529138,LONG,18729.0,18727.0,6,-300.0,0,8,0
Pre_Fix_DB (processed_trades_backup_pre_ghost_fix),TM_9,FDAX,T3f1152771332,2024-06-03T14:15:00.240775,2024-06-03T14:15:00.901393,SHORT,18691.0,18693.0,6,-300.0,0,10,0
Pre_Fix_DB (processed_trades_backup_pre_ghost_fix),TM_9,FDAX,Tb6c8b640c593,2024-06-03T15:56:11.459393,2024-06-03T15:56:11.977934,SHORT,18628.0,18630.0,6,-300.0,0,11,0
Pre_Fix_DB (processed_trades_backup_pre_ghost_fix),TM_9,FDAX,T4fd022605f81,2024-06-04T10:30:02.208801,2024-06-04T10:30:02.708270,LONG,18431.0,18429.0,6,-300.0,0,6,1
Pre_Fix_DB (processed_trades_backup_pre_ghost_fix),TM_9,FDAX,T5ee05aeb67e6,2024-06-04T11:16:59.157024,2024-06-04T11:16:59.653428,LONG,18472.0,18470.0,6,-300.0,0,7,1
Pre_Fix_DB (processed_trades_backup_pre_ghost_fix),TM_9,FDAX,T74b6997b2cf8,2024-06-04T13:15:00.499120,2024-06-04T13:15:01.003384,LONG,18537.0,18543.0,6,900.0,0,9,1
Pre_Fix_DB (processed_trades_backup_pre_ghost_fix),TM_9,FDAX,T96fbb82955e5,2024-06-04T16:40:26.900453,2024-06-04T16:40:27.288532,LONG,18458.0,18456.0,6,-300.0,0,12,1
Pre_Fix_DB (processed_trades_backup_pre_ghost_fix),TM_9,FDAX,T6309dc8defde,2024-06-04T19:22:29.320585,2024-06-04T19:22:29.693143,LONG,18494.0,18493.0,6,-150.0,0,15,1
Pre_Fix_DB (processed_trades_backup_pre_ghost_fix),TM_9,FDAX,T68baa52aee58,2024-06-06T01:21:14.596990,2024-06-06T05:58:44.110657,LONG,18697.0,18660.0,6,-5550.0,277,21,2
Pre_Fix_DB (processed_trades_backup_pre_ghost_fix),TM_9,FDAX,T5df266474b9b,2024-06-06T09:38:19.762665,2024-06-06T09:41:08.098171,LONG,18742.0,18733.0,6,-1350.0,2,5,3
Pre_Fix_DB (processed_trades_backup_pre_ghost_fix),TM_9,FDAX,Td9e84254bb77,2024-06-07T06:15:02.395888,2024-06-07T06:59:05.108342,LONG,18651.0,18652.0,4,100.0,44,2,4
Pre_Fix_DB (processed_trades_backup_pre_ghost_fix),TM_9,FDAX,T7b6dd0c1cc1d,2024-06-07T12:55:17.574973,2024-06-07T13:15:25.300431,LONG,18493.0,18529.0,4,3600.0,20,8,4
Pre_Fix_DB (processed_trades_backup_pre_ghost_fix),TM_9,FDAX,Tc8d19346ee59,2024-06-07T13:24:25.335548,2024-06-07T13:24:37.838456,LONG,18528.0,18526.0,6,-300.0,0,9,4
Pre_Fix_DB (processed_trades_backup_pre_ghost_fix),TM_9,FDAX,Te05dac25475b,2024-06-07T13:24:38.346492,2024-06-07T13:37:50.138623,LONG,18528.0,18511.0,4,-1700.0,13,9,4
Pre_Fix_DB (processed_trades_backup_pre_ghost_fix),TM_9,FDAX,T1996b549273b,2024-06-13T12:45:53.502742,2024-06-13T12:45:53.971487,SHORT,18458.0,18463.0,6,-750.0,0,8,3
Pre_Fix_DB (processed_trades_backup_pre_ghost_fix),TM_9,FDAX,T7956ae4b5bb2,2024-06-13T13:44:59.844899,2024-06-13T13:46:45.334255,LONG,18439.0,18427.0,6,-1800.0,1,9,3
Pre_Fix_DB (processed_trades_backup_pre_ghost_fix),TM_9,FDAX,T666899f30d05,2024-06-14T15:05:48.412378,2024-06-14T15:51:54.544303,LONG,17992.0,18015.0,4,2300.0,46,11,4
Pre_Fix_DB (processed_trades_backup_pre_ghost_fix),TM_9,FDAX,T56daaec44b36,2024-06-17T00:44:34.462694,2024-06-17T06:16:14.832889,LONG,18033.0,18059.0,4,2600.0,331,20,6
Pre_Fix_DB (processed_trades_backup_pre_ghost_fix),TM_9,FDAX,T1e8294f1b369,2024-06-18T06:15:23.193337,2024-06-18T06:21:45.310455,LONG,18393.0,18382.0,6,-1650.0,6,2,1
Pre_Fix_DB (processed_trades_backup_pre_ghost_fix),TM_9,FDAX,Tcf75fb9e5d78,2024-06-18T06:40:14.923285,2024-06-18T07:31:43.056085,LONG,18408.0,18371.0,6,-5550.0,51,2,1
Pre_Fix_DB (processed_trades_backup_pre_ghost_fix),TM_9,FDAX,T8773561b1d04,2024-06-18T10:01:41.847721,2024-06-18T10:25:53.117622,LONG,18342.0,18312.0,6,-4500.0,24,6,1
Pre_Fix_DB (processed_trades_backup_pre_ghost_fix),TM_9,FDAX,T7dceb9eed175,2024-06-18T11:51:10.952823,2024-06-18T12:48:47.712248,LONG,18293.0,18293.0,4,0.0,57,7,1
Pre_Fix_DB (processed_trades_backup_pre_ghost_fix),TM_9,FDAX,Tcfb91959d70c,2024-06-18T14:35:42.185385,2024-06-18T15:08:32.036571,LONG,18321.0,18317.0,6,-600.0,32,10,1
Pre_Fix_DB (processed_trades_backup_pre_ghost_fix),TM_9,FDAX,Tfb91fe7f0358,2024-06-19T09:15:00.541683,2024-06-19T10:39:12.316142,LONG,18262.0,18269.0,4,700.0,84,5,2
Pre_Fix_DB (processed_trades_backup_pre_ghost_fix),TM_9,FDAX,T41fb67ebea7c,2024-06-20T04:43:14.535392,2024-06-20T06:17:50.646228,LONG,18328.0,18294.0,6,-5100.0,94,0,3
Pre_Fix_DB (processed_trades_backup_pre_ghost_fix),TM_9,FDAX,Tce708c1510ea,2024-06-20T14:47:07.067316,2024-06-20T16:45:31.934326,LONG,18396.0,18397.0,4,100.0,118,10,3
Pre_Fix_DB (processed_trades_backup_pre_ghost_fix),TM_9,FDAX,Tabed8a14999a,2024-06-21T00:59:55.809421,2024-06-21T07:05:34.118064,LONG,18412.0,18413.0,4,100.0,365,20,3
Pre_Fix_DB (processed_trades_backup_pre_ghost_fix),TM_9,FDAX,T79d8d451cc69,2024-06-21T07:54:44.396672,2024-06-21T07:54:44.893827,LONG,18387.0,18385.0,6,-300.0,0,3,4
Pre_Fix_DB (processed_trades_backup_pre_ghost_fix),TM_9,FDAX,T0c5eb864bc3d,2024-06-21T09:39:20.329095,2024-06-21T10:43:28.593892,LONG,18342.0,18312.0,6,-4500.0,64,5,4
Pre_Fix_DB (processed_trades_backup_pre_ghost_fix),TM_9,FDAX,T0098ead118d9,2024-06-24T09:09:07.330882,2024-06-24T09:45:42.778495,LONG,18443.0,18444.0,4,100.0,36,5,0
Pre_Fix_DB (processed_trades_backup_pre_ghost_fix),TM_9,FDAX,T91559d69be96,2024-06-24T14:32:35.556002,2024-06-24T15:05:00.944866,LONG,18514.0,18502.0,6,-1800.0,32,10,0
Pre_Fix_DB (processed_trades_backup_pre_ghost_fix),TM_9,FDAX,T388a0d5af8a1,2024-06-25T04:56:47.718087,2024-06-25T06:15:36.703793,LONG,18421.0,18398.0,6,-3450.0,78,0,1
Pre_Fix_DB (processed_trades_backup_pre_ghost_fix),TM_9,FDAX,T5b584158751f,2024-06-25T14:21:22.129222,2024-06-25T15:06:58.995539,LONG,18327.0,18328.0,4,100.0,45,10,1
Pre_Fix_DB (processed_trades_backup_pre_ghost_fix),TM_9,FDAX,T26d766910c70,2024-06-26T12:37:41.351099,2024-06-26T12:53:31.575976,LONG,18299.0,18269.0,6,-4500.0,15,8,2
Pre_Fix_DB (processed_trades_backup_pre_ghost_fix),TM_9,FDAX,T7f4e009e378a,2024-06-27T07:26:30.110541,2024-06-27T08:39:07.465537,LONG,18384.0,18353.0,6,-4650.0,72,3,3
Pre_Fix_DB (processed_trades_backup_pre_ghost_fix),TM_9,FDAX,T2df456cb8e12,2024-06-27T13:14:19.364799,2024-06-27T13:46:45.474381,LONG,18365.0,18368.0,6,450.0,32,9,3
Pre_Fix_DB (processed_trades_backup_pre_ghost_fix),TM_9,FDAX,Taaa04c776e47,2024-06-27T13:53:38.433490,2024-06-27T15:01:43.160997,LONG,18391.0,18393.0,4,200.0,68,9,3
Pre_Fix_DB (processed_trades_backup_pre_ghost_fix),TM_9,FDAX,T59fb2433aba8,2024-06-28T09:36:12.037665,2024-06-28T10:18:15.299976,LONG,18495.0,18501.0,4,600.0,42,5,4
Pre_Fix_DB (processed_trades_backup_pre_ghost_fix),TM_9,FDAX,T8f5dcf6c979f,2024-06-28T13:12:20.827490,2024-06-28T14:01:39.492232,LONG,18387.0,18414.0,4,2700.0,49,9,4
Pre_Fix_DB (processed_trades_backup_pre_ghost_fix),TM_9,FDAX,T8d0f511f7129,2024-06-28T14:18:10.173762,2024-06-28T14:55:25.981926,LONG,18425.0,18449.0,4,2400.0,37,10,4
Pre_Fix_DB (processed_trades_backup_pre_ghost_fix),TM_9,FDAX,Tddfb218e0282,2024-07-01T06:51:51.731783,2024-07-01T07:14:40.110021,LONG,18589.0,18574.0,6,-2250.0,22,2,0
Pre_Fix_DB (processed_trades_backup_pre_ghost_fix),TM_9,FDAX,Te0739a4c34cc,2024-07-01T07:15:07.904597,2024-07-01T07:32:20.520074,LONG,18605.0,18571.0,6,-5100.0,17,3,0
Pre_Fix_DB (processed_trades_backup_pre_ghost_fix),TM_9,FDAX,T43d552797a93,2024-07-01T14:14:21.601059,2024-07-01T14:28:52.152343,LONG,18527.0,18494.0,6,-4950.0,14,10,0
Pre_Fix_DB (processed_trades_backup_pre_ghost_fix),TM_9,FDAX,T2eadf5a20a6b,2024-07-02T12:58:39.123944,2024-07-02T12:59:40.889186,LONG,18214.0,18204.0,6,-1500.0,1,8,1
Pre_Fix_DB (processed_trades_backup_pre_ghost_fix),TM_9,FDAX,Tafa18ef97063,2024-07-02T14:07:04.689768,2024-07-02T14:07:05.195078,LONG,18284.0,18281.0,6,-450.0,0,10,1
Pre_Fix_DB (processed_trades_backup_pre_ghost_fix),TM_9,FDAX,T7c7a543de39c,2024-07-02T14:32:50.949642,2024-07-02T14:57:08.956447,LONG,18303.0,18304.0,4,100.0,24,10,1
Pre_Fix_DB (processed_trades_backup_pre_ghost_fix),TM_9,FDAX,T1071797a8f9c,2024-07-03T12:00:10.819600,2024-07-03T12:27:35.977803,LONG,18507.0,18489.0,6,-2700.0,27,8,2
Pre_Fix_DB (processed_trades_backup_pre_ghost_fix),TM_9,FDAX,Te63db9c6bb64,2024-07-03T12:41:21.424047,2024-07-03T12:57:17.581666,LONG,18480.0,18489.0,6,1350.0,15,8,2
Pre_Fix_DB (processed_trades_backup_pre_ghost_fix),TM_9,FDAX,Tf379fd8863a6,2024-07-04T06:30:07.786140,2024-07-04T06:37:18.589854,LONG,18588.0,18573.0,6,-2250.0,7,2,3
Pre_Fix_DB (processed_trades_backup_pre_ghost_fix),TM_9,FDAX,Td6b8e61aa081,2024-07-04T07:14:20.599186,2024-07-04T07:45:34.178948,LONG,18595.0,18597.0,4,200.0,31,3,3
Pre_Fix_DB (processed_trades_backup_pre_ghost_fix),TM_9,FDAX,Te0f7084ffa73,2024-07-05T12:45:28.797791,2024-07-05T12:45:30.838706,LONG,18801.0,18788.0,6,-1950.0,0,8,4
Pre_Fix_DB (processed_trades_backup_pre_ghost_fix),TM_9,FDAX,T82cb6a69feb1,2024-07-08T12:54:39.189511,2024-07-08T14:12:47.150105,LONG,18714.0,18685.0,6,-4350.0,78,8,0
Pre_Fix_DB (processed_trades_backup_pre_ghost_fix),TM_9,FDAX,T6c327133b540,2024-07-09T06:15:15.259207,2024-07-09T06:53:01.675262,LONG,18613.0,18582.0,6,-4650.0,37,2,1
Pre_Fix_DB (processed_trades_backup_pre_ghost_fix),TM_9,FDAX,Tb12469fa578a,2024-07-09T08:59:25.750685,2024-07-09T10:46:22.635383,LONG,18596.0,18573.0,6,-3450.0,106,4,1
Pre_Fix_DB (processed_trades_backup_pre_ghost_fix),TM_9,FDAX,Te334882bd2f1,2024-07-10T00:30:00.580339,2024-07-10T00:30:01.044541,LONG,18412.0,18407.0,6,-750.0,0,20,1
Pre_Fix_DB (processed_trades_backup_pre_ghost_fix),TM_9,FDAX,Tb9eb4ac92e70,2024-07-10T14:52:40.696106,2024-07-10T14:52:41.258330,LONG,18535.0,18532.0,6,-450.0,0,10,2
Pre_Fix_DB (processed_trades_backup_pre_ghost_fix),TM_9,FDAX,T53c409f4fd1d,2024-07-11T15:00:46.685571,2024-07-11T15:56:00.143779,LONG,18694.0,18671.0,6,-3450.0,55,11,3
Pre_Fix_DB (processed_trades_backup_pre_ghost_fix),TM_9,FDAX,Td9bf62c03515,2024-07-12T02:01:47.271523,2024-07-12T07:09:31.895950,LONG,18689.0,18691.0,4,200.0,307,22,3
Pre_Fix_DB (processed_trades_backup_pre_ghost_fix),TM_9,FDAX,T1d1f89fdc0db,2024-07-12T10:55:19.309833,2024-07-12T11:55:14.757952,LONG,18761.0,18740.0,6,-3150.0,59,6,4
Pre_Fix_DB (processed_trades_backup_pre_ghost_fix),TM_9,FDAX,T1825638da4ad,2024-07-12T12:29:26.527214,2024-07-12T12:38:53.885737,LONG,18750.0,18718.0,6,-4800.0,9,8,4
Pre_Fix_DB (processed_trades_backup_pre_ghost_fix),TM_9,FDAX,T01fd6ffd00ea,2024-07-12T12:45:03.308943,2024-07-12T12:45:03.903388,LONG,18682.0,18682.0,6,0.0,0,8,4
Pre_Fix_DB (processed_trades_backup_pre_ghost_fix),TM_9,FDAX,T304c04aedcbd,2024-07-16T05:54:24.227977,2024-07-16T06:10:56.792445,LONG,18690.0,18688.0,6,-300.0,16,1,1
Pre_Fix_DB (processed_trades_backup_pre_ghost_fix),TM_9,FDAX,T272316033d7e,2024-07-17T03:28:34.466778,2024-07-17T04:00:07.749547,LONG,18700.0,18681.0,6,-2850.0,31,23,1
Pre_Fix_DB (processed_trades_backup_pre_ghost_fix),TM_9,FDAX,T1d9d70128288,2024-07-17T04:05:01.421275,2024-07-17T06:11:02.530594,LONG,18699.0,18666.0,6,-4950.0,126,0,2
Pre_Fix_DB (processed_trades_backup_pre_ghost_fix),TM_9,FDAX,T51eec76c49fc,2024-07-17T09:10:06.731707,2024-07-17T09:38:58.518236,LONG,18629.0,18598.0,6,-4650.0,28,5,2
Pre_Fix_DB (processed_trades_backup_pre_ghost_fix),TM_9,FDAX,Tb31d260948d0,2024-07-17T13:50:12.920479,2024-07-17T14:52:09.256951,LONG,18586.0,18617.0,4,3100.0,61,9,2
Pre_Fix_DB (processed_trades_backup_pre_ghost_fix),TM_9,FDAX,Tcf906bea300f,2024-07-18T11:23:10.415155,2024-07-18T14:03:40.675186,LONG,18622.0,18623.0,4,100.0,160,7,3
Pre_Fix_DB (processed_trades_backup_pre_ghost_fix),TM_9,FDAX,Te0a934129881,2024-07-18T14:30:51.378015,2024-07-18T14:36:20.030262,LONG,18618.0,18597.0,6,-3150.0,5,10,3
Pre_Fix_DB (processed_trades_backup_pre_ghost_fix),TM_9,FDAX,Tb3a8275d7e8b,2024-07-18T14:46:39.536565,2024-07-18T14:47:16.118387,LONG,18588.0,18577.0,6,-1650.0,0,10,3
Pre_Fix_DB (processed_trades_backup_pre_ghost_fix),TM_9,FDAX,T87b3a617d737,2024-07-18T18:47:05.415434,2024-07-18T19:28:10.763695,LONG,18445.0,18424.0,6,-3150.0,41,14,3
Pre_Fix_DB (processed_trades_backup_pre_ghost_fix),TM_9,FDAX,T56ad91406c36,2024-07-19T00:30:01.508130,2024-07-19T00:30:02.014017,LONG,18463.0,18460.0,6,-450.0,0,20,3
Pre_Fix_DB (processed_trades_backup_pre_ghost_fix),TM_9,FDAX,T74b012ed3617,2024-07-19T02:15:48.583105,2024-07-19T06:49:30.679946,LONG,18456.0,18457.0,4,100.0,273,22,3
Pre_Fix_DB (processed_trades_backup_pre_ghost_fix),TM_9,FDAX,T37814c99db83,2024-07-19T07:56:20.207065,2024-07-19T07:56:35.926411,LONG,18332.0,18319.0,6,-1950.0,0,3,4
Pre_Fix_DB (processed_trades_backup_pre_ghost_fix),TM_9,FDAX,Tf0ccb6605b25,2024-07-19T08:01:04.308532,2024-07-19T08:32:26.707470,LONG,18331.0,18332.0,4,100.0,31,4,4
Pre_Fix_DB (processed_trades_backup_pre_ghost_fix),TM_9,FDAX,T0c5fafea4094,2024-07-19T09:01:10.799630,2024-07-19T09:38:46.128197,LONG,18351.0,18327.0,6,-3600.0,37,5,4
Pre_Fix_DB (processed_trades_backup_pre_ghost_fix),TM_9,FDAX,T5e4214ab662f,2024-07-19T09:46:06.121677,2024-07-19T09:53:12.459955,LONG,18351.0,18320.0,6,-4650.0,7,5,4
Pre_Fix_DB (processed_trades_backup_pre_ghost_fix),TM_9,FDAX,T3abff6592473,2024-07-22T09:26:27.639136,2024-07-22T11:27:02.795829,LONG,18504.0,18535.0,4,3100.0,120,5,0
Pre_Fix_DB (processed_trades_backup_pre_ghost_fix),TM_9,FDAX,T1efb6e246ba1,2024-07-22T12:45:00.609448,2024-07-22T13:57:52.114940,LONG,18566.0,18570.0,6,600.0,72,8,0
Pre_Fix_DB (processed_trades_backup_pre_ghost_fix),TM_9,FDAX,T5968bdd9ad49,2024-07-23T01:28:38.987244,2024-07-23T03:41:27.346629,LONG,18607.0,18577.0,6,-4500.0,132,21,0
Pre_Fix_DB (processed_trades_backup_pre_ghost_fix),TM_9,FDAX,Tffc1be9c1532,2024-07-23T08:19:44.248640,2024-07-23T08:50:36.685687,LONG,18607.0,18651.0,4,4400.0,30,4,1
Pre_Fix_DB (processed_trades_backup_pre_ghost_fix),TM_9,FDAX,Tc5a074f9dfe0,2024-07-23T14:57:10.309921,2024-07-23T14:57:10.829989,LONG,18657.0,18656.0,6,-150.0,0,10,1
Pre_Fix_DB (processed_trades_backup_pre_ghost_fix),TM_9,FDAX,T135bc39f2ffa,2024-07-24T00:48:42.962509,2024-07-24T04:28:23.163757,LONG,18623.0,18600.0,6,-3450.0,219,20,1
Pre_Fix_DB (processed_trades_backup_pre_ghost_fix),TM_9,FDAX,T4d6023b0fc52,2024-07-24T08:56:52.886720,2024-07-24T09:31:29.636305,LONG,18508.0,18513.0,6,750.0,34,4,2
Pre_Fix_DB (processed_trades_backup_pre_ghost_fix),TM_9,FDAX,Tc39a7c7f12fd,2024-07-24T10:19:18.284272,2024-07-24T10:40:09.402571,LONG,18543.0,18561.0,6,2700.0,20,6,2
Pre_Fix_DB (processed_trades_backup_pre_ghost_fix),TM_9,FDAX,Tb2d97911c1fe,2024-07-24T12:27:01.350246,2024-07-24T13:10:15.053943,LONG,18534.0,18509.0,6,-3750.0,43,8,2
Pre_Fix_DB (processed_trades_backup_pre_ghost_fix),TM_9,FDAX,T46dd16d3d0d5,2024-07-24T17:26:02.450720,2024-07-24T18:34:44.305480,LONG,18519.0,18488.0,6,-4650.0,68,13,2
Pre_Fix_DB (processed_trades_backup_pre_ghost_fix),TM_9,FDAX,T4261acf8c2c7,2024-07-25T04:10:12.095008,2024-07-25T04:10:12.588765,LONG,18446.0,18443.0,6,-450.0,0,0,3
Pre_Fix_DB (processed_trades_backup_pre_ghost_fix),TM_9,FDAX,Teccb666f8157,2024-07-25T07:15:38.281139,2024-07-25T07:17:26.879923,LONG,18350.0,18327.0,6,-3450.0,1,3,3
Pre_Fix_DB (processed_trades_backup_pre_ghost_fix),TM_9,FDAX,Tfd10b9365266,2024-07-25T12:56:58.130464,2024-07-25T13:19:37.826328,LONG,18283.0,18300.0,4,1700.0,22,8,3
Pre_Fix_DB (processed_trades_backup_pre_ghost_fix),TM_9,FDAX,T3a7385bfa44c,2024-07-25T13:39:58.637904,2024-07-25T13:53:28.584714,LONG,18331.0,18324.0,6,-1050.0,13,9,3
Pre_Fix_DB (processed_trades_backup_pre_ghost_fix),TM_9,FDAX,Td71b8c265b27,2024-07-25T13:56:36.539669,2024-07-25T14:14:00.647053,LONG,18354.0,18323.0,6,-4650.0,17,9,3
Pre_Fix_DB (processed_trades_backup_pre_ghost_fix),TM_9,FDAX,T3ae1ca88a146,2024-07-25T19:36:05.720148,2024-07-25T19:58:10.598601,LONG,18417.0,18404.0,6,-1950.0,22,15,3
Pre_Fix_DB (processed_trades_backup_pre_ghost_fix),TM_9,FDAX,T9612aff97082,2024-07-29T14:31:58.858320,2024-07-29T14:42:01.581581,LONG,18489.0,18457.0,6,-4800.0,10,10,0
Pre_Fix_DB (processed_trades_backup_pre_ghost_fix),TM_9,FDAX,T2f6f7f700d31,2024-07-30T00:30:27.993312,2024-07-30T01:44:43.629321,LONG,18433.0,18398.0,6,-5250.0,74,20,0
Pre_Fix_DB (processed_trades_backup_pre_ghost_fix),TM_9,FDAX,Td249bdcffae8,2024-07-30T13:50:49.605284,2024-07-30T14:10:06.910354,LONG,18546.0,18545.0,4,-100.0,19,9,1
Pre_Fix_DB (processed_trades_backup_pre_ghost_fix),TM_9,FDAX,Tcb8172999220,2024-07-30T17:23:05.833276,2024-07-30T17:42:45.134583,LONG,18511.0,18515.0,6,600.0,19,13,1
Pre_Fix_DB (processed_trades_backup_pre_ghost_fix),TM_9,FDAX,T464c8be0289a,2024-07-31T06:16:08.416599,2024-07-31T06:20:08.423901,LONG,18635.0,18600.0,6,-5250.0,4,2,2
Pre_Fix_DB (processed_trades_backup_pre_ghost_fix),TM_9,FDAX,Td5994a7b8b0a,2024-07-31T07:23:16.686908,2024-07-31T07:23:17.179110,LONG,18637.0,18636.0,6,-150.0,0,3,2
Pre_Fix_DB (processed_trades_backup_pre_ghost_fix),TM_9,FDAX,Tee1c30f8a570,2024-07-31T07:51:49.968065,2024-07-31T08:23:00.806306,LONG,18655.0,18640.0,6,-2250.0,31,3,2
Pre_Fix_DB (processed_trades_backup_pre_ghost_fix),TM_9,FDAX,Tcc27c2702322,2024-07-31T18:56:24.970656,2024-07-31T19:34:01.388467,LONG,18654.0,18623.0,6,-4650.0,37,14,2
Pre_Fix_DB (processed_trades_backup_pre_ghost_fix),TM_9,FDAX,T9c0b9079ce2a,2024-07-31T19:39:40.182546,2024-07-31T19:45:54.877880,LONG,18606.0,18580.0,6,-3900.0,6,15,2
Pre_Fix_DB (processed_trades_backup_pre_ghost_fix),TM_9,FDAX,T73d680b9d8f0,2024-08-01T17:23:58.560359,2024-08-01T17:41:15.475357,LONG,18139.0,18118.0,6,-3150.0,17,13,3
Pre_Fix_DB (processed_trades_backup_pre_ghost_fix),TM_9,FDAX,T2912d40e8b6d,2024-08-02T00:31:02.758158,2024-08-02T00:38:19.466150,LONG,18089.0,18055.0,6,-5100.0,7,20,3
Pre_Fix_DB (processed_trades_backup_pre_ghost_fix),TM_9,FDAX,Tc5b4eb6ff6aa,2024-08-02T07:23:22.484862,2024-08-02T07:25:11.540540,LONG,17978.0,17951.0,6,-4050.0,1,3,4
Pre_Fix_DB (processed_trades_backup_pre_ghost_fix),TM_9,FDAX,T8495cb04f1a9,2024-08-02T09:12:31.737167,2024-08-02T09:20:07.483351,LONG,18004.0,17974.0,6,-4500.0,7,5,4
Pre_Fix_DB (processed_trades_backup_pre_ghost_fix),TM_9,FDAX,T39af453f7bac,2024-08-02T11:27:27.149700,2024-08-02T12:44:28.905667,LONG,17886.0,17932.0,4,4600.0,77,7,4
Pre_Fix_DB (processed_trades_backup_pre_ghost_fix),TM_9,FDAX,Te1ec7a35b7fc,2024-08-02T12:45:02.857956,2024-08-02T12:45:03.338402,LONG,17940.0,17911.0,6,-4350.0,0,8,4
Pre_Fix_DB (processed_trades_backup_pre_ghost_fix),TM_9,FDAX,T9aedfb758532,2024-08-02T14:05:09.710758,2024-08-02T14:08:50.111287,LONG,17854.0,17820.0,6,-5100.0,3,10,4
Pre_Fix_DB (processed_trades_backup_pre_ghost_fix),TM_9,FDAX,Te359919c5462,2024-08-02T15:15:38.844596,2024-08-02T15:15:56.473199,LONG,17743.0,17731.0,6,-1800.0,0,11,4
Pre_Fix_DB (processed_trades_backup_pre_ghost_fix),TM_9,FDAX,T83f301bcfe22,2024-08-02T15:19:38.179990,2024-08-02T15:24:29.706104,LONG,17725.0,17713.0,6,-1800.0,4,11,4
Pre_Fix_DB (processed_trades_backup_pre_ghost_fix),TM_9,FDAX,Tf8818287222f,2024-08-02T15:26:00.169780,2024-08-02T15:37:05.171649,LONG,17745.0,17722.0,6,-3450.0,11,11,4
Pre_Fix_DB (processed_trades_backup_pre_ghost_fix),TM_9,FDAX,T07131feeb9b2,2024-08-02T17:51:55.794323,2024-08-02T20:10:00.001935,LONG,17769.0,17810.0,4,4100.0,138,13,4
Pre_Fix_DB (processed_trades_backup_pre_ghost_fix),TM_9,FDAX,T8449c6fb7bda,2024-08-02T17:51:56.734804,2024-08-02T20:10:01.140374,LONG,17769.0,17810.0,4,4100.0,138,13,4
Pre_Fix_DB (processed_trades_backup_pre_ghost_fix),TM_9,FDAX,T99f91e1e48e2,2024-08-05T06:24:53.052593,2024-08-05T06:27:25.192213,LONG,17405.0,17395.0,6,-1500.0,2,2,0
Pre_Fix_DB (processed_trades_backup_pre_ghost_fix),TM_9,FDAX,T247b436a38bf,2024-08-05T06:51:08.653893,2024-08-05T06:51:09.150201,LONG,17434.0,17431.0,6,-450.0,0,2,0
Pre_Fix_DB (processed_trades_backup_pre_ghost_fix),TM_9,FDAX,T292d3e09f84b,2024-08-05T06:53:25.137577,2024-08-05T06:55:09.379171,LONG,17411.0,17379.0,6,-4800.0,1,2,0
Pre_Fix_DB (processed_trades_backup_pre_ghost_fix),TM_9,FDAX,Ta0c199e2fd52,2024-08-05T07:07:39.038571,2024-08-05T07:14:31.253469,LONG,17381.0,17350.0,6,-4650.0,6,3,0
Pre_Fix_DB (processed_trades_backup_pre_ghost_fix),TM_9,FDAX,T317b5f61e157,2024-08-05T07:35:03.506849,2024-08-05T07:40:38.710744,LONG,17292.0,17293.0,4,100.0,5,3,0
Pre_Fix_DB (processed_trades_backup_pre_ghost_fix),TM_9,FDAX,T31f7ee21bf32,2024-08-05T07:59:09.261689,2024-08-05T07:59:09.737520,LONG,17320.0,17319.0,6,-150.0,0,3,0
Pre_Fix_DB (processed_trades_backup_pre_ghost_fix),TM_9,FDAX,Td9303987a585,2024-08-05T08:19:56.929805,2024-08-05T08:19:57.447811,LONG,17357.0,17354.0,6,-450.0,0,4,0
Pre_Fix_DB (processed_trades_backup_pre_ghost_fix),TM_9,FDAX,Tafeb6177973a,2024-08-05T08:38:59.202095,2024-08-05T08:43:46.199333,LONG,17370.0,17351.0,6,-2850.0,4,4,0
Pre_Fix_DB (processed_trades_backup_pre_ghost_fix),TM_9,FDAX,T88532aad0fef,2024-08-05T08:45:56.686276,2024-08-05T08:47:36.761675,LONG,17382.0,17351.0,6,-4650.0,1,4,0
Pre_Fix_DB (processed_trades_backup_pre_ghost_fix),TM_9,FDAX,T72cc883230ee,2024-08-05T08:54:14.940800,2024-08-05T09:08:38.932759,LONG,17357.0,17325.0,6,-4800.0,14,4,0
Pre_Fix_DB (processed_trades_backup_pre_ghost_fix),TM_9,FDAX,Tba2d0bf6e149,2024-08-05T09:37:38.755954,2024-08-05T09:45:06.550523,LONG,17341.0,17319.0,6,-3300.0,7,5,0
Pre_Fix_DB (processed_trades_backup_pre_ghost_fix),TM_9,FDAX,Taad3b059f508,2024-08-05T11:30:03.303903,2024-08-05T11:44:10.149519,LONG,17294.0,17258.0,6,-5400.0,14,7,0
Pre_Fix_DB (processed_trades_backup_pre_ghost_fix),TM_9,FDAX,Tbc47afbe10d1,2024-08-05T11:51:23.671661,2024-08-05T11:57:34.894130,LONG,17227.0,17215.0,6,-1800.0,6,7,0
Pre_Fix_DB (processed_trades_backup_pre_ghost_fix),TM_9,FDAX,T24ea41e7e637,2024-08-05T13:31:53.000074,2024-08-05T13:38:08.902371,LONG,17247.0,17215.0,6,-4800.0,6,9,0
Pre_Fix_DB (processed_trades_backup_pre_ghost_fix),TM_9,FDAX,Te1aafa6f74f6,2024-08-05T13:52:25.399957,2024-08-05T13:55:37.468397,LONG,17231.0,17209.0,6,-3300.0,3,9,0
Pre_Fix_DB (processed_trades_backup_pre_ghost_fix),TM_9,FDAX,T31d6f52f11de,2024-08-05T14:40:21.922207,2024-08-05T14:42:41.593433,LONG,17358.0,17334.0,6,-3600.0,2,10,0
Pre_Fix_DB (processed_trades_backup_pre_ghost_fix),TM_9,FDAX,T91d67eeb8267,2024-08-05T15:01:12.541087,2024-08-05T15:02:57.799935,LONG,17390.0,17360.0,6,-4500.0,1,11,0
Pre_Fix_DB (processed_trades_backup_pre_ghost_fix),TM_9,FDAX,Td612746159d5,2024-08-05T18:12:14.439067,2024-08-05T18:59:08.602314,LONG,17445.0,17421.0,6,-3600.0,46,14,0
Pre_Fix_DB (processed_trades_backup_pre_ghost_fix),TM_9,FDAX,T0a51c6a2c2d6,2024-08-06T00:30:00.304314,2024-08-06T00:33:18.248833,LONG,17557.0,17514.0,6,-6450.0,3,20,0
Pre_Fix_DB (processed_trades_backup_pre_ghost_fix),TM_9,FDAX,T5a89398a4e88,2024-08-06T01:25:36.899563,2024-08-06T01:33:51.688048,LONG,17640.0,17611.0,6,-4350.0,8,21,0
Pre_Fix_DB (processed_trades_backup_pre_ghost_fix),TM_9,FDAX,T67d6322861d5,2024-08-06T06:17:52.737375,2024-08-06T06:19:37.369644,LONG,17615.0,17624.0,4,900.0,1,2,1
Pre_Fix_DB (processed_trades_backup_pre_ghost_fix),TM_9,FDAX,Ta77c85341963,2024-08-06T07:08:44.241226,2024-08-06T07:10:03.093270,LONG,17550.0,17520.0,6,-4500.0,1,3,1
Pre_Fix_DB (processed_trades_backup_pre_ghost_fix),TM_9,FDAX,T97558ca27b74,2024-08-06T07:14:55.187825,2024-08-06T07:15:01.687730,LONG,17535.0,17500.0,6,-5250.0,0,3,1
Pre_Fix_DB (processed_trades_backup_pre_ghost_fix),TM_9,FDAX,T26ba8df069c3,2024-08-06T07:17:32.510713,2024-08-06T07:21:47.302299,LONG,17488.0,17493.0,4,500.0,4,3,1
Pre_Fix_DB (processed_trades_backup_pre_ghost_fix),TM_9,FDAX,Ta9433ceb45c1,2024-08-06T07:22:25.777527,2024-08-06T07:27:59.492158,LONG,17520.0,17488.0,6,-4800.0,5,3,1
Pre_Fix_DB (processed_trades_backup_pre_ghost_fix),TM_9,FDAX,T9cde25c4c8d8,2024-08-06T07:49:23.068620,2024-08-06T07:54:01.225968,LONG,17569.0,17536.0,6,-4950.0,4,3,1
Pre_Fix_DB (processed_trades_backup_pre_ghost_fix),TM_9,FDAX,T0b0e0a713f22,2024-08-06T11:38:16.572198,2024-08-06T11:54:53.747699,LONG,17454.0,17428.0,6,-3900.0,16,7,1
Pre_Fix_DB (processed_trades_backup_pre_ghost_fix),TM_9,FDAX,Ta0beddb88874,2024-08-06T12:25:29.793540,2024-08-06T12:25:30.275940,LONG,17427.0,17424.0,6,-450.0,0,8,1
Pre_Fix_DB (processed_trades_backup_pre_ghost_fix),TM_9,FDAX,Tf1f4aa53365e,2024-08-06T13:54:03.253599,2024-08-06T13:56:05.802373,LONG,17382.0,17375.0,6,-1050.0,2,9,1
Pre_Fix_DB (processed_trades_backup_pre_ghost_fix),TM_9,FDAX,T5b9364d1ca12,2024-08-06T14:17:54.467120,2024-08-06T14:20:23.115023,LONG,17434.0,17404.0,6,-4500.0,2,10,1
Pre_Fix_DB (processed_trades_backup_pre_ghost_fix),TM_9,FDAX,Tf6e5286c187a,2024-08-06T18:11:00.341658,2024-08-06T19:13:30.559137,LONG,17508.0,17507.0,4,-100.0,62,14,1
Pre_Fix_DB (processed_trades_backup_pre_ghost_fix),TM_9,FDAX,T461963d749a0,2024-08-07T03:26:22.619913,2024-08-07T03:32:49.072125,LONG,17604.0,17579.0,6,-3750.0,6,23,1
Pre_Fix_DB (processed_trades_backup_pre_ghost_fix),TM_9,FDAX,T556e01eedd71,2024-08-07T03:38:43.988433,2024-08-07T05:19:34.330695,LONG,17607.0,17610.0,4,300.0,100,23,1
Pre_Fix_DB (processed_trades_backup_pre_ghost_fix),TM_9,FDAX,Taedfd590bf51,2024-08-07T06:07:53.359397,2024-08-07T06:07:53.861165,LONG,17592.0,17587.0,6,-750.0,0,2,2
Pre_Fix_DB (processed_trades_backup_pre_ghost_fix),TM_9,FDAX,T139b671bf4c2,2024-08-07T06:40:28.489440,2024-08-07T07:00:37.425825,LONG,17502.0,17504.0,4,200.0,20,2,2
Pre_Fix_DB (processed_trades_backup_pre_ghost_fix),TM_9,FDAX,T76551b4f61a4,2024-08-07T07:22:01.242364,2024-08-07T07:26:35.431105,LONG,17527.0,17506.0,6,-3150.0,4,3,2
Pre_Fix_DB (processed_trades_backup_pre_ghost_fix),TM_9,FDAX,Tbdd7584459e4,2024-08-07T08:04:08.414836,2024-08-07T08:18:49.505334,LONG,17562.0,17541.0,6,-3150.0,14,4,2
Pre_Fix_DB (processed_trades_backup_pre_ghost_fix),TM_9,FDAX,T352f4bb1fb84,2024-08-07T08:21:00.929194,2024-08-07T08:36:38.026190,LONG,17574.0,17568.0,6,-900.0,15,4,2
Pre_Fix_DB (processed_trades_backup_pre_ghost_fix),TM_9,FDAX,T1e98608f50ae,2024-08-07T08:58:32.726551,2024-08-07T09:31:57.413743,LONG,17589.0,17615.0,4,2600.0,33,4,2
Pre_Fix_DB (processed_trades_backup_pre_ghost_fix),TM_9,FDAX,T7a49f49e085a,2024-08-07T09:39:32.839023,2024-08-07T09:57:24.885736,LONG,17635.0,17637.0,4,200.0,17,5,2
Pre_Fix_DB (processed_trades_backup_pre_ghost_fix),TM_9,FDAX,T2c653af54b83,2024-08-07T14:25:18.106631,2024-08-07T14:33:29.234435,LONG,17729.0,17698.0,6,-4650.0,8,10,2
Pre_Fix_DB (processed_trades_backup_pre_ghost_fix),TM_9,FDAX,T4d0730a18f1e,2024-08-08T06:13:00.784757,2024-08-08T06:17:00.459333,LONG,17597.0,17585.0,6,-1800.0,3,2,3
Pre_Fix_DB (processed_trades_backup_pre_ghost_fix),TM_9,FDAX,T95af04e923f0,2024-08-08T06:32:45.918652,2024-08-08T06:32:46.426502,LONG,17640.0,17637.0,6,-450.0,0,2,3
Pre_Fix_DB (processed_trades_backup_pre_ghost_fix),TM_9,FDAX,T081aa186e7f8,2024-08-08T08:13:27.414974,2024-08-08T08:37:46.987302,LONG,17577.0,17562.0,6,-2250.0,24,4,3
Pre_Fix_DB (processed_trades_backup_pre_ghost_fix),TM_9,FDAX,T91166dc7d36e,2024-08-08T09:00:53.488367,2024-08-08T09:26:02.019252,LONG,17587.0,17599.0,4,1200.0,25,5,3
Pre_Fix_DB (processed_trades_backup_pre_ghost_fix),TM_9,FDAX,T4749560e5509,2024-08-08T13:09:10.727088,2024-08-08T13:15:34.156840,LONG,17676.0,17642.0,6,-5100.0,6,9,3
Pre_Fix_DB (processed_trades_backup_pre_ghost_fix),TM_9,FDAX,T33985af9b78b,2024-08-08T13:52:52.717293,2024-08-08T13:52:53.210630,LONG,17675.0,17674.0,6,-150.0,0,9,3
Pre_Fix_DB (processed_trades_backup_pre_ghost_fix),TM_9,FDAX,T751fa1499ef0,2024-08-08T15:41:28.192325,2024-08-08T16:46:07.406181,LONG,17743.0,17739.0,6,-600.0,64,11,3
Pre_Fix_DB (processed_trades_backup_pre_ghost_fix),TM_9,FDAX,T59127d9ccce9,2024-08-08T17:10:39.335777,2024-08-08T17:21:43.779684,LONG,17753.0,17722.0,6,-4650.0,11,13,3
Pre_Fix_DB (processed_trades_backup_pre_ghost_fix),TM_9,FDAX,T2e90153e371d,2024-08-09T01:35:09.503571,2024-08-09T01:35:09.979901,LONG,17763.0,17753.0,6,-1500.0,0,21,3
Pre_Fix_DB (processed_trades_backup_pre_ghost_fix),TM_9,FDAX,T628fe3726a6b,2024-08-09T07:46:51.548700,2024-08-09T08:34:58.647250,LONG,17778.0,17798.0,4,2000.0,48,3,4
Pre_Fix_DB (processed_trades_backup_pre_ghost_fix),TM_9,FDAX,Tb40a14b86912,2024-08-09T19:22:50.779032,2024-08-09T20:09:49.769358,LONG,17827.0,17831.0,6,600.0,46,15,4
Pre_Fix_DB (processed_trades_backup_pre_ghost_fix),TM_9,FDAX,Tb723591a7584,2024-08-09T19:22:51.993981,2024-08-09T20:09:50.974017,LONG,17827.0,17831.0,6,600.0,46,15,4
Pre_Fix_DB (processed_trades_backup_pre_ghost_fix),TM_9,FDAX,Tb3c38b9cd706,2024-08-12T00:32:45.342684,2024-08-12T00:32:45.836238,LONG,17864.0,17861.0,6,-450.0,0,20,6
Pre_Fix_DB (processed_trades_backup_pre_ghost_fix),TM_9,FDAX,T7b3ee3c91be5,2024-08-12T03:08:15.269469,2024-08-12T03:51:50.512378,LONG,17893.0,17860.0,6,-4950.0,43,23,6
Pre_Fix_DB (processed_trades_backup_pre_ghost_fix),TM_9,FDAX,T362ec6f15032,2024-08-12T06:05:30.976906,2024-08-12T06:23:35.633219,LONG,17884.0,17853.0,6,-4650.0,18,2,0
Pre_Fix_DB (processed_trades_backup_pre_ghost_fix),TM_9,FDAX,T03e86e011210,2024-08-12T07:59:03.862025,2024-08-12T08:32:24.663021,LONG,17866.0,17867.0,4,100.0,33,3,0
Pre_Fix_DB (processed_trades_backup_pre_ghost_fix),TM_9,FDAX,T6a4e10cb326d,2024-08-12T14:00:46.053719,2024-08-12T14:11:36.760997,LONG,17769.0,17749.0,6,-3000.0,10,10,0
Pre_Fix_DB (processed_trades_backup_pre_ghost_fix),TM_9,FDAX,T7d3786bc1d36,2024-08-12T14:17:07.727471,2024-08-12T15:38:44.503053,LONG,17773.0,17787.0,4,1400.0,81,10,0
Pre_Fix_DB (processed_trades_backup_pre_ghost_fix),TM_9,FDAX,Tc6f428a8cc51,2024-08-12T17:31:18.500550,2024-08-12T18:06:25.029312,LONG,17801.0,17778.0,6,-3450.0,35,13,0
Pre_Fix_DB (processed_trades_backup_pre_ghost_fix),TM_9,FDAX,T8e2effd7fcf4,2024-08-12T18:18:29.347809,2024-08-12T20:08:37.569922,LONG,17791.0,17768.0,6,-3450.0,110,14,0
Pre_Fix_DB (processed_trades_backup_pre_ghost_fix),TM_9,FDAX,T9c1d04187b7c,2024-12-20T11:02:15.051212,2024-12-20T11:02:15.550461,LONG,19914.0,19911.0,6,-450.0,0,6,4
Pre_Fix_DB (processed_trades_backup_pre_ghost_fix),TM_9,FDAX,Tc50216e427bf,2025-01-30T20:51:50.075749,2025-01-30T20:51:51.356768,LONG,21878.0,21873.0,6,-750.0,0,15,3
Pre_Fix_DB (processed_trades_backup_pre_ghost_fix),TM_9,FDAX,Te4e0c2befc7c,2025-03-11T08:50:15.980463,2025-03-11T08:50:17.494743,LONG,22817.0,22812.0,6,-750.0,0,4,1
Pre_Fix_DB (processed_trades_backup_pre_ghost_fix),TSUFIM-PROD,FDAX,T8e1a6f053a43,2025-01-10T13:45:02.995260,2025-01-10T13:45:05.465468,LONG,20446.0,20436.0,6,-1500.0,0,8,4
Pre_Fix_DB (processed_trades_backup_pre_ghost_fix),TSUFIM-PROD,FDAX,T51da377462f3,2025-01-15T13:45:04.047928,2025-01-15T13:45:04.667460,SHORT,20627.0,20640.0,6,-1950.0,0,8,2
Pre_Fix_DB (processed_trades_backup_pre_ghost_fix),TSUFIM-PROD,FDAX,T66e268c26239,2025-01-20T13:45:04.953958,2025-01-20T13:45:06.310175,LONG,21035.0,21047.0,6,1800.0,0,8,0
Pre_Fix_DB (processed_trades_backup_pre_ghost_fix),TSUFIM-PROD,FDAX,Tff4263566a93,2025-03-14T12:23:54.682388,2025-03-14T12:23:56.606450,LONG,23065.0,23059.0,6,-900.0,0,8,4
Pre_Fix_DB (processed_trades_backup_pre_ghost_fix),A_SIM14,NQ,Te88f9b0f9ed5,2024-03-18T13:30:11.000001,2024-03-18T13:30:20,SHORT,18279.0,18285.0,4,-480.0,0,9,0
Pre_Fix_DB (processed_trades_backup_pre_ghost_fix),A_SIM15,NQ,T7b6041c3bef8,2024-03-18T13:30:11,2024-03-18T13:30:11.000002,SHORT,18280.0,18278.5,4,120.0,0,9,0
Pre_Fix_DB (processed_trades_backup_pre_ghost_fix),DEPTH,NQ,T6ae0bc1797e2,2024-05-16T08:15:00.000001,2024-05-16T08:15:07,SHORT,18712.5,18714.0,5,-150.0,0,4,3
Pre_Fix_DB (processed_trades_backup_pre_ghost_fix),DEPTH,NQ,T3bcedad8393c,2024-05-23T01:40:24,2024-05-23T01:42:06,SHORT,18890.5,18893.0,5,-250.0,1,21,2
Pre_Fix_DB (processed_trades_backup_pre_ghost_fix),ES-TM_9,NQ,Tbf91c1e22b2f,2024-05-23T14:09:44.317889,2024-05-23T14:09:44.891604,SHORT,18867.75,18869.0,6,-150.0,0,10,3
Pre_Fix_DB (processed_trades_backup_pre_ghost_fix),ES-TM_9,NQ,T01bf251d5bc6,2024-05-23T14:14:37.959510,2024-05-23T14:14:38.431525,SHORT,18902.75,18902.75,6,0.0,0,10,3
Pre_Fix_DB (processed_trades_backup_pre_ghost_fix),ES-TM_9,NQ,Te595b22a42b6,2024-05-23T14:44:14.096777,2024-05-23T14:44:14.688331,LONG,18889.5,18890.5,6,120.0,0,10,3
Pre_Fix_DB (processed_trades_backup_pre_ghost_fix),ES-TM_9,NQ,T0a000315073b,2024-05-23T15:00:16.515000,2024-05-23T15:00:17.060713,LONG,18813.25,18813.75,6,60.0,0,11,3
Pre_Fix_DB (processed_trades_backup_pre_ghost_fix),ES-TM_9,NQ,Tdeb6d59de9c3,2024-05-23T15:14:35.997910,2024-05-23T15:14:36.488954,LONG,18881.25,18880.75,6,-60.0,0,11,3
Pre_Fix_DB (processed_trades_backup_pre_ghost_fix),ES-TM_9,NQ,T5abc2814d5db,2024-05-23T15:45:31.901746,2024-05-23T15:45:32.452633,LONG,18914.0,18913.75,6,-30.0,0,11,3
Pre_Fix_DB (processed_trades_backup_pre_ghost_fix),ES-TM_9,NQ,T05696974f534,2024-05-23T15:59:22.381284,2024-05-23T16:00:31.879927,SHORT,18915.75,18915.5,4,20.0,1,11,3
Pre_Fix_DB (processed_trades_backup_pre_ghost_fix),ES-TM_9,NQ,T5cabfb746674,2024-05-23T16:00:47.858308,2024-05-23T16:00:48.758430,LONG,18918.75,18918.0,6,-90.0,0,12,3
Pre_Fix_DB (processed_trades_backup_pre_ghost_fix),ES-TM_9,NQ,T7090491f7709,2024-05-23T16:10:13.597068,2024-05-23T16:10:14.108306,LONG,18901.5,18901.25,6,-30.0,0,12,3
Pre_Fix_DB (processed_trades_backup_pre_ghost_fix),ES-TM_9,NQ,T0bc7a2c909d4,2024-05-23T16:46:59.930738,2024-05-23T16:47:00.404642,LONG,18888.5,18888.5,6,0.0,0,12,3
Pre_Fix_DB (processed_trades_backup_pre_ghost_fix),ES-TM_9,NQ,T9302fb8f9355,2024-05-23T17:02:47.640510,2024-05-23T17:02:48.371878,LONG,18849.5,18848.5,6,-120.0,0,13,3
Pre_Fix_DB (processed_trades_backup_pre_ghost_fix),ES-TM_9,NQ,Td51b8510b922,2024-05-23T17:24:28.040863,2024-05-23T17:24:28.963479,LONG,18830.25,18829.0,6,-150.0,0,13,3
Pre_Fix_DB (processed_trades_backup_pre_ghost_fix),ES-TM_9,NQ,Tf4ea6402052e,2024-05-23T17:48:38.152420,2024-05-23T17:51:03.270445,SHORT,18771.0,18770.75,4,20.0,2,13,3
Pre_Fix_DB (processed_trades_backup_pre_ghost_fix),ES-TM_9,NQ,T16fe014517b7,2024-05-23T17:58:23.910222,2024-05-23T17:58:25.098104,SHORT,18718.0,18717.0,6,120.0,0,13,3
Pre_Fix_DB (processed_trades_backup_pre_ghost_fix),ES-TM_9,NQ,T349e1b1cd103,2024-05-23T18:10:27.894417,2024-05-23T18:10:30.990603,SHORT,18703.25,18702.5,6,90.0,0,14,3
Pre_Fix_DB (processed_trades_backup_pre_ghost_fix),ES-TM_9,NQ,Td5e66d3753d5,2024-05-23T18:17:30.044234,2024-05-23T18:17:30.955914,LONG,18712.75,18712.25,6,-60.0,0,14,3
Pre_Fix_DB (processed_trades_backup_pre_ghost_fix),ES-TM_9,NQ,Tc6bfddfe8211,2024-05-23T18:21:45.625886,2024-05-23T18:21:46.734529,SHORT,18693.75,18696.25,6,-300.0,0,14,3
Pre_Fix_DB (processed_trades_backup_pre_ghost_fix),ES-TM_9,NQ,Ted7c103c4f1f,2024-05-23T18:22:44.810839,2024-05-23T18:22:45.835135,SHORT,18686.75,18687.0,6,-30.0,0,14,3
Pre_Fix_DB (processed_trades_backup_pre_ghost_fix),ES-TM_9,NQ,Tdf6a541b226b,2024-05-23T18:32:18.148677,2024-05-23T18:32:19.689284,LONG,18661.5,18662.0,6,60.0,0,14,3
Pre_Fix_DB (processed_trades_backup_pre_ghost_fix),ES-TM_9,NQ,Tfc76fca88782,2024-05-23T18:36:36.745118,2024-05-23T18:36:37.684430,LONG,18679.0,18676.5,6,-300.0,0,14,3
Pre_Fix_DB (processed_trades_backup_pre_ghost_fix),ES-TM_9,NQ,T8905d3ba0c95,2024-05-23T18:45:11.920734,2024-05-23T18:45:12.772417,LONG,18671.0,18671.25,6,30.0,0,14,3
Pre_Fix_DB (processed_trades_backup_pre_ghost_fix),ES-TM_9,NQ,Te3627601e53f,2024-05-23T18:58:13.904684,2024-05-23T18:58:14.947051,LONG,18629.0,18629.75,6,90.0,0,14,3
Pre_Fix_DB (processed_trades_backup_pre_ghost_fix),ES-TM_9,NQ,Tb0f479a2bfed,2024-05-23T19:00:24.641307,2024-05-23T19:00:25.842415,LONG,18641.75,18640.5,6,-150.0,0,15,3
Pre_Fix_DB (processed_trades_backup_pre_ghost_fix),ES-TM_9,NQ,Tcd4485a6cd90,2024-05-23T19:15:18.986674,2024-05-23T19:15:19.987790,SHORT,18640.0,18639.25,6,90.0,0,15,3
Pre_Fix_DB (processed_trades_backup_pre_ghost_fix),ES-TM_9,NQ,Ted522288e5da,2024-05-23T19:15:47.157376,2024-05-23T19:15:47.815486,LONG,18641.25,18641.0,6,-30.0,0,15,3
Pre_Fix_DB (processed_trades_backup_pre_ghost_fix),ES-TM_9,NQ,Tfda5fb07615a,2024-05-23T19:20:02.605017,2024-05-23T19:20:03.657574,LONG,18657.5,18657.25,6,-30.0,0,15,3
Pre_Fix_DB (processed_trades_backup_pre_ghost_fix),ES-TM_9,NQ,Te1001fdb23ee,2024-05-23T19:21:19.619630,2024-05-23T19:21:20.893593,LONG,18649.25,18647.0,6,-270.0,0,15,3
Pre_Fix_DB (processed_trades_backup_pre_ghost_fix),ES-TM_9,NQ,T256e044e79f4,2024-05-23T19:25:47.377551,2024-05-23T19:25:47.938226,SHORT,18646.25,18647.0,6,-90.0,0,15,3
Pre_Fix_DB (processed_trades_backup_pre_ghost_fix),ES-TM_9,NQ,T872803197165,2024-05-23T19:34:30.791488,2024-05-23T19:34:32.109928,LONG,18677.0,18675.25,6,-210.0,0,15,3
Pre_Fix_DB (processed_trades_backup_pre_ghost_fix),ES-TM_9,NQ,T2831143dfc50,2024-05-23T19:38:50.274599,2024-05-23T19:38:51.425202,SHORT,18685.25,18685.5,6,-30.0,0,15,3
Pre_Fix_DB (processed_trades_backup_pre_ghost_fix),ES-TM_9,NQ,T17893d78af0e,2024-05-23T19:50:34.217956,2024-05-23T19:50:35.367643,SHORT,18706.5,18706.5,6,0.0,0,15,3
Pre_Fix_DB (processed_trades_backup_pre_ghost_fix),ES-TM_9,NQ,T49e42b9a5e7c,2024-05-23T19:54:07.889078,2024-05-23T19:54:08.643822,SHORT,18704.75,18707.0,6,-270.0,0,15,3
Pre_Fix_DB (processed_trades_backup_pre_ghost_fix),ES-TM_9,NQ,Ta5c765ee9f3e,2024-05-23T19:55:08.794395,2024-05-23T19:55:10.027229,LONG,18685.75,18687.0,6,150.0,0,15,3
Pre_Fix_DB (processed_trades_backup_pre_ghost_fix),ES-TM_9,NQ,T4da69183bd9d,2024-05-23T19:59:57.231822,2024-05-23T19:59:58.523847,SHORT,18693.0,18695.25,6,-270.0,0,15,3
Pre_Fix_DB (processed_trades_backup_pre_ghost_fix),ES-TM_9,NQ,Te9c52fa16479,2024-05-24T00:21:08.972151,2024-05-24T00:21:09.421695,LONG,18706.5,18705.75,6,-90.0,0,20,3
Pre_Fix_DB (processed_trades_backup_pre_ghost_fix),ES-TM_9,NQ,T5f2278f453af,2024-05-24T00:45:21.259760,2024-05-24T00:45:21.671756,SHORT,18721.5,18722.0,6,-60.0,0,20,3
Pre_Fix_DB (processed_trades_backup_pre_ghost_fix),ES-TM_9,NQ,T9fe562e817c5,2024-05-24T11:13:35.605360,2024-05-24T11:13:36.066593,SHORT,18759.0,18759.5,6,-60.0,0,7,4
Pre_Fix_DB (processed_trades_backup_pre_ghost_fix),ES-TM_9,NQ,T7d18fb106d1f,2024-05-24T12:12:06.765043,2024-05-24T12:12:07.291911,LONG,18742.25,18741.5,6,-90.0,0,8,4
Pre_Fix_DB (processed_trades_backup_pre_ghost_fix),ES-TM_9,NQ,T957c5bd86495,2024-05-24T12:30:31.818602,2024-05-24T12:30:32.240676,LONG,18737.5,18735.75,6,-210.0,0,8,4
Pre_Fix_DB (processed_trades_backup_pre_ghost_fix),ES-TM_9,NQ,Tcc97a4b1bb3e,2024-05-24T12:31:37.238606,2024-05-24T12:31:37.749531,SHORT,18748.25,18749.25,6,-120.0,0,8,4
Pre_Fix_DB (processed_trades_backup_pre_ghost_fix),ES-TM_9,NQ,Tf1df75f59324,2024-05-24T12:34:26.660676,2024-05-24T12:34:27.159408,SHORT,18755.25,18755.5,6,-30.0,0,8,4
Pre_Fix_DB (processed_trades_backup_pre_ghost_fix),ES-TM_9,NQ,T77df6d71bb0c,2024-05-27T00:54:36.082900,2024-05-27T00:54:36.651030,LONG,18848.25,18847.0,6,-150.0,0,20,6
Pre_Fix_DB (processed_trades_backup_pre_ghost_fix),ES-TM_9,NQ,T1d1dbda381f9,2024-05-27T02:40:24.253060,2024-05-27T02:40:24.760353,LONG,18849.75,18849.25,6,-60.0,0,22,6
Pre_Fix_DB (processed_trades_backup_pre_ghost_fix),ES-TM_9,NQ,Tf661451eb221,2024-05-27T06:18:59.655954,2024-05-27T06:19:00.208114,SHORT,18872.0,18872.5,6,-60.0,0,2,0
Pre_Fix_DB (processed_trades_backup_pre_ghost_fix),ES-TM_9,NQ,Tc65d9450b1f0,2024-05-27T14:35:38.653495,2024-05-27T14:35:39.141187,LONG,18888.25,18887.75,6,-60.0,0,10,0
Pre_Fix_DB (processed_trades_backup_pre_ghost_fix),ES-TM_9,NQ,T346b7652d909,2024-05-27T15:08:33.756879,2024-05-27T15:08:34.232176,SHORT,18913.5,18914.0,6,-60.0,0,11,0
Pre_Fix_DB (processed_trades_backup_pre_ghost_fix),ES-TM_9,NQ,Tc184f74ae41f,2024-05-28T00:09:56.171796,2024-05-28T00:09:56.704165,LONG,18896.5,18896.5,6,0.0,0,20,0
Pre_Fix_DB (processed_trades_backup_pre_ghost_fix),ES-TM_9,NQ,Tb9cff673ab77,2024-05-28T02:56:13.009084,2024-05-28T02:56:13.521170,SHORT,18917.5,18917.75,6,-30.0,0,22,0
Pre_Fix_DB (processed_trades_backup_pre_ghost_fix),ES-TM_9,NQ,T1b6ec25d8f2a,2024-05-28T06:33:49.432301,2024-05-28T06:33:49.836643,LONG,18922.0,18921.5,6,-60.0,0,2,1
Pre_Fix_DB (processed_trades_backup_pre_ghost_fix),ES-TM_9,NQ,T22eb4d528877,2024-05-28T07:38:21.501516,2024-05-28T07:38:21.901197,LONG,18925.5,18925.25,6,-30.0,0,3,1
Pre_Fix_DB (processed_trades_backup_pre_ghost_fix),ES-TM_9,NQ,Ta84378730177,2024-05-28T09:34:15.286567,2024-05-28T09:34:15.764566,LONG,18965.25,18964.75,6,-60.0,0,5,1
Pre_Fix_DB (processed_trades_backup_pre_ghost_fix),ES-TM_9,NQ,T9d6bc4f3534d,2024-05-28T11:03:46.024196,2024-05-28T11:03:46.618953,LONG,18922.25,18921.75,6,-60.0,0,7,1
Pre_Fix_DB (processed_trades_backup_pre_ghost_fix),ES-TM_9,NQ,Tb1ae1896266d,2024-05-28T12:17:43.381214,2024-05-28T12:17:43.895454,SHORT,18918.75,18919.25,6,-60.0,0,8,1
Pre_Fix_DB (processed_trades_backup_pre_ghost_fix),ES-TM_9,NQ,T3daadbc80e43,2024-05-28T13:31:04.207122,2024-05-28T13:31:04.779172,LONG,18926.75,18927.75,6,120.0,0,9,1
Pre_Fix_DB (processed_trades_backup_pre_ghost_fix),ES-TM_9,NQ,Td47b46699e77,2024-05-28T13:33:38.737689,2024-05-28T13:33:39.205610,LONG,18904.5,18904.5,6,0.0,0,9,1
Pre_Fix_DB (processed_trades_backup_pre_ghost_fix),ES-TM_9,NQ,T52a10ac6888a,2024-05-28T13:35:06.240620,2024-05-28T13:35:06.715420,SHORT,18912.75,18913.0,6,-30.0,0,9,1
Pre_Fix_DB (processed_trades_backup_pre_ghost_fix),ES-TM_9,NQ,T24d8fdb8b5d6,2024-05-28T13:38:38.941406,2024-05-28T13:38:39.393529,LONG,18897.75,18897.75,6,0.0,0,9,1
Pre_Fix_DB (processed_trades_backup_pre_ghost_fix),ES-TM_9,NQ,T0cfb4da2662a,2024-05-28T13:52:34.794886,2024-05-28T13:52:57.757590,SHORT,18846.75,18854.75,6,-960.0,0,9,1
Pre_Fix_DB (processed_trades_backup_pre_ghost_fix),ES-TM_9,NQ,Te43d386742a4,2024-05-28T18:37:04.103463,2024-05-28T18:37:04.557623,LONG,18834.75,18834.25,6,-60.0,0,14,1
Pre_Fix_DB (processed_trades_backup_pre_ghost_fix),ES-TM_9,NQ,Tbaa4733a34d1,2024-05-28T18:39:40.766216,2024-05-28T18:39:41.111084,LONG,18833.25,18833.5,6,30.0,0,14,1
Pre_Fix_DB (processed_trades_backup_pre_ghost_fix),ES-TM_9,NQ,T1e9db0514e49,2024-05-28T19:03:31.180193,2024-05-28T19:03:31.577427,SHORT,18866.0,18866.5,6,-60.0,0,15,1
Pre_Fix_DB (processed_trades_backup_pre_ghost_fix),ES-TM_9,NQ,T7e3c81fd8a5d,2024-05-28T19:10:14.993495,2024-05-28T19:10:15.380048,SHORT,18878.0,18877.75,6,30.0,0,15,1
Pre_Fix_DB (processed_trades_backup_pre_ghost_fix),ES-TM_9,NQ,T7e5b3bbf40a1,2024-05-28T19:30:42.140219,2024-05-28T19:30:42.669441,LONG,18886.75,18886.5,6,-30.0,0,15,1
Pre_Fix_DB (processed_trades_backup_pre_ghost_fix),ES-TM_9,NQ,Td9a2e07eca9f,2024-05-28T23:53:15.101247,2024-05-28T23:53:15.573134,LONG,18935.75,18934.75,6,-120.0,0,19,1
Pre_Fix_DB (processed_trades_backup_pre_ghost_fix),ES-TM_9,NQ,Tb9f0f4955761,2024-05-29T00:51:19.885458,2024-05-29T00:51:20.444446,LONG,18910.75,18909.75,6,-120.0,0,20,1
Pre_Fix_DB (processed_trades_backup_pre_ghost_fix),ES-TM_9,NQ,T42daf8cf23f6,2024-05-29T01:25:24.577886,2024-05-29T01:25:25.076343,LONG,18916.0,18915.5,6,-60.0,0,21,1
Pre_Fix_DB (processed_trades_backup_pre_ghost_fix),ES-TM_9,NQ,T4cbe656b4872,2024-05-29T06:07:56.375224,2024-05-29T06:07:59.246892,SHORT,18860.25,18861.5,6,-150.0,0,2,2
Pre_Fix_DB (processed_trades_backup_pre_ghost_fix),ES-TM_9,NQ,T270e78c78988,2024-05-29T07:53:42.706552,2024-05-29T07:55:20.379112,SHORT,18849.0,18851.75,6,-330.0,1,3,2
Pre_Fix_DB (processed_trades_backup_pre_ghost_fix),ES-TM_9,NQ,Td45894e81865,2024-05-30T06:34:04.169706,2024-05-30T06:34:04.718686,SHORT,18667.5,18668.0,6,-60.0,0,2,3
Pre_Fix_DB (processed_trades_backup_pre_ghost_fix),ES-TM_9,NQ,T713e99b5b285,2024-05-30T08:00:11.732215,2024-05-30T08:00:15.220647,SHORT,18700.25,18701.25,6,-120.0,0,4,3
Pre_Fix_DB (processed_trades_backup_pre_ghost_fix),ES-TM_9,NQ,Td06f88750ec0,2024-05-30T11:45:09.394745,2024-05-30T11:45:09.949030,SHORT,18755.75,18756.25,6,-60.0,0,7,3
Pre_Fix_DB (processed_trades_backup_pre_ghost_fix),ES-TM_9,NQ,Tdc0278078609,2024-05-30T12:39:43.356168,2024-05-30T12:39:43.731804,SHORT,18765.0,18765.0,6,0.0,0,8,3
Pre_Fix_DB (processed_trades_backup_pre_ghost_fix),ES-TM_9,NQ,T63157b635789,2024-05-30T13:06:05.135457,2024-05-30T13:06:05.641732,LONG,18764.25,18763.75,6,-60.0,0,9,3
Pre_Fix_DB (processed_trades_backup_pre_ghost_fix),ES-TM_9,NQ,Tefeda426ec65,2024-05-30T13:31:52.560128,2024-05-30T13:31:52.893366,LONG,18758.0,18757.0,6,-120.0,0,9,3
Pre_Fix_DB (processed_trades_backup_pre_ghost_fix),ES-TM_9,NQ,T48c0cc6c842a,2024-05-30T13:32:48.220596,2024-05-30T13:32:48.727971,LONG,18755.0,18756.0,6,120.0,0,9,3
Pre_Fix_DB (processed_trades_backup_pre_ghost_fix),ES-TM_9,NQ,T1a46e8ac1c15,2024-05-30T13:42:21.906738,2024-05-30T13:42:22.456849,SHORT,18732.5,18732.75,6,-30.0,0,9,3
Pre_Fix_DB (processed_trades_backup_pre_ghost_fix),ES-TM_9,NQ,T14705f9a9c15,2024-05-30T13:56:28.440445,2024-05-30T13:56:28.850136,LONG,18722.75,18722.5,6,-30.0,0,9,3
Pre_Fix_DB (processed_trades_backup_pre_ghost_fix),ES-TM_9,NQ,T6792a71d5d06,2024-05-30T14:00:28.490321,2024-05-30T14:00:29.080706,LONG,18736.25,18736.25,6,0.0,0,10,3
Pre_Fix_DB (processed_trades_backup_pre_ghost_fix),ES-TM_9,NQ,T233f38cf9cdb,2024-05-30T14:04:02.190153,2024-05-30T14:04:02.505633,LONG,18729.75,18730.0,6,30.0,0,10,3
Pre_Fix_DB (processed_trades_backup_pre_ghost_fix),ES-TM_9,NQ,Tee00096812b8,2024-05-30T14:15:16.882358,2024-05-30T14:15:17.197430,SHORT,18699.25,18700.5,6,-150.0,0,10,3
Pre_Fix_DB (processed_trades_backup_pre_ghost_fix),ES-TM_9,NQ,Td60dac57e129,2024-05-30T14:35:00.712661,2024-05-30T14:35:01.243442,LONG,18685.0,18683.25,6,-210.0,0,10,3
Pre_Fix_DB (processed_trades_backup_pre_ghost_fix),ES-TM_9,NQ,T99cef8dc5d87,2024-05-30T14:43:53.912097,2024-05-30T14:43:54.346217,LONG,18656.0,18655.75,6,-30.0,0,10,3
Pre_Fix_DB (processed_trades_backup_pre_ghost_fix),ES-TM_9,NQ,T5e9b3c16281f,2024-05-30T15:16:27.041624,2024-05-30T15:16:27.496818,LONG,18650.0,18649.25,6,-90.0,0,11,3
Pre_Fix_DB (processed_trades_backup_pre_ghost_fix),ES-TM_9,NQ,T39b7515746b2,2024-05-30T15:16:27.960660,2024-05-30T15:16:28.331968,LONG,18650.0,18649.25,6,-90.0,0,11,3
Pre_Fix_DB (processed_trades_backup_pre_ghost_fix),ES-TM_9,NQ,T55eed8df27c6,2024-05-30T16:52:41.610408,2024-05-30T16:52:42.204478,LONG,18694.75,18694.5,6,-30.0,0,12,3
Pre_Fix_DB (processed_trades_backup_pre_ghost_fix),ES-TM_9,NQ,T115354fa71e3,2024-05-30T17:01:37.335606,2024-05-30T17:05:48.328114,SHORT,18699.0,18698.75,4,20.0,4,13,3
Pre_Fix_DB (processed_trades_backup_pre_ghost_fix),ES-TM_9,NQ,Teb08226417d2,2024-05-30T17:23:02.766048,2024-05-30T17:23:03.348206,LONG,18714.0,18713.75,6,-30.0,0,13,3
Pre_Fix_DB (processed_trades_backup_pre_ghost_fix),ES-TM_9,NQ,Tc1e40927bcae,2024-05-30T17:45:08.376565,2024-05-30T17:45:08.895752,SHORT,18717.75,18718.25,6,-60.0,0,13,3
Pre_Fix_DB (processed_trades_backup_pre_ghost_fix),ES-TM_9,NQ,Tf98f3a7c3190,2024-05-30T18:47:47.211473,2024-05-30T18:47:47.713945,LONG,18672.0,18671.5,6,-60.0,0,14,3
Pre_Fix_DB (processed_trades_backup_pre_ghost_fix),ES-TM_9,NQ,T63302f5b30ce,2024-05-30T19:17:14.394218,2024-05-30T19:17:14.956196,SHORT,18660.0,18660.25,6,-30.0,0,15,3
Pre_Fix_DB (processed_trades_backup_pre_ghost_fix),ES-TM_9,NQ,T11c6a39354a6,2024-05-30T19:20:24.893799,2024-05-30T19:20:25.410943,LONG,18644.0,18643.25,6,-90.0,0,15,3
Pre_Fix_DB (processed_trades_backup_pre_ghost_fix),ES-TM_9,NQ,T32cd9dfb4874,2024-05-30T19:35:24.775380,2024-05-30T19:35:25.257021,LONG,18606.25,18605.5,6,-90.0,0,15,3
Pre_Fix_DB (processed_trades_backup_pre_ghost_fix),ES-TM_9,NQ,Tc208914af1da,2024-05-30T19:55:12.441061,2024-05-30T19:55:12.866898,SHORT,18637.25,18634.75,6,300.0,0,15,3
Pre_Fix_DB (processed_trades_backup_pre_ghost_fix),ES-TM_9,NQ,T6090e6507ac3,2024-05-30T19:55:12.938649,2024-05-30T19:55:20.891991,LONG,18634.75,18623.25,6,-1380.0,0,15,3
Pre_Fix_DB (processed_trades_backup_pre_ghost_fix),ES-TM_9,NQ,Tbe4763695b14,2024-05-30T19:59:28.838622,2024-05-30T19:59:29.385646,SHORT,18603.0,18602.5,6,60.0,0,15,3
Pre_Fix_DB (processed_trades_backup_pre_ghost_fix),ES-TM_9,NQ,T8c2ec1f90110,2024-05-30T20:59:42.568712,2024-05-30T20:59:43.074995,LONG,18594.75,18594.0,6,-90.0,0,16,3
Pre_Fix_DB (processed_trades_backup_pre_ghost_fix),ES-TM_9,NQ,T9ae0c0f31a29,2024-05-30T22:00:04.347145,2024-05-30T22:00:04.814711,LONG,18579.25,18578.0,6,-150.0,0,18,3
Pre_Fix_DB (processed_trades_backup_pre_ghost_fix),ES-TM_9,NQ,T8b1b4c3b0b95,2024-05-31T05:10:01.075971,2024-05-31T05:10:01.571179,LONG,18564.5,18563.5,6,-120.0,0,1,4
Pre_Fix_DB (processed_trades_backup_pre_ghost_fix),ES-TM_9,NQ,T5d5c3a2c1c77,2024-05-31T09:21:11.270718,2024-05-31T09:21:11.841542,LONG,18532.75,18532.5,6,-30.0,0,5,4
Pre_Fix_DB (processed_trades_backup_pre_ghost_fix),ES-TM_9,NQ,Taf02f2784216,2024-05-31T10:07:18.569589,2024-05-31T10:07:19.027631,SHORT,18535.25,18536.0,6,-90.0,0,6,4
Pre_Fix_DB (processed_trades_backup_pre_ghost_fix),ES-TM_9,NQ,T6847c71b612e,2024-05-31T10:31:56.584709,2024-05-31T10:31:57.085717,LONG,18518.75,18518.0,6,-90.0,0,6,4
Pre_Fix_DB (processed_trades_backup_pre_ghost_fix),ES-TM_9,NQ,Tf0d713d93a97,2024-05-31T12:21:23.863261,2024-05-31T12:21:24.421351,SHORT,18571.75,18572.25,6,-60.0,0,8,4
Pre_Fix_DB (processed_trades_backup_pre_ghost_fix),ES-TM_9,NQ,T0f52ef6373f6,2024-05-31T12:31:46.558522,2024-05-31T12:31:47.029983,SHORT,18606.25,18607.25,6,-120.0,0,8,4
Pre_Fix_DB (processed_trades_backup_pre_ghost_fix),ES-TM_9,NQ,T031411c02271,2024-05-31T12:37:42.194977,2024-05-31T12:37:42.658182,SHORT,18631.5,18633.75,6,-270.0,0,8,4
Pre_Fix_DB (processed_trades_backup_pre_ghost_fix),ES-TM_9,NQ,Te6a92eefc72e,2024-05-31T12:50:49.500010,2024-05-31T12:50:49.852859,SHORT,18666.75,18667.5,6,-90.0,0,8,4
Pre_Fix_DB (processed_trades_backup_pre_ghost_fix),ES-TM_9,NQ,Ta1f8866a436c,2024-05-31T12:52:53.348509,2024-05-31T12:52:53.825960,SHORT,18655.75,18656.75,6,-120.0,0,8,4
Pre_Fix_DB (processed_trades_backup_pre_ghost_fix),ES-TM_9,NQ,Te7f2ebafbbd2,2024-05-31T13:01:00.047317,2024-05-31T13:01:00.769328,LONG,18653.75,18653.0,6,-90.0,0,9,4
Pre_Fix_DB (processed_trades_backup_pre_ghost_fix),ES-TM_9,NQ,T75a474190409,2024-05-31T13:16:49.769683,2024-05-31T13:16:50.259317,SHORT,18633.0,18633.25,6,-30.0,0,9,4
Pre_Fix_DB (processed_trades_backup_pre_ghost_fix),ES-TM_9,NQ,T437a5b629abf,2024-05-31T13:32:52.234178,2024-05-31T13:33:15.206124,SHORT,18596.5,18604.25,6,-930.0,0,9,4
Pre_Fix_DB (processed_trades_backup_pre_ghost_fix),ES-TM_9,NQ,T8366de70efe3,2024-05-31T13:33:57.774929,2024-05-31T13:33:58.180458,LONG,18583.25,18583.25,6,0.0,0,9,4
Pre_Fix_DB (processed_trades_backup_pre_ghost_fix),ES-TM_9,NQ,T292082079fbf,2024-05-31T13:38:45.934327,2024-05-31T13:38:46.458604,LONG,18597.5,18597.25,6,-30.0,0,9,4
Pre_Fix_DB (processed_trades_backup_pre_ghost_fix),ES-TM_9,NQ,T8f3570a18a3a,2024-05-31T13:51:19.822561,2024-05-31T13:51:20.324600,LONG,18565.0,18565.5,6,60.0,0,9,4
Pre_Fix_DB (processed_trades_backup_pre_ghost_fix),ES-TM_9,NQ,T4e40fd4ce6ba,2024-05-31T13:54:57.964066,2024-05-31T13:54:58.494197,SHORT,18544.5,18543.5,6,120.0,0,9,4
Pre_Fix_DB (processed_trades_backup_pre_ghost_fix),ES-TM_9,NQ,T61304d80e4a4,2024-05-31T13:56:53.675377,2024-05-31T13:56:54.232933,SHORT,18546.25,18547.5,6,-150.0,0,9,4
Pre_Fix_DB (processed_trades_backup_pre_ghost_fix),ES-TM_9,NQ,T58878b20f075,2024-05-31T14:15:31.253053,2024-05-31T14:15:31.702032,LONG,18475.25,18474.5,6,-90.0,0,10,4
Pre_Fix_DB (processed_trades_backup_pre_ghost_fix),ES-TM_9,NQ,T284d5c1abb1e,2024-05-31T14:19:28.789165,2024-05-31T14:19:29.441764,SHORT,18473.25,18470.75,6,300.0,0,10,4
Pre_Fix_DB (processed_trades_backup_pre_ghost_fix),ES-TM_9,NQ,Tb5478bbf2416,2024-05-31T14:20:10.321294,2024-05-31T14:20:10.800142,LONG,18468.25,18468.0,6,-30.0,0,10,4
Pre_Fix_DB (processed_trades_backup_pre_ghost_fix),ES-TM_9,NQ,Td21808261310,2024-05-31T14:27:37.495433,2024-05-31T14:27:38.040988,LONG,18438.75,18438.75,6,0.0,0,10,4
Pre_Fix_DB (processed_trades_backup_pre_ghost_fix),ES-TM_9,NQ,Tc548ab610b37,2024-05-31T14:35:19.776705,2024-05-31T14:35:20.244531,SHORT,18370.75,18372.25,6,-180.0,0,10,4
Pre_Fix_DB (processed_trades_backup_pre_ghost_fix),ES-TM_9,NQ,Te86834217ef9,2024-05-31T14:38:06.905165,2024-05-31T14:38:13.929509,SHORT,18383.25,18385.75,6,-300.0,0,10,4
Pre_Fix_DB (processed_trades_backup_pre_ghost_fix),ES-TM_9,NQ,Tba10bdf7f509,2024-05-31T14:49:51.959994,2024-05-31T14:49:52.424186,SHORT,18364.25,18364.5,6,-30.0,0,10,4
Pre_Fix_DB (processed_trades_backup_pre_ghost_fix),ES-TM_9,NQ,T9cfb664a825f,2024-05-31T15:03:07.518909,2024-05-31T15:03:08.023840,LONG,18359.75,18359.5,6,-30.0,0,11,4
Pre_Fix_DB (processed_trades_backup_pre_ghost_fix),ES-TM_9,NQ,Tb1dd69828808,2024-05-31T15:11:31.549226,2024-05-31T15:11:32.003876,LONG,18351.25,18350.75,6,-60.0,0,11,4
Pre_Fix_DB (processed_trades_backup_pre_ghost_fix),ES-TM_9,NQ,T0a0f11717dd6,2024-05-31T15:24:14.877758,2024-05-31T15:24:15.373124,LONG,18344.75,18345.5,6,90.0,0,11,4
Pre_Fix_DB (processed_trades_backup_pre_ghost_fix),ES-TM_9,NQ,T03ba462ef494,2024-05-31T15:34:13.153347,2024-05-31T15:34:13.588554,SHORT,18309.75,18309.75,6,0.0,0,11,4
Pre_Fix_DB (processed_trades_backup_pre_ghost_fix),ES-TM_9,NQ,Tb2062423c9f0,2024-05-31T16:18:21.119813,2024-05-31T16:18:21.425322,LONG,18264.0,18263.25,6,-90.0,0,12,4
Pre_Fix_DB (processed_trades_backup_pre_ghost_fix),ES-TM_9,NQ,T8672b8a7fb39,2024-05-31T16:24:13.218746,2024-05-31T16:24:13.624901,SHORT,18258.25,18258.5,6,-30.0,0,12,4
Pre_Fix_DB (processed_trades_backup_pre_ghost_fix),ES-TM_9,NQ,T23e88ba0f38e,2024-05-31T16:39:14.989995,2024-05-31T16:39:15.566180,LONG,18270.0,18270.5,6,60.0,0,12,4
Pre_Fix_DB (processed_trades_backup_pre_ghost_fix),ES-TM_9,NQ,T1376edfe31ea,2024-05-31T17:44:34.204118,2024-05-31T17:44:34.952802,LONG,18345.25,18344.0,6,-150.0,0,13,4
Pre_Fix_DB (processed_trades_backup_pre_ghost_fix),ES-TM_9,NQ,T82e2921b642f,2024-05-31T19:19:33.228027,2024-05-31T19:19:34.011154,LONG,18394.0,18393.75,6,-30.0,0,15,4
Pre_Fix_DB (processed_trades_backup_pre_ghost_fix),ES-TM_9,NQ,Tf04a6b93d36c,2024-05-31T19:23:46.790405,2024-05-31T19:23:47.399940,SHORT,18412.25,18413.0,6,-90.0,0,15,4
Pre_Fix_DB (processed_trades_backup_pre_ghost_fix),ES-TM_9,NQ,T752f725e408d,2024-05-31T19:31:35.344319,2024-05-31T19:31:35.684306,LONG,18402.0,18402.75,6,90.0,0,15,4
Pre_Fix_DB (processed_trades_backup_pre_ghost_fix),ES-TM_9,NQ,T7c8e709fecd4,2024-05-31T19:32:05.126512,2024-05-31T19:32:05.676780,LONG,18412.75,18412.5,6,-30.0,0,15,4
Pre_Fix_DB (processed_trades_backup_pre_ghost_fix),ES-TM_9,NQ,Td25b5e4462bf,2024-05-31T19:51:40.442736,2024-05-31T19:51:41.112974,LONG,18528.25,18525.5,6,-330.0,0,15,4
Pre_Fix_DB (processed_trades_backup_pre_ghost_fix),ES-TM_9,NQ,Td182af9af5fe,2024-05-31T19:55:28.903828,2024-05-31T19:55:29.291774,LONG,18565.0,18564.25,6,-90.0,0,15,4
Pre_Fix_DB (processed_trades_backup_pre_ghost_fix),ES-TM_9,NQ,T294d36c2e633,2024-05-31T20:01:28.985898,2024-05-31T20:01:29.530621,SHORT,18615.75,18617.5,6,-210.0,0,16,4
Pre_Fix_DB (processed_trades_backup_pre_ghost_fix),ES-TM_9,NQ,Te0e2837c0c89,2024-05-31T20:20:19.870436,2024-05-31T20:20:20.481923,LONG,18585.0,18584.0,6,-120.0,0,16,4
Pre_Fix_DB (processed_trades_backup_pre_ghost_fix),ES-TM_9,NQ,T2f0c1fbf55d9,2024-05-31T20:25:20.913114,2024-05-31T20:25:21.466342,SHORT,18582.0,18582.75,6,-90.0,0,16,4
Pre_Fix_DB (processed_trades_backup_pre_ghost_fix),ES-TM_9,NQ,T422ea2c3025c,2024-05-31T20:47:53.017859,2024-05-31T20:47:53.513144,SHORT,18574.25,18574.75,6,-60.0,0,16,4
Pre_Fix_DB (processed_trades_backup_pre_ghost_fix),ES-TM_9,NQ,T4efa32d7431a,2024-06-02T22:50:16.898071,2024-06-02T22:50:17.392536,LONG,18572.5,18571.5,6,-120.0,0,18,6
Pre_Fix_DB (processed_trades_backup_pre_ghost_fix),ES-TM_9,NQ,Te990d4ea836b,2024-06-03T01:08:18.570427,2024-06-03T01:08:19.103103,LONG,18630.0,18629.25,6,-90.0,0,21,6
Pre_Fix_DB (processed_trades_backup_pre_ghost_fix),ES-TM_9,NQ,T39df3e79112a,2024-06-03T06:21:46.540294,2024-06-03T06:21:47.023738,LONG,18647.75,18647.0,6,-90.0,0,2,0
Pre_Fix_DB (processed_trades_backup_pre_ghost_fix),ES-TM_9,NQ,T56e1539e987a,2024-06-03T06:43:01.600743,2024-06-03T06:43:02.039403,SHORT,18663.5,18664.75,6,-150.0,0,2,0
Pre_Fix_DB (processed_trades_backup_pre_ghost_fix),ES-TM_9,NQ,Tb404213a3620,2024-06-03T07:07:20.745354,2024-06-03T07:07:21.216422,LONG,18666.5,18665.75,6,-90.0,0,3,0
Pre_Fix_DB (processed_trades_backup_pre_ghost_fix),ES-TM_9,NQ,Taccb4c6eb068,2024-06-03T07:21:56.231121,2024-06-03T07:21:56.742048,LONG,18637.75,18636.75,6,-120.0,0,3,0
Pre_Fix_DB (processed_trades_backup_pre_ghost_fix),ES-TM_9,NQ,Tcd2359512498,2024-06-03T07:31:04.211707,2024-06-03T07:31:04.732405,LONG,18644.25,18643.75,6,-60.0,0,3,0
Pre_Fix_DB (processed_trades_backup_pre_ghost_fix),ES-TM_9,NQ,T656fabada5fa,2024-06-03T08:59:00.446404,2024-06-03T08:59:01.009298,SHORT,18666.75,18667.25,6,-60.0,0,4,0
Pre_Fix_DB (processed_trades_backup_pre_ghost_fix),ES-TM_9,NQ,Tf18ace4fd969,2024-06-03T09:53:18.524222,2024-06-03T09:53:19.061668,LONG,18663.25,18663.0,6,-30.0,0,5,0
Pre_Fix_DB (processed_trades_backup_pre_ghost_fix),ES-TM_9,NQ,T3ebaf7619d2f,2024-06-03T10:45:44.278612,2024-06-03T10:45:44.775031,SHORT,18663.75,18664.25,6,-60.0,0,6,0
Pre_Fix_DB (processed_trades_backup_pre_ghost_fix),ES-TM_9,NQ,T1f9188361d67,2024-06-03T13:30:44.634371,2024-06-03T13:30:45.105600,SHORT,18702.25,18703.25,6,-120.0,0,9,0
Pre_Fix_DB (processed_trades_backup_pre_ghost_fix),ES-TM_9,NQ,T2a770d86b113,2024-06-03T13:45:36.684988,2024-06-03T13:45:37.124690,LONG,18740.5,18740.5,6,0.0,0,9,0
Pre_Fix_DB (processed_trades_backup_pre_ghost_fix),ES-TM_9,NQ,T7491c8ce178c,2024-06-03T13:54:50.757970,2024-06-03T13:55:05.128488,SHORT,18686.25,18691.25,6,-600.0,0,9,0
Pre_Fix_DB (processed_trades_backup_pre_ghost_fix),ES-TM_9,NQ,T3a515d54e52c,2024-06-03T14:18:45.795601,2024-06-03T14:18:46.256315,LONG,18690.5,18691.25,6,90.0,0,10,0
Pre_Fix_DB (processed_trades_backup_pre_ghost_fix),ES-TM_9,NQ,Tab14fdd4273e,2024-06-03T14:23:28.775742,2024-06-03T14:23:29.192740,LONG,18686.25,18687.5,6,150.0,0,10,0
Pre_Fix_DB (processed_trades_backup_pre_ghost_fix),ES-TM_9,NQ,T9412e4d3abe8,2024-06-03T14:33:56.754286,2024-06-03T14:33:57.225245,LONG,18679.25,18678.5,6,-90.0,0,10,0
Pre_Fix_DB (processed_trades_backup_pre_ghost_fix),ES-TM_9,NQ,Taebfd7c68873,2024-06-03T14:36:26.455344,2024-06-03T14:36:26.994956,LONG,18654.5,18651.5,6,-360.0,0,10,0
Pre_Fix_DB (processed_trades_backup_pre_ghost_fix),ES-TM_9,NQ,Te0abd94a6a50,2024-06-03T14:37:09.472459,2024-06-03T14:37:09.848711,LONG,18659.5,18658.75,6,-90.0,0,10,0
Pre_Fix_DB (processed_trades_backup_pre_ghost_fix),ES-TM_9,NQ,Td07b6fa3ebe8,2024-06-03T14:40:13.285344,2024-06-03T14:40:13.802560,LONG,18662.0,18662.0,6,0.0,0,10,0
Pre_Fix_DB (processed_trades_backup_pre_ghost_fix),ES-TM_9,NQ,T062fcb94f0f9,2024-06-03T14:44:00.866501,2024-06-03T14:44:01.276986,LONG,18652.25,18652.25,6,0.0,0,10,0
Pre_Fix_DB (processed_trades_backup_pre_ghost_fix),ES-TM_9,NQ,Tf5772cfbbc02,2024-06-03T14:49:41.304494,2024-06-03T14:49:41.821235,SHORT,18611.75,18613.25,6,-180.0,0,10,0
Pre_Fix_DB (processed_trades_backup_pre_ghost_fix),ES-TM_9,NQ,Tf50567af32e2,2024-06-03T14:57:36.431450,2024-06-03T14:57:39.829718,SHORT,18577.75,18577.75,6,0.0,0,10,0
Pre_Fix_DB (processed_trades_backup_pre_ghost_fix),ES-TM_9,NQ,T0ecffb5a0c34,2024-06-03T15:04:08.893609,2024-06-03T15:04:09.353302,LONG,18572.75,18572.75,6,0.0,0,11,0
Pre_Fix_DB (processed_trades_backup_pre_ghost_fix),ES-TM_9,NQ,T6cec94742327,2024-06-03T15:05:44.401265,2024-06-03T15:05:44.820537,LONG,18566.5,18565.5,6,-120.0,0,11,0
Pre_Fix_DB (processed_trades_backup_pre_ghost_fix),ES-TM_9,NQ,T1a5ad93723e9,2024-06-03T15:35:12.361718,2024-06-03T15:35:12.992808,LONG,18610.0,18609.75,6,-30.0,0,11,0
Pre_Fix_DB (processed_trades_backup_pre_ghost_fix),ES-TM_9,NQ,Tbd62317cce2e,2024-06-03T15:48:16.995742,2024-06-03T15:48:17.464817,LONG,18605.25,18605.5,6,30.0,0,11,0
Pre_Fix_DB (processed_trades_backup_pre_ghost_fix),ES-TM_9,NQ,T73a0798f9fe9,2024-06-03T15:59:44.921891,2024-06-03T15:59:45.446492,SHORT,18603.0,18603.75,6,-90.0,0,11,0
Pre_Fix_DB (processed_trades_backup_pre_ghost_fix),ES-TM_9,NQ,T8bea7527d433,2024-06-03T16:01:06.938030,2024-06-03T16:01:07.433930,SHORT,18606.5,18607.0,6,-60.0,0,12,0
Pre_Fix_DB (processed_trades_backup_pre_ghost_fix),ES-TM_9,NQ,T046d5704cb11,2024-06-03T16:17:15.090370,2024-06-03T16:17:15.464984,SHORT,18528.0,18529.5,6,-180.0,0,12,0
Pre_Fix_DB (processed_trades_backup_pre_ghost_fix),ES-TM_9,NQ,T76309e2e60a8,2024-06-03T16:26:52.979084,2024-06-03T16:26:53.473163,LONG,18504.5,18505.25,6,90.0,0,12,0
Pre_Fix_DB (processed_trades_backup_pre_ghost_fix),ES-TM_9,NQ,Tcda4c602f754,2024-06-04T00:10:50.319232,2024-06-04T00:10:50.814072,LONG,18661.25,18660.75,6,-60.0,0,20,0
Pre_Fix_DB (processed_trades_backup_pre_ghost_fix),ES-TM_9,NQ,T9bfae3d411db,2024-06-04T02:55:51.423926,2024-06-04T02:55:51.936182,LONG,18655.0,18654.5,6,-60.0,0,22,0
Pre_Fix_DB (processed_trades_backup_pre_ghost_fix),ES-TM_9,NQ,T3685739a9d15,2024-06-04T03:25:40.243380,2024-06-04T03:25:40.745937,LONG,18647.75,18647.25,6,-60.0,0,23,0
Pre_Fix_DB (processed_trades_backup_pre_ghost_fix),ES-TM_9,NQ,T6836d64eda55,2024-06-04T03:32:04.301662,2024-06-04T03:32:04.860845,LONG,18650.75,18650.25,6,-60.0,0,23,0
Pre_Fix_DB (processed_trades_backup_pre_ghost_fix),ES-TM_9,NQ,T41cec03ec1fb,2024-06-04T06:55:52.495235,2024-06-04T06:55:52.803060,SHORT,18595.25,18595.75,6,-60.0,0,2,1
Pre_Fix_DB (processed_trades_backup_pre_ghost_fix),ES-TM_9,NQ,Tc20034775077,2024-06-04T07:04:07.311583,2024-06-04T07:04:07.773038,LONG,18594.5,18594.0,6,-60.0,0,3,1
Pre_Fix_DB (processed_trades_backup_pre_ghost_fix),ES-TM_9,NQ,T9d141373c16b,2024-06-04T07:34:39.425663,2024-06-04T07:34:39.896117,SHORT,18605.25,18605.75,6,-60.0,0,3,1
Pre_Fix_DB (processed_trades_backup_pre_ghost_fix),ES-TM_9,NQ,T0b370d94a9d7,2024-06-04T08:10:51.597131,2024-06-04T08:13:01.944237,SHORT,18602.25,18601.75,4,40.0,2,4,1
Pre_Fix_DB (processed_trades_backup_pre_ghost_fix),ES-TM_9,NQ,T2eb2d96b8bfa,2024-06-04T08:39:27.927790,2024-06-04T08:43:29.631099,SHORT,18571.25,18571.0,4,20.0,4,4,1
Pre_Fix_DB (processed_trades_backup_pre_ghost_fix),ES-TM_9,NQ,T4aa175480b5e,2024-06-04T09:22:14.688093,2024-06-04T09:22:15.188459,LONG,18541.25,18540.5,6,-90.0,0,5,1
Pre_Fix_DB (processed_trades_backup_pre_ghost_fix),ES-TM_9,NQ,T25adbc904251,2024-06-04T09:40:22.686471,2024-06-04T09:40:23.185767,LONG,18549.0,18548.75,6,-30.0,0,5,1
Pre_Fix_DB (processed_trades_backup_pre_ghost_fix),ES-TM_9,NQ,T6ee180a6cbbe,2024-06-04T10:06:11.267178,2024-06-04T10:12:01.718656,SHORT,18538.0,18537.75,4,20.0,5,6,1
Pre_Fix_DB (processed_trades_backup_pre_ghost_fix),ES-TM_9,NQ,T4bbed98b3a76,2024-06-04T10:29:16.291363,2024-06-04T10:29:16.784798,SHORT,18555.25,18554.25,6,120.0,0,6,1
Pre_Fix_DB (processed_trades_backup_pre_ghost_fix),ES-TM_9,NQ,Tb2baba9428fd,2024-06-04T10:30:05.834126,2024-06-04T10:30:06.268083,LONG,18542.0,18541.75,6,-30.0,0,6,1
Pre_Fix_DB (processed_trades_backup_pre_ghost_fix),ES-TM_9,NQ,T77fd37d5ad51,2024-06-04T11:33:12.399605,2024-06-04T11:33:12.805854,LONG,18587.0,18586.5,6,-60.0,0,7,1
Pre_Fix_DB (processed_trades_backup_pre_ghost_fix),ES-TM_9,NQ,Tf27047970aef,2024-06-04T12:05:07.520704,2024-06-04T12:07:37.365129,LONG,18573.25,18565.5,6,-930.0,2,8,1
Pre_Fix_DB (processed_trades_backup_pre_ghost_fix),ES-TM_9,NQ,Tc73edc0bd24e,2024-06-04T13:27:40.372692,2024-06-04T13:27:40.758132,LONG,18631.25,18630.75,6,-60.0,0,9,1
Pre_Fix_DB (processed_trades_backup_pre_ghost_fix),ES-TM_9,NQ,Te9ee2f86c919,2024-06-04T13:33:50.926186,2024-06-04T13:33:51.416162,LONG,18620.25,18618.25,6,-240.0,0,9,1
Pre_Fix_DB (processed_trades_backup_pre_ghost_fix),ES-TM_9,NQ,T1de739f8aa70,2024-06-04T13:46:37.165958,2024-06-04T13:46:37.696062,SHORT,18616.5,18616.5,6,0.0,0,9,1
Pre_Fix_DB (processed_trades_backup_pre_ghost_fix),ES-TM_9,NQ,T434f544f8599,2024-06-04T13:55:24.779258,2024-06-04T13:55:25.293227,LONG,18619.5,18619.25,6,-30.0,0,9,1
Pre_Fix_DB (processed_trades_backup_pre_ghost_fix),ES-TM_9,NQ,T9609dc27dbc1,2024-06-04T14:08:10.858210,2024-06-04T14:08:11.352323,SHORT,18608.25,18609.0,6,-90.0,0,10,1
Pre_Fix_DB (processed_trades_backup_pre_ghost_fix),ES-TM_9,NQ,T32f59c9ddd5e,2024-06-04T14:15:17.021740,2024-06-04T14:15:17.433844,SHORT,18573.5,18574.25,6,-90.0,0,10,1
Pre_Fix_DB (processed_trades_backup_pre_ghost_fix),ES-TM_9,NQ,T4a0f8a2483c9,2024-06-04T14:36:09.163011,2024-06-04T14:37:01.736043,SHORT,18614.0,18610.0,6,480.0,0,10,1
Pre_Fix_DB (processed_trades_backup_pre_ghost_fix),ES-TM_9,NQ,T27a4129615dd,2024-06-04T14:45:46.738545,2024-06-04T14:45:47.338606,LONG,18646.5,18646.75,6,30.0,0,10,1
Pre_Fix_DB (processed_trades_backup_pre_ghost_fix),ES-TM_9,NQ,Tc3111bd96a4b,2024-06-04T14:53:49.931177,2024-06-04T14:53:50.432942,LONG,18623.75,18622.75,6,-120.0,0,10,1
Pre_Fix_DB (processed_trades_backup_pre_ghost_fix),ES-TM_9,NQ,T9304fd7ea5b3,2024-06-04T15:00:45.214215,2024-06-04T15:00:45.663265,LONG,18596.5,18597.25,6,90.0,0,11,1
Pre_Fix_DB (processed_trades_backup_pre_ghost_fix),ES-TM_9,NQ,T21d53decffb0,2024-06-04T15:01:04.584586,2024-06-04T15:03:25.673422,LONG,18608.0,18608.5,4,40.0,2,11,1
Pre_Fix_DB (processed_trades_backup_pre_ghost_fix),ES-TM_9,NQ,T2927b75c228a,2024-06-04T15:04:33.558477,2024-06-04T15:05:26.629592,SHORT,18603.0,18612.25,6,-1110.0,0,11,1
Pre_Fix_DB (processed_trades_backup_pre_ghost_fix),ES-TM_9,NQ,Tc660e604586b,2024-06-04T16:05:52.840669,2024-06-04T16:06:04.758000,SHORT,18585.0,18592.0,6,-840.0,0,12,1
Pre_Fix_DB (processed_trades_backup_pre_ghost_fix),ES-TM_9,NQ,Tc6a39bbf5f40,2024-06-04T16:13:12.960367,2024-06-04T16:13:13.369417,LONG,18583.0,18582.75,6,-30.0,0,12,1
Pre_Fix_DB (processed_trades_backup_pre_ghost_fix),ES-TM_9,NQ,T4631d95d4ddc,2024-06-04T16:24:14.199803,2024-06-04T16:24:14.586177,LONG,18587.25,18586.0,6,-150.0,0,12,1
Pre_Fix_DB (processed_trades_backup_pre_ghost_fix),ES-TM_9,NQ,T87e1b0579889,2024-06-04T16:36:47.214158,2024-06-04T16:36:47.716065,LONG,18605.75,18604.75,6,-120.0,0,12,1
Pre_Fix_DB (processed_trades_backup_pre_ghost_fix),ES-TM_9,NQ,T68bec983c02e,2024-06-04T17:25:01.876724,2024-06-04T17:25:02.392049,SHORT,18621.75,18623.5,6,-210.0,0,13,1
Pre_Fix_DB (processed_trades_backup_pre_ghost_fix),ES-TM_9,NQ,T8fd6a8a66596,2024-06-04T17:37:34.039716,2024-06-04T17:37:34.433529,SHORT,18617.5,18618.25,6,-90.0,0,13,1
Pre_Fix_DB (processed_trades_backup_pre_ghost_fix),ES-TM_9,NQ,T198e1357f3ed,2024-06-04T17:57:03.364682,2024-06-04T17:57:03.837194,SHORT,18629.0,18627.75,6,150.0,0,13,1
Pre_Fix_DB (processed_trades_backup_pre_ghost_fix),ES-TM_9,NQ,T1c7c149222df,2024-06-04T18:31:25.707576,2024-06-04T18:31:26.215494,LONG,18717.25,18718.0,6,90.0,0,14,1
Pre_Fix_DB (processed_trades_backup_pre_ghost_fix),ES-TM_9,NQ,Tdadef06cefaa,2024-06-04T18:42:40.881109,2024-06-04T18:42:41.158423,LONG,18730.5,18730.25,6,-30.0,0,14,1
Pre_Fix_DB (processed_trades_backup_pre_ghost_fix),ES-TM_9,NQ,T29c94763e181,2024-06-04T18:49:05.313275,2024-06-04T18:49:05.871330,SHORT,18738.0,18739.25,6,-150.0,0,14,1
Pre_Fix_DB (processed_trades_backup_pre_ghost_fix),ES-TM_9,NQ,T4ddad5703de4,2024-06-04T19:02:27.507360,2024-06-04T19:02:28.004428,LONG,18667.5,18666.75,6,-90.0,0,15,1
Pre_Fix_DB (processed_trades_backup_pre_ghost_fix),ES-TM_9,NQ,T5ed3f4823449,2024-06-04T19:07:29.690180,2024-06-04T19:07:30.222787,LONG,18635.0,18635.25,6,30.0,0,15,1
Pre_Fix_DB (processed_trades_backup_pre_ghost_fix),ES-TM_9,NQ,T6097a65544e3,2024-06-04T19:09:40.191434,2024-06-04T19:09:40.657312,SHORT,18657.5,18657.75,6,-30.0,0,15,1
Pre_Fix_DB (processed_trades_backup_pre_ghost_fix),ES-TM_9,NQ,T895aa12505f0,2024-06-04T19:31:21.320311,2024-06-04T19:31:21.696813,LONG,18661.25,18660.75,6,-60.0,0,15,1
Pre_Fix_DB (processed_trades_backup_pre_ghost_fix),ES-TM_9,NQ,T2378bb27ad0f,2024-06-04T19:32:06.247814,2024-06-04T19:32:06.950925,SHORT,18655.5,18655.75,6,-30.0,0,15,1
Pre_Fix_DB (processed_trades_backup_pre_ghost_fix),ES-TM_9,NQ,T3c9fa87ff52b,2024-06-05T17:03:16.529277,2024-06-05T17:03:17.031285,SHORT,19010.5,19011.0,6,-60.0,0,13,2
Pre_Fix_DB (processed_trades_backup_pre_ghost_fix),ES-TM_9,NQ,Te9e36a72f6f1,2024-06-07T12:35:25.772823,2024-06-07T12:35:52.547714,LONG,19019.75,19012.25,6,-900.0,0,8,4
Pre_Fix_DB (processed_trades_backup_pre_ghost_fix),ES-TM_9,NQ,Td62b48598325,2024-06-09T22:36:34.930748,2024-06-09T22:44:55.875391,LONG,19036.25,19034.75,6,-180.0,8,18,6
Pre_Fix_DB (processed_trades_backup_pre_ghost_fix),ES-TM_9,NQ,Tdf4017b348a6,2024-06-10T11:58:42.546989,2024-06-10T12:05:47.045340,LONG,19024.5,19024.75,4,20.0,7,7,0
Pre_Fix_DB (processed_trades_backup_pre_ghost_fix),ES-TM_9,NQ,T6f8ded1ce514,2024-06-10T13:17:51.477935,2024-06-10T13:25:02.479322,SHORT,18991.0,18990.75,4,20.0,7,9,0
Pre_Fix_DB (processed_trades_backup_pre_ghost_fix),ES-TM_9,NQ,T84310c9639b1,2024-06-10T13:32:15.405798,2024-06-10T13:32:16.032624,LONG,18994.75,18995.0,6,30.0,0,9,0
Pre_Fix_DB (processed_trades_backup_pre_ghost_fix),ES-TM_9,NQ,Tb5dc98ffe559,2024-06-10T13:32:36.473121,2024-06-10T13:32:36.950806,SHORT,18998.75,18998.25,6,60.0,0,9,0
Pre_Fix_DB (processed_trades_backup_pre_ghost_fix),ES-TM_9,NQ,Tbfb58e763905,2024-06-10T13:44:25.071598,2024-06-10T13:44:29.458632,LONG,19007.0,19001.75,6,-630.0,0,9,0
Pre_Fix_DB (processed_trades_backup_pre_ghost_fix),ES-TM_9,NQ,Tbda4c4cd81d9,2024-06-13T09:00:12.819807,2024-06-13T09:15:53.177038,LONG,19642.5,19634.0,6,-1020.0,15,5,3
Pre_Fix_DB (processed_trades_backup_pre_ghost_fix),ES-TM_9,NQ,T2932bccbcdc5,2024-06-14T13:20:33.820015,2024-06-14T13:22:52.997192,LONG,19563.25,19563.5,4,20.0,2,9,4
Pre_Fix_DB (processed_trades_backup_pre_ghost_fix),ES-TM_9,NQ,T82df5b38822f,2024-06-14T13:31:24.893404,2024-06-14T13:31:31.519073,SHORT,19567.0,19575.25,6,-990.0,0,9,4
Pre_Fix_DB (processed_trades_backup_pre_ghost_fix),ES-TM_9,NQ,T0b64be8f78a4,2024-06-14T13:52:12.130421,2024-06-14T13:52:12.537615,SHORT,19632.0,19631.0,6,120.0,0,9,4
Pre_Fix_DB (processed_trades_backup_pre_ghost_fix),ES-TM_9,NQ,T3120c03e4e46,2024-06-14T13:57:10.632867,2024-06-14T13:57:11.073549,SHORT,19621.5,19622.5,6,-120.0,0,9,4
Pre_Fix_DB (processed_trades_backup_pre_ghost_fix),ES-TM_9,NQ,T98d4d10e1140,2024-06-14T13:57:11.617781,2024-06-14T13:57:12.080189,SHORT,19621.5,19622.5,6,-120.0,0,9,4
Pre_Fix_DB (processed_trades_backup_pre_ghost_fix),ES-TM_9,NQ,T0c73c435628c,2024-06-14T13:59:59.955461,2024-06-14T14:00:00.670080,SHORT,19629.5,19635.75,6,-750.0,0,9,4
Pre_Fix_DB (processed_trades_backup_pre_ghost_fix),ES-TM_9,NQ,Tfc59486b631d,2024-06-16T22:00:01.044850,2024-06-16T22:00:01.530806,SHORT,19700.5,19703.25,6,-330.0,0,18,6
Pre_Fix_DB (processed_trades_backup_pre_ghost_fix),ES-TM_9,NQ,Te6e4d8d08924,2024-06-16T22:01:39.396499,2024-06-16T22:01:58.851792,LONG,19681.5,19681.75,4,20.0,0,18,6
Pre_Fix_DB (processed_trades_backup_pre_ghost_fix),ES-TM_9,NQ,Tebaf591a3f55,2024-06-17T05:37:15.511352,2024-06-17T05:57:19.591347,LONG,19704.75,19696.75,6,-960.0,20,1,0
Pre_Fix_DB (processed_trades_backup_pre_ghost_fix),ES-TM_9,NQ,T793f85d90106,2024-06-18T06:58:10.136434,2024-06-18T07:04:09.136802,LONG,20200.25,20192.5,6,-930.0,5,2,1
Pre_Fix_DB (processed_trades_backup_pre_ghost_fix),ES-TM_9,NQ,Tfafcc1058382,2024-06-18T18:27:52.484440,2024-06-18T18:33:23.238223,LONG,20189.25,20181.25,6,-960.0,5,14,1
Pre_Fix_DB (processed_trades_backup_pre_ghost_fix),ES-TM_9,NQ,T315d5b890abd,2024-06-20T07:56:37.331734,2024-06-20T08:03:36.213708,LONG,20332.25,20332.5,4,20.0,6,3,3
Pre_Fix_DB (processed_trades_backup_pre_ghost_fix),ES-TM_9,NQ,Tdbf691d9ffe2,2024-06-20T08:14:48.396948,2024-06-20T08:17:20.724803,LONG,20331.0,20323.5,6,-900.0,2,4,3
Pre_Fix_DB (processed_trades_backup_pre_ghost_fix),ES-TM_9,NQ,T61515d15c0e5,2024-06-20T12:16:59.735319,2024-06-20T12:31:19.299569,LONG,20293.5,20294.0,4,40.0,14,8,3
Pre_Fix_DB (processed_trades_backup_pre_ghost_fix),ES-TM_9,NQ,T9471bc6800e2,2024-06-20T12:36:16.314614,2024-06-20T12:38:57.119951,LONG,20273.25,20274.75,4,120.0,2,8,3
Pre_Fix_DB (processed_trades_backup_pre_ghost_fix),ES-TM_9,NQ,Tadba6236785a,2024-06-20T13:29:59.635588,2024-06-20T13:30:23.227164,LONG,20244.75,20245.0,4,20.0,0,9,3
Pre_Fix_DB (processed_trades_backup_pre_ghost_fix),ES-TM_9,NQ,T4839eb591567,2024-06-20T13:37:41.386738,2024-06-20T13:38:08.356247,SHORT,20211.75,20218.75,6,-840.0,0,9,3
Pre_Fix_DB (processed_trades_backup_pre_ghost_fix),ES-TM_9,NQ,Tff5aa7b0ead0,2024-06-20T13:42:25.606417,2024-06-20T13:42:26.167482,SHORT,20239.5,20239.75,6,-30.0,0,9,3
Pre_Fix_DB (processed_trades_backup_pre_ghost_fix),ES-TM_9,NQ,T10a2bacb8379,2024-06-20T13:55:20.886073,2024-06-20T13:55:39.904791,SHORT,20233.25,20240.75,6,-900.0,0,9,3
Pre_Fix_DB (processed_trades_backup_pre_ghost_fix),ES-TM_9,NQ,T976f7d3379a9,2024-06-20T13:58:09.199353,2024-06-20T13:58:59.002875,LONG,20239.5,20231.75,6,-930.0,0,9,3
Pre_Fix_DB (processed_trades_backup_pre_ghost_fix),ES-TM_9,NQ,T427457ef5510,2024-06-20T14:02:34.020527,2024-06-20T14:04:49.030018,LONG,20229.0,20221.5,6,-900.0,2,10,3
Pre_Fix_DB (processed_trades_backup_pre_ghost_fix),ES-TM_9,NQ,T5acc46a6730b,2024-06-20T14:10:28.955314,2024-06-20T14:10:29.525876,SHORT,20188.5,20187.75,6,90.0,0,10,3
Pre_Fix_DB (processed_trades_backup_pre_ghost_fix),ES-TM_9,NQ,T7a34203cddb0,2024-06-20T14:11:43.742271,2024-06-20T14:12:08.750711,LONG,20168.25,20164.5,6,-450.0,0,10,3
Pre_Fix_DB (processed_trades_backup_pre_ghost_fix),ES-TM_9,NQ,Tc80cddb5e9cd,2024-06-20T14:12:13.819019,2024-06-20T14:12:23.837395,LONG,20162.0,20162.25,6,30.0,0,10,3
Pre_Fix_DB (processed_trades_backup_pre_ghost_fix),ES-TM_9,NQ,T1b48eec7df90,2024-06-20T14:15:12.884105,2024-06-20T14:15:36.920078,LONG,20158.25,20157.75,4,-40.0,0,10,3
Pre_Fix_DB (processed_trades_backup_pre_ghost_fix),ES-TM_9,NQ,Taf51048c44c2,2024-06-20T14:15:42.517303,2024-06-20T14:15:52.035607,LONG,20154.25,20151.75,4,-200.0,0,10,3
Pre_Fix_DB (processed_trades_backup_pre_ghost_fix),ES-TM_9,NQ,Td801f576f23a,2024-06-20T14:46:04.792803,2024-06-20T14:53:31.304767,SHORT,20180.0,20185.75,4,-460.0,7,10,3
Pre_Fix_DB (processed_trades_backup_pre_ghost_fix),ES-TM_9,NQ,T542085026f35,2024-06-25T06:18:29.558620,2024-06-25T06:41:18.589786,LONG,19786.75,19788.75,4,160.0,22,2,1
Pre_Fix_DB (processed_trades_backup_pre_ghost_fix),ES-TM_9,NQ,T932d5755c536,2024-06-25T08:26:34.532725,2024-06-25T08:26:35.002244,SHORT,19790.5,19791.5,6,-120.0,0,4,1
Pre_Fix_DB (processed_trades_backup_pre_ghost_fix),ES-TM_9,NQ,Tae0e31ac7969,2024-06-25T09:05:48.224031,2024-06-25T09:05:48.724312,SHORT,19827.5,19828.0,6,-60.0,0,5,1
Pre_Fix_DB (processed_trades_backup_pre_ghost_fix),ES-TM_9,NQ,T3ae18d41fbb5,2024-06-25T10:42:47.812763,2024-06-25T10:52:50.062193,SHORT,19826.75,19835.0,6,-990.0,10,6,1
Pre_Fix_DB (processed_trades_backup_pre_ghost_fix),ES-TM_9,NQ,T409bd1d910f8,2024-06-26T06:58:37.757927,2024-06-26T07:00:55.868639,SHORT,20011.5,20019.0,6,-900.0,2,2,2
Pre_Fix_DB (processed_trades_backup_pre_ghost_fix),ES-TM_9,NQ,T5125553ba3c0,2024-06-26T07:07:08.518236,2024-06-26T07:07:22.127176,LONG,20000.5,19996.25,6,-510.0,0,3,2
Pre_Fix_DB (processed_trades_backup_pre_ghost_fix),ES-TM_9,NQ,Tee3a93bf637c,2024-06-26T07:29:23.006749,2024-06-26T07:29:23.478821,SHORT,20040.5,20041.25,6,-90.0,0,3,2
Pre_Fix_DB (processed_trades_backup_pre_ghost_fix),ES-TM_9,NQ,Tf9b41c0efcb9,2024-06-26T09:57:17.511813,2024-06-26T10:00:02.235764,LONG,20022.75,20018.75,6,-480.0,2,5,2
Pre_Fix_DB (processed_trades_backup_pre_ghost_fix),ES-TM_9,NQ,Te7e028d0124a,2024-06-26T18:05:58.631015,2024-06-26T18:06:47.632149,LONG,19968.25,19960.25,6,-960.0,0,14,2
Pre_Fix_DB (processed_trades_backup_pre_ghost_fix),ES-TM_9,NQ,T5a5a1c744428,2024-06-26T20:07:05.113590,2024-06-26T20:07:21.428335,LONG,19979.5,19972.5,6,-840.0,0,16,2
Pre_Fix_DB (processed_trades_backup_pre_ghost_fix),ES-TM_9,NQ,Ta2cf51f2783e,2024-06-26T20:14:02.341604,2024-06-26T20:18:08.668144,LONG,19943.75,19944.0,4,20.0,4,16,2
Pre_Fix_DB (processed_trades_backup_pre_ghost_fix),ES-TM_9,NQ,Ta71a68da85c8,2024-06-26T22:14:56.319995,2024-06-26T22:14:56.717646,SHORT,19948.75,19950.0,6,-150.0,0,18,2
Pre_Fix_DB (processed_trades_backup_pre_ghost_fix),ES-TM_9,NQ,T948aa1369cef,2024-06-27T00:08:05.458467,2024-06-27T00:08:05.963158,SHORT,19912.25,19912.75,6,-60.0,0,20,2
Pre_Fix_DB (processed_trades_backup_pre_ghost_fix),ES-TM_9,NQ,Td63f1f240966,2024-06-27T11:47:22.857364,2024-06-27T11:47:23.388953,LONG,19977.75,19977.25,6,-60.0,0,7,3
Pre_Fix_DB (processed_trades_backup_pre_ghost_fix),ES-TM_9,NQ,T0e6bd717bc13,2024-06-27T12:32:06.421227,2024-06-27T12:32:07.050087,SHORT,19979.75,19980.75,6,-120.0,0,8,3
Pre_Fix_DB (processed_trades_backup_pre_ghost_fix),ES-TM_9,NQ,T00ad38db4701,2024-06-27T14:07:27.831940,2024-06-27T14:08:01.575683,LONG,20053.25,20051.75,6,-180.0,0,10,3
Pre_Fix_DB (processed_trades_backup_pre_ghost_fix),ES-TM_9,NQ,T47ab009a0b81,2024-06-27T14:31:04.001208,2024-06-27T14:31:04.497825,LONG,20072.0,20071.0,6,-120.0,0,10,3
Pre_Fix_DB (processed_trades_backup_pre_ghost_fix),ES-TM_9,NQ,Tbac8a111a796,2024-06-27T14:33:17.750859,2024-06-27T14:33:18.161340,SHORT,20069.75,20069.75,6,0.0,0,10,3
Pre_Fix_DB (processed_trades_backup_pre_ghost_fix),ES-TM_9,NQ,T87b97c810644,2024-06-27T14:37:38.336173,2024-06-27T14:37:38.899617,SHORT,20057.0,20058.25,6,-150.0,0,10,3
Pre_Fix_DB (processed_trades_backup_pre_ghost_fix),ES-TM_9,NQ,T0a6283d3114d,2024-06-27T14:40:31.684208,2024-06-27T14:40:32.187214,SHORT,20071.75,20071.5,6,30.0,0,10,3
Pre_Fix_DB (processed_trades_backup_pre_ghost_fix),ES-TM_9,NQ,T676f2ead1e5a,2024-06-27T14:41:14.256604,2024-06-27T14:45:07.503289,LONG,20070.75,20060.75,6,-1200.0,3,10,3
Pre_Fix_DB (processed_trades_backup_pre_ghost_fix),ES-TM_9,NQ,T33cd9dd79535,2024-06-27T14:54:31.964130,2024-06-27T14:57:14.356016,LONG,20018.75,20019.5,4,60.0,2,10,3
Pre_Fix_DB (processed_trades_backup_pre_ghost_fix),ES-TM_9,NQ,Teb9748cb9bc9,2024-06-27T15:05:41.119836,2024-06-27T15:06:07.597914,SHORT,20026.5,20026.25,4,20.0,0,11,3
Pre_Fix_DB (processed_trades_backup_pre_ghost_fix),ES-TM_9,NQ,T6b95147e66c8,2024-06-27T15:18:50.798120,2024-06-27T15:20:04.176564,LONG,20029.75,20021.5,6,-990.0,1,11,3
Pre_Fix_DB (processed_trades_backup_pre_ghost_fix),ES-TM_9,NQ,T978c019e69d0,2024-06-28T07:00:16.553521,2024-06-28T07:01:27.757829,LONG,20111.5,20107.75,6,-450.0,1,3,4
Pre_Fix_DB (processed_trades_backup_pre_ghost_fix),IMPORT,NQ,Tbed965cd7e5d,2024-05-15T13:30:00,2024-05-15T13:30:00.000001,LONG,18513.75,18516.0,6,270.0,0,9,2
Pre_Fix_DB (processed_trades_backup_pre_ghost_fix),IMPORT,NQ,T92192387db4d,2024-05-15T13:51:45,2024-05-15T13:51:46,LONG,18467.0,18466.5,6,-60.0,0,9,2
Pre_Fix_DB (processed_trades_backup_pre_ghost_fix),IMPORT,NQ,T469960eaaad7,2024-05-15T16:10:37,2024-05-15T16:10:37.000001,LONG,18602.0,18601.5,6,-60.0,0,12,2
Pre_Fix_DB (processed_trades_backup_pre_ghost_fix),IMPORT,NQ,T938ccc75ec37,2024-05-16T07:20:30,2024-05-16T07:20:30.000001,LONG,18731.0,18730.5,6,-60.0,0,3,3
Pre_Fix_DB (processed_trades_backup_pre_ghost_fix),IMPORT,NQ,T86d9f7f2a52b,2024-05-16T13:49:59,2024-05-16T13:49:59.000001,SHORT,18703.75,18704.75,6,-120.0,0,9,3
Pre_Fix_DB (processed_trades_backup_pre_ghost_fix),IMPORT,NQ,T4beac13ad062,2024-05-17T07:06:25,2024-05-17T07:06:26,SHORT,18653.0,18653.75,6,-90.0,0,3,4
Pre_Fix_DB (processed_trades_backup_pre_ghost_fix),IMPORT,NQ,Ta5d64de310bd,2024-05-17T15:09:20,2024-05-17T15:09:20.000001,LONG,18654.0,18654.0,6,0.0,0,11,4
Pre_Fix_DB (processed_trades_backup_pre_ghost_fix),IMPORT,NQ,Tec03d7258a5d,2024-05-17T16:43:06,2024-05-17T16:43:07,LONG,18626.5,18625.5,6,-120.0,0,12,4
Pre_Fix_DB (processed_trades_backup_pre_ghost_fix),IMPORT,NQ,Tb75696b1da0c,2024-05-20T14:57:34,2024-05-20T14:57:35,SHORT,18746.0,18746.5,6,-60.0,0,10,0
Pre_Fix_DB (processed_trades_backup_pre_ghost_fix),IMPORT,NQ,Tec3ebf46b665,2024-05-20T15:16:34,2024-05-20T15:16:35,LONG,18732.0,18731.25,6,-90.0,0,11,0
Pre_Fix_DB (processed_trades_backup_pre_ghost_fix),IMPORT,NQ,T64c6883c9f67,2024-05-22T10:29:16,2024-05-22T10:29:16.000001,LONG,18767.5,18767.0,6,-60.0,0,6,2
Pre_Fix_DB (processed_trades_backup_pre_ghost_fix),IMPORT,NQ,Tc814abd23ee7,2024-05-22T15:05:09,2024-05-22T15:05:09.000001,SHORT,18833.25,18833.25,6,0.0,0,11,2
Pre_Fix_DB (processed_trades_backup_pre_ghost_fix),IMPORT,NQ,Te38ae626805e,2024-05-22T23:22:55,2024-05-22T23:22:55.000001,LONG,18868.75,18868.25,6,-60.0,0,19,2
Pre_Fix_DB (processed_trades_backup_pre_ghost_fix),IMPORT,NQ,Td441c5894552,2024-05-23T06:27:52,2024-05-23T06:27:53,LONG,18937.5,18937.0,6,-60.0,0,2,3
Pre_Fix_DB (processed_trades_backup_pre_ghost_fix),IMPORT,NQ,T76f5e33129a9,2024-05-23T09:31:37,2024-05-23T09:31:37.000001,LONG,18950.75,18950.25,6,-60.0,0,5,3
Pre_Fix_DB (processed_trades_backup_pre_ghost_fix),IMPORT,NQ,T02aa14f822e7,2024-05-23T15:31:02,2024-05-23T15:31:03,SHORT,18902.0,18900.5,6,180.0,0,11,3
Pre_Fix_DB (processed_trades_backup_pre_ghost_fix),TM_10,NQ,Tcb4e97ae0fb5,2024-03-18T13:29:59.407407,2024-03-18T13:30:00.001329,SHORT,18288.25,18290.0,6,-210.0,0,9,0
Pre_Fix_DB (processed_trades_backup_pre_ghost_fix),TM_10,NQ,T34c95022d6b6,2024-03-18T13:30:43.007945,2024-03-18T13:30:43.436275,LONG,18289.25,18288.5,6,-90.0,0,9,0
Pre_Fix_DB (processed_trades_backup_pre_ghost_fix),TM_10,NQ,Td994cbe2ad44,2024-03-18T14:00:12.449736,2024-03-18T14:00:12.941539,SHORT,18302.0,18302.5,6,-60.0,0,10,0
Pre_Fix_DB (processed_trades_backup_pre_ghost_fix),TM_10,NQ,T2faf5bf01e53,2024-03-18T14:24:10.638696,2024-03-18T14:24:11.156347,LONG,18349.25,18348.75,6,-60.0,0,10,0
Pre_Fix_DB (processed_trades_backup_pre_ghost_fix),TM_10,NQ,T9d6a53737c4e,2024-03-18T14:29:50.212332,2024-03-18T14:29:50.705408,SHORT,18369.0,18369.75,6,-90.0,0,10,0
Pre_Fix_DB (processed_trades_backup_pre_ghost_fix),TM_10,NQ,T9aae36639ac5,2024-03-18T15:17:47.665219,2024-03-18T15:17:48.110485,LONG,18308.25,18307.25,6,-120.0,0,11,0
Pre_Fix_DB (processed_trades_backup_pre_ghost_fix),TM_10,NQ,T252c9c138dff,2024-03-18T15:29:11.841719,2024-03-18T15:29:12.332826,LONG,18319.25,18318.75,6,-60.0,0,11,0
Pre_Fix_DB (processed_trades_backup_pre_ghost_fix),TM_10,NQ,Taf046a472da0,2024-03-18T16:51:12.586796,2024-03-18T16:51:13.025346,LONG,18270.25,18269.25,6,-120.0,0,12,0
Pre_Fix_DB (processed_trades_backup_pre_ghost_fix),TM_10,NQ,T7c50e80503c2,2024-03-18T16:54:08.680941,2024-03-18T16:54:09.083016,LONG,18266.25,18265.5,6,-90.0,0,12,0
Pre_Fix_DB (processed_trades_backup_pre_ghost_fix),TM_10,NQ,Td351729e5a34,2024-03-18T17:10:07.410849,2024-03-18T17:10:07.849083,SHORT,18249.5,18250.25,6,-90.0,0,13,0
Pre_Fix_DB (processed_trades_backup_pre_ghost_fix),TM_10,NQ,T3fa84041170e,2024-03-18T17:18:34.915220,2024-03-18T17:18:35.501414,LONG,18255.5,18254.75,6,-90.0,0,13,0
Pre_Fix_DB (processed_trades_backup_pre_ghost_fix),TM_10,NQ,Tf2913e07d1e1,2024-03-18T17:51:50.820945,2024-03-18T17:51:53.372307,SHORT,18260.25,18261.0,6,-90.0,0,13,0
Pre_Fix_DB (processed_trades_backup_pre_ghost_fix),TM_10,NQ,T68d39a8b7027,2024-03-18T18:41:47.451709,2024-03-18T18:41:48.055602,LONG,18283.0,18283.0,6,0.0,0,14,0
Pre_Fix_DB (processed_trades_backup_pre_ghost_fix),TM_10,NQ,T93e34960df52,2024-03-18T18:45:44.591867,2024-03-18T18:45:45.092824,LONG,18270.75,18270.0,6,-90.0,0,14,0
Pre_Fix_DB (processed_trades_backup_pre_ghost_fix),TM_10,NQ,T14e9f26e5ae8,2024-03-18T20:16:37.431729,2024-03-18T20:16:37.866516,LONG,18219.0,18217.75,6,-150.0,0,16,0
Pre_Fix_DB (processed_trades_backup_pre_ghost_fix),TM_10,NQ,T281c65aac8e5,2024-03-18T20:25:42.023215,2024-03-18T20:25:42.523694,SHORT,18228.25,18229.0,6,-90.0,0,16,0
Pre_Fix_DB (processed_trades_backup_pre_ghost_fix),TM_10,NQ,T5aa216e26e9f,2024-03-18T23:11:51.464720,2024-03-18T23:11:51.973206,LONG,18188.5,18188.0,6,-60.0,0,19,0
Pre_Fix_DB (processed_trades_backup_pre_ghost_fix),TM_10,NQ,T4234230e21bc,2024-03-19T03:50:36.682193,2024-03-19T03:50:37.171977,LONG,18163.25,18162.25,6,-120.0,0,23,0
Pre_Fix_DB (processed_trades_backup_pre_ghost_fix),TM_10,NQ,Tb5d98bb2aba4,2024-03-19T03:58:36.838770,2024-03-19T03:58:37.327410,SHORT,18180.25,18180.75,6,-60.0,0,23,0
Pre_Fix_DB (processed_trades_backup_pre_ghost_fix),TM_10,NQ,T66e0e3e66c54,2024-03-19T07:02:03.246705,2024-03-19T07:02:03.747918,LONG,18180.25,18179.25,6,-120.0,0,3,1
Pre_Fix_DB (processed_trades_backup_pre_ghost_fix),TM_10,NQ,T872da038a365,2024-03-19T07:47:06.096881,2024-03-19T07:47:06.479382,LONG,18177.75,18177.0,6,-90.0,0,3,1
Pre_Fix_DB (processed_trades_backup_pre_ghost_fix),TM_10,NQ,T9faa65ba8f32,2024-03-19T10:03:09.393095,2024-03-19T10:03:10.019670,LONG,18180.75,18180.0,6,-90.0,0,6,1
Pre_Fix_DB (processed_trades_backup_pre_ghost_fix),TM_10,NQ,T96fe8aaffab0,2024-03-19T11:34:31.258835,2024-03-19T11:34:31.732565,LONG,18120.5,18119.75,6,-90.0,0,7,1
Pre_Fix_DB (processed_trades_backup_pre_ghost_fix),TM_10,NQ,T8a444c8659e2,2024-03-19T12:31:38.541946,2024-03-19T12:32:09.581442,SHORT,18100.25,18108.0,6,-930.0,0,8,1
Pre_Fix_DB (processed_trades_backup_pre_ghost_fix),TM_10,NQ,T587ba15a547a,2024-03-19T16:28:54.063293,2024-03-19T16:28:54.506306,LONG,18200.25,18200.25,6,0.0,0,12,1
Pre_Fix_DB (processed_trades_backup_pre_ghost_fix),TM_10,NQ,T2ecbdc3fd0cd,2024-03-19T16:50:10.960220,2024-03-19T16:50:11.451899,LONG,18249.25,18249.25,6,0.0,0,12,1
Pre_Fix_DB (processed_trades_backup_pre_ghost_fix),TM_10,NQ,T27dff6d9ef88,2024-03-19T16:55:03.045785,2024-03-19T16:55:03.531523,LONG,18261.25,18260.75,6,-60.0,0,12,1
Pre_Fix_DB (processed_trades_backup_pre_ghost_fix),TM_10,NQ,T7940a468f8a4,2024-03-19T16:57:40.183692,2024-03-19T16:57:40.684020,LONG,18246.75,18246.0,6,-90.0,0,12,1
Pre_Fix_DB (processed_trades_backup_pre_ghost_fix),TM_10,NQ,T6a029e95244e,2024-03-19T17:07:18.298372,2024-03-19T17:07:18.802862,LONG,18250.0,18250.0,6,0.0,0,13,1
Pre_Fix_DB (processed_trades_backup_pre_ghost_fix),TM_10,NQ,T1c1bd993eead,2024-03-19T17:14:08.516500,2024-03-19T17:14:08.929529,SHORT,18246.75,18248.25,6,-180.0,0,13,1
Pre_Fix_DB (processed_trades_backup_pre_ghost_fix),TM_10,NQ,Tb536e942b003,2024-03-19T17:46:05.165267,2024-03-19T17:46:05.668647,SHORT,18278.5,18279.0,6,-60.0,0,13,1
Pre_Fix_DB (processed_trades_backup_pre_ghost_fix),TM_10,NQ,T2df3c5936ee8,2024-03-19T18:13:26.596059,2024-03-19T18:13:27.108106,LONG,18253.0,18253.0,6,0.0,0,14,1
Pre_Fix_DB (processed_trades_backup_pre_ghost_fix),TM_10,NQ,Td37356b583ac,2024-03-19T18:54:14.974122,2024-03-19T18:54:15.490220,SHORT,18276.75,18277.25,6,-60.0,0,14,1
Pre_Fix_DB (processed_trades_backup_pre_ghost_fix),TM_10,NQ,T7217ac3c8e85,2024-03-19T19:06:30.334238,2024-03-19T19:06:30.806249,LONG,18261.5,18261.25,6,-30.0,0,15,1
Pre_Fix_DB (processed_trades_backup_pre_ghost_fix),TM_10,NQ,T3a2607119f7f,2024-03-19T19:45:06.681595,2024-03-19T19:45:07.180368,LONG,18253.0,18252.25,6,-90.0,0,15,1
Pre_Fix_DB (processed_trades_backup_pre_ghost_fix),TM_10,NQ,Tc05f4dac2cdb,2024-03-19T19:48:45.878298,2024-03-19T19:48:46.210989,SHORT,18271.25,18272.0,6,-90.0,0,15,1
Pre_Fix_DB (processed_trades_backup_pre_ghost_fix),TM_10,NQ,Tf56f1ade92a2,2024-03-19T19:55:02.477692,2024-03-19T19:55:02.900203,SHORT,18273.5,18275.0,6,-180.0,0,15,1
Pre_Fix_DB (processed_trades_backup_pre_ghost_fix),TM_10,NQ,T042ae5f542e4,2024-03-20T00:38:43.488089,2024-03-20T00:38:43.994277,LONG,18258.0,18257.0,6,-120.0,0,20,1
Pre_Fix_DB (processed_trades_backup_pre_ghost_fix),TM_10,NQ,T6cf4699cba10,2024-03-20T02:10:50.412920,2024-03-20T02:10:50.908866,LONG,18239.25,18238.5,6,-90.0,0,22,1
Pre_Fix_DB (processed_trades_backup_pre_ghost_fix),TM_10,NQ,T47395e21c794,2024-03-20T07:58:27.911972,2024-03-20T07:58:28.419163,LONG,18263.0,18262.25,6,-90.0,0,3,2
Pre_Fix_DB (processed_trades_backup_pre_ghost_fix),TM_10,NQ,T6e4c4d245169,2024-03-20T08:19:05.714627,2024-03-20T08:19:06.214225,SHORT,18264.5,18265.5,6,-120.0,0,4,2
Pre_Fix_DB (processed_trades_backup_pre_ghost_fix),TM_10,NQ,T89c837ec127c,2024-03-20T09:13:56.721328,2024-03-20T09:13:57.233615,LONG,18246.0,18245.75,6,-30.0,0,5,2
Pre_Fix_DB (processed_trades_backup_pre_ghost_fix),TM_10,NQ,Ta87c49f118c5,2024-03-20T10:38:31.139207,2024-03-20T10:38:31.732444,SHORT,18280.0,18280.0,6,0.0,0,6,2
Pre_Fix_DB (processed_trades_backup_pre_ghost_fix),TM_10,NQ,T3d7cd77d853f,2024-03-20T11:07:45.081468,2024-03-20T11:07:45.580688,SHORT,18302.0,18302.75,6,-90.0,0,7,2
Pre_Fix_DB (processed_trades_backup_pre_ghost_fix),TM_10,NQ,T0260d76dc8b1,2024-03-20T11:28:46.807026,2024-03-20T11:28:47.317819,LONG,18317.75,18316.75,6,-120.0,0,7,2
Pre_Fix_DB (processed_trades_backup_pre_ghost_fix),TM_10,NQ,Tbecc6af7b31a,2024-03-20T13:30:12.721049,2024-03-20T13:30:13.189837,SHORT,18313.75,18314.0,6,-30.0,0,9,2
Pre_Fix_DB (processed_trades_backup_pre_ghost_fix),TM_10,NQ,Tb9ed944431c8,2024-03-20T13:30:27.137833,2024-03-20T13:30:27.632568,LONG,18323.0,18323.5,6,60.0,0,9,2
Pre_Fix_DB (processed_trades_backup_pre_ghost_fix),TM_10,NQ,T34065c8cec64,2024-03-20T13:39:18.369087,2024-03-20T13:39:34.462043,SHORT,18280.75,18280.5,4,20.0,0,9,2
Pre_Fix_DB (processed_trades_backup_pre_ghost_fix),TM_10,NQ,T95078a4cf8af,2024-03-20T13:54:00.509259,2024-03-20T13:54:46.058843,SHORT,18256.25,18263.5,6,-870.0,0,9,2
Pre_Fix_DB (processed_trades_backup_pre_ghost_fix),TM_10,NQ,Te3428ed9d56a,2024-03-20T14:20:07.447117,2024-03-20T14:20:08.010256,SHORT,18260.0,18260.5,6,-60.0,0,10,2
Pre_Fix_DB (processed_trades_backup_pre_ghost_fix),TM_10,NQ,T10c480437662,2024-03-20T15:17:15.757353,2024-03-20T15:17:16.351392,SHORT,18275.75,18275.25,6,60.0,0,11,2
Pre_Fix_DB (processed_trades_backup_pre_ghost_fix),TM_10,NQ,T8a243496a4ab,2024-03-20T16:08:42.281621,2024-03-20T16:08:42.775075,LONG,18268.25,18268.0,6,-30.0,0,12,2
Pre_Fix_DB (processed_trades_backup_pre_ghost_fix),TM_10,NQ,T50fb607df82d,2024-03-20T16:21:53.674145,2024-03-20T16:21:54.141883,SHORT,18256.75,18257.75,6,-120.0,0,12,2
Pre_Fix_DB (processed_trades_backup_pre_ghost_fix),TM_10,NQ,Ta5bebf8b12fe,2024-03-20T17:45:08.922883,2024-03-20T17:45:09.414832,LONG,18246.25,18245.75,6,-60.0,0,13,2
Pre_Fix_DB (processed_trades_backup_pre_ghost_fix),TM_10,NQ,T277b98967fe4,2024-03-20T18:01:53.549819,2024-03-20T18:01:54.050346,LONG,18347.0,18346.5,6,-60.0,0,14,2
Pre_Fix_DB (processed_trades_backup_pre_ghost_fix),TM_10,NQ,Tf581d5136555,2024-03-20T18:03:56.341942,2024-03-20T18:03:56.914117,LONG,18350.75,18350.0,6,-90.0,0,14,2
Pre_Fix_DB (processed_trades_backup_pre_ghost_fix),TM_10,NQ,T3b0224f60cb3,2024-03-20T18:05:42.910763,2024-03-20T18:05:43.404827,SHORT,18401.0,18403.25,6,-270.0,0,14,2
Pre_Fix_DB (processed_trades_backup_pre_ghost_fix),TM_10,NQ,T4fb17b65fcd3,2024-03-20T18:06:18.467010,2024-03-20T18:06:19.033167,LONG,18394.5,18393.0,6,-180.0,0,14,2
Pre_Fix_DB (processed_trades_backup_pre_ghost_fix),TM_10,NQ,Te49caa3bff08,2024-03-20T18:07:27.935933,2024-03-20T18:07:28.417999,SHORT,18379.0,18378.25,6,90.0,0,14,2
Pre_Fix_DB (processed_trades_backup_pre_ghost_fix),TM_10,NQ,T2d445b5d520d,2024-03-20T18:14:00.693807,2024-03-20T18:14:01.041198,LONG,18355.5,18354.5,6,-120.0,0,14,2
Pre_Fix_DB (processed_trades_backup_pre_ghost_fix),TM_10,NQ,T73742d8cd50a,2024-03-20T18:23:15.609898,2024-03-20T18:23:16.198253,SHORT,18342.0,18341.75,6,30.0,0,14,2
Pre_Fix_DB (processed_trades_backup_pre_ghost_fix),TM_10,NQ,T7d53288d9124,2024-03-20T18:26:25.652627,2024-03-20T18:26:26.149272,SHORT,18341.0,18342.25,6,-150.0,0,14,2
Pre_Fix_DB (processed_trades_backup_pre_ghost_fix),TM_10,NQ,Te4d7af654c5d,2024-03-20T18:27:23.717740,2024-03-20T18:27:24.334848,SHORT,18341.25,18342.75,6,-180.0,0,14,2
Pre_Fix_DB (processed_trades_backup_pre_ghost_fix),TM_10,NQ,Td4b2d5b3792f,2024-03-20T18:30:17.768509,2024-03-20T18:30:18.232671,SHORT,18384.5,18385.0,6,-60.0,0,14,2
Pre_Fix_DB (processed_trades_backup_pre_ghost_fix),TM_10,NQ,Tf4fdb7400649,2024-03-20T18:30:31.305807,2024-03-20T18:30:31.900362,LONG,18366.75,18366.25,6,-60.0,0,14,2
Pre_Fix_DB (processed_trades_backup_pre_ghost_fix),TM_10,NQ,Tf1f2e93ca2ae,2024-03-20T18:31:06.313240,2024-03-20T18:31:06.786130,LONG,18355.25,18353.5,6,-210.0,0,14,2
Pre_Fix_DB (processed_trades_backup_pre_ghost_fix),TM_10,NQ,Td8f057d3391f,2024-03-20T18:31:34.941601,2024-03-20T18:31:35.414475,LONG,18335.25,18336.0,6,90.0,0,14,2
Pre_Fix_DB (processed_trades_backup_pre_ghost_fix),TM_10,NQ,Tf1d31271e63c,2024-03-20T18:32:26.696705,2024-03-20T18:32:27.204581,SHORT,18340.0,18342.0,6,-240.0,0,14,2
Pre_Fix_DB (processed_trades_backup_pre_ghost_fix),TM_10,NQ,T65ec64ef60f7,2024-03-20T18:34:02.468244,2024-03-20T18:34:03.002707,LONG,18324.25,18323.5,6,-90.0,0,14,2
Pre_Fix_DB (processed_trades_backup_pre_ghost_fix),TM_10,NQ,Tf71ba9339965,2024-03-20T18:40:49.977957,2024-03-20T18:40:50.633934,LONG,18360.25,18361.75,6,180.0,0,14,2
Pre_Fix_DB (processed_trades_backup_pre_ghost_fix),TM_10,NQ,T9e8191fba911,2024-03-20T18:43:07.453846,2024-03-20T18:43:07.948139,LONG,18398.25,18398.5,6,30.0,0,14,2
Pre_Fix_DB (processed_trades_backup_pre_ghost_fix),TM_10,NQ,T2ac30d72b4c8,2024-03-20T18:46:21.661289,2024-03-20T18:46:22.255986,SHORT,18409.0,18410.5,6,-180.0,0,14,2
Pre_Fix_DB (processed_trades_backup_pre_ghost_fix),TM_10,NQ,Tb6ae8f9257f3,2024-03-20T18:50:57.119762,2024-03-20T18:50:57.616457,LONG,18419.5,18417.25,6,-270.0,0,14,2
Pre_Fix_DB (processed_trades_backup_pre_ghost_fix),TM_10,NQ,Tc103a056e3be,2024-03-20T19:05:52.682378,2024-03-20T19:05:53.213901,SHORT,18456.75,18457.5,6,-90.0,0,15,2
Pre_Fix_DB (processed_trades_backup_pre_ghost_fix),TM_10,NQ,Tf9789c350faf,2024-03-20T19:06:46.531255,2024-03-20T19:06:47.221417,SHORT,18468.25,18468.5,6,-30.0,0,15,2
Pre_Fix_DB (processed_trades_backup_pre_ghost_fix),TM_10,NQ,Ta01f77fb7c1b,2024-03-20T19:07:13.195244,2024-03-20T19:07:13.570507,SHORT,18460.0,18460.0,6,0.0,0,15,2
Pre_Fix_DB (processed_trades_backup_pre_ghost_fix),TM_10,NQ,T92d7e2439b1b,2024-03-20T19:17:14.270924,2024-03-20T19:17:14.711158,LONG,18459.25,18459.0,6,-30.0,0,15,2
Pre_Fix_DB (processed_trades_backup_pre_ghost_fix),TM_10,NQ,Tbb8036adfcfe,2024-03-20T19:54:48.485844,2024-03-20T19:54:48.970908,SHORT,18461.0,18462.75,6,-210.0,0,15,2
Pre_Fix_DB (processed_trades_backup_pre_ghost_fix),TM_10,NQ,Td7e24d247e05,2024-03-20T20:01:19.333767,2024-03-20T20:01:19.831213,LONG,18496.5,18497.5,6,120.0,0,16,2
Pre_Fix_DB (processed_trades_backup_pre_ghost_fix),TM_10,NQ,Tc5daee95039c,2024-03-20T20:05:16.764422,2024-03-20T20:05:17.374897,SHORT,18515.0,18513.5,6,180.0,0,16,2
Pre_Fix_DB (processed_trades_backup_pre_ghost_fix),TM_10,NQ,Te6fef15509c1,2024-03-20T20:06:09.763005,2024-03-20T20:06:10.254741,LONG,18521.75,18522.5,6,90.0,0,16,2
Pre_Fix_DB (processed_trades_backup_pre_ghost_fix),TM_10,NQ,T7face19e10a1,2024-03-21T08:05:57.035880,2024-03-21T08:05:57.535383,LONG,18636.25,18635.0,6,-150.0,0,4,3
Pre_Fix_DB (processed_trades_backup_pre_ghost_fix),TM_10,NQ,T6992648842d2,2024-03-21T08:31:22.047684,2024-03-21T08:31:22.611502,LONG,18627.5,18626.75,6,-90.0,0,4,3
Pre_Fix_DB (processed_trades_backup_pre_ghost_fix),TM_10,NQ,T2373f42264d1,2024-03-21T09:27:01.142996,2024-03-21T09:27:01.649741,LONG,18600.75,18600.25,6,-60.0,0,5,3
Pre_Fix_DB (processed_trades_backup_pre_ghost_fix),TM_10,NQ,T7b81962e619a,2024-03-21T11:00:06.470652,2024-03-21T11:00:06.976008,LONG,18607.75,18607.5,6,-30.0,0,7,3
Pre_Fix_DB (processed_trades_backup_pre_ghost_fix),TM_10,NQ,Tf504d3078e8c,2024-03-21T11:24:08.474310,2024-03-21T11:24:08.992867,SHORT,18624.25,18625.25,6,-120.0,0,7,3
Pre_Fix_DB (processed_trades_backup_pre_ghost_fix),TM_10,NQ,T78945fb6d50a,2024-03-21T13:07:42.655334,2024-03-21T13:07:43.174575,SHORT,18651.0,18652.0,6,-120.0,0,9,3
Pre_Fix_DB (processed_trades_backup_pre_ghost_fix),TM_10,NQ,T34537334cad3,2024-03-21T13:40:15.776984,2024-03-21T13:40:16.238818,SHORT,18678.5,18681.25,6,-330.0,0,9,3
Pre_Fix_DB (processed_trades_backup_pre_ghost_fix),TM_10,NQ,T251ee6b6e9e2,2024-03-21T13:52:35.071139,2024-03-21T13:53:13.563455,SHORT,18645.0,18644.75,4,20.0,0,9,3
Pre_Fix_DB (processed_trades_backup_pre_ghost_fix),TM_10,NQ,T893fbe7cde20,2024-03-21T13:54:31.612964,2024-03-21T13:54:32.107005,LONG,18645.0,18645.0,6,0.0,0,9,3
Pre_Fix_DB (processed_trades_backup_pre_ghost_fix),TM_10,NQ,Tab869ae4bd5c,2024-03-21T14:13:26.409731,2024-03-21T14:13:26.922973,SHORT,18651.25,18651.25,6,0.0,0,10,3
Pre_Fix_DB (processed_trades_backup_pre_ghost_fix),TM_10,NQ,Td30689fc0cf8,2024-03-21T14:18:06.550424,2024-03-21T14:18:07.105605,LONG,18641.0,18641.0,6,0.0,0,10,3
Pre_Fix_DB (processed_trades_backup_pre_ghost_fix),TM_10,NQ,Ta85ed26f446c,2024-03-21T14:46:58.144621,2024-03-21T14:46:58.549199,LONG,18651.25,18650.75,6,-60.0,0,10,3
Pre_Fix_DB (processed_trades_backup_pre_ghost_fix),TM_10,NQ,T49dcf1053819,2024-03-21T14:56:15.273965,2024-03-21T14:56:15.745317,SHORT,18652.5,18653.0,6,-60.0,0,10,3
Pre_Fix_DB (processed_trades_backup_pre_ghost_fix),TM_10,NQ,Td8e9151100a0,2024-03-21T15:09:05.339566,2024-03-21T15:09:05.693810,LONG,18627.25,18627.25,6,0.0,0,11,3
Pre_Fix_DB (processed_trades_backup_pre_ghost_fix),TM_10,NQ,T21658b36bd92,2024-03-21T15:10:22.604743,2024-03-21T15:10:23.273872,SHORT,18635.0,18635.25,6,-30.0,0,11,3
Pre_Fix_DB (processed_trades_backup_pre_ghost_fix),TM_10,NQ,Te30a7bec3d54,2024-03-21T15:33:02.623480,2024-03-21T15:33:05.967762,SHORT,18661.5,18663.25,6,-210.0,0,11,3
Pre_Fix_DB (processed_trades_backup_pre_ghost_fix),TM_10,NQ,Te1f8399e73d0,2024-03-21T16:03:05.336001,2024-03-21T16:03:05.832542,LONG,18688.25,18687.75,6,-60.0,0,12,3
Pre_Fix_DB (processed_trades_backup_pre_ghost_fix),TM_10,NQ,T97d4576823d1,2024-03-21T16:22:33.429616,2024-03-21T16:22:33.933367,LONG,18700.25,18699.75,6,-60.0,0,12,3
Pre_Fix_DB (processed_trades_backup_pre_ghost_fix),TM_10,NQ,T35c9239e592f,2024-03-21T18:00:50.127430,2024-03-21T18:00:50.626746,LONG,18622.25,18622.0,6,-30.0,0,14,3
Pre_Fix_DB (processed_trades_backup_pre_ghost_fix),TM_10,NQ,Tadb9fbe63681,2024-03-21T18:07:40.660970,2024-03-21T18:07:41.142694,SHORT,18607.0,18607.25,6,-30.0,0,14,3
Pre_Fix_DB (processed_trades_backup_pre_ghost_fix),TM_10,NQ,T8bfb70e8ba46,2024-03-21T18:16:54.990094,2024-03-21T18:16:55.394796,SHORT,18592.0,18592.75,6,-90.0,0,14,3
Pre_Fix_DB (processed_trades_backup_pre_ghost_fix),TM_10,NQ,T0bc856aac3fd,2024-03-21T18:55:28.378251,2024-03-21T18:55:28.878285,LONG,18574.75,18574.25,6,-60.0,0,14,3
Pre_Fix_DB (processed_trades_backup_pre_ghost_fix),TM_10,NQ,T461956403fbe,2024-03-21T19:02:56.480849,2024-03-21T19:02:56.963012,SHORT,18566.25,18567.25,6,-120.0,0,15,3
Pre_Fix_DB (processed_trades_backup_pre_ghost_fix),TM_10,NQ,Tb41195d0f5fc,2024-03-21T19:21:12.017883,2024-03-21T19:21:12.447704,SHORT,18584.75,18584.75,6,0.0,0,15,3
Pre_Fix_DB (processed_trades_backup_pre_ghost_fix),TM_10,NQ,Tc8668c803387,2024-03-21T19:35:57.754083,2024-03-21T19:35:58.243481,LONG,18583.5,18583.25,6,-30.0,0,15,3
Pre_Fix_DB (processed_trades_backup_pre_ghost_fix),TM_10,NQ,T640b6ea64fba,2024-03-21T19:56:47.056406,2024-03-21T19:56:47.546737,LONG,18572.75,18572.25,6,-60.0,0,15,3
Pre_Fix_DB (processed_trades_backup_pre_ghost_fix),TM_10,NQ,Tba72f9212cea,2024-03-21T20:31:36.319919,2024-03-21T20:31:36.810647,SHORT,18575.75,18576.0,6,-30.0,0,16,3
Pre_Fix_DB (processed_trades_backup_pre_ghost_fix),TM_10,NQ,T23398af7dba3,2024-03-22T01:36:37.200126,2024-03-22T01:36:37.701974,SHORT,18583.5,18584.0,6,-60.0,0,21,3
Pre_Fix_DB (processed_trades_backup_pre_ghost_fix),TM_10,NQ,T64ffcac706a2,2024-03-22T06:28:13.814123,2024-03-22T06:28:14.307364,SHORT,18575.5,18576.5,6,-120.0,0,2,4
Pre_Fix_DB (processed_trades_backup_pre_ghost_fix),TM_10,NQ,Tcccee77dadd8,2024-03-22T07:13:01.048808,2024-03-22T07:13:01.514869,LONG,18550.25,18550.5,6,30.0,0,3,4
Pre_Fix_DB (processed_trades_backup_pre_ghost_fix),TM_10,NQ,T32c91293201c,2024-03-22T08:13:53.787813,2024-03-22T08:13:54.318896,LONG,18569.0,18568.25,6,-90.0,0,4,4
Pre_Fix_DB (processed_trades_backup_pre_ghost_fix),TM_10,NQ,T479dd217fa72,2024-03-22T08:16:13.376314,2024-03-22T08:16:13.844951,SHORT,18578.75,18579.0,6,-30.0,0,4,4
Pre_Fix_DB (processed_trades_backup_pre_ghost_fix),TM_10,NQ,T43e90b2aa83d,2024-03-22T08:36:05.313298,2024-03-22T08:36:05.821523,SHORT,18579.25,18580.0,6,-90.0,0,4,4
Pre_Fix_DB (processed_trades_backup_pre_ghost_fix),TM_10,NQ,Tf993eb225b20,2024-03-22T12:35:15.031754,2024-03-22T12:35:15.694419,LONG,18495.5,18495.25,6,-30.0,0,8,4
Pre_Fix_DB (processed_trades_backup_pre_ghost_fix),TM_10,NQ,T4fec3073a42c,2024-03-22T13:30:08.039522,2024-03-22T13:30:08.570616,LONG,18525.0,18526.75,6,210.0,0,9,4
Pre_Fix_DB (processed_trades_backup_pre_ghost_fix),TM_10,NQ,T1b77320b2bdf,2024-03-22T13:42:46.728520,2024-03-22T13:42:47.248341,LONG,18527.25,18526.0,6,-150.0,0,9,4
Pre_Fix_DB (processed_trades_backup_pre_ghost_fix),TM_10,NQ,T58982c823544,2024-03-22T13:48:00.784579,2024-03-22T13:48:01.319463,LONG,18511.5,18511.0,6,-60.0,0,9,4
Pre_Fix_DB (processed_trades_backup_pre_ghost_fix),TM_10,NQ,T47f212a4ef34,2024-03-22T14:04:12.047315,2024-03-22T14:04:12.518300,SHORT,18552.5,18553.25,6,-90.0,0,10,4
Pre_Fix_DB (processed_trades_backup_pre_ghost_fix),TM_10,NQ,Teb14fd96ee32,2024-03-22T14:15:39.892472,2024-03-22T14:15:40.420427,LONG,18528.0,18528.5,6,60.0,0,10,4
Pre_Fix_DB (processed_trades_backup_pre_ghost_fix),TM_10,NQ,T27e463d70af0,2024-03-22T14:44:08.394681,2024-03-22T14:44:08.881256,LONG,18515.75,18515.5,6,-30.0,0,10,4
Pre_Fix_DB (processed_trades_backup_pre_ghost_fix),TM_10,NQ,Tebbd6c02e456,2024-03-22T14:50:56.911733,2024-03-22T14:50:57.415104,SHORT,18508.5,18509.25,6,-90.0,0,10,4
Pre_Fix_DB (processed_trades_backup_pre_ghost_fix),TM_10,NQ,T4fc79a9d8cfe,2024-03-22T15:00:30.946881,2024-03-22T15:00:31.232161,SHORT,18517.5,18518.0,6,-60.0,0,11,4
Pre_Fix_DB (processed_trades_backup_pre_ghost_fix),TM_10,NQ,T68c4ebb5ab8a,2024-03-22T15:00:54.753053,2024-03-22T15:00:55.250368,SHORT,18509.75,18510.0,6,-30.0,0,11,4
Pre_Fix_DB (processed_trades_backup_pre_ghost_fix),TM_10,NQ,T00e153709751,2024-03-22T15:21:51.860971,2024-03-22T15:21:52.315232,LONG,18542.25,18541.75,6,-60.0,0,11,4
Pre_Fix_DB (processed_trades_backup_pre_ghost_fix),TM_10,NQ,T85e135ebce2a,2024-03-22T15:36:33.176495,2024-03-22T15:36:33.708393,SHORT,18551.25,18552.0,6,-90.0,0,11,4
Pre_Fix_DB (processed_trades_backup_pre_ghost_fix),TM_10,NQ,T38e18a56c408,2024-03-22T15:46:14.869578,2024-03-22T15:46:15.376439,LONG,18546.0,18546.0,6,0.0,0,11,4
Pre_Fix_DB (processed_trades_backup_pre_ghost_fix),TM_10,NQ,T55c929b3a363,2024-03-22T18:47:03.051719,2024-03-22T18:47:03.559538,LONG,18593.25,18593.75,6,60.0,0,14,4
Pre_Fix_DB (processed_trades_backup_pre_ghost_fix),TM_10,NQ,T88f160c83e64,2024-03-22T18:47:04.761464,2024-03-22T18:47:05.259430,LONG,18593.25,18593.75,6,60.0,0,14,4
Pre_Fix_DB (processed_trades_backup_pre_ghost_fix),TM_10,NQ,Tc4e12c7326ad,2024-03-22T19:05:35.533820,2024-03-22T19:05:35.996032,LONG,18591.25,18590.75,6,-60.0,0,15,4
Pre_Fix_DB (processed_trades_backup_pre_ghost_fix),TM_10,NQ,Tcddcb7e7f60e,2024-03-22T19:05:37.258478,2024-03-22T19:05:37.726401,LONG,18591.25,18590.75,6,-60.0,0,15,4
Pre_Fix_DB (processed_trades_backup_pre_ghost_fix),TM_10,NQ,T0ff17b48815b,2024-03-22T19:44:34.949765,2024-03-22T19:44:35.498758,LONG,18588.0,18588.0,6,0.0,0,15,4
Pre_Fix_DB (processed_trades_backup_pre_ghost_fix),TM_10,NQ,Tbfdd58077fc5,2024-03-22T19:44:36.702621,2024-03-22T19:44:37.224608,LONG,18588.0,18588.0,6,0.0,0,15,4
Pre_Fix_DB (processed_trades_backup_pre_ghost_fix),TM_10,NQ,T7fb6bbf28410,2024-03-24T21:59:58.287730,2024-03-24T21:59:58.913578,LONG,18569.0,18566.25,6,-330.0,0,17,6
Pre_Fix_DB (processed_trades_backup_pre_ghost_fix),TM_10,NQ,T914aaba38f28,2024-03-24T22:00:13.239807,2024-03-24T22:00:13.736233,LONG,18573.0,18574.0,6,120.0,0,18,6
Pre_Fix_DB (processed_trades_backup_pre_ghost_fix),TM_10,NQ,T1c5d8ced2bd7,2024-03-24T22:00:32.756542,2024-03-24T22:05:09.697284,SHORT,18572.75,18572.75,4,0.0,4,18,6
Pre_Fix_DB (processed_trades_backup_pre_ghost_fix),TM_10,NQ,T15e9e9e190bb,2024-03-25T05:01:37.037140,2024-03-25T05:01:37.527543,LONG,18562.25,18561.75,6,-60.0,0,1,0
Pre_Fix_DB (processed_trades_backup_pre_ghost_fix),TM_10,NQ,T36fb9181c4ca,2024-03-25T05:37:19.705409,2024-03-25T05:37:20.146742,LONG,18554.75,18554.25,6,-60.0,0,1,0
Pre_Fix_DB (processed_trades_backup_pre_ghost_fix),TM_10,NQ,Tbe024b366c32,2024-03-25T09:10:01.276426,2024-03-25T09:10:01.774574,LONG,18539.25,18539.0,6,-30.0,0,5,0
Pre_Fix_DB (processed_trades_backup_pre_ghost_fix),TM_10,NQ,T62a135c5be50,2024-03-25T09:47:14.607965,2024-03-25T09:47:15.111794,LONG,18537.0,18536.5,6,-60.0,0,5,0
Pre_Fix_DB (processed_trades_backup_pre_ghost_fix),TM_10,NQ,Ted113ac2364b,2024-03-25T10:12:42.790451,2024-03-25T10:12:43.287539,SHORT,18516.5,18517.25,6,-90.0,0,6,0
Pre_Fix_DB (processed_trades_backup_pre_ghost_fix),TM_10,NQ,T6166c90cc8db,2024-03-25T11:51:04.350542,2024-03-25T11:52:11.730390,SHORT,18461.0,18468.5,6,-900.0,1,7,0
Pre_Fix_DB (processed_trades_backup_pre_ghost_fix),TM_10,NQ,T23809642cc1d,2024-03-25T12:17:58.984771,2024-03-25T12:17:59.485235,SHORT,18478.25,18478.75,6,-60.0,0,8,0
Pre_Fix_DB (processed_trades_backup_pre_ghost_fix),TM_10,NQ,Ta641da3de247,2024-03-25T13:34:24.374305,2024-03-25T13:34:24.724539,LONG,18463.75,18465.75,6,240.0,0,9,0
Pre_Fix_DB (processed_trades_backup_pre_ghost_fix),TM_10,NQ,T4bfd59671adc,2024-03-25T14:47:32.398663,2024-03-25T14:47:32.897391,LONG,18516.75,18515.5,6,-150.0,0,10,0
Pre_Fix_DB (processed_trades_backup_pre_ghost_fix),TM_10,NQ,Td1f0a45422bc,2024-03-25T14:48:33.525516,2024-03-25T14:48:33.925034,LONG,18509.75,18508.5,6,-150.0,0,10,0
Pre_Fix_DB (processed_trades_backup_pre_ghost_fix),TM_10,NQ,T39aad0314121,2024-03-25T15:19:38.800897,2024-03-25T15:19:39.306692,LONG,18531.75,18532.0,6,30.0,0,11,0
Pre_Fix_DB (processed_trades_backup_pre_ghost_fix),TM_10,NQ,T02b05c7bb441,2024-03-25T15:52:51.017795,2024-03-25T15:52:51.549303,LONG,18547.25,18547.5,6,30.0,0,11,0
Pre_Fix_DB (processed_trades_backup_pre_ghost_fix),TM_10,NQ,Taf804495479b,2024-03-25T16:11:35.813901,2024-03-25T16:11:36.315309,LONG,18524.5,18524.0,6,-60.0,0,12,0
Pre_Fix_DB (processed_trades_backup_pre_ghost_fix),TM_10,NQ,T9064f5c50deb,2024-03-25T16:39:54.890128,2024-03-25T16:39:55.314496,LONG,18514.0,18514.0,6,0.0,0,12,0
Pre_Fix_DB (processed_trades_backup_pre_ghost_fix),TM_10,NQ,T41ec8b93da2a,2024-03-25T16:42:14.981103,2024-03-25T16:43:39.280833,LONG,18525.25,18525.5,4,20.0,1,12,0
Pre_Fix_DB (processed_trades_backup_pre_ghost_fix),TM_10,NQ,T17eec0b97e72,2024-03-25T19:21:38.264062,2024-03-25T19:21:49.287789,SHORT,18535.75,18536.5,6,-90.0,0,15,0
Pre_Fix_DB (processed_trades_backup_pre_ghost_fix),TM_10,NQ,T8ab97c8d5026,2024-03-25T19:54:38.515517,2024-03-25T19:54:39.186384,LONG,18517.75,18518.0,6,30.0,0,15,0
Pre_Fix_DB (processed_trades_backup_pre_ghost_fix),TM_10,NQ,T19f4b7ad7489,2024-03-25T19:56:31.532692,2024-03-25T19:56:32.390658,SHORT,18513.25,18514.25,6,-120.0,0,15,0
Pre_Fix_DB (processed_trades_backup_pre_ghost_fix),TM_10,NQ,T6cfc2af7d365,2024-03-26T04:05:27.349492,2024-03-26T04:05:27.771262,LONG,18527.75,18527.25,6,-60.0,0,0,1
Pre_Fix_DB (processed_trades_backup_pre_ghost_fix),TM_10,NQ,Tdf96c2427a60,2024-03-26T09:16:37.252751,2024-03-26T09:16:37.761076,LONG,18599.0,18598.5,6,-60.0,0,5,1
Pre_Fix_DB (processed_trades_backup_pre_ghost_fix),TM_10,NQ,T3516640ea98b,2024-03-26T10:57:21.673150,2024-03-26T10:57:22.326493,LONG,18610.5,18609.75,6,-90.0,0,6,1
Pre_Fix_DB (processed_trades_backup_pre_ghost_fix),TM_10,NQ,Td26650253994,2024-03-26T13:30:33.783770,2024-03-26T13:30:55.211389,SHORT,18556.0,18564.25,6,-990.0,0,9,1
Pre_Fix_DB (processed_trades_backup_pre_ghost_fix),TM_10,NQ,T6be2817931e0,2024-03-26T13:34:08.105399,2024-03-26T13:34:08.636594,SHORT,18581.25,18582.0,6,-90.0,0,9,1
Pre_Fix_DB (processed_trades_backup_pre_ghost_fix),TM_10,NQ,T8333050be8fd,2024-03-26T13:38:18.649427,2024-03-26T13:38:19.150701,LONG,18579.0,18579.25,6,30.0,0,9,1
Pre_Fix_DB (processed_trades_backup_pre_ghost_fix),TM_10,NQ,T1e49c15823b0,2024-03-26T13:41:47.216780,2024-03-26T13:42:01.540821,SHORT,18571.25,18571.0,4,20.0,0,9,1
Pre_Fix_DB (processed_trades_backup_pre_ghost_fix),TM_10,NQ,T56575173d460,2024-03-26T13:52:23.919193,2024-03-26T13:52:24.415541,LONG,18581.5,18581.0,6,-60.0,0,9,1
Pre_Fix_DB (processed_trades_backup_pre_ghost_fix),TM_10,NQ,Tee77fe48ded8,2024-03-26T14:02:51.607252,2024-03-26T14:02:52.132165,LONG,18604.25,18604.25,6,0.0,0,10,1
Pre_Fix_DB (processed_trades_backup_pre_ghost_fix),TM_10,NQ,Tb76e6f5d68d4,2024-03-26T14:28:46.389334,2024-03-26T14:28:46.947862,LONG,18567.75,18567.25,6,-60.0,0,10,1
Pre_Fix_DB (processed_trades_backup_pre_ghost_fix),TM_10,NQ,Tcac182f6006d,2024-03-26T14:29:28.051075,2024-03-26T14:29:28.367652,LONG,18557.25,18558.75,6,180.0,0,10,1
Pre_Fix_DB (processed_trades_backup_pre_ghost_fix),TM_10,NQ,T44c7ad7feba5,2024-03-26T15:18:10.764929,2024-03-26T15:18:11.332034,SHORT,18563.5,18564.5,6,-120.0,0,11,1
Pre_Fix_DB (processed_trades_backup_pre_ghost_fix),TM_10,NQ,Te54bbc0e5e52,2024-03-26T17:02:38.256636,2024-03-26T17:02:38.746598,LONG,18537.75,18537.75,6,0.0,0,13,1
Pre_Fix_DB (processed_trades_backup_pre_ghost_fix),TM_10,NQ,Td602c15bc1e5,2024-03-26T17:03:21.917464,2024-03-26T17:03:22.312286,LONG,18543.25,18542.5,6,-90.0,0,13,1
Pre_Fix_DB (processed_trades_backup_pre_ghost_fix),TM_10,NQ,T06bc1c298862,2024-03-26T19:33:02.549199,2024-03-26T19:33:02.828927,LONG,18489.25,18488.5,6,-90.0,0,15,1
Pre_Fix_DB (processed_trades_backup_pre_ghost_fix),TM_10,NQ,Tb77a592e1a1d,2024-03-26T19:34:21.419664,2024-03-26T19:34:21.923112,LONG,18478.75,18477.75,6,-120.0,0,15,1
Pre_Fix_DB (processed_trades_backup_pre_ghost_fix),TM_10,NQ,Tae2a33a0beba,2024-03-26T19:45:10.947809,2024-03-26T19:45:11.416618,LONG,18468.5,18468.25,6,-30.0,0,15,1
Pre_Fix_DB (processed_trades_backup_pre_ghost_fix),TM_10,NQ,T5257034b2703,2024-03-26T19:59:51.294309,2024-03-26T19:59:51.923385,SHORT,18444.75,18445.5,6,-90.0,0,15,1
Pre_Fix_DB (processed_trades_backup_pre_ghost_fix),TM_10,NQ,Tf2677d86965d,2024-03-27T01:56:40.877444,2024-03-27T01:56:41.155267,LONG,18493.25,18492.75,6,-60.0,0,21,1
Pre_Fix_DB (processed_trades_backup_pre_ghost_fix),TM_10,NQ,T05965127f8f6,2024-03-27T08:00:11.454575,2024-03-27T08:00:11.986500,LONG,18481.75,18481.75,6,0.0,0,4,2
Pre_Fix_DB (processed_trades_backup_pre_ghost_fix),TM_10,NQ,T2bd6303fff4f,2024-03-27T08:02:03.546837,2024-03-27T08:02:04.206125,SHORT,18490.0,18490.25,6,-30.0,0,4,2
Pre_Fix_DB (processed_trades_backup_pre_ghost_fix),TM_10,NQ,Te91f0acae224,2024-03-27T09:37:24.031564,2024-03-27T09:37:24.540235,LONG,18505.75,18505.5,6,-30.0,0,5,2
Pre_Fix_DB (processed_trades_backup_pre_ghost_fix),TM_10,NQ,T0a8a48de9c87,2024-03-27T09:42:11.179894,2024-03-27T09:42:11.660975,LONG,18513.0,18512.25,6,-90.0,0,5,2
Pre_Fix_DB (processed_trades_backup_pre_ghost_fix),TM_10,NQ,Tc34b6758aeea,2024-03-27T11:04:34.473855,2024-03-27T11:04:35.045996,SHORT,18527.75,18528.0,6,-30.0,0,7,2
Pre_Fix_DB (processed_trades_backup_pre_ghost_fix),TM_10,NQ,T7beb2e5e1cf3,2024-03-27T13:30:54.399659,2024-03-27T13:30:54.905610,SHORT,18557.5,18556.75,6,90.0,0,9,2
Pre_Fix_DB (processed_trades_backup_pre_ghost_fix),TM_10,NQ,Tbe82cef59185,2024-03-27T13:33:16.037712,2024-03-27T13:33:16.475249,LONG,18531.75,18531.75,6,0.0,0,9,2
Pre_Fix_DB (processed_trades_backup_pre_ghost_fix),TM_10,NQ,T64325f6940c5,2024-03-27T13:37:46.111032,2024-03-27T13:37:53.253936,SHORT,18502.25,18504.5,6,-270.0,0,9,2
Pre_Fix_DB (processed_trades_backup_pre_ghost_fix),TM_10,NQ,T4a96a4915945,2024-03-27T13:38:56.647893,2024-03-27T13:38:57.186209,SHORT,18501.25,18502.0,6,-90.0,0,9,2
Pre_Fix_DB (processed_trades_backup_pre_ghost_fix),TM_10,NQ,T2b6f5a69a7ec,2024-03-27T13:49:44.803164,2024-03-27T13:49:45.309706,LONG,18511.75,18510.5,6,-150.0,0,9,2
Pre_Fix_DB (processed_trades_backup_pre_ghost_fix),TM_10,NQ,T7ee258454d38,2024-03-27T13:56:55.450600,2024-03-27T13:56:55.964414,LONG,18458.5,18459.0,6,60.0,0,9,2
Pre_Fix_DB (processed_trades_backup_pre_ghost_fix),TM_10,NQ,T9711c8c4f6fd,2024-03-27T14:04:01.778113,2024-03-27T14:04:02.193680,LONG,18399.75,18399.75,6,0.0,0,10,2
Pre_Fix_DB (processed_trades_backup_pre_ghost_fix),TM_10,NQ,T8170c1b0e94c,2024-03-27T14:59:29.662777,2024-03-27T14:59:30.227138,SHORT,18415.5,18416.25,6,-90.0,0,10,2
Pre_Fix_DB (processed_trades_backup_pre_ghost_fix),TM_10,NQ,T92c14c95fe38,2024-03-27T15:30:15.588574,2024-03-27T15:30:16.086780,LONG,18405.25,18404.0,6,-150.0,0,11,2
Pre_Fix_DB (processed_trades_backup_pre_ghost_fix),TM_10,NQ,Tc1ed52928f0e,2024-03-27T16:18:07.261598,2024-03-27T16:18:07.763180,LONG,18418.0,18418.0,6,0.0,0,12,2
Pre_Fix_DB (processed_trades_backup_pre_ghost_fix),TM_10,NQ,T3ec51bb19a7c,2024-03-27T19:41:48.536965,2024-03-27T19:41:49.069426,SHORT,18481.5,18482.25,6,-90.0,0,15,2
Pre_Fix_DB (processed_trades_backup_pre_ghost_fix),TM_10,NQ,T377957d8fb69,2024-03-27T19:50:19.219449,2024-03-27T19:50:19.704494,LONG,18493.25,18492.75,6,-60.0,0,15,2
Pre_Fix_DB (processed_trades_backup_pre_ghost_fix),TM_10,NQ,Tbec2b89dd00e,2024-03-27T22:00:08.439195,2024-03-27T22:00:08.950556,LONG,18490.75,18490.0,6,-90.0,0,18,2
Pre_Fix_DB (processed_trades_backup_pre_ghost_fix),TM_10,NQ,T13c39982d70b,2024-03-27T23:03:06.141569,2024-03-27T23:03:06.613568,LONG,18483.0,18482.25,6,-90.0,0,19,2
Pre_Fix_DB (processed_trades_backup_pre_ghost_fix),TM_10,NQ,T9ce8c2b1355b,2024-03-28T17:37:40.904078,2024-03-28T17:37:41.384804,LONG,18467.25,18467.0,6,-30.0,0,13,3
Pre_Fix_DB (processed_trades_backup_pre_ghost_fix),TM_10,NQ,T5f4aef0280b9,2024-03-28T18:17:13.020855,2024-03-28T18:17:13.526409,SHORT,18468.5,18469.25,6,-90.0,0,14,3
Pre_Fix_DB (processed_trades_backup_pre_ghost_fix),TM_10,NQ,Tb9774f97afd8,2024-03-28T19:08:56.370930,2024-03-28T19:08:56.843403,LONG,18486.0,18485.5,6,-60.0,0,15,3
Pre_Fix_DB (processed_trades_backup_pre_ghost_fix),TM_10,NQ,T626652310b1b,2024-03-28T19:50:36.169557,2024-03-28T19:50:36.682145,LONG,18475.5,18475.75,6,30.0,0,15,3
Pre_Fix_DB (processed_trades_backup_pre_ghost_fix),TM_10,NQ,Tccb16d0f7c2b,2024-03-28T20:18:05.084770,2024-03-28T20:18:05.581801,SHORT,18466.25,18466.5,6,-30.0,0,16,3
Pre_Fix_DB (processed_trades_backup_pre_ghost_fix),TM_10,NQ,T6580a710fa7c,2024-03-31T23:00:04.440206,2024-03-31T23:00:04.956096,LONG,18575.75,18575.0,6,-90.0,0,19,6
Pre_Fix_DB (processed_trades_backup_pre_ghost_fix),TM_10,NQ,T4adcb562c8a7,2024-04-01T01:02:57.711180,2024-04-01T01:05:36.476438,SHORT,18591.5,18595.5,6,-480.0,2,21,6
Pre_Fix_DB (processed_trades_backup_pre_ghost_fix),TM_10,NQ,T381f54a0d4ed,2024-04-01T07:12:25.111951,2024-04-01T07:12:25.609015,LONG,18579.5,18579.25,6,-30.0,0,3,0
Pre_Fix_DB (processed_trades_backup_pre_ghost_fix),TM_10,NQ,Tfb895aa75bab,2024-04-01T08:19:02.730720,2024-04-01T08:19:03.296602,LONG,18568.0,18567.5,6,-60.0,0,4,0
Pre_Fix_DB (processed_trades_backup_pre_ghost_fix),TM_10,NQ,Ta4665f7bfb15,2024-04-01T12:15:47.156261,2024-04-01T12:15:47.670245,LONG,18507.0,18505.75,6,-150.0,0,8,0
Pre_Fix_DB (processed_trades_backup_pre_ghost_fix),TM_10,NQ,T88a9e0e27cf4,2024-04-01T12:26:05.343591,2024-04-01T12:26:05.852553,LONG,18508.75,18508.0,6,-90.0,0,8,0
Pre_Fix_DB (processed_trades_backup_pre_ghost_fix),TM_10,NQ,Tc719dec35a1f,2024-04-01T13:30:18.981337,2024-04-01T13:30:26.383649,SHORT,18491.5,18491.25,4,20.0,0,9,0
Pre_Fix_DB (processed_trades_backup_pre_ghost_fix),TM_10,NQ,T132c0ed78c7a,2024-04-01T13:36:57.057980,2024-04-01T13:36:57.605726,SHORT,18564.75,18563.75,6,120.0,0,9,0
Pre_Fix_DB (processed_trades_backup_pre_ghost_fix),TM_10,NQ,Tcc8b8e1828e7,2024-04-01T13:37:16.055923,2024-04-01T13:37:16.624952,LONG,18573.25,18574.0,6,90.0,0,9,0
Pre_Fix_DB (processed_trades_backup_pre_ghost_fix),TM_10,NQ,T13cd504f1be5,2024-04-01T13:51:41.341711,2024-04-01T13:51:41.842660,SHORT,18591.5,18592.5,6,-120.0,0,9,0
Pre_Fix_DB (processed_trades_backup_pre_ghost_fix),TM_10,NQ,T9a6a31fb6cf4,2024-04-01T14:00:04.516687,2024-04-01T14:00:04.940260,LONG,18587.5,18588.0,6,60.0,0,10,0
Pre_Fix_DB (processed_trades_backup_pre_ghost_fix),TM_10,NQ,T1a586dd26cee,2024-04-01T14:15:00.898408,2024-04-01T14:15:01.430666,SHORT,18588.0,18588.25,6,-30.0,0,10,0
Pre_Fix_DB (processed_trades_backup_pre_ghost_fix),TM_10,NQ,Tb32b449624d7,2024-04-01T14:20:29.342262,2024-04-01T14:20:29.807895,LONG,18518.25,18518.5,6,30.0,0,10,0
Pre_Fix_DB (processed_trades_backup_pre_ghost_fix),TM_10,NQ,T158d79998fee,2024-04-01T14:22:52.367464,2024-04-01T14:22:52.986199,LONG,18525.0,18525.5,6,60.0,0,10,0
Pre_Fix_DB (processed_trades_backup_pre_ghost_fix),TM_10,NQ,T8e1a9d0b496b,2024-04-01T14:39:44.289376,2024-04-01T14:39:44.822185,LONG,18491.0,18490.5,6,-60.0,0,10,0
Pre_Fix_DB (processed_trades_backup_pre_ghost_fix),TM_10,NQ,Te5217a9addee,2024-04-01T14:56:17.797096,2024-04-01T14:56:18.284034,LONG,18479.25,18478.75,6,-60.0,0,10,0
Pre_Fix_DB (processed_trades_backup_pre_ghost_fix),TM_10,NQ,T7e8ab174bdb9,2024-04-01T15:00:59.868735,2024-04-01T15:01:00.427379,SHORT,18473.25,18472.25,6,120.0,0,11,0
Pre_Fix_DB (processed_trades_backup_pre_ghost_fix),TM_10,NQ,T1040c0dfa331,2024-04-01T15:02:33.842364,2024-04-01T15:02:34.326958,LONG,18475.0,18474.25,6,-90.0,0,11,0
Pre_Fix_DB (processed_trades_backup_pre_ghost_fix),TM_10,NQ,Ta2e9be9a604d,2024-04-01T15:58:18.487918,2024-04-01T15:58:18.956041,SHORT,18427.5,18427.75,6,-30.0,0,11,0
Pre_Fix_DB (processed_trades_backup_pre_ghost_fix),TM_10,NQ,Tc9a644ab1972,2024-04-01T16:12:14.777833,2024-04-01T16:12:15.358415,LONG,18471.5,18471.25,6,-30.0,0,12,0
Pre_Fix_DB (processed_trades_backup_pre_ghost_fix),TM_10,NQ,T539ea4342a75,2024-04-01T16:27:11.925404,2024-04-01T16:27:12.414416,LONG,18476.0,18475.5,6,-60.0,0,12,0
Pre_Fix_DB (processed_trades_backup_pre_ghost_fix),TM_10,NQ,Ta221e28b59be,2024-04-01T16:36:52.041549,2024-04-01T16:36:52.546570,SHORT,18477.5,18478.0,6,-60.0,0,12,0
Pre_Fix_DB (processed_trades_backup_pre_ghost_fix),TM_10,NQ,T7ce0c5d9c517,2024-04-01T16:40:20.560791,2024-04-01T16:40:21.064095,LONG,18483.25,18483.0,6,-30.0,0,12,0
Pre_Fix_DB (processed_trades_backup_pre_ghost_fix),TM_10,NQ,T750133f22007,2024-04-01T17:26:25.466995,2024-04-01T17:26:25.910272,LONG,18438.75,18438.25,6,-60.0,0,13,0
Pre_Fix_DB (processed_trades_backup_pre_ghost_fix),TM_10,NQ,T27b270242ec0,2024-04-01T19:51:40.768607,2024-04-01T19:51:41.282430,SHORT,18476.25,18477.25,6,-120.0,0,15,0
Pre_Fix_DB (processed_trades_backup_pre_ghost_fix),TM_10,NQ,Tfcfa06f9632f,2024-04-01T19:57:48.356384,2024-04-01T19:57:48.810259,LONG,18499.0,18499.0,6,0.0,0,15,0
Pre_Fix_DB (processed_trades_backup_pre_ghost_fix),TM_10,NQ,T8ab62255751e,2024-04-01T20:05:02.414367,2024-04-01T20:05:02.919008,LONG,18501.5,18501.0,6,-60.0,0,16,0
Pre_Fix_DB (processed_trades_backup_pre_ghost_fix),TM_10,NQ,T4333141f2a61,2024-04-01T22:19:40.273764,2024-04-01T22:19:40.765203,LONG,18483.25,18482.5,6,-90.0,0,18,0
Pre_Fix_DB (processed_trades_backup_pre_ghost_fix),TM_10,NQ,Tab3e6b82274a,2024-04-02T05:31:08.668161,2024-04-02T05:31:09.180794,LONG,18466.75,18466.25,6,-60.0,0,1,1
Pre_Fix_DB (processed_trades_backup_pre_ghost_fix),TM_10,NQ,T1587378c3415,2024-04-02T08:36:33.558274,2024-04-02T08:36:34.072570,LONG,18495.0,18494.25,6,-90.0,0,4,1
Pre_Fix_DB (processed_trades_backup_pre_ghost_fix),TM_10,NQ,Tc768cf41146a,2024-04-02T12:26:28.264030,2024-04-02T12:26:28.789695,LONG,18403.0,18402.0,6,-120.0,0,8,1
Pre_Fix_DB (processed_trades_backup_pre_ghost_fix),TM_10,NQ,Tbe3b56532258,2024-04-02T12:43:45.381770,2024-04-02T12:43:45.911231,LONG,18352.5,18351.75,6,-90.0,0,8,1
Pre_Fix_DB (processed_trades_backup_pre_ghost_fix),TM_10,NQ,Tddc4718bd486,2024-04-02T12:51:46.695532,2024-04-02T12:51:47.197953,LONG,18344.5,18344.25,6,-30.0,0,8,1
Pre_Fix_DB (processed_trades_backup_pre_ghost_fix),TM_10,NQ,Tf77df10fb176,2024-04-02T13:03:59.447933,2024-04-02T13:04:00.000297,LONG,18322.5,18322.25,6,-30.0,0,9,1
Pre_Fix_DB (processed_trades_backup_pre_ghost_fix),TM_10,NQ,Tb19983632e7d,2024-04-02T13:25:12.922316,2024-04-02T13:25:32.734244,SHORT,18273.25,18273.25,4,0.0,0,9,1
Pre_Fix_DB (processed_trades_backup_pre_ghost_fix),TM_10,NQ,Tfa3f34d78ac1,2024-04-02T13:34:12.004859,2024-04-02T13:34:12.575024,LONG,18272.75,18272.5,6,-30.0,0,9,1
Pre_Fix_DB (processed_trades_backup_pre_ghost_fix),TM_10,NQ,Tad90fb03cba7,2024-04-03T02:26:21.345229,2024-04-03T02:26:21.853710,LONG,18305.75,18305.25,6,-60.0,0,22,1
Pre_Fix_DB (processed_trades_backup_pre_ghost_fix),TM_10,NQ,T40674501067c,2024-04-03T05:47:04.318399,2024-04-03T05:47:04.873923,LONG,18280.0,18280.0,6,0.0,0,1,2
Pre_Fix_DB (processed_trades_backup_pre_ghost_fix),TM_10,NQ,T974ecf1f98af,2024-04-03T08:45:45.244259,2024-04-03T08:45:45.756105,SHORT,18293.75,18296.0,6,-270.0,0,4,2
Pre_Fix_DB (processed_trades_backup_pre_ghost_fix),TM_10,NQ,T02dc35e6f206,2024-04-03T10:25:58.821124,2024-04-03T10:30:35.548437,SHORT,18267.5,18267.25,4,20.0,4,6,2
Pre_Fix_DB (processed_trades_backup_pre_ghost_fix),TM_10,NQ,Tdf57a8694cdd,2024-04-03T11:14:14.421904,2024-04-03T11:14:14.916973,LONG,18286.5,18286.0,6,-60.0,0,7,2
Pre_Fix_DB (processed_trades_backup_pre_ghost_fix),TM_10,NQ,T2c808fd3a3ce,2024-04-03T11:20:34.170594,2024-04-03T11:20:34.663340,SHORT,18287.25,18287.75,6,-60.0,0,7,2
Pre_Fix_DB (processed_trades_backup_pre_ghost_fix),TM_10,NQ,T52c13eef9402,2024-04-03T11:51:53.359757,2024-04-03T11:51:53.963869,LONG,18294.5,18294.25,6,-30.0,0,7,2
Pre_Fix_DB (processed_trades_backup_pre_ghost_fix),TM_10,NQ,Td790329e22da,2024-04-03T13:32:29.666408,2024-04-03T13:32:30.290963,LONG,18261.5,18262.25,6,90.0,0,9,2
Pre_Fix_DB (processed_trades_backup_pre_ghost_fix),TM_10,NQ,T0f8683a2c047,2024-04-03T13:50:28.746031,2024-04-03T13:50:29.278953,LONG,18272.25,18271.5,6,-90.0,0,9,2
Pre_Fix_DB (processed_trades_backup_pre_ghost_fix),TM_10,NQ,Tf82115d037b9,2024-04-03T14:17:40.264940,2024-04-03T14:17:40.776978,LONG,18374.5,18374.25,6,-30.0,0,10,2
Pre_Fix_DB (processed_trades_backup_pre_ghost_fix),TM_10,NQ,T25ced2b3c54f,2024-04-03T14:29:02.938548,2024-04-03T14:29:03.270050,SHORT,18416.75,18417.5,6,-90.0,0,10,2
Pre_Fix_DB (processed_trades_backup_pre_ghost_fix),TM_10,NQ,T110a94ca7cb7,2024-04-03T14:29:49.849352,2024-04-03T14:29:50.448469,SHORT,18408.5,18408.75,6,-30.0,0,10,2
Pre_Fix_DB (processed_trades_backup_pre_ghost_fix),TM_10,NQ,T0700e22032ff,2024-04-03T14:30:53.833359,2024-04-03T14:30:54.491329,SHORT,18415.75,18417.0,6,-150.0,0,10,2
Pre_Fix_DB (processed_trades_backup_pre_ghost_fix),TM_10,NQ,Tdb24c6d922f1,2024-04-03T14:43:21.868311,2024-04-03T14:43:22.419903,LONG,18414.25,18414.0,6,-30.0,0,10,2
Pre_Fix_DB (processed_trades_backup_pre_ghost_fix),TM_10,NQ,Taaedd329e44b,2024-04-03T14:50:08.469131,2024-04-03T14:50:08.873783,LONG,18417.25,18417.5,6,30.0,0,10,2
Pre_Fix_DB (processed_trades_backup_pre_ghost_fix),TM_10,NQ,T7385ff571d3e,2024-04-03T16:10:12.664912,2024-04-03T16:10:13.166950,SHORT,18392.75,18389.0,6,450.0,0,12,2
Pre_Fix_DB (processed_trades_backup_pre_ghost_fix),TM_10,NQ,T22add5ed3101,2024-04-03T16:38:18.804610,2024-04-03T16:38:19.258645,LONG,18392.5,18389.0,6,-420.0,0,12,2
Pre_Fix_DB (processed_trades_backup_pre_ghost_fix),TM_10,NQ,T9170cbba2b58,2024-04-03T16:38:27.761606,2024-04-03T16:38:28.261754,LONG,18376.75,18378.0,6,150.0,0,12,2
Pre_Fix_DB (processed_trades_backup_pre_ghost_fix),TM_10,NQ,T75613d67140e,2024-04-03T16:50:00.953258,2024-04-03T16:50:01.436784,SHORT,18412.5,18414.0,6,-180.0,0,12,2
Pre_Fix_DB (processed_trades_backup_pre_ghost_fix),TM_10,NQ,T75d87212cc70,2024-04-03T17:19:30.530868,2024-04-03T17:19:31.043491,LONG,18418.0,18416.75,6,-150.0,0,13,2
Pre_Fix_DB (processed_trades_backup_pre_ghost_fix),TM_10,NQ,Tb8e047aeb80a,2024-04-03T18:55:06.951259,2024-04-03T18:55:07.481635,LONG,18407.25,18407.0,6,-30.0,0,14,2
Pre_Fix_DB (processed_trades_backup_pre_ghost_fix),TM_10,NQ,Tcbdf53b4668e,2024-04-03T19:43:49.600757,2024-04-03T19:43:50.166610,LONG,18364.75,18364.5,6,-30.0,0,15,2
Pre_Fix_DB (processed_trades_backup_pre_ghost_fix),TM_10,NQ,Tc8290a8131f3,2024-04-03T19:53:07.006824,2024-04-03T19:53:07.499555,LONG,18373.25,18373.5,6,30.0,0,15,2
Pre_Fix_DB (processed_trades_backup_pre_ghost_fix),TM_10,NQ,Tf1d2e9049362,2024-04-04T07:20:56.683674,2024-04-04T07:20:57.199197,SHORT,18434.0,18434.75,6,-90.0,0,3,3
Pre_Fix_DB (processed_trades_backup_pre_ghost_fix),TM_10,NQ,T5d7c6703e034,2024-04-04T08:05:27.420876,2024-04-04T08:05:27.901398,SHORT,18449.25,18450.0,6,-90.0,0,4,3
Pre_Fix_DB (processed_trades_backup_pre_ghost_fix),TM_10,NQ,T2aca59907da7,2024-04-04T08:26:37.581872,2024-04-04T08:26:38.062790,SHORT,18455.75,18456.25,6,-60.0,0,4,3
Pre_Fix_DB (processed_trades_backup_pre_ghost_fix),TM_10,NQ,T4d41b4057fad,2024-04-04T10:11:27.070075,2024-04-04T10:11:27.571684,LONG,18457.0,18455.5,6,-180.0,0,6,3
Pre_Fix_DB (processed_trades_backup_pre_ghost_fix),TM_10,NQ,T6324adbef9a3,2024-04-04T12:01:17.855669,2024-04-04T12:01:18.373511,SHORT,18446.5,18447.75,6,-150.0,0,8,3
Pre_Fix_DB (processed_trades_backup_pre_ghost_fix),TM_10,NQ,Tfe0a99c4010e,2024-04-04T13:29:59.734157,2024-04-04T13:30:00.236505,LONG,18548.0,18548.5,6,60.0,0,9,3
Pre_Fix_DB (processed_trades_backup_pre_ghost_fix),TM_10,NQ,T7a1b5e61ff9c,2024-04-04T13:47:59.441417,2024-04-04T13:47:59.831304,LONG,18539.5,18536.25,6,-390.0,0,9,3
Pre_Fix_DB (processed_trades_backup_pre_ghost_fix),TM_10,NQ,T9c67cbfecb06,2024-04-04T13:56:31.359227,2024-04-04T13:56:39.231018,SHORT,18513.75,18517.5,6,-450.0,0,9,3
Pre_Fix_DB (processed_trades_backup_pre_ghost_fix),TM_10,NQ,T23b7495ff0a0,2024-04-04T13:59:51.366138,2024-04-04T13:59:51.862287,SHORT,18519.0,18520.0,6,-120.0,0,9,3
Pre_Fix_DB (processed_trades_backup_pre_ghost_fix),TM_10,NQ,T19d1e08a9548,2024-04-04T14:06:50.859760,2024-04-04T14:06:51.360802,LONG,18523.5,18523.25,6,-30.0,0,10,3
Pre_Fix_DB (processed_trades_backup_pre_ghost_fix),TM_10,NQ,Tfcd39a3d96a7,2024-04-04T14:19:27.416958,2024-04-04T14:19:27.914405,SHORT,18513.5,18514.25,6,-90.0,0,10,3
Pre_Fix_DB (processed_trades_backup_pre_ghost_fix),TM_10,NQ,T6da31bcb6296,2024-04-04T15:15:21.146059,2024-04-04T15:15:21.718421,LONG,18481.25,18481.25,6,0.0,0,11,3
Pre_Fix_DB (processed_trades_backup_pre_ghost_fix),TM_10,NQ,T02086713ab27,2024-04-04T16:12:09.167890,2024-04-04T16:12:50.103568,SHORT,18552.0,18552.75,6,-90.0,0,12,3
Pre_Fix_DB (processed_trades_backup_pre_ghost_fix),TM_10,NQ,T4a6aab617330,2024-04-04T16:52:16.993811,2024-04-04T16:52:17.472366,SHORT,18564.5,18564.75,6,-30.0,0,12,3
Pre_Fix_DB (processed_trades_backup_pre_ghost_fix),TM_10,NQ,T04333a9c048f,2024-04-04T17:02:22.658161,2024-04-04T17:02:23.596141,LONG,18546.25,18546.25,6,0.0,0,13,3
Pre_Fix_DB (processed_trades_backup_pre_ghost_fix),TM_10,NQ,Te15186f78c05,2024-04-04T17:47:51.327964,2024-04-04T17:47:51.841066,LONG,18513.5,18512.5,6,-120.0,0,13,3
Pre_Fix_DB (processed_trades_backup_pre_ghost_fix),TM_10,NQ,T9f6d45771de7,2024-04-04T17:59:00.856214,2024-04-04T17:59:01.350530,LONG,18497.0,18497.0,6,0.0,0,13,3
Pre_Fix_DB (processed_trades_backup_pre_ghost_fix),TM_10,NQ,Tdc48c842f756,2024-04-04T18:07:02.578168,2024-04-04T18:07:03.083641,LONG,18461.25,18460.75,6,-60.0,0,14,3
Pre_Fix_DB (processed_trades_backup_pre_ghost_fix),TM_10,NQ,T4fba7d6bc8d8,2024-04-04T18:18:21.908787,2024-04-04T18:18:22.455617,LONG,18388.0,18388.75,6,90.0,0,14,3
Pre_Fix_DB (processed_trades_backup_pre_ghost_fix),TM_10,NQ,Tc4d1471bca11,2024-04-04T18:19:58.926454,2024-04-04T18:19:59.463659,SHORT,18384.25,18384.25,6,0.0,0,14,3
Pre_Fix_DB (processed_trades_backup_pre_ghost_fix),TM_10,NQ,Tc2264389daaa,2024-04-04T18:21:39.050150,2024-04-04T18:21:39.652692,SHORT,18385.25,18384.5,6,90.0,0,14,3
Pre_Fix_DB (processed_trades_backup_pre_ghost_fix),TM_10,NQ,Tb5013b21fc64,2024-04-04T18:21:55.121929,2024-04-04T18:21:55.498556,LONG,18392.0,18391.0,6,-120.0,0,14,3
Pre_Fix_DB (processed_trades_backup_pre_ghost_fix),TM_10,NQ,T7adcbbcd7e7d,2024-04-04T18:30:34.623633,2024-04-04T18:30:35.084769,LONG,18292.5,18291.75,6,-90.0,0,14,3
Pre_Fix_DB (processed_trades_backup_pre_ghost_fix),TM_10,NQ,Te98193c7b79d,2024-04-04T18:33:38.029388,2024-04-04T18:33:38.665651,SHORT,18294.0,18293.25,6,90.0,0,14,3
Pre_Fix_DB (processed_trades_backup_pre_ghost_fix),TM_10,NQ,Tcc3af87166f4,2024-04-04T18:52:17.636262,2024-04-04T18:52:18.139542,SHORT,18270.0,18271.25,6,-150.0,0,14,3
Pre_Fix_DB (processed_trades_backup_pre_ghost_fix),TM_10,NQ,T34db2e0b2afd,2024-04-04T18:53:49.151204,2024-04-04T18:53:49.644096,LONG,18255.75,18256.0,6,30.0,0,14,3
Pre_Fix_DB (processed_trades_backup_pre_ghost_fix),TM_10,NQ,T209c386ac363,2024-04-04T18:54:44.163240,2024-04-04T18:54:44.661355,LONG,18257.0,18255.5,6,-180.0,0,14,3
Pre_Fix_DB (processed_trades_backup_pre_ghost_fix),TM_10,NQ,T53330fe5d711,2024-04-04T19:01:40.247758,2024-04-04T19:01:44.597375,SHORT,18182.75,18188.25,6,-660.0,0,15,3
Pre_Fix_DB (processed_trades_backup_pre_ghost_fix),TM_10,NQ,T563b6e6c5ac0,2024-04-04T19:05:00.886205,2024-04-04T19:05:01.432478,LONG,18182.75,18183.0,6,30.0,0,15,3
Pre_Fix_DB (processed_trades_backup_pre_ghost_fix),TM_10,NQ,T31fe4e9147df,2024-04-04T19:05:02.507839,2024-04-04T19:05:03.063868,LONG,18182.75,18183.0,6,30.0,0,15,3
Pre_Fix_DB (processed_trades_backup_pre_ghost_fix),TM_10,NQ,Te97f8aa79049,2024-04-04T19:06:10.748052,2024-04-04T19:06:11.239943,LONG,18188.25,18186.25,6,-240.0,0,15,3
Pre_Fix_DB (processed_trades_backup_pre_ghost_fix),TM_10,NQ,T20a39b463041,2024-04-04T19:06:12.479185,2024-04-04T19:06:12.971812,LONG,18188.25,18186.25,6,-240.0,0,15,3
Pre_Fix_DB (processed_trades_backup_pre_ghost_fix),TM_10,NQ,T8a4ba0ce90d9,2024-04-04T19:12:11.809859,2024-04-04T19:12:12.244726,SHORT,18174.0,18174.0,6,0.0,0,15,3
Pre_Fix_DB (processed_trades_backup_pre_ghost_fix),TM_10,NQ,T8fd9813fe601,2024-04-04T19:12:13.443679,2024-04-04T19:12:13.944683,SHORT,18174.0,18174.0,6,0.0,0,15,3
Pre_Fix_DB (processed_trades_backup_pre_ghost_fix),TM_10,NQ,T9666ce754762,2024-04-04T19:14:31.244628,2024-04-04T19:14:31.734933,LONG,18186.5,18190.25,6,450.0,0,15,3
Pre_Fix_DB (processed_trades_backup_pre_ghost_fix),TM_10,NQ,Tdf4e5fe1523f,2024-04-04T19:14:33.045322,2024-04-04T19:14:33.538789,LONG,18186.5,18190.25,6,450.0,0,15,3
Pre_Fix_DB (processed_trades_backup_pre_ghost_fix),TM_10,NQ,Tbfb8d71ff863,2024-04-04T19:16:03.242733,2024-04-04T19:16:03.740343,LONG,18174.75,18172.75,6,-240.0,0,15,3
Pre_Fix_DB (processed_trades_backup_pre_ghost_fix),TM_10,NQ,T30f1624af265,2024-04-04T19:16:05.036331,2024-04-04T19:16:05.533439,LONG,18174.75,18172.75,6,-240.0,0,15,3
Pre_Fix_DB (processed_trades_backup_pre_ghost_fix),TM_10,NQ,Tdd297fd7497e,2024-04-04T19:20:23.293570,2024-04-04T19:20:23.790256,SHORT,18173.25,18171.0,6,270.0,0,15,3
Pre_Fix_DB (processed_trades_backup_pre_ghost_fix),TM_10,NQ,T235b08a012ae,2024-04-04T19:20:25.074801,2024-04-04T19:20:25.574170,SHORT,18173.25,18171.0,6,270.0,0,15,3
Pre_Fix_DB (processed_trades_backup_pre_ghost_fix),TM_10,NQ,T8aa75c0cd197,2024-04-04T19:21:55.804087,2024-04-04T19:21:56.300916,LONG,18172.5,18173.75,6,150.0,0,15,3
Pre_Fix_DB (processed_trades_backup_pre_ghost_fix),TM_10,NQ,Tab6aeb355675,2024-04-04T19:21:57.574840,2024-04-04T19:21:58.076001,LONG,18172.5,18173.75,6,150.0,0,15,3
Pre_Fix_DB (processed_trades_backup_pre_ghost_fix),TM_10,NQ,T004dbe13968b,2024-04-04T19:22:23.295789,2024-04-04T19:22:23.803951,SHORT,18165.25,18165.75,6,-60.0,0,15,3
Pre_Fix_DB (processed_trades_backup_pre_ghost_fix),TM_10,NQ,Tbdbf1dc7ebd7,2024-04-04T19:22:25.070486,2024-04-04T19:22:25.577909,SHORT,18165.25,18165.75,6,-60.0,0,15,3
Pre_Fix_DB (processed_trades_backup_pre_ghost_fix),TM_10,NQ,T5b5f5e7e38d8,2024-04-04T19:25:16.865394,2024-04-04T19:25:17.355117,SHORT,18155.5,18155.0,6,60.0,0,15,3
Pre_Fix_DB (processed_trades_backup_pre_ghost_fix),TM_10,NQ,T7c064dcedea9,2024-04-04T19:25:18.619011,2024-04-04T19:25:19.105050,SHORT,18155.5,18155.0,6,60.0,0,15,3
Pre_Fix_DB (processed_trades_backup_pre_ghost_fix),TM_10,NQ,T6f520c54a614,2024-04-04T19:31:29.803939,2024-04-04T19:31:30.367038,LONG,18119.0,18119.75,6,90.0,0,15,3
Pre_Fix_DB (processed_trades_backup_pre_ghost_fix),TM_10,NQ,T9f5a28574f86,2024-04-04T19:31:31.522994,2024-04-04T19:31:32.020882,LONG,18119.0,18119.75,6,90.0,0,15,3
Pre_Fix_DB (processed_trades_backup_pre_ghost_fix),TM_10,NQ,Tc3f1fa31685c,2024-04-04T19:33:04.817136,2024-04-04T19:33:05.315733,SHORT,18133.75,18132.25,6,180.0,0,15,3
Pre_Fix_DB (processed_trades_backup_pre_ghost_fix),TM_10,NQ,T0992b8162003,2024-04-04T19:33:06.536185,2024-04-04T19:33:07.034979,SHORT,18133.75,18132.25,6,180.0,0,15,3
Pre_Fix_DB (processed_trades_backup_pre_ghost_fix),TM_10,NQ,T830a94950e0c,2024-04-04T19:35:11.378682,2024-04-04T19:35:11.825979,SHORT,18127.25,18128.0,6,-90.0,0,15,3
Pre_Fix_DB (processed_trades_backup_pre_ghost_fix),TM_10,NQ,T2c3e2394b577,2024-04-04T19:35:13.020882,2024-04-04T19:35:13.532218,SHORT,18127.25,18128.0,6,-90.0,0,15,3
Pre_Fix_DB (processed_trades_backup_pre_ghost_fix),TM_10,NQ,Te06523b61901,2024-04-04T19:45:22.838021,2024-04-04T19:45:23.336752,SHORT,18105.5,18105.25,6,30.0,0,15,3
Pre_Fix_DB (processed_trades_backup_pre_ghost_fix),TM_10,NQ,Tc6ab9c80e5a4,2024-04-04T19:45:24.592890,2024-04-04T19:45:25.091309,SHORT,18105.5,18105.25,6,30.0,0,15,3
Pre_Fix_DB (processed_trades_backup_pre_ghost_fix),TM_10,NQ,T9d6b3bfbf53c,2024-04-04T19:59:52.838199,2024-04-04T19:59:57.348398,SHORT,18071.25,18074.75,6,-420.0,0,15,3
Pre_Fix_DB (processed_trades_backup_pre_ghost_fix),TM_10,NQ,Tbc521a6758c6,2024-04-04T20:08:49.841910,2024-04-04T20:08:50.335038,LONG,18094.0,18093.75,6,-30.0,0,16,3
Pre_Fix_DB (processed_trades_backup_pre_ghost_fix),TM_10,NQ,Te1f37bcc6b8b,2024-04-04T20:08:51.616414,2024-04-04T20:08:52.116563,LONG,18094.0,18093.75,6,-30.0,0,16,3
Pre_Fix_DB (processed_trades_backup_pre_ghost_fix),TM_10,NQ,Tf9ba69a1cbed,2024-04-04T23:01:20.728952,2024-04-04T23:01:21.269100,LONG,18086.25,18085.0,6,-150.0,0,19,3
Pre_Fix_DB (processed_trades_backup_pre_ghost_fix),TM_10,NQ,Tc93e65f7a73d,2024-04-05T00:04:15.494722,2024-04-05T00:04:15.983551,LONG,18096.0,18094.25,6,-210.0,0,20,3
Pre_Fix_DB (processed_trades_backup_pre_ghost_fix),TM_10,NQ,T4a24885c7d74,2024-04-05T00:15:46.573684,2024-04-05T00:15:47.059977,SHORT,18096.25,18096.5,6,-30.0,0,20,3
Pre_Fix_DB (processed_trades_backup_pre_ghost_fix),TM_10,NQ,T8f763ae4eeb6,2024-04-05T04:35:29.005105,2024-04-05T04:35:29.517459,LONG,18111.0,18110.5,6,-60.0,0,0,4
Pre_Fix_DB (processed_trades_backup_pre_ghost_fix),TM_10,NQ,Tfff4be6bc0b5,2024-04-05T05:35:20.098743,2024-04-05T05:35:20.599923,LONG,18107.25,18106.5,6,-90.0,0,1,4
Pre_Fix_DB (processed_trades_backup_pre_ghost_fix),TM_10,NQ,Ta7eb92505046,2024-04-05T08:09:46.099028,2024-04-05T08:09:46.600884,SHORT,18134.0,18133.75,6,30.0,0,4,4
Pre_Fix_DB (processed_trades_backup_pre_ghost_fix),TM_10,NQ,Tf4df1b8de923,2024-04-05T08:18:25.289005,2024-04-05T08:18:25.851888,LONG,18123.5,18122.5,6,-120.0,0,4,4
Pre_Fix_DB (processed_trades_backup_pre_ghost_fix),TM_10,NQ,T97ba75ce2883,2024-04-05T09:07:49.416682,2024-04-05T09:07:49.996793,SHORT,18130.0,18131.25,6,-150.0,0,5,4
Pre_Fix_DB (processed_trades_backup_pre_ghost_fix),TM_10,NQ,T0ef63d5c67ff,2024-04-05T12:32:37.578142,2024-04-05T12:32:38.002382,SHORT,18114.5,18118.25,6,-450.0,0,8,4
Pre_Fix_DB (processed_trades_backup_pre_ghost_fix),TM_10,NQ,T12331adf2898,2024-04-05T12:36:17.532459,2024-04-05T12:36:18.041914,SHORT,18133.5,18134.25,6,-90.0,0,8,4
Pre_Fix_DB (processed_trades_backup_pre_ghost_fix),TM_10,NQ,T2ebb8c74d4e2,2024-04-05T12:40:44.671307,2024-04-05T12:40:45.090168,SHORT,18138.5,18138.25,6,30.0,0,8,4
Pre_Fix_DB (processed_trades_backup_pre_ghost_fix),TM_10,NQ,Tfa9e0223a4d6,2024-04-05T12:40:57.601767,2024-04-05T12:40:58.084380,LONG,18147.25,18146.5,6,-90.0,0,8,4
Pre_Fix_DB (processed_trades_backup_pre_ghost_fix),TM_10,NQ,Tfbf7816b3cc2,2024-04-05T12:43:45.614157,2024-04-05T12:43:46.108165,LONG,18185.0,18183.75,6,-150.0,0,8,4
Pre_Fix_DB (processed_trades_backup_pre_ghost_fix),TM_10,NQ,T1d879095a35b,2024-04-05T12:49:19.708766,2024-04-05T12:49:20.177754,LONG,18151.0,18150.5,6,-60.0,0,8,4
Pre_Fix_DB (processed_trades_backup_pre_ghost_fix),TM_10,NQ,T46815ae837b6,2024-04-05T12:58:49.071966,2024-04-05T12:58:49.603523,LONG,18140.5,18139.75,6,-90.0,0,8,4
Pre_Fix_DB (processed_trades_backup_pre_ghost_fix),TM_10,NQ,T43e881e9954e,2024-04-05T13:11:14.252493,2024-04-05T13:11:14.799115,LONG,18130.75,18128.5,6,-270.0,0,9,4
Pre_Fix_DB (processed_trades_backup_pre_ghost_fix),TM_10,NQ,T2a31a7a84fa8,2024-04-05T13:16:25.155274,2024-04-05T13:16:25.685218,SHORT,18139.75,18139.25,6,60.0,0,9,4
Pre_Fix_DB (processed_trades_backup_pre_ghost_fix),TM_10,NQ,T039019556e35,2024-04-05T13:30:02.259343,2024-04-05T13:30:02.790911,LONG,18131.0,18129.0,6,-240.0,0,9,4
Pre_Fix_DB (processed_trades_backup_pre_ghost_fix),TM_10,NQ,T164a9be8b1f4,2024-04-05T13:33:12.793781,2024-04-05T13:33:13.207488,LONG,18145.75,18142.5,6,-390.0,0,9,4
Pre_Fix_DB (processed_trades_backup_pre_ghost_fix),TM_10,NQ,T8b42547904eb,2024-04-05T13:33:59.751771,2024-04-05T13:34:00.214429,SHORT,18137.25,18138.0,6,-90.0,0,9,4
Pre_Fix_DB (processed_trades_backup_pre_ghost_fix),TM_10,NQ,T19a4a9fc0673,2024-04-05T13:45:32.919561,2024-04-05T13:45:33.321118,SHORT,18165.0,18165.75,6,-90.0,0,9,4
Pre_Fix_DB (processed_trades_backup_pre_ghost_fix),TM_10,NQ,T461cc33c4bbc,2024-04-05T13:48:24.342900,2024-04-05T13:48:24.911859,SHORT,18189.25,18189.75,6,-60.0,0,9,4
Pre_Fix_DB (processed_trades_backup_pre_ghost_fix),TM_10,NQ,T157eb9e44648,2024-04-05T13:49:23.317484,2024-04-05T13:49:23.845459,LONG,18188.25,18188.0,6,-30.0,0,9,4
Pre_Fix_DB (processed_trades_backup_pre_ghost_fix),TM_10,NQ,Ta18244d9e543,2024-04-05T13:54:10.859680,2024-04-05T13:54:11.293858,LONG,18211.5,18211.25,6,-30.0,0,9,4
Pre_Fix_DB (processed_trades_backup_pre_ghost_fix),TM_10,NQ,Tb95ffa74bc1c,2024-04-07T22:00:14.646358,2024-04-07T22:00:15.218210,SHORT,18360.0,18361.5,6,-180.0,0,18,6
Pre_Fix_DB (processed_trades_backup_pre_ghost_fix),TM_10,NQ,Tdce6141d8214,2024-04-08T02:23:33.517748,2024-04-08T02:23:34.008366,SHORT,18317.0,18317.5,6,-60.0,0,22,6
Pre_Fix_DB (processed_trades_backup_pre_ghost_fix),TM_10,NQ,T80d8ba9bd0c5,2024-04-08T03:32:25.109085,2024-04-08T03:32:25.484264,LONG,18288.25,18287.25,6,-120.0,0,23,6
Pre_Fix_DB (processed_trades_backup_pre_ghost_fix),TM_10,NQ,Te949f8536b51,2024-04-08T08:25:23.865998,2024-04-08T08:25:24.336956,LONG,18259.25,18258.75,6,-60.0,0,4,0
Pre_Fix_DB (processed_trades_backup_pre_ghost_fix),TM_10,NQ,Tb20f807fcbf5,2024-04-08T10:07:01.244718,2024-04-08T10:07:01.758540,LONG,18292.0,18291.25,6,-90.0,0,6,0
Pre_Fix_DB (processed_trades_backup_pre_ghost_fix),TM_10,NQ,T96f790def29f,2024-04-08T10:07:01.905618,2024-04-08T10:07:02.419600,LONG,18292.0,18291.25,6,-90.0,0,6,0
Pre_Fix_DB (processed_trades_backup_pre_ghost_fix),TM_10,NQ,Te9ad67a707eb,2024-04-08T10:29:36.350887,2024-04-08T10:29:36.943071,SHORT,18299.5,18300.0,6,-60.0,0,6,0
Pre_Fix_DB (processed_trades_backup_pre_ghost_fix),TM_10,NQ,Tc52368317129,2024-04-08T12:22:48.751850,2024-04-08T12:22:49.376888,LONG,18317.25,18317.0,6,-30.0,0,8,0
Pre_Fix_DB (processed_trades_backup_pre_ghost_fix),TM_10,NQ,T19ce31f6d9a5,2024-04-08T12:29:42.335067,2024-04-08T12:31:21.093506,LONG,18327.25,18319.75,6,-900.0,1,8,0
Pre_Fix_DB (processed_trades_backup_pre_ghost_fix),TM_10,NQ,Td43f819a6c88,2024-04-08T13:00:08.908292,2024-04-08T13:00:09.406052,LONG,18364.25,18364.0,6,-30.0,0,9,0
Pre_Fix_DB (processed_trades_backup_pre_ghost_fix),TM_10,NQ,Tca334b37c68a,2024-04-08T13:09:00.563052,2024-04-08T13:09:01.064928,LONG,18360.75,18360.25,6,-60.0,0,9,0
Pre_Fix_DB (processed_trades_backup_pre_ghost_fix),TM_10,NQ,T7855eff208e6,2024-04-08T13:33:50.042308,2024-04-08T13:33:50.553913,LONG,18312.0,18311.75,6,-30.0,0,9,0
Pre_Fix_DB (processed_trades_backup_pre_ghost_fix),TM_10,NQ,Ta0594a3d1b66,2024-04-08T13:36:37.212242,2024-04-08T13:37:21.595523,SHORT,18284.0,18292.0,6,-960.0,0,9,0
Pre_Fix_DB (processed_trades_backup_pre_ghost_fix),TM_10,NQ,Tff7a820f5421,2024-04-08T13:46:22.112002,2024-04-08T13:46:22.604300,SHORT,18280.0,18280.25,6,-30.0,0,9,0
Pre_Fix_DB (processed_trades_backup_pre_ghost_fix),TM_10,NQ,Tc8983cb61784,2024-04-08T13:52:25.220188,2024-04-08T13:52:25.624476,SHORT,18285.5,18286.75,6,-150.0,0,9,0
Pre_Fix_DB (processed_trades_backup_pre_ghost_fix),TM_10,NQ,Tc051e6fe08c4,2024-04-08T13:56:26.740272,2024-04-08T13:56:27.437897,LONG,18305.0,18304.75,6,-30.0,0,9,0
Pre_Fix_DB (processed_trades_backup_pre_ghost_fix),TM_10,NQ,T12b980ce55a3,2024-04-08T14:02:18.756244,2024-04-08T14:02:19.252870,SHORT,18302.25,18303.25,6,-120.0,0,10,0
Pre_Fix_DB (processed_trades_backup_pre_ghost_fix),TM_10,NQ,T0cef2c82a30b,2024-04-08T14:04:09.760151,2024-04-08T14:04:10.277704,LONG,18295.25,18293.75,6,-180.0,0,10,0
Pre_Fix_DB (processed_trades_backup_pre_ghost_fix),TM_10,NQ,Tf9557632fcf4,2024-04-08T14:06:34.173449,2024-04-08T14:06:34.661460,SHORT,18300.5,18301.5,6,-120.0,0,10,0
Pre_Fix_DB (processed_trades_backup_pre_ghost_fix),TM_10,NQ,Teef4ad6525b5,2024-04-08T14:12:09.189875,2024-04-08T14:12:09.683265,SHORT,18307.0,18307.0,6,0.0,0,10,0
Pre_Fix_DB (processed_trades_backup_pre_ghost_fix),TM_10,NQ,Tc30e7f63ea26,2024-04-08T14:15:54.756153,2024-04-08T14:15:55.262277,SHORT,18310.0,18310.25,6,-30.0,0,10,0
Pre_Fix_DB (processed_trades_backup_pre_ghost_fix),TM_10,NQ,T18b99714d687,2024-04-08T15:53:45.671533,2024-04-08T15:54:26.006369,SHORT,18294.75,18301.0,6,-750.0,0,11,0
Pre_Fix_DB (processed_trades_backup_pre_ghost_fix),TM_10,NQ,Te9a0a6253345,2024-04-08T16:23:01.941857,2024-04-08T16:23:02.412217,LONG,18264.75,18264.75,6,0.0,0,12,0
Pre_Fix_DB (processed_trades_backup_pre_ghost_fix),TM_10,NQ,Tb8a1a9512f95,2024-04-08T16:47:54.867330,2024-04-08T16:47:55.377444,SHORT,18298.75,18298.5,6,30.0,0,12,0
Pre_Fix_DB (processed_trades_backup_pre_ghost_fix),TM_10,NQ,T3c6b4a64a4da,2024-04-08T18:26:32.970134,2024-04-08T18:26:33.387537,LONG,18314.75,18314.0,6,-90.0,0,14,0
Pre_Fix_DB (processed_trades_backup_pre_ghost_fix),TM_10,NQ,T8c01009b330d,2024-04-08T19:43:23.033338,2024-04-08T19:43:23.568413,LONG,18292.5,18292.25,6,-30.0,0,15,0
Pre_Fix_DB (processed_trades_backup_pre_ghost_fix),TM_10,NQ,Tdda8194ad8a6,2024-04-08T19:46:02.096607,2024-04-08T19:48:33.939831,LONG,18305.0,18298.25,6,-810.0,2,15,0
Pre_Fix_DB (processed_trades_backup_pre_ghost_fix),TM_10,NQ,T77f17e81aa7e,2024-04-08T19:59:51.396727,2024-04-08T19:59:52.108603,LONG,18298.25,18297.5,6,-90.0,0,15,0
Pre_Fix_DB (processed_trades_backup_pre_ghost_fix),TM_10,NQ,Td6dbbc4602fd,2024-04-08T21:59:59.558045,2024-04-08T22:00:00.142496,LONG,18315.0,18313.5,6,-180.0,0,17,0
Pre_Fix_DB (processed_trades_backup_pre_ghost_fix),TM_10,NQ,T49bbf308296e,2024-04-09T01:43:20.078133,2024-04-09T01:43:20.598950,SHORT,18293.5,18294.25,6,-90.0,0,21,0
Pre_Fix_DB (processed_trades_backup_pre_ghost_fix),TM_10,NQ,T4ed7e7e765d4,2024-04-09T13:14:41.024743,2024-04-09T13:14:41.524887,LONG,18368.75,18368.5,6,-30.0,0,9,1
Pre_Fix_DB (processed_trades_backup_pre_ghost_fix),TM_10,NQ,Tb14bba491669,2024-04-09T13:30:36.629018,2024-04-09T13:30:37.095471,LONG,18396.0,18395.5,6,-60.0,0,9,1
Pre_Fix_DB (processed_trades_backup_pre_ghost_fix),TM_10,NQ,Tec48e49e32b9,2024-04-09T13:30:45.058552,2024-04-09T13:30:45.543911,SHORT,18387.75,18391.25,6,-420.0,0,9,1
Pre_Fix_DB (processed_trades_backup_pre_ghost_fix),TM_10,NQ,T298ef3033299,2024-04-09T14:01:29.232814,2024-04-09T14:01:29.697180,SHORT,18346.5,18348.75,6,-270.0,0,10,1
Pre_Fix_DB (processed_trades_backup_pre_ghost_fix),TM_10,NQ,Te2c62e5b7bee,2024-04-09T14:21:33.474566,2024-04-09T14:21:33.972764,LONG,18355.75,18354.75,6,-120.0,0,10,1
Pre_Fix_DB (processed_trades_backup_pre_ghost_fix),TM_10,NQ,T2b87f8ba28de,2024-04-09T14:26:30.855656,2024-04-09T14:26:31.369936,LONG,18338.25,18336.75,6,-180.0,0,10,1
Pre_Fix_DB (processed_trades_backup_pre_ghost_fix),TM_10,NQ,Tc722750bba73,2024-04-09T14:32:17.595827,2024-04-09T14:32:18.139875,SHORT,18236.0,18235.5,6,60.0,0,10,1
Pre_Fix_DB (processed_trades_backup_pre_ghost_fix),TM_10,NQ,T733c33d2016f,2024-04-09T14:34:00.615922,2024-04-09T14:34:01.887310,SHORT,18258.5,18261.0,6,-300.0,0,10,1
Pre_Fix_DB (processed_trades_backup_pre_ghost_fix),TM_10,NQ,Tdb22503d7ca7,2024-04-09T14:40:08.506830,2024-04-09T14:40:09.127846,LONG,18234.25,18232.75,6,-180.0,0,10,1
Pre_Fix_DB (processed_trades_backup_pre_ghost_fix),TM_10,NQ,T7d011cfbf5aa,2024-04-09T14:40:21.625579,2024-04-09T14:40:22.162963,SHORT,18223.75,18223.75,6,0.0,0,10,1
Pre_Fix_DB (processed_trades_backup_pre_ghost_fix),TM_10,NQ,Tf569e0c8f0ce,2024-04-09T14:44:05.173377,2024-04-09T14:44:05.538838,LONG,18173.0,18173.25,6,30.0,0,10,1
Pre_Fix_DB (processed_trades_backup_pre_ghost_fix),TM_10,NQ,Te8ac57044f9f,2024-04-09T14:54:00.025369,2024-04-09T14:54:00.592952,LONG,18170.5,18169.25,6,-150.0,0,10,1
Pre_Fix_DB (processed_trades_backup_pre_ghost_fix),TM_10,NQ,Ta6e71acd510e,2024-04-09T15:02:29.132994,2024-04-09T15:02:29.725375,LONG,18216.75,18216.75,6,0.0,0,11,1
Pre_Fix_DB (processed_trades_backup_pre_ghost_fix),TM_10,NQ,Tce27150d17d7,2024-04-09T15:09:59.783199,2024-04-09T15:10:00.057779,SHORT,18231.0,18231.75,6,-90.0,0,11,1
Pre_Fix_DB (processed_trades_backup_pre_ghost_fix),TM_10,NQ,T368aaac7d5e1,2024-04-09T15:25:53.116174,2024-04-09T15:25:53.636779,SHORT,18231.75,18232.0,6,-30.0,0,11,1
Pre_Fix_DB (processed_trades_backup_pre_ghost_fix),TM_10,NQ,T5724e92489de,2024-04-09T15:35:36.174650,2024-04-09T15:35:36.791995,LONG,18222.75,18222.75,6,0.0,0,11,1
Pre_Fix_DB (processed_trades_backup_pre_ghost_fix),TM_10,NQ,T3867f6be23db,2024-04-09T15:36:09.123886,2024-04-09T15:36:09.631310,SHORT,18227.5,18228.5,6,-120.0,0,11,1
Pre_Fix_DB (processed_trades_backup_pre_ghost_fix),TM_10,NQ,T1ba572c4de05,2024-04-09T15:43:18.675692,2024-04-09T15:43:19.164016,SHORT,18242.75,18243.25,6,-60.0,0,11,1
Pre_Fix_DB (processed_trades_backup_pre_ghost_fix),TM_10,NQ,Ta58ac6c113ac,2024-04-09T16:00:35.264799,2024-04-09T16:00:35.744170,LONG,18269.25,18269.0,6,-30.0,0,12,1
Pre_Fix_DB (processed_trades_backup_pre_ghost_fix),TM_10,NQ,T7b09b6ec2638,2024-04-09T17:02:06.891213,2024-04-09T17:02:07.349429,LONG,18261.25,18260.25,6,-120.0,0,13,1
Pre_Fix_DB (processed_trades_backup_pre_ghost_fix),TM_10,NQ,T514868181414,2024-04-09T17:03:38.921855,2024-04-09T17:03:39.342461,SHORT,18273.25,18275.0,6,-210.0,0,13,1
Pre_Fix_DB (processed_trades_backup_pre_ghost_fix),TM_10,NQ,Taa2cfef27eba,2024-04-09T18:01:25.604540,2024-04-09T18:01:26.083218,LONG,18252.25,18251.75,6,-60.0,0,14,1
Pre_Fix_DB (processed_trades_backup_pre_ghost_fix),TM_10,NQ,T92c894f77d93,2024-04-09T18:18:30.053996,2024-04-09T18:18:30.558267,LONG,18273.25,18273.75,6,60.0,0,14,1
Pre_Fix_DB (processed_trades_backup_pre_ghost_fix),TM_10,NQ,T363189301d44,2024-04-09T18:35:25.201038,2024-04-09T18:35:25.675587,LONG,18258.0,18258.75,6,90.0,0,14,1
Pre_Fix_DB (processed_trades_backup_pre_ghost_fix),TM_10,NQ,T24c1688c1bf9,2024-04-09T19:10:06.776508,2024-04-09T19:10:07.275783,LONG,18227.5,18227.0,6,-60.0,0,15,1
Pre_Fix_DB (processed_trades_backup_pre_ghost_fix),TM_10,NQ,T425197b922d7,2024-04-09T19:32:01.935925,2024-04-09T19:32:02.480417,SHORT,18338.5,18339.75,6,-150.0,0,15,1
Pre_Fix_DB (processed_trades_backup_pre_ghost_fix),TM_10,NQ,T2192e2dd435b,2024-04-09T19:34:45.547675,2024-04-09T19:34:46.081598,LONG,18328.75,18327.5,6,-150.0,0,15,1
Pre_Fix_DB (processed_trades_backup_pre_ghost_fix),TM_10,NQ,T152ad84b0dd3,2024-04-09T19:45:51.151831,2024-04-09T19:45:51.515637,SHORT,18307.5,18308.0,6,-60.0,0,15,1
Pre_Fix_DB (processed_trades_backup_pre_ghost_fix),TM_10,NQ,T108714e12462,2024-04-10T01:58:55.285494,2024-04-10T01:58:55.703436,LONG,18379.75,18379.25,6,-60.0,0,21,1
Pre_Fix_DB (processed_trades_backup_pre_ghost_fix),TM_10,NQ,T4c0f67ca9a63,2024-04-10T07:16:58.463032,2024-04-10T07:16:58.913041,LONG,18386.75,18386.25,6,-60.0,0,3,2
Pre_Fix_DB (processed_trades_backup_pre_ghost_fix),TM_10,NQ,T8a023f26d538,2024-04-10T08:15:53.422827,2024-04-10T08:15:53.923892,LONG,18391.25,18390.75,6,-60.0,0,4,2
Pre_Fix_DB (processed_trades_backup_pre_ghost_fix),TM_10,NQ,T63d024c3cff3,2024-04-10T09:58:52.463280,2024-04-10T09:58:52.990584,LONG,18358.5,18358.0,6,-60.0,0,5,2
Pre_Fix_DB (processed_trades_backup_pre_ghost_fix),TM_10,NQ,T40d572d3e689,2024-04-10T10:02:32.073838,2024-04-10T10:02:32.475669,LONG,18353.25,18352.5,6,-90.0,0,6,2
Pre_Fix_DB (processed_trades_backup_pre_ghost_fix),TM_10,NQ,Tcd0f68c1db8a,2024-04-10T10:34:55.089477,2024-04-10T10:34:55.701804,LONG,18361.25,18360.5,6,-90.0,0,6,2
Pre_Fix_DB (processed_trades_backup_pre_ghost_fix),TM_10,NQ,Te9e9cba0adf6,2024-04-10T11:20:57.795627,2024-04-10T11:20:58.201980,SHORT,18369.25,18369.75,6,-60.0,0,7,2
Pre_Fix_DB (processed_trades_backup_pre_ghost_fix),TM_10,NQ,Te356b32d4aa2,2024-04-10T12:29:37.658024,2024-04-10T12:29:37.955421,SHORT,18385.0,18386.5,6,-180.0,0,8,2
Pre_Fix_DB (processed_trades_backup_pre_ghost_fix),TM_10,NQ,T76f948163f07,2024-04-10T12:29:48.162403,2024-04-10T12:29:48.538128,LONG,18431.5,18434.25,6,330.0,0,8,2
Pre_Fix_DB (processed_trades_backup_pre_ghost_fix),TM_10,NQ,T0786f924ba71,2024-04-10T12:30:06.257660,2024-04-10T12:30:06.632843,SHORT,18300.25,18299.0,6,150.0,0,8,2
Pre_Fix_DB (processed_trades_backup_pre_ghost_fix),TM_10,NQ,T03ecca3d6d4c,2024-04-10T12:30:35.634463,2024-04-10T12:30:36.169154,SHORT,18206.0,18211.0,6,-600.0,0,8,2
Pre_Fix_DB (processed_trades_backup_pre_ghost_fix),TM_10,NQ,Tf76c6782c71e,2024-04-10T12:37:31.551544,2024-04-10T12:37:32.109256,LONG,18080.0,18076.0,6,-480.0,0,8,2
Pre_Fix_DB (processed_trades_backup_pre_ghost_fix),TM_10,NQ,T3030cde29357,2024-04-10T12:38:34.527132,2024-04-10T12:38:34.996424,SHORT,18094.5,18096.25,6,-210.0,0,8,2
Pre_Fix_DB (processed_trades_backup_pre_ghost_fix),TM_10,NQ,T643028a7017c,2024-04-10T12:38:54.029096,2024-04-10T12:38:54.568899,SHORT,18099.5,18099.75,6,-30.0,0,8,2
Pre_Fix_DB (processed_trades_backup_pre_ghost_fix),TM_10,NQ,T08d8c7a2eb86,2024-04-10T12:39:44.039104,2024-04-10T12:39:44.604153,SHORT,18094.0,18095.5,6,-180.0,0,8,2
Pre_Fix_DB (processed_trades_backup_pre_ghost_fix),TM_10,NQ,T62f98e62fe6c,2024-04-10T12:40:00.035201,2024-04-10T12:40:00.554682,LONG,18084.0,18079.0,6,-600.0,0,8,2
Pre_Fix_DB (processed_trades_backup_pre_ghost_fix),TM_10,NQ,T80c42a8408fb,2024-04-10T12:44:00.555062,2024-04-10T12:44:01.507309,SHORT,18087.75,18089.75,6,-240.0,0,8,2
Pre_Fix_DB (processed_trades_backup_pre_ghost_fix),TM_10,NQ,T5ed25fda3b7b,2024-04-10T12:48:43.559319,2024-04-10T12:48:44.088275,LONG,18110.75,18110.25,6,-60.0,0,8,2
Pre_Fix_DB (processed_trades_backup_pre_ghost_fix),TM_10,NQ,T5af139aed59c,2024-04-10T12:53:20.667033,2024-04-10T12:53:21.087374,SHORT,18114.5,18115.5,6,-120.0,0,8,2
Pre_Fix_DB (processed_trades_backup_pre_ghost_fix),TM_10,NQ,Te55846d9d773,2024-04-10T12:57:59.216800,2024-04-10T12:57:59.621606,LONG,18091.25,18091.25,6,0.0,0,8,2
Pre_Fix_DB (processed_trades_backup_pre_ghost_fix),TM_10,NQ,Td1d1833d68ba,2024-04-10T13:01:52.657555,2024-04-10T13:01:53.095965,SHORT,18097.75,18098.75,6,-120.0,0,9,2
Pre_Fix_DB (processed_trades_backup_pre_ghost_fix),TM_10,NQ,Ta7292d7bf1e6,2024-04-10T13:10:47.166259,2024-04-10T13:10:57.324622,SHORT,18062.0,18068.75,6,-810.0,0,9,2
Pre_Fix_DB (processed_trades_backup_pre_ghost_fix),TM_10,NQ,T90b665921d8e,2024-04-10T13:15:06.726478,2024-04-10T13:15:07.160283,SHORT,18087.0,18087.75,6,-90.0,0,9,2
Pre_Fix_DB (processed_trades_backup_pre_ghost_fix),TM_10,NQ,T1c7573e49e99,2024-04-10T13:29:04.256909,2024-04-10T13:29:04.811625,LONG,18133.5,18133.0,6,-60.0,0,9,2
Pre_Fix_DB (processed_trades_backup_pre_ghost_fix),TM_10,NQ,Ta8d62969fef7,2024-04-10T13:30:35.826420,2024-04-10T13:30:36.482098,SHORT,18137.25,18137.75,6,-60.0,0,9,2
Pre_Fix_DB (processed_trades_backup_pre_ghost_fix),TM_10,NQ,Tac9ee985dddb,2024-04-10T13:31:03.301656,2024-04-10T13:31:03.763356,LONG,18120.75,18120.5,6,-30.0,0,9,2
Pre_Fix_DB (processed_trades_backup_pre_ghost_fix),TM_10,NQ,T2fa0a74efda8,2024-04-10T13:39:48.928706,2024-04-10T13:39:49.521706,LONG,18178.75,18181.0,6,270.0,0,9,2
Pre_Fix_DB (processed_trades_backup_pre_ghost_fix),TM_10,NQ,Tb51d95ce13ae,2024-04-10T13:46:28.917863,2024-04-10T13:46:29.417392,SHORT,18133.25,18128.75,6,540.0,0,9,2
Pre_Fix_DB (processed_trades_backup_pre_ghost_fix),TM_10,NQ,T49bd62fe6207,2024-04-10T13:47:39.456686,2024-04-10T13:47:39.946047,SHORT,18129.5,18129.75,6,-30.0,0,9,2
Pre_Fix_DB (processed_trades_backup_pre_ghost_fix),TM_10,NQ,T64daaa9ac89e,2024-04-10T13:55:46.983282,2024-04-10T13:55:47.513005,LONG,18172.0,18173.5,6,180.0,0,9,2
Pre_Fix_DB (processed_trades_backup_pre_ghost_fix),TM_10,NQ,T5bca649b1e22,2024-04-10T13:55:58.142822,2024-04-10T13:55:58.460043,LONG,18186.25,18184.0,6,-270.0,0,9,2
Pre_Fix_DB (processed_trades_backup_pre_ghost_fix),TM_10,NQ,Tca2b51d0fd7a,2024-04-10T13:57:51.000553,2024-04-10T13:57:51.527239,SHORT,18195.0,18194.25,6,90.0,0,9,2
Pre_Fix_DB (processed_trades_backup_pre_ghost_fix),TM_10,NQ,Tcc38cff6e28b,2024-04-10T13:59:11.714356,2024-04-10T13:59:12.178597,LONG,18179.75,18180.25,6,60.0,0,9,2
Pre_Fix_DB (processed_trades_backup_pre_ghost_fix),TM_10,NQ,Tdca8ccde8b08,2024-04-10T14:05:36.253335,2024-04-10T14:05:39.132831,SHORT,18165.75,18172.5,6,-810.0,0,10,2
Pre_Fix_DB (processed_trades_backup_pre_ghost_fix),TM_10,NQ,T5984eb6781dd,2024-04-10T14:19:12.190977,2024-04-10T14:19:12.607462,SHORT,18187.75,18187.0,6,90.0,0,10,2
Pre_Fix_DB (processed_trades_backup_pre_ghost_fix),TM_10,NQ,T47887fc26d28,2024-04-10T14:25:14.595616,2024-04-10T14:25:15.085228,SHORT,18180.75,18180.75,6,0.0,0,10,2
Pre_Fix_DB (processed_trades_backup_pre_ghost_fix),TM_10,NQ,T252e330c981f,2024-04-10T14:32:24.369450,2024-04-10T14:32:24.867967,LONG,18186.0,18184.0,6,-240.0,0,10,2
Pre_Fix_DB (processed_trades_backup_pre_ghost_fix),TM_10,NQ,Tddb469e6d314,2024-04-10T14:36:07.686320,2024-04-10T14:36:08.205328,LONG,18196.75,18197.75,6,120.0,0,10,2
Pre_Fix_DB (processed_trades_backup_pre_ghost_fix),TM_10,NQ,T48e32d216b46,2024-04-10T14:49:12.180062,2024-04-10T14:49:39.083554,SHORT,18178.75,18185.0,6,-750.0,0,10,2
Pre_Fix_DB (processed_trades_backup_pre_ghost_fix),TM_10,NQ,T1adef594eef9,2024-04-10T19:33:52.777817,2024-04-10T19:33:53.346213,LONG,18152.0,18151.25,6,-90.0,0,15,2
Pre_Fix_DB (processed_trades_backup_pre_ghost_fix),TM_10,NQ,Tccae91ff9672,2024-04-10T20:09:34.388839,2024-04-10T20:09:34.976544,LONG,18164.25,18163.75,6,-60.0,0,16,2
Pre_Fix_DB (processed_trades_backup_pre_ghost_fix),TM_10,NQ,Td12f682123d0,2024-04-10T20:12:48.323571,2024-04-10T20:12:48.861093,SHORT,18174.25,18174.75,6,-60.0,0,16,2
Pre_Fix_DB (processed_trades_backup_pre_ghost_fix),TM_10,NQ,Tfc5e3393f0bf,2024-04-10T20:19:59.862355,2024-04-10T20:20:00.300053,SHORT,18168.5,18169.0,6,-60.0,0,16,2
Pre_Fix_DB (processed_trades_backup_pre_ghost_fix),TM_10,NQ,T27d333ac153b,2024-04-10T23:17:26.115388,2024-04-10T23:17:26.545149,LONG,18151.5,18150.5,6,-120.0,0,19,2
Pre_Fix_DB (processed_trades_backup_pre_ghost_fix),TM_10,NQ,Tbceea44899ed,2024-04-11T00:11:30.761621,2024-04-11T00:11:31.173607,LONG,18164.0,18163.25,6,-90.0,0,20,2
Pre_Fix_DB (processed_trades_backup_pre_ghost_fix),TM_10,NQ,Tdd90fb15bab3,2024-04-11T03:34:18.236510,2024-04-11T03:34:18.672307,SHORT,18201.0,18202.25,6,-150.0,0,23,2
Pre_Fix_DB (processed_trades_backup_pre_ghost_fix),TM_10,NQ,T9c8b31e40f64,2024-04-11T05:01:59.516852,2024-04-11T05:02:00.063827,SHORT,18209.5,18208.75,6,90.0,0,1,3
Pre_Fix_DB (processed_trades_backup_pre_ghost_fix),TM_10,NQ,Tbb9df51d3202,2024-04-11T06:09:09.369343,2024-04-11T06:09:09.887564,LONG,18196.0,18195.5,6,-60.0,0,2,3
Pre_Fix_DB (processed_trades_backup_pre_ghost_fix),TM_10,NQ,T3c5099293ada,2024-04-11T06:57:49.086070,2024-04-11T06:57:49.580550,LONG,18202.0,18201.5,6,-60.0,0,2,3
Pre_Fix_DB (processed_trades_backup_pre_ghost_fix),TM_10,NQ,T0131e61bf9ce,2024-04-11T08:03:54.718454,2024-04-11T08:03:55.222850,LONG,18203.0,18202.0,6,-120.0,0,4,3
Pre_Fix_DB (processed_trades_backup_pre_ghost_fix),TM_10,NQ,T1cff9f3253f4,2024-04-11T08:11:11.007395,2024-04-11T08:11:11.377986,SHORT,18199.0,18199.5,6,-60.0,0,4,3
Pre_Fix_DB (processed_trades_backup_pre_ghost_fix),TM_10,NQ,T504b892340d2,2024-04-11T09:24:08.798292,2024-04-11T09:28:09.821675,SHORT,18154.25,18154.0,4,20.0,4,5,3
Pre_Fix_DB (processed_trades_backup_pre_ghost_fix),TM_10,NQ,T078b1e3fa611,2024-04-11T09:39:49.849215,2024-04-11T09:39:50.412906,SHORT,18160.75,18161.25,6,-60.0,0,5,3
Pre_Fix_DB (processed_trades_backup_pre_ghost_fix),TM_10,NQ,Tc89e00d88920,2024-04-11T10:55:51.561496,2024-04-11T10:55:51.984243,LONG,18168.25,18167.5,6,-90.0,0,6,3
Pre_Fix_DB (processed_trades_backup_pre_ghost_fix),TM_10,NQ,Tcd8a6c2a7ca8,2024-04-11T11:33:13.024947,2024-04-11T11:33:13.516468,LONG,18150.0,18149.25,6,-90.0,0,7,3
Pre_Fix_DB (processed_trades_backup_pre_ghost_fix),TM_10,NQ,Teb90cff438d4,2024-04-11T11:47:18.134672,2024-04-11T11:47:18.632369,LONG,18127.75,18127.25,6,-60.0,0,7,3
Pre_Fix_DB (processed_trades_backup_pre_ghost_fix),TM_10,NQ,T0d9d07c6aa18,2024-04-11T12:15:40.194788,2024-04-11T12:15:40.776750,SHORT,18130.5,18132.0,6,-180.0,0,8,3
Pre_Fix_DB (processed_trades_backup_pre_ghost_fix),TM_10,NQ,T2b09163b6103,2024-04-11T12:15:53.172884,2024-04-11T12:15:53.672258,LONG,18135.0,18133.5,6,-180.0,0,8,3
Pre_Fix_DB (processed_trades_backup_pre_ghost_fix),TM_10,NQ,T60f68d3e1c31,2024-04-11T13:41:13.715097,2024-04-11T13:41:14.275582,SHORT,18250.5,18251.25,6,-90.0,0,9,3
Pre_Fix_DB (processed_trades_backup_pre_ghost_fix),TM_10,NQ,Tc46e90b5cd81,2024-04-11T14:00:15.239558,2024-04-11T14:00:15.776803,LONG,18252.5,18252.25,6,-30.0,0,10,3
Pre_Fix_DB (processed_trades_backup_pre_ghost_fix),TM_10,NQ,T3c368b9e74f4,2024-04-11T14:01:11.675242,2024-04-11T14:01:12.173720,SHORT,18240.5,18240.5,6,0.0,0,10,3
Pre_Fix_DB (processed_trades_backup_pre_ghost_fix),TM_10,NQ,Td4863690ad22,2024-04-11T14:03:53.737432,2024-04-11T14:03:54.221736,SHORT,18240.25,18240.5,6,-30.0,0,10,3
Pre_Fix_DB (processed_trades_backup_pre_ghost_fix),TM_10,NQ,T697eeed4c0b0,2024-04-11T14:09:57.291915,2024-04-11T14:09:57.761398,SHORT,18230.75,18231.75,6,-120.0,0,10,3
Pre_Fix_DB (processed_trades_backup_pre_ghost_fix),TM_10,NQ,T86ddf050d086,2024-04-11T14:20:19.244928,2024-04-11T14:20:19.792186,LONG,18191.25,18190.75,6,-60.0,0,10,3
Pre_Fix_DB (processed_trades_backup_pre_ghost_fix),TM_10,NQ,Tb00e9cbcbaf4,2024-04-11T14:25:36.330854,2024-04-11T14:25:36.856059,SHORT,18204.75,18204.5,6,30.0,0,10,3
Pre_Fix_DB (processed_trades_backup_pre_ghost_fix),TM_10,NQ,T624b14558de9,2024-04-11T14:42:59.404273,2024-04-11T14:42:59.903471,LONG,18242.75,18243.5,6,90.0,0,10,3
Pre_Fix_DB (processed_trades_backup_pre_ghost_fix),TM_10,NQ,T840898657f6f,2024-04-11T15:56:45.953926,2024-04-11T15:56:46.439339,SHORT,18286.25,18286.5,6,-30.0,0,11,3
Pre_Fix_DB (processed_trades_backup_pre_ghost_fix),TM_10,NQ,T1ba5491820d3,2024-04-11T16:20:42.025169,2024-04-11T16:20:42.516275,SHORT,18302.0,18302.5,6,-60.0,0,12,3
Pre_Fix_DB (processed_trades_backup_pre_ghost_fix),TM_10,NQ,Tf02ecec5ebc1,2024-04-11T17:01:38.491233,2024-04-11T17:01:38.772579,LONG,18301.25,18304.0,6,330.0,0,13,3
Pre_Fix_DB (processed_trades_backup_pre_ghost_fix),TM_10,NQ,Td91f9dd105dd,2024-04-11T17:29:38.236236,2024-04-11T17:29:38.749096,SHORT,18413.5,18413.5,6,0.0,0,13,3
Pre_Fix_DB (processed_trades_backup_pre_ghost_fix),TM_10,NQ,T78e54ca807c5,2024-04-11T17:34:54.315680,2024-04-11T17:34:54.740742,SHORT,18413.5,18414.25,6,-90.0,0,13,3
Pre_Fix_DB (processed_trades_backup_pre_ghost_fix),TM_10,NQ,T9cb2ffd4bd54,2024-04-11T17:42:11.811036,2024-04-11T17:42:12.217923,LONG,18405.0,18403.75,6,-150.0,0,13,3
Pre_Fix_DB (processed_trades_backup_pre_ghost_fix),TM_10,NQ,T59c1b6e785eb,2024-04-11T17:54:18.976062,2024-04-11T17:54:19.358807,SHORT,18433.0,18433.5,6,-60.0,0,13,3
Pre_Fix_DB (processed_trades_backup_pre_ghost_fix),TM_10,NQ,Ta44e6847b13b,2024-04-11T18:03:55.630805,2024-04-11T18:03:56.091806,SHORT,18443.5,18444.25,6,-90.0,0,14,3
Pre_Fix_DB (processed_trades_backup_pre_ghost_fix),TM_10,NQ,T400b92928d68,2024-04-11T18:08:10.142891,2024-04-11T18:08:10.675919,SHORT,18471.75,18472.25,6,-60.0,0,14,3
Pre_Fix_DB (processed_trades_backup_pre_ghost_fix),TM_10,NQ,T6b0eab589ae3,2024-04-11T18:17:26.725086,2024-04-11T18:17:27.330086,SHORT,18482.75,18483.25,6,-60.0,0,14,3
Pre_Fix_DB (processed_trades_backup_pre_ghost_fix),TM_10,NQ,T04c9a2393329,2024-04-11T18:53:01.847779,2024-04-11T18:53:02.341591,LONG,18485.5,18485.0,6,-60.0,0,14,3
Pre_Fix_DB (processed_trades_backup_pre_ghost_fix),TM_10,NQ,T212950d8b19c,2024-04-11T19:01:47.354081,2024-04-11T19:01:47.902933,SHORT,18481.75,18482.0,6,-30.0,0,15,3
Pre_Fix_DB (processed_trades_backup_pre_ghost_fix),TM_10,NQ,Te692783ce235,2024-04-11T19:16:43.853444,2024-04-11T19:16:44.438168,LONG,18495.5,18494.75,6,-90.0,0,15,3
Pre_Fix_DB (processed_trades_backup_pre_ghost_fix),TM_10,NQ,T2298dc2cb503,2024-04-11T19:49:41.939402,2024-04-11T19:49:42.414844,SHORT,18507.5,18508.0,6,-60.0,0,15,3
Pre_Fix_DB (processed_trades_backup_pre_ghost_fix),TM_10,NQ,T89de138aff0a,2024-04-11T19:51:28.494992,2024-04-11T19:51:28.927497,SHORT,18495.75,18496.25,6,-60.0,0,15,3
Pre_Fix_DB (processed_trades_backup_pre_ghost_fix),TM_10,NQ,Tc4f5ebaf1c27,2024-04-11T20:23:41.952109,2024-04-11T20:23:42.425323,SHORT,18493.75,18493.75,6,0.0,0,16,3
Pre_Fix_DB (processed_trades_backup_pre_ghost_fix),TM_10,NQ,T5cd3aa25eb1e,2024-04-11T22:44:07.006400,2024-04-11T22:44:07.487098,SHORT,18488.25,18489.25,6,-120.0,0,18,3
Pre_Fix_DB (processed_trades_backup_pre_ghost_fix),TM_10,NQ,T68297b2708df,2024-04-12T06:32:00.219603,2024-04-12T06:41:43.756681,SHORT,18495.0,18502.75,6,-930.0,9,2,4
Pre_Fix_DB (processed_trades_backup_pre_ghost_fix),TM_10,NQ,T36ace4194983,2024-04-14T22:00:15.620070,2024-04-14T22:00:16.245220,LONG,18190.0,18188.0,5,-200.0,0,18,6
Pre_Fix_DB (processed_trades_backup_pre_ghost_fix),TM_10,NQ,T88dee3f28558,2024-04-14T22:02:26.193700,2024-04-14T22:02:26.701678,SHORT,18214.75,18215.25,5,-50.0,0,18,6
Pre_Fix_DB (processed_trades_backup_pre_ghost_fix),TM_10,NQ,T838cbad37822,2024-04-14T22:03:13.717584,2024-04-14T22:03:14.232369,LONG,18193.25,18191.0,5,-225.0,0,18,6
Pre_Fix_DB (processed_trades_backup_pre_ghost_fix),TM_10,NQ,Tf005bf3c9f2e,2024-04-14T23:36:30.844362,2024-04-14T23:36:31.341159,SHORT,18249.0,18249.75,5,-75.0,0,19,6
Pre_Fix_DB (processed_trades_backup_pre_ghost_fix),TM_10,NQ,T1bc29da8f38e,2024-04-15T00:04:53.171881,2024-04-15T00:04:53.669153,LONG,18233.0,18234.25,5,125.0,0,20,6
Pre_Fix_DB (processed_trades_backup_pre_ghost_fix),TM_10,NQ,T752d4f82246e,2024-04-15T00:41:22.408861,2024-04-15T00:41:22.940257,LONG,18231.5,18230.5,5,-100.0,0,20,6
Pre_Fix_DB (processed_trades_backup_pre_ghost_fix),TM_10,NQ,T44cc1812fd97,2024-04-15T01:47:45.768469,2024-04-15T01:49:02.400748,SHORT,18205.5,18213.25,5,-775.0,1,21,6
Pre_Fix_DB (processed_trades_backup_pre_ghost_fix),TM_10,NQ,T00db71cd9d97,2024-04-15T05:20:57.667278,2024-04-15T05:20:58.206471,SHORT,18250.25,18251.0,5,-75.0,0,1,0
Pre_Fix_DB (processed_trades_backup_pre_ghost_fix),TM_10,NQ,Teda5b089c797,2024-04-15T07:34:04.419923,2024-04-15T07:34:04.905275,LONG,18253.75,18252.75,5,-100.0,0,3,0
Pre_Fix_DB (processed_trades_backup_pre_ghost_fix),TM_10,NQ,Ta4456b596d14,2024-04-15T07:42:39.470041,2024-04-15T07:42:39.784996,SHORT,18262.0,18262.75,5,-75.0,0,3,0
Pre_Fix_DB (processed_trades_backup_pre_ghost_fix),TM_10,NQ,Te3df1fedeb36,2024-04-15T08:05:49.224141,2024-04-15T08:05:49.805227,LONG,18278.25,18277.5,5,-75.0,0,4,0
Pre_Fix_DB (processed_trades_backup_pre_ghost_fix),TM_10,NQ,T4be4eafa71b1,2024-04-15T08:25:21.409922,2024-04-15T08:25:22.000747,SHORT,18272.0,18272.5,5,-50.0,0,4,0
Pre_Fix_DB (processed_trades_backup_pre_ghost_fix),TM_10,NQ,T481797ca8983,2024-04-15T09:12:26.057871,2024-04-15T09:12:26.547729,SHORT,18284.5,18284.75,5,-25.0,0,5,0
Pre_Fix_DB (processed_trades_backup_pre_ghost_fix),TM_10,NQ,T8df13a21d646,2024-04-15T09:51:36.465290,2024-04-15T09:55:13.401549,SHORT,18269.0,18269.0,4,0.0,3,5,0
Pre_Fix_DB (processed_trades_backup_pre_ghost_fix),TM_10,NQ,Te593286ebc64,2024-04-15T11:07:52.157994,2024-04-15T11:07:52.656290,LONG,18275.0,18275.25,5,25.0,0,7,0
Pre_Fix_DB (processed_trades_backup_pre_ghost_fix),TM_10,NQ,T2d5ac43be9ab,2024-04-15T12:01:07.613499,2024-04-15T12:01:08.171850,LONG,18282.0,18282.25,5,25.0,0,8,0
Pre_Fix_DB (processed_trades_backup_pre_ghost_fix),TM_10,NQ,Tb9e58ee158a3,2024-04-15T12:17:15.889352,2024-04-15T12:17:16.369792,SHORT,18299.0,18299.5,5,-50.0,0,8,0
Pre_Fix_DB (processed_trades_backup_pre_ghost_fix),TM_10,NQ,T9dbbb5551c79,2024-04-15T12:25:39.348081,2024-04-15T12:25:39.852228,SHORT,18306.0,18306.75,5,-75.0,0,8,0
Pre_Fix_DB (processed_trades_backup_pre_ghost_fix),TM_10,NQ,T39b31ee3e3e6,2024-04-15T12:30:00.810316,2024-04-15T12:30:01.372065,SHORT,18277.25,18283.75,5,-650.0,0,8,0
Pre_Fix_DB (processed_trades_backup_pre_ghost_fix),TM_10,NQ,Ta3e21d9f3c95,2024-04-15T12:35:20.273665,2024-04-15T12:35:20.769916,SHORT,18319.75,18322.25,5,-250.0,0,8,0
Pre_Fix_DB (processed_trades_backup_pre_ghost_fix),TM_10,NQ,T5629b310ed0b,2024-04-15T12:43:59.936164,2024-04-15T12:44:59.781161,SHORT,18326.5,18326.25,4,20.0,0,8,0
Pre_Fix_DB (processed_trades_backup_pre_ghost_fix),TM_10,NQ,Ta30e265f6f91,2024-04-15T12:57:32.851812,2024-04-15T12:57:33.271928,LONG,18331.5,18331.0,6,-60.0,0,8,0
Pre_Fix_DB (processed_trades_backup_pre_ghost_fix),TM_10,NQ,Tfb97b3e73027,2024-04-15T12:57:33.870343,2024-04-15T12:57:34.371279,LONG,18331.5,18331.0,6,-60.0,0,8,0
Pre_Fix_DB (processed_trades_backup_pre_ghost_fix),TM_10,NQ,Tb8ded56bedc4,2024-04-15T13:29:59.011826,2024-04-15T13:29:59.454488,SHORT,18333.25,18337.0,6,-450.0,0,9,0
Pre_Fix_DB (processed_trades_backup_pre_ghost_fix),TM_10,NQ,Tf6d7303abeda,2024-04-15T13:30:03.954834,2024-04-15T13:30:04.511558,SHORT,18329.0,18329.75,6,-90.0,0,9,0
Pre_Fix_DB (processed_trades_backup_pre_ghost_fix),TM_10,NQ,T2887f88486e3,2024-04-15T13:30:05.073975,2024-04-15T13:30:05.592529,SHORT,18329.0,18329.75,6,-90.0,0,9,0
Pre_Fix_DB (processed_trades_backup_pre_ghost_fix),TM_10,NQ,Tfc4706f072c2,2024-04-15T13:48:23.398923,2024-04-15T13:48:23.900840,LONG,18289.5,18289.0,6,-60.0,0,9,0
Pre_Fix_DB (processed_trades_backup_pre_ghost_fix),TM_10,NQ,T34e84b734b41,2024-04-15T13:48:24.562558,2024-04-15T13:48:25.064938,LONG,18289.5,18289.0,6,-60.0,0,9,0
Pre_Fix_DB (processed_trades_backup_pre_ghost_fix),TM_10,NQ,T6a04f539c1d6,2024-04-15T14:07:50.439923,2024-04-15T14:07:51.088529,LONG,18275.5,18275.0,6,-60.0,0,10,0
Pre_Fix_DB (processed_trades_backup_pre_ghost_fix),TM_10,NQ,T7a375d940b88,2024-04-15T14:07:51.541164,2024-04-15T14:07:52.141245,LONG,18275.5,18275.0,6,-60.0,0,10,0
Pre_Fix_DB (processed_trades_backup_pre_ghost_fix),TM_10,NQ,Tc7ac2b37bbe2,2024-04-15T14:14:32.452625,2024-04-15T14:14:32.963085,LONG,18232.25,18230.25,6,-240.0,0,10,0
Pre_Fix_DB (processed_trades_backup_pre_ghost_fix),TM_10,NQ,T64817e079514,2024-04-15T14:14:33.642955,2024-04-15T14:14:34.149819,LONG,18232.25,18230.25,6,-240.0,0,10,0
Pre_Fix_DB (processed_trades_backup_pre_ghost_fix),TM_10,NQ,T65909fe4f6e7,2024-04-15T14:16:11.472866,2024-04-15T14:16:12.160599,SHORT,18254.0,18253.5,6,60.0,0,10,0
Pre_Fix_DB (processed_trades_backup_pre_ghost_fix),TM_10,NQ,T1f0e2d4c1023,2024-04-15T14:16:12.678157,2024-04-15T14:16:13.261218,SHORT,18254.0,18253.5,6,60.0,0,10,0
Pre_Fix_DB (processed_trades_backup_pre_ghost_fix),TM_10,NQ,Tfe5ca62119ca,2024-04-15T14:20:20.562018,2024-04-15T14:20:21.025771,LONG,18238.25,18238.0,6,-30.0,0,10,0
Pre_Fix_DB (processed_trades_backup_pre_ghost_fix),TM_10,NQ,T644196e82289,2024-04-15T14:20:21.769850,2024-04-15T14:20:22.247595,LONG,18238.25,18238.0,6,-30.0,0,10,0
Pre_Fix_DB (processed_trades_backup_pre_ghost_fix),TM_10,NQ,T8bbd1adb47be,2024-04-15T14:22:37.204265,2024-04-15T14:22:37.647546,LONG,18221.0,18220.0,6,-120.0,0,10,0
Pre_Fix_DB (processed_trades_backup_pre_ghost_fix),TM_10,NQ,T8d0d5f75c3fd,2024-04-15T14:22:38.371198,2024-04-15T14:22:38.868789,LONG,18221.0,18220.0,6,-120.0,0,10,0
Pre_Fix_DB (processed_trades_backup_pre_ghost_fix),TM_10,NQ,T96625f14c79a,2024-04-15T14:28:23.829885,2024-04-15T14:28:24.268306,LONG,18213.5,18214.0,6,60.0,0,10,0
Pre_Fix_DB (processed_trades_backup_pre_ghost_fix),TM_10,NQ,T9cb47ea756f1,2024-04-15T14:28:25.002847,2024-04-15T14:28:25.496409,LONG,18213.5,18214.0,6,60.0,0,10,0
Pre_Fix_DB (processed_trades_backup_pre_ghost_fix),TM_10,NQ,T87d9ec1b0f40,2024-04-15T14:40:52.101703,2024-04-15T14:40:52.601802,SHORT,18221.5,18219.5,6,240.0,0,10,0
Pre_Fix_DB (processed_trades_backup_pre_ghost_fix),TM_10,NQ,T5b5a414b142c,2024-04-15T14:40:53.366730,2024-04-15T14:40:53.872959,SHORT,18221.5,18219.5,6,240.0,0,10,0
Pre_Fix_DB (processed_trades_backup_pre_ghost_fix),TM_10,NQ,T51848af5e09b,2024-04-15T14:42:09.973732,2024-04-15T14:42:10.489170,LONG,18223.5,18221.5,6,-240.0,0,10,0
Pre_Fix_DB (processed_trades_backup_pre_ghost_fix),TM_10,NQ,T83c4974e87c7,2024-04-15T14:42:11.349968,2024-04-15T14:42:11.835502,LONG,18223.5,18221.5,6,-240.0,0,10,0
Pre_Fix_DB (processed_trades_backup_pre_ghost_fix),TM_10,NQ,Tf97b4ab119c5,2024-04-15T14:42:45.983033,2024-04-15T14:42:46.466477,SHORT,18215.0,18214.75,6,30.0,0,10,0
Pre_Fix_DB (processed_trades_backup_pre_ghost_fix),TM_10,NQ,Te8bb65c30b83,2024-04-15T14:42:47.359287,2024-04-15T14:42:47.842866,SHORT,18215.0,18214.75,6,30.0,0,10,0
Pre_Fix_DB (processed_trades_backup_pre_ghost_fix),TM_10,NQ,T78c827f0530f,2024-04-15T14:43:51.011288,2024-04-15T14:43:51.525079,LONG,18206.0,18204.75,6,-150.0,0,10,0
Pre_Fix_DB (processed_trades_backup_pre_ghost_fix),TM_10,NQ,Ta0779f8a4cc0,2024-04-15T14:43:52.386953,2024-04-15T14:43:52.900646,LONG,18206.0,18204.75,6,-150.0,0,10,0
Pre_Fix_DB (processed_trades_backup_pre_ghost_fix),TM_10,NQ,T4b3c88de868a,2024-04-15T14:48:33.206765,2024-04-15T14:48:33.613250,LONG,18202.75,18201.75,6,-120.0,0,10,0
Pre_Fix_DB (processed_trades_backup_pre_ghost_fix),TM_10,NQ,T1b7660b76373,2024-04-15T14:48:34.448129,2024-04-15T14:48:34.965475,LONG,18202.75,18201.75,6,-120.0,0,10,0
Pre_Fix_DB (processed_trades_backup_pre_ghost_fix),TM_10,NQ,Te9f86a6117e9,2024-04-15T14:55:25.683808,2024-04-15T14:55:26.199615,LONG,18185.0,18184.5,6,-60.0,0,10,0
Pre_Fix_DB (processed_trades_backup_pre_ghost_fix),TM_10,NQ,T2d473b3726ed,2024-04-15T14:55:26.986868,2024-04-15T14:55:27.506515,LONG,18185.0,18184.5,6,-60.0,0,10,0
Pre_Fix_DB (processed_trades_backup_pre_ghost_fix),TM_10,NQ,Tc2eed7e4a789,2024-04-15T15:36:16.291107,2024-04-15T15:36:16.795310,SHORT,18200.25,18201.75,6,-180.0,0,11,0
Pre_Fix_DB (processed_trades_backup_pre_ghost_fix),TM_10,NQ,T7db3a7858cc7,2024-04-15T15:36:17.626428,2024-04-15T15:36:18.164976,SHORT,18200.25,18201.75,6,-180.0,0,11,0
Pre_Fix_DB (processed_trades_backup_pre_ghost_fix),TM_10,NQ,T9f976ed020bc,2024-04-15T15:54:01.781354,2024-04-15T15:54:02.019223,LONG,18217.75,18217.0,6,-90.0,0,11,0
Pre_Fix_DB (processed_trades_backup_pre_ghost_fix),TM_10,NQ,T64d3f5e2a76c,2024-04-15T15:54:03.198150,2024-04-15T15:54:03.534955,LONG,18217.75,18217.0,6,-90.0,0,11,0
Pre_Fix_DB (processed_trades_backup_pre_ghost_fix),TM_10,NQ,Tc78cb943834f,2024-04-15T16:45:35.349594,2024-04-15T16:45:35.848951,SHORT,18086.5,18087.25,6,-90.0,0,12,0
Pre_Fix_DB (processed_trades_backup_pre_ghost_fix),TM_10,NQ,T5678dc7d14dd,2024-04-15T17:04:59.463661,2024-04-15T17:05:02.794185,SHORT,18109.25,18112.0,6,-330.0,0,13,0
Pre_Fix_DB (processed_trades_backup_pre_ghost_fix),TM_10,NQ,T96a527b2a7d1,2024-04-15T17:10:09.167585,2024-04-15T17:10:09.651942,SHORT,18119.5,18120.75,6,-150.0,0,13,0
Pre_Fix_DB (processed_trades_backup_pre_ghost_fix),TM_10,NQ,T79ab344deb49,2024-04-15T17:50:52.570103,2024-04-15T17:50:53.166193,SHORT,17892.25,17892.25,6,0.0,0,13,0
Pre_Fix_DB (processed_trades_backup_pre_ghost_fix),TM_10,NQ,T514c15b88346,2024-04-15T17:57:10.741310,2024-04-15T17:57:11.244137,LONG,17908.0,17907.5,6,-60.0,0,13,0
Pre_Fix_DB (processed_trades_backup_pre_ghost_fix),TM_10,NQ,T9a4b3da4d447,2024-04-15T17:58:08.375263,2024-04-15T17:58:08.787115,LONG,17919.75,17919.75,6,0.0,0,13,0
Pre_Fix_DB (processed_trades_backup_pre_ghost_fix),TM_10,NQ,Tf0ab4407f9b6,2024-04-15T18:08:17.594086,2024-04-15T18:08:18.072335,LONG,17908.5,17909.25,6,90.0,0,14,0
Pre_Fix_DB (processed_trades_backup_pre_ghost_fix),TM_10,NQ,Tfbd90dc8b921,2024-04-15T18:13:01.145975,2024-04-15T18:13:01.636396,LONG,17883.0,17883.25,6,30.0,0,14,0
Pre_Fix_DB (processed_trades_backup_pre_ghost_fix),TM_10,NQ,T232c8fed7045,2024-04-15T18:16:46.196138,2024-04-15T18:16:46.684251,LONG,17882.75,17881.75,6,-120.0,0,14,0
Pre_Fix_DB (processed_trades_backup_pre_ghost_fix),TM_10,NQ,T3325489fe042,2024-04-15T18:17:30.747438,2024-04-15T18:17:31.211894,LONG,17890.0,17888.5,6,-180.0,0,14,0
Pre_Fix_DB (processed_trades_backup_pre_ghost_fix),TM_10,NQ,Te2fe3680fe0d,2024-04-15T18:49:09.448749,2024-04-15T18:49:09.921726,SHORT,17894.75,17895.25,6,-60.0,0,14,0
Pre_Fix_DB (processed_trades_backup_pre_ghost_fix),TM_10,NQ,T4d05b70fc3ad,2024-04-15T19:05:37.113542,2024-04-15T19:05:37.649598,LONG,17871.75,17871.5,6,-30.0,0,15,0
Pre_Fix_DB (processed_trades_backup_pre_ghost_fix),TM_10,NQ,Tde7eeda05e8d,2024-04-15T19:24:16.861839,2024-04-15T19:24:17.362605,SHORT,17881.0,17881.75,6,-90.0,0,15,0
Pre_Fix_DB (processed_trades_backup_pre_ghost_fix),TM_10,NQ,T03a6812e681c,2024-04-15T19:32:24.155044,2024-04-15T19:32:24.633261,SHORT,17889.25,17889.25,6,0.0,0,15,0
Pre_Fix_DB (processed_trades_backup_pre_ghost_fix),TM_10,NQ,T147caeb50010,2024-04-15T19:51:07.356915,2024-04-15T19:51:07.862077,LONG,17902.25,17901.0,6,-150.0,0,15,0
Pre_Fix_DB (processed_trades_backup_pre_ghost_fix),TM_10,NQ,Tf69977cea8c9,2024-04-15T19:58:12.068001,2024-04-15T19:58:12.695868,LONG,17880.75,17880.25,6,-60.0,0,15,0
Pre_Fix_DB (processed_trades_backup_pre_ghost_fix),TM_10,NQ,Tda873d7f3579,2024-04-15T20:50:21.002721,2024-04-15T20:50:21.378067,LONG,17857.0,17856.5,6,-60.0,0,16,0
Pre_Fix_DB (processed_trades_backup_pre_ghost_fix),TM_10,NQ,T7996fbafadb5,2024-04-16T02:38:17.829599,2024-04-16T02:38:18.423512,LONG,17807.75,17808.25,6,60.0,0,22,0
Pre_Fix_DB (processed_trades_backup_pre_ghost_fix),TM_10,NQ,T50742b8e9bc4,2024-04-16T03:33:02.989664,2024-04-16T03:33:03.495375,SHORT,17823.75,17824.5,6,-90.0,0,23,0
Pre_Fix_DB (processed_trades_backup_pre_ghost_fix),TM_10,NQ,Tf3195eee77fc,2024-04-16T06:22:48.978034,2024-04-16T06:22:49.489702,LONG,17849.75,17848.75,6,-120.0,0,2,1
Pre_Fix_DB (processed_trades_backup_pre_ghost_fix),TM_10,NQ,Td35c0182b823,2024-04-16T07:01:18.142001,2024-04-16T07:01:18.633484,LONG,17853.5,17852.5,6,-120.0,0,3,1
Pre_Fix_DB (processed_trades_backup_pre_ghost_fix),TM_10,NQ,T05f4ea2fb296,2024-04-16T07:12:53.466383,2024-04-16T07:12:53.972760,LONG,17853.25,17852.0,6,-150.0,0,3,1
Pre_Fix_DB (processed_trades_backup_pre_ghost_fix),TM_10,NQ,Tf5180ad9e863,2024-04-16T07:38:18.095995,2024-04-16T07:38:18.589070,LONG,17864.5,17864.0,6,-60.0,0,3,1
Pre_Fix_DB (processed_trades_backup_pre_ghost_fix),TM_10,NQ,Tf20771035155,2024-04-16T08:05:24.765223,2024-04-16T08:05:42.544667,SHORT,17868.25,17872.0,6,-450.0,0,4,1
Pre_Fix_DB (processed_trades_backup_pre_ghost_fix),TM_10,NQ,T1e68e1ef84d6,2024-04-16T08:22:01.670834,2024-04-16T08:22:02.175859,LONG,17868.0,17867.25,6,-90.0,0,4,1
Pre_Fix_DB (processed_trades_backup_pre_ghost_fix),TM_10,NQ,Tc1a59efe04e6,2024-04-16T10:20:38.507542,2024-04-16T10:21:39.230323,SHORT,17807.0,17806.75,4,20.0,1,6,1
Pre_Fix_DB (processed_trades_backup_pre_ghost_fix),TM_10,NQ,T541b81161b28,2024-04-16T10:26:03.148993,2024-04-16T10:26:03.651313,LONG,17805.5,17804.5,6,-120.0,0,6,1
Pre_Fix_DB (processed_trades_backup_pre_ghost_fix),TM_10,NQ,T022762618664,2024-04-16T10:31:53.666715,2024-04-16T10:31:54.190337,SHORT,17815.75,17816.75,6,-120.0,0,6,1
Pre_Fix_DB (processed_trades_backup_pre_ghost_fix),TM_10,NQ,T1fa72309258e,2024-04-16T12:30:01.338993,2024-04-16T12:30:01.841271,SHORT,17880.25,17880.75,6,-60.0,0,8,1
Pre_Fix_DB (processed_trades_backup_pre_ghost_fix),TM_10,NQ,T58a806cc6b04,2024-04-16T12:30:32.822615,2024-04-16T12:30:33.501040,LONG,17879.0,17883.0,6,480.0,0,8,1
Pre_Fix_DB (processed_trades_backup_pre_ghost_fix),TM_10,NQ,T6f0fe6874efb,2024-04-16T13:00:04.006261,2024-04-16T13:00:04.537277,LONG,17892.5,17889.5,6,-360.0,0,9,1
Pre_Fix_DB (processed_trades_backup_pre_ghost_fix),TM_10,NQ,Tbfaa6655020a,2024-04-16T13:01:56.592603,2024-04-16T13:01:56.983454,LONG,17881.0,17880.75,6,-30.0,0,9,1
Pre_Fix_DB (processed_trades_backup_pre_ghost_fix),TM_10,NQ,T6aa4acb7e3b0,2024-04-16T13:02:51.543860,2024-04-16T13:02:52.031812,SHORT,17886.75,17887.5,6,-90.0,0,9,1
Pre_Fix_DB (processed_trades_backup_pre_ghost_fix),TM_10,NQ,Te798e8d4e47b,2024-04-16T13:29:39.818142,2024-04-16T13:29:40.314601,SHORT,17868.75,17870.0,6,-150.0,0,9,1
Pre_Fix_DB (processed_trades_backup_pre_ghost_fix),TM_10,NQ,T9107b799b439,2024-04-16T13:31:42.599546,2024-04-16T13:31:42.909631,SHORT,17861.0,17861.5,6,-60.0,0,9,1
Pre_Fix_DB (processed_trades_backup_pre_ghost_fix),TM_10,NQ,Tebc468d2b232,2024-04-16T13:33:08.888304,2024-04-16T13:33:09.725581,SHORT,17874.75,17875.25,6,-60.0,0,9,1
Pre_Fix_DB (processed_trades_backup_pre_ghost_fix),TM_10,NQ,Taed96ff20395,2024-04-16T13:33:50.426687,2024-04-16T13:33:50.929832,LONG,17866.0,17865.75,6,-30.0,0,9,1
Pre_Fix_DB (processed_trades_backup_pre_ghost_fix),TM_10,NQ,T1d0944268b3a,2024-04-16T13:34:16.623804,2024-04-16T13:34:16.987298,SHORT,17875.5,17877.5,6,-240.0,0,9,1
Pre_Fix_DB (processed_trades_backup_pre_ghost_fix),TM_10,NQ,T83d32d702019,2024-04-16T13:35:21.259403,2024-04-16T13:35:21.701489,SHORT,17881.0,17882.75,6,-210.0,0,9,1
Pre_Fix_DB (processed_trades_backup_pre_ghost_fix),TM_10,NQ,T6f36054663e2,2024-04-16T13:49:25.434802,2024-04-16T13:49:26.031308,SHORT,17847.25,17845.75,6,180.0,0,9,1
Pre_Fix_DB (processed_trades_backup_pre_ghost_fix),TM_10,NQ,T28101308d08a,2024-04-16T14:04:18.801891,2024-04-16T14:04:19.244471,LONG,17895.0,17894.0,6,-120.0,0,10,1
Pre_Fix_DB (processed_trades_backup_pre_ghost_fix),TM_10,NQ,Tbe28434e1aad,2024-04-16T14:11:07.482336,2024-04-16T14:11:07.986053,LONG,17896.25,17894.25,6,-240.0,0,10,1
Pre_Fix_DB (processed_trades_backup_pre_ghost_fix),TM_10,NQ,T7f247e64340f,2024-04-16T14:11:41.488720,2024-04-16T14:11:41.990053,SHORT,17890.25,17891.25,6,-120.0,0,10,1
Pre_Fix_DB (processed_trades_backup_pre_ghost_fix),TM_10,NQ,T6fc668ae4915,2024-04-16T14:15:13.150372,2024-04-16T14:15:13.644386,SHORT,17921.0,17923.25,6,-270.0,0,10,1
Pre_Fix_DB (processed_trades_backup_pre_ghost_fix),TM_10,NQ,T510141012a40,2024-04-16T14:20:30.765242,2024-04-16T14:20:32.266007,SHORT,17909.5,17910.25,6,-90.0,0,10,1
Pre_Fix_DB (processed_trades_backup_pre_ghost_fix),TM_10,NQ,T5e3bd4399ecc,2024-04-18T07:05:00.521550,2024-04-18T07:05:00.913417,LONG,17759.0,17758.0,6,-120.0,0,3,3
Pre_Fix_DB (processed_trades_backup_pre_ghost_fix),TM_10,NQ,T57da6ae2fd9e,2024-04-18T08:04:36.560036,2024-04-18T08:04:37.072027,SHORT,17745.75,17746.5,6,-90.0,0,4,3
Pre_Fix_DB (processed_trades_backup_pre_ghost_fix),TM_10,NQ,Tdadeda023349,2024-04-18T10:00:13.450644,2024-04-18T10:00:14.015452,SHORT,17706.25,17707.0,6,-90.0,0,6,3
Pre_Fix_DB (processed_trades_backup_pre_ghost_fix),TM_10,NQ,T71b45acf6550,2024-04-18T10:50:19.386897,2024-04-18T10:50:19.700370,SHORT,17707.75,17707.25,6,60.0,0,6,3
Pre_Fix_DB (processed_trades_backup_pre_ghost_fix),TM_10,NQ,T148bf6812ca1,2024-04-18T11:04:34.697149,2024-04-18T11:04:35.207310,LONG,17716.0,17715.25,6,-90.0,0,7,3
Pre_Fix_DB (processed_trades_backup_pre_ghost_fix),TM_10,NQ,T1bbc30f5996b,2024-04-18T11:10:49.319031,2024-04-18T11:10:49.838856,SHORT,17712.25,17713.0,6,-90.0,0,7,3
Pre_Fix_DB (processed_trades_backup_pre_ghost_fix),TM_10,NQ,Tf2583c263585,2024-04-18T12:30:00.870407,2024-04-18T12:30:01.352971,LONG,17694.75,17691.25,6,-420.0,0,8,3
Pre_Fix_DB (processed_trades_backup_pre_ghost_fix),TM_10,NQ,T8eac7fde55b7,2024-04-18T12:30:26.870783,2024-04-18T12:30:27.355383,LONG,17689.25,17687.75,6,-180.0,0,8,3
Pre_Fix_DB (processed_trades_backup_pre_ghost_fix),TM_10,NQ,Tc1b82fc3e7ff,2024-04-18T13:03:46.033440,2024-04-18T13:03:46.577658,SHORT,17692.0,17692.25,6,-30.0,0,9,3
Pre_Fix_DB (processed_trades_backup_pre_ghost_fix),TM_10,NQ,Ta4bc2f2685da,2024-04-18T13:16:31.998523,2024-04-18T13:17:01.651702,SHORT,17681.0,17681.0,4,0.0,0,9,3
Pre_Fix_DB (processed_trades_backup_pre_ghost_fix),TM_10,NQ,Tbce98512346e,2024-04-18T13:30:07.602635,2024-04-18T13:30:08.712472,SHORT,17662.0,17665.5,6,-420.0,0,9,3
Pre_Fix_DB (processed_trades_backup_pre_ghost_fix),TM_10,NQ,Ta6bc23efb8f3,2024-04-18T19:16:57.859520,2024-04-18T19:16:58.392664,LONG,17556.25,17556.25,6,0.0,0,15,3
Pre_Fix_DB (processed_trades_backup_pre_ghost_fix),TM_10,NQ,T82527564e9ff,2024-04-18T19:23:00.935089,2024-04-18T19:23:01.431534,LONG,17549.75,17549.0,6,-90.0,0,15,3
Pre_Fix_DB (processed_trades_backup_pre_ghost_fix),TM_10,NQ,T2e27b58721cf,2024-04-18T19:27:44.074597,2024-04-18T19:27:44.644895,SHORT,17566.0,17567.5,6,-180.0,0,15,3
Pre_Fix_DB (processed_trades_backup_pre_ghost_fix),TM_10,NQ,Tad47d13e135b,2024-04-18T19:34:07.230240,2024-04-18T19:34:07.735565,LONG,17573.5,17572.75,6,-90.0,0,15,3
Pre_Fix_DB (processed_trades_backup_pre_ghost_fix),TM_10,NQ,Tb37223ab3f12,2024-04-18T19:49:58.904725,2024-04-18T19:49:59.527523,LONG,17578.5,17576.75,6,-210.0,0,15,3
Pre_Fix_DB (processed_trades_backup_pre_ghost_fix),TM_10,NQ,Tf949ea910105,2024-04-18T20:07:32.423039,2024-04-18T20:07:32.882629,SHORT,17522.25,17524.0,6,-210.0,0,16,3
Pre_Fix_DB (processed_trades_backup_pre_ghost_fix),TM_10,NQ,Tca97b9487a1e,2024-04-18T20:09:48.306525,2024-04-18T20:09:48.807180,SHORT,17535.75,17536.25,6,-60.0,0,16,3
Pre_Fix_DB (processed_trades_backup_pre_ghost_fix),TM_10,NQ,T70b719916ee6,2024-04-19T00:13:18.858061,2024-04-19T00:13:19.350209,LONG,17463.5,17462.25,6,-150.0,0,20,3
Pre_Fix_DB (processed_trades_backup_pre_ghost_fix),TM_10,NQ,T447d4282ebee,2024-04-19T01:04:33.723501,2024-04-19T01:04:50.370861,SHORT,17405.75,17412.0,6,-750.0,0,21,3
Pre_Fix_DB (processed_trades_backup_pre_ghost_fix),TM_10,NQ,T01bcbe746d44,2024-04-19T01:08:40.346806,2024-04-19T01:08:40.783830,LONG,17416.0,17414.5,6,-180.0,0,21,3
Pre_Fix_DB (processed_trades_backup_pre_ghost_fix),TM_10,NQ,T5d0cf72a579f,2024-04-19T01:09:27.468743,2024-04-19T01:09:27.968410,LONG,17395.75,17394.25,6,-180.0,0,21,3
Pre_Fix_DB (processed_trades_backup_pre_ghost_fix),TM_10,NQ,T4652c093a521,2024-04-19T01:14:13.424693,2024-04-19T01:14:13.934050,LONG,17388.25,17386.25,6,-240.0,0,21,3
Pre_Fix_DB (processed_trades_backup_pre_ghost_fix),TM_10,NQ,T39952a32dd98,2024-04-19T01:15:25.009022,2024-04-19T01:15:25.508503,LONG,17390.5,17389.25,6,-150.0,0,21,3
Pre_Fix_DB (processed_trades_backup_pre_ghost_fix),TM_10,NQ,T7b84caa090f6,2024-04-19T01:19:54.063649,2024-04-19T01:19:54.554978,LONG,17387.0,17386.25,6,-90.0,0,21,3
Pre_Fix_DB (processed_trades_backup_pre_ghost_fix),TM_10,NQ,T5b17e41833dd,2024-04-19T01:30:47.799842,2024-04-19T01:30:48.301436,LONG,17318.75,17316.0,6,-330.0,0,21,3
Pre_Fix_DB (processed_trades_backup_pre_ghost_fix),TM_10,NQ,Tdeb53caa1c72,2024-04-19T01:31:44.281259,2024-04-19T01:31:44.766479,SHORT,17306.25,17308.5,6,-270.0,0,21,3
Pre_Fix_DB (processed_trades_backup_pre_ghost_fix),TM_10,NQ,T3457c965a749,2024-04-19T01:37:08.396782,2024-04-19T01:37:08.909222,SHORT,17290.75,17292.75,6,-240.0,0,21,3
Pre_Fix_DB (processed_trades_backup_pre_ghost_fix),TM_10,NQ,Tce2203bc7830,2024-04-19T01:39:29.972548,2024-04-19T01:39:30.851435,LONG,17256.5,17256.25,6,-30.0,0,21,3
Pre_Fix_DB (processed_trades_backup_pre_ghost_fix),TM_10,NQ,T8f68d000c2c5,2024-04-19T05:20:09.473254,2024-04-19T05:20:10.334271,LONG,17360.75,17361.5,6,90.0,0,1,4
Pre_Fix_DB (processed_trades_backup_pre_ghost_fix),TM_10,NQ,Tbd805d0bc0c9,2024-04-19T05:22:38.487739,2024-04-19T05:22:39.075405,SHORT,17365.75,17367.75,6,-240.0,0,1,4
Pre_Fix_DB (processed_trades_backup_pre_ghost_fix),TM_10,NQ,T39cb56394869,2024-04-19T05:36:16.790920,2024-04-19T05:36:17.469510,LONG,17355.5,17354.25,6,-150.0,0,1,4
Pre_Fix_DB (processed_trades_backup_pre_ghost_fix),TM_10,NQ,T8396eca234d5,2024-04-19T06:01:17.474062,2024-04-19T06:01:18.138243,LONG,17365.25,17362.0,6,-390.0,0,2,4
Pre_Fix_DB (processed_trades_backup_pre_ghost_fix),TM_10,NQ,Te186d3adf234,2024-04-19T06:09:13.650195,2024-04-19T06:09:14.107404,SHORT,17378.5,17379.75,6,-150.0,0,2,4
Pre_Fix_DB (processed_trades_backup_pre_ghost_fix),TM_10,NQ,T099dc1ee0f49,2024-04-19T06:17:52.413982,2024-04-19T06:17:52.912195,SHORT,17406.75,17412.0,6,-630.0,0,2,4
Pre_Fix_DB (processed_trades_backup_pre_ghost_fix),TM_10,NQ,T285a3982539c,2024-04-19T06:21:30.001042,2024-04-19T06:21:30.627521,LONG,17410.0,17408.0,6,-240.0,0,2,4
Pre_Fix_DB (processed_trades_backup_pre_ghost_fix),TM_10,NQ,Td43627333152,2024-04-19T06:26:50.082046,2024-04-19T06:26:50.614179,LONG,17410.0,17409.0,6,-120.0,0,2,4
Pre_Fix_DB (processed_trades_backup_pre_ghost_fix),TM_10,NQ,T156c191c4f00,2024-04-19T06:40:29.958633,2024-04-19T06:40:30.359721,SHORT,17413.5,17415.0,6,-180.0,0,2,4
Pre_Fix_DB (processed_trades_backup_pre_ghost_fix),TM_10,NQ,T499ebdbaeb4f,2024-04-19T06:58:03.558735,2024-04-19T06:58:04.071542,SHORT,17425.0,17426.5,6,-180.0,0,2,4
Pre_Fix_DB (processed_trades_backup_pre_ghost_fix),TM_10,NQ,Tc957332839b1,2024-04-19T07:24:22.210997,2024-04-19T07:24:22.728369,SHORT,17440.75,17443.0,6,-270.0,0,3,4
Pre_Fix_DB (processed_trades_backup_pre_ghost_fix),TM_10,NQ,Td85cbb43ef8c,2024-04-19T07:33:28.343545,2024-04-19T07:33:28.838155,LONG,17415.25,17414.25,6,-120.0,0,3,4
Pre_Fix_DB (processed_trades_backup_pre_ghost_fix),TM_10,NQ,T0d6137552f24,2024-04-19T07:37:57.994124,2024-04-19T07:37:58.495755,SHORT,17424.0,17424.0,6,0.0,0,3,4
Pre_Fix_DB (processed_trades_backup_pre_ghost_fix),TM_10,NQ,T463b7155caa4,2024-04-19T08:02:33.512586,2024-04-19T08:02:33.893504,LONG,17429.25,17427.75,6,-180.0,0,4,4
Pre_Fix_DB (processed_trades_backup_pre_ghost_fix),TM_10,NQ,T448c442d0723,2024-04-19T08:12:06.737789,2024-04-19T08:12:07.251276,LONG,17404.75,17403.75,6,-120.0,0,4,4
Pre_Fix_DB (processed_trades_backup_pre_ghost_fix),TM_10,NQ,Tc498894cf59d,2024-04-19T08:41:02.671871,2024-04-19T08:41:03.505631,SHORT,17406.5,17406.0,6,60.0,0,4,4
Pre_Fix_DB (processed_trades_backup_pre_ghost_fix),TM_10,NQ,T39c575fb19c3,2024-04-19T08:45:33.948139,2024-04-19T08:45:34.632777,LONG,17409.0,17407.75,6,-150.0,0,4,4
Pre_Fix_DB (processed_trades_backup_pre_ghost_fix),TM_10,NQ,T4b2b71a82751,2024-04-19T11:02:57.786095,2024-04-19T11:04:33.706267,SHORT,17440.0,17440.0,4,0.0,1,7,4
Pre_Fix_DB (processed_trades_backup_pre_ghost_fix),TM_10,NQ,T331118b91e99,2024-04-19T11:43:39.777536,2024-04-19T11:43:40.408753,SHORT,17505.5,17506.75,6,-150.0,0,7,4
Pre_Fix_DB (processed_trades_backup_pre_ghost_fix),TM_10,NQ,T062d3963c4af,2024-04-19T11:45:37.507722,2024-04-19T11:45:38.331975,SHORT,17492.75,17493.75,6,-120.0,0,7,4
Pre_Fix_DB (processed_trades_backup_pre_ghost_fix),TM_10,NQ,T3980f6146b14,2024-04-19T12:09:34.069228,2024-04-19T12:09:34.758523,LONG,17492.25,17490.5,6,-210.0,0,8,4
Pre_Fix_DB (processed_trades_backup_pre_ghost_fix),TM_10,NQ,T32d6dfe76471,2024-04-19T13:15:58.814512,2024-04-19T13:15:59.956483,LONG,17495.75,17494.75,6,-120.0,0,9,4
Pre_Fix_DB (processed_trades_backup_pre_ghost_fix),TM_10,NQ,Tf0dd0aa0ae36,2024-04-19T13:15:59.709576,2024-04-19T13:16:00.602005,LONG,17495.75,17494.75,6,-120.0,0,9,4
Pre_Fix_DB (processed_trades_backup_pre_ghost_fix),TM_10,NQ,T3880b0030132,2024-04-19T13:25:00.556208,2024-04-19T13:25:01.120819,SHORT,17480.25,17477.75,6,300.0,0,9,4
Pre_Fix_DB (processed_trades_backup_pre_ghost_fix),TM_10,NQ,T6439c1c825a5,2024-04-19T13:25:01.643987,2024-04-19T13:25:02.182441,SHORT,17480.25,17477.75,6,300.0,0,9,4
Pre_Fix_DB (processed_trades_backup_pre_ghost_fix),TM_10,NQ,Tf0c8cbc13058,2024-04-19T13:30:21.067588,2024-04-19T13:30:23.272690,SHORT,17476.0,17475.75,4,20.0,0,9,4
Pre_Fix_DB (processed_trades_backup_pre_ghost_fix),TM_10,NQ,T6e1432d02b20,2024-04-19T13:36:37.488220,2024-04-19T13:36:38.260523,LONG,17457.0,17458.25,6,150.0,0,9,4
Pre_Fix_DB (processed_trades_backup_pre_ghost_fix),TM_10,NQ,Te5738bf9ac54,2024-04-19T13:36:38.437593,2024-04-19T13:36:39.241997,LONG,17457.0,17458.25,6,150.0,0,9,4
Pre_Fix_DB (processed_trades_backup_pre_ghost_fix),TM_10,NQ,Te153758291f3,2024-04-19T13:37:54.588092,2024-04-19T13:37:55.339714,LONG,17447.5,17447.0,6,-60.0,0,9,4
Pre_Fix_DB (processed_trades_backup_pre_ghost_fix),TM_10,NQ,Tfb0acac2b2bd,2024-04-19T13:37:55.545133,2024-04-19T13:37:56.318250,LONG,17447.5,17447.0,6,-60.0,0,9,4
Pre_Fix_DB (processed_trades_backup_pre_ghost_fix),TM_10,NQ,T0ac0a5bc6170,2024-04-19T13:44:58.988695,2024-04-19T13:44:59.892811,SHORT,17489.0,17490.25,6,-150.0,0,9,4
Pre_Fix_DB (processed_trades_backup_pre_ghost_fix),TM_10,NQ,Tc137e6d276ba,2024-04-19T13:45:00.016606,2024-04-19T13:45:00.587942,SHORT,17489.0,17490.25,6,-150.0,0,9,4
Pre_Fix_DB (processed_trades_backup_pre_ghost_fix),TM_10,NQ,Tc901ef655361,2024-04-19T13:51:26.846468,2024-04-19T13:51:27.518746,LONG,17454.5,17453.0,6,-180.0,0,9,4
Pre_Fix_DB (processed_trades_backup_pre_ghost_fix),TM_10,NQ,Ta3a9d279f2fc,2024-04-19T13:51:27.879636,2024-04-19T13:51:28.487315,LONG,17454.5,17453.0,6,-180.0,0,9,4
Pre_Fix_DB (processed_trades_backup_pre_ghost_fix),TM_10,NQ,Taa8129003977,2024-04-19T13:52:19.789696,2024-04-19T13:52:20.468886,LONG,17439.0,17436.5,6,-300.0,0,9,4
Pre_Fix_DB (processed_trades_backup_pre_ghost_fix),TM_10,NQ,Te9d4f15f30db,2024-04-19T13:52:20.813761,2024-04-19T13:52:21.454386,LONG,17439.0,17436.5,6,-300.0,0,9,4
Pre_Fix_DB (processed_trades_backup_pre_ghost_fix),TM_10,NQ,T03a0a540b3a5,2024-04-19T14:10:52.569967,2024-04-19T14:10:52.903905,LONG,17430.0,17427.75,6,-270.0,0,10,4
Pre_Fix_DB (processed_trades_backup_pre_ghost_fix),TM_10,NQ,Ta7fd7ff546d4,2024-04-19T14:10:53.587707,2024-04-19T14:10:53.995780,LONG,17430.0,17427.75,6,-270.0,0,10,4
Pre_Fix_DB (processed_trades_backup_pre_ghost_fix),TM_10,NQ,Tef709d2a6ddd,2024-04-19T14:16:01.636112,2024-04-19T14:16:02.130235,LONG,17409.75,17409.5,6,-30.0,0,10,4
Pre_Fix_DB (processed_trades_backup_pre_ghost_fix),TM_10,NQ,T76d9bd4936b7,2024-04-19T14:16:02.651709,2024-04-19T14:16:03.161174,LONG,17409.75,17409.5,6,-30.0,0,10,4
Pre_Fix_DB (processed_trades_backup_pre_ghost_fix),TM_10,NQ,Tdf3ad955898d,2024-04-19T14:19:32.699094,2024-04-19T14:19:33.202305,SHORT,17399.75,17399.5,6,30.0,0,10,4
Pre_Fix_DB (processed_trades_backup_pre_ghost_fix),TM_10,NQ,T09b8fd9018a4,2024-04-19T14:19:33.731292,2024-04-19T14:19:34.280506,SHORT,17399.75,17399.5,6,30.0,0,10,4
Pre_Fix_DB (processed_trades_backup_pre_ghost_fix),TM_10,NQ,Tb768d4a871a8,2024-04-19T14:21:24.645802,2024-04-19T14:21:25.222941,SHORT,17388.25,17388.5,6,-30.0,0,10,4
Pre_Fix_DB (processed_trades_backup_pre_ghost_fix),TM_10,NQ,Tcf28413565d0,2024-04-19T14:21:25.863914,2024-04-19T14:21:26.361401,SHORT,17388.25,17388.5,6,-30.0,0,10,4
Pre_Fix_DB (processed_trades_backup_pre_ghost_fix),TM_10,NQ,Tbf9167e62f06,2024-04-19T14:27:12.383936,2024-04-19T14:27:12.876888,LONG,17365.25,17364.25,6,-120.0,0,10,4
Pre_Fix_DB (processed_trades_backup_pre_ghost_fix),TM_10,NQ,T4b8aa140322f,2024-04-19T14:27:13.545388,2024-04-19T14:27:14.037483,LONG,17365.25,17364.25,6,-120.0,0,10,4
Pre_Fix_DB (processed_trades_backup_pre_ghost_fix),TM_10,NQ,T8ea54cb4c6c1,2024-04-19T14:30:35.110768,2024-04-19T14:30:35.532109,SHORT,17397.5,17395.5,6,240.0,0,10,4
Pre_Fix_DB (processed_trades_backup_pre_ghost_fix),TM_10,NQ,T147956d0616c,2024-04-19T14:30:36.166293,2024-04-19T14:30:36.669884,SHORT,17397.5,17395.5,6,240.0,0,10,4
Pre_Fix_DB (processed_trades_backup_pre_ghost_fix),TM_10,NQ,T45b0a473b008,2024-04-19T14:33:29.198223,2024-04-19T14:33:29.784459,SHORT,17390.75,17390.5,6,30.0,0,10,4
Pre_Fix_DB (processed_trades_backup_pre_ghost_fix),TM_10,NQ,Ta2def34146c7,2024-04-19T14:33:30.333475,2024-04-19T14:33:30.836285,SHORT,17390.75,17390.5,6,30.0,0,10,4
Pre_Fix_DB (processed_trades_backup_pre_ghost_fix),TM_10,NQ,T208fb543766c,2024-04-19T14:39:59.987279,2024-04-19T14:40:00.486919,LONG,17359.0,17360.25,6,150.0,0,10,4
Pre_Fix_DB (processed_trades_backup_pre_ghost_fix),TM_10,NQ,Tc8d225f0bfa7,2024-04-19T14:40:01.100644,2024-04-19T14:40:01.607422,LONG,17359.0,17360.25,6,150.0,0,10,4
Pre_Fix_DB (processed_trades_backup_pre_ghost_fix),TM_10,NQ,T941b7817cb34,2024-04-19T14:41:29.531891,2024-04-19T14:41:30.109040,LONG,17352.75,17352.25,6,-60.0,0,10,4
Pre_Fix_DB (processed_trades_backup_pre_ghost_fix),TM_10,NQ,T3f6dadef68c7,2024-04-19T14:41:30.672349,2024-04-19T14:41:31.249949,LONG,17352.75,17352.25,6,-60.0,0,10,4
Pre_Fix_DB (processed_trades_backup_pre_ghost_fix),TM_10,NQ,Td2b597f415fa,2024-04-19T14:43:02.589387,2024-04-19T14:43:03.056683,SHORT,17374.75,17375.25,6,-60.0,0,10,4
Pre_Fix_DB (processed_trades_backup_pre_ghost_fix),TM_10,NQ,Ta98807373593,2024-04-19T14:43:03.742299,2024-04-19T14:43:04.210100,SHORT,17374.75,17375.25,6,-60.0,0,10,4
Pre_Fix_DB (processed_trades_backup_pre_ghost_fix),TM_10,NQ,T4a6d58677165,2024-04-19T14:50:27.891459,2024-04-19T14:50:28.316898,SHORT,17413.75,17414.0,6,-30.0,0,10,4
Pre_Fix_DB (processed_trades_backup_pre_ghost_fix),TM_10,NQ,T1bf5e94608ee,2024-04-19T14:50:28.976797,2024-04-19T14:50:29.489085,SHORT,17413.75,17414.0,6,-30.0,0,10,4
Pre_Fix_DB (processed_trades_backup_pre_ghost_fix),TM_10,NQ,T1286b381d0bd,2024-04-19T15:00:20.732378,2024-04-19T15:00:21.196381,LONG,17381.0,17381.75,6,90.0,0,11,4
Pre_Fix_DB (processed_trades_backup_pre_ghost_fix),TM_10,NQ,T2a300a015109,2024-04-19T15:00:21.841763,2024-04-19T15:00:22.280323,LONG,17381.0,17381.75,6,90.0,0,11,4
Pre_Fix_DB (processed_trades_backup_pre_ghost_fix),TM_10,NQ,T80bdfbf12b83,2024-04-19T15:06:48.421876,2024-04-19T15:06:48.946455,LONG,17365.25,17364.5,6,-90.0,0,11,4
Pre_Fix_DB (processed_trades_backup_pre_ghost_fix),TM_10,NQ,T00c664abdf8e,2024-04-19T15:06:49.629371,2024-04-19T15:06:50.158288,LONG,17365.25,17364.5,6,-90.0,0,11,4
Pre_Fix_DB (processed_trades_backup_pre_ghost_fix),TM_10,NQ,T70c9986504cf,2024-04-19T15:29:06.811803,2024-04-19T15:29:07.321178,LONG,17323.75,17324.75,6,120.0,0,11,4
Pre_Fix_DB (processed_trades_backup_pre_ghost_fix),TM_10,NQ,T2d5e6f8eabd8,2024-04-19T15:29:56.280470,2024-04-19T15:29:56.799097,LONG,17333.5,17333.0,6,-60.0,0,11,4
Pre_Fix_DB (processed_trades_backup_pre_ghost_fix),TM_10,NQ,T9d83c40d0a7a,2024-04-19T15:29:57.625199,2024-04-19T15:29:58.085695,LONG,17333.5,17333.0,6,-60.0,0,11,4
Pre_Fix_DB (processed_trades_backup_pre_ghost_fix),TM_10,NQ,T296f47243cda,2024-04-19T15:30:41.299318,2024-04-19T15:30:41.771434,SHORT,17345.0,17345.25,6,-30.0,0,11,4
Pre_Fix_DB (processed_trades_backup_pre_ghost_fix),TM_10,NQ,Tc175cd100aa4,2024-04-19T15:30:42.634460,2024-04-19T15:30:43.115078,SHORT,17345.0,17345.25,6,-30.0,0,11,4
Pre_Fix_DB (processed_trades_backup_pre_ghost_fix),TM_10,NQ,T10b37c3cfd78,2024-04-19T15:34:24.398108,2024-04-19T15:34:24.839594,LONG,17331.75,17329.25,6,-300.0,0,11,4
Pre_Fix_DB (processed_trades_backup_pre_ghost_fix),TM_10,NQ,T827fdf962aba,2024-04-19T15:34:25.667132,2024-04-19T15:34:26.141475,LONG,17331.75,17329.25,6,-300.0,0,11,4
Pre_Fix_DB (processed_trades_backup_pre_ghost_fix),TM_10,NQ,Tb63a39134e87,2024-04-19T15:41:47.113260,2024-04-19T15:41:47.544219,SHORT,17332.25,17331.75,6,60.0,0,11,4
Pre_Fix_DB (processed_trades_backup_pre_ghost_fix),TM_10,NQ,Tc4917f67ae91,2024-04-19T15:41:48.317135,2024-04-19T15:41:48.826408,SHORT,17332.25,17331.75,6,60.0,0,11,4
Pre_Fix_DB (processed_trades_backup_pre_ghost_fix),TM_10,NQ,Te9a0548f48d2,2024-04-19T16:08:16.273313,2024-04-19T16:08:16.771803,LONG,17267.5,17266.75,6,-90.0,0,12,4
Pre_Fix_DB (processed_trades_backup_pre_ghost_fix),TM_10,NQ,T6284d86b2712,2024-04-19T16:08:17.628887,2024-04-19T16:08:18.131267,LONG,17267.5,17266.75,6,-90.0,0,12,4
Pre_Fix_DB (processed_trades_backup_pre_ghost_fix),TM_10,NQ,Tb92e1d97d3b8,2024-04-19T16:15:30.088994,2024-04-19T16:15:30.586289,LONG,17233.25,17234.5,6,150.0,0,12,4
Pre_Fix_DB (processed_trades_backup_pre_ghost_fix),TM_10,NQ,Ta0e742af56e8,2024-04-19T16:15:31.359780,2024-04-19T16:15:31.855149,LONG,17233.25,17234.5,6,150.0,0,12,4
Pre_Fix_DB (processed_trades_backup_pre_ghost_fix),TM_10,NQ,T24ea8eeabed5,2024-04-19T16:23:47.636585,2024-04-19T16:24:05.931836,SHORT,17227.25,17227.5,4,-20.0,0,12,4
Pre_Fix_DB (processed_trades_backup_pre_ghost_fix),TM_10,NQ,Tcfb21768815d,2024-04-19T16:24:48.165943,2024-04-19T16:24:48.636063,LONG,17221.5,17221.75,6,30.0,0,12,4
Pre_Fix_DB (processed_trades_backup_pre_ghost_fix),TM_10,NQ,Tbe0ecd7bc6bc,2024-04-19T16:24:49.594326,2024-04-19T16:24:50.047367,LONG,17221.5,17221.75,6,30.0,0,12,4
Pre_Fix_DB (processed_trades_backup_pre_ghost_fix),TM_10,NQ,T039fb16f9a90,2024-04-19T16:29:09.806585,2024-04-19T16:29:10.269795,LONG,17208.25,17210.5,6,270.0,0,12,4
Pre_Fix_DB (processed_trades_backup_pre_ghost_fix),TM_10,NQ,Ted18579f5911,2024-04-19T16:29:11.141173,2024-04-19T16:29:11.659016,LONG,17208.25,17210.5,6,270.0,0,12,4
Pre_Fix_DB (processed_trades_backup_pre_ghost_fix),TM_10,NQ,Tf996974f48ca,2024-04-19T16:48:33.472133,2024-04-19T16:48:33.963742,LONG,17246.0,17245.5,6,-60.0,0,12,4
Pre_Fix_DB (processed_trades_backup_pre_ghost_fix),TM_10,NQ,Tdd1a9568a21e,2024-04-19T16:48:34.881349,2024-04-19T16:48:35.371492,LONG,17246.0,17245.5,6,-60.0,0,12,4
Pre_Fix_DB (processed_trades_backup_pre_ghost_fix),TM_10,NQ,Ta5d52ecb0ab6,2024-04-19T17:01:58.379916,2024-04-19T17:01:58.818237,SHORT,17279.75,17280.25,6,-60.0,0,13,4
Pre_Fix_DB (processed_trades_backup_pre_ghost_fix),TM_10,NQ,T9f7faf3ffe12,2024-04-19T17:01:59.816859,2024-04-19T17:02:00.323162,SHORT,17279.75,17280.25,6,-60.0,0,13,4
Pre_Fix_DB (processed_trades_backup_pre_ghost_fix),TM_10,NQ,T229bf6d9da3d,2024-04-19T17:08:05.104800,2024-04-19T17:08:05.581329,LONG,17289.5,17289.5,6,0.0,0,13,4
Pre_Fix_DB (processed_trades_backup_pre_ghost_fix),TM_10,NQ,Ta9bce787dc5b,2024-04-19T17:08:06.601467,2024-04-19T17:08:07.091914,LONG,17289.5,17289.5,6,0.0,0,13,4
Pre_Fix_DB (processed_trades_backup_pre_ghost_fix),TM_10,NQ,Tb12823d657e3,2024-04-19T17:16:48.007246,2024-04-19T17:16:48.506244,LONG,17279.75,17279.25,6,-60.0,0,13,4
Pre_Fix_DB (processed_trades_backup_pre_ghost_fix),TM_10,NQ,T3166f855da48,2024-04-19T17:16:49.501157,2024-04-19T17:16:50.004589,LONG,17279.75,17279.25,6,-60.0,0,13,4
Pre_Fix_DB (processed_trades_backup_pre_ghost_fix),TM_10,NQ,T6fffc1b1d01a,2024-04-19T17:18:29.147795,2024-04-19T17:18:29.556276,SHORT,17307.0,17308.0,6,-120.0,0,13,4
Pre_Fix_DB (processed_trades_backup_pre_ghost_fix),TM_10,NQ,T7358db1ab3a5,2024-04-19T17:18:30.562581,2024-04-19T17:18:31.048384,SHORT,17307.0,17308.0,6,-120.0,0,13,4
Pre_Fix_DB (processed_trades_backup_pre_ghost_fix),TM_10,NQ,Tacb6d4877f2e,2024-04-19T17:28:59.683952,2024-04-19T17:29:00.220337,LONG,17270.0,17270.25,6,30.0,0,13,4
Pre_Fix_DB (processed_trades_backup_pre_ghost_fix),TM_10,NQ,T9766103b9008,2024-04-19T17:29:01.216364,2024-04-19T17:29:01.754603,LONG,17270.0,17270.25,6,30.0,0,13,4
Pre_Fix_DB (processed_trades_backup_pre_ghost_fix),TM_10,NQ,Tccc9203e6585,2024-04-19T17:37:40.930614,2024-04-19T17:37:41.381250,SHORT,17278.5,17278.75,6,-30.0,0,13,4
Pre_Fix_DB (processed_trades_backup_pre_ghost_fix),TM_10,NQ,Ted638179410a,2024-04-19T17:37:42.381568,2024-04-19T17:37:42.901739,SHORT,17278.5,17278.75,6,-30.0,0,13,4
Pre_Fix_DB (processed_trades_backup_pre_ghost_fix),TM_10,NQ,T31934f91f5bc,2024-04-19T17:54:22.905434,2024-04-19T17:54:23.330188,SHORT,17334.25,17335.0,6,-90.0,0,13,4
Pre_Fix_DB (processed_trades_backup_pre_ghost_fix),TM_10,NQ,T8b96622e0b4b,2024-04-19T17:55:07.851597,2024-04-19T17:55:08.349061,SHORT,17339.5,17338.25,6,150.0,0,13,4
Pre_Fix_DB (processed_trades_backup_pre_ghost_fix),TM_10,NQ,Ta5e411c90262,2024-04-19T17:55:09.383643,2024-04-19T17:55:09.888017,SHORT,17339.5,17338.25,6,150.0,0,13,4
Pre_Fix_DB (processed_trades_backup_pre_ghost_fix),TM_10,NQ,Te09c059f0efa,2024-04-19T18:01:15.578222,2024-04-19T18:01:16.087463,LONG,17260.75,17261.25,6,60.0,0,14,4
Pre_Fix_DB (processed_trades_backup_pre_ghost_fix),TM_10,NQ,Tfd7569dd04b8,2024-04-19T18:01:17.084679,2024-04-19T18:01:17.575888,LONG,17260.75,17261.25,6,60.0,0,14,4
Pre_Fix_DB (processed_trades_backup_pre_ghost_fix),TM_10,NQ,Td3d00b31f5c6,2024-04-19T18:25:50.378489,2024-04-19T18:25:50.878045,LONG,17246.75,17245.0,6,-210.0,0,14,4
Pre_Fix_DB (processed_trades_backup_pre_ghost_fix),TM_10,NQ,T4b3f695e1618,2024-04-19T18:25:52.014640,2024-04-19T18:25:52.522148,LONG,17246.75,17245.0,6,-210.0,0,14,4
Pre_Fix_DB (processed_trades_backup_pre_ghost_fix),TM_10,NQ,Ta01d20ae8b73,2024-04-19T18:28:33.463758,2024-04-19T18:28:33.959205,SHORT,17238.5,17239.25,6,-90.0,0,14,4
Pre_Fix_DB (processed_trades_backup_pre_ghost_fix),TM_10,NQ,T2931f456bd78,2024-04-19T18:28:35.091450,2024-04-19T18:28:35.587500,SHORT,17238.5,17239.25,6,-90.0,0,14,4
Pre_Fix_DB (processed_trades_backup_pre_ghost_fix),TM_10,NQ,Tee46f7f960de,2024-04-19T18:33:31.677449,2024-04-19T18:33:32.140297,LONG,17213.5,17213.75,6,30.0,0,14,4
Pre_Fix_DB (processed_trades_backup_pre_ghost_fix),TM_10,NQ,T3db261fdc6c6,2024-04-19T18:33:33.262422,2024-04-19T18:33:33.751236,LONG,17213.5,17213.75,6,30.0,0,14,4
Pre_Fix_DB (processed_trades_backup_pre_ghost_fix),TM_10,NQ,Ta63450ce471a,2024-04-19T18:37:56.486414,2024-04-19T18:37:56.941380,LONG,17193.25,17193.0,6,-30.0,0,14,4
Pre_Fix_DB (processed_trades_backup_pre_ghost_fix),TM_10,NQ,T1e5c415a8fb5,2024-04-19T18:37:58.079711,2024-04-19T18:37:58.535690,LONG,17193.25,17193.0,6,-30.0,0,14,4
Pre_Fix_DB (processed_trades_backup_pre_ghost_fix),TM_10,NQ,T70e59e6bf97a,2024-04-19T18:39:42.995978,2024-04-19T18:39:43.493981,SHORT,17179.5,17180.5,6,-120.0,0,14,4
Pre_Fix_DB (processed_trades_backup_pre_ghost_fix),TM_10,NQ,Ta7d5f9f125cd,2024-04-19T18:39:44.596393,2024-04-19T18:39:45.098843,SHORT,17179.5,17180.5,6,-120.0,0,14,4
Pre_Fix_DB (processed_trades_backup_pre_ghost_fix),TM_10,NQ,T009457c6f854,2024-04-19T18:42:09.003015,2024-04-19T18:42:09.537730,LONG,17170.0,17169.25,6,-90.0,0,14,4
Pre_Fix_DB (processed_trades_backup_pre_ghost_fix),TM_10,NQ,Tbdf925f7d50c,2024-04-19T18:42:10.631347,2024-04-19T18:42:11.160451,LONG,17170.0,17169.25,6,-90.0,0,14,4
Pre_Fix_DB (processed_trades_backup_pre_ghost_fix),TM_10,NQ,T652644dadfeb,2024-04-19T18:43:59.025726,2024-04-19T18:43:59.547059,SHORT,17160.5,17160.0,6,60.0,0,14,4
Pre_Fix_DB (processed_trades_backup_pre_ghost_fix),TM_10,NQ,Tf1b19dacaa81,2024-04-19T18:44:00.655076,2024-04-19T18:44:01.181137,SHORT,17160.5,17160.0,6,60.0,0,14,4
Pre_Fix_DB (processed_trades_backup_pre_ghost_fix),TM_10,NQ,Td068e74a4e07,2024-04-19T18:46:11.575584,2024-04-19T18:46:12.147238,LONG,17157.25,17159.0,6,210.0,0,14,4
Pre_Fix_DB (processed_trades_backup_pre_ghost_fix),TM_10,NQ,T67577ddf4edf,2024-04-19T18:46:13.216361,2024-04-19T18:46:13.711359,LONG,17157.25,17159.0,6,210.0,0,14,4
Pre_Fix_DB (processed_trades_backup_pre_ghost_fix),TM_10,NQ,T8109f35f414c,2024-04-19T18:55:14.315282,2024-04-19T18:55:14.807613,SHORT,17167.25,17168.0,6,-90.0,0,14,4
Pre_Fix_DB (processed_trades_backup_pre_ghost_fix),TM_10,NQ,Tc8bcf996ae51,2024-04-19T18:55:15.961029,2024-04-19T18:55:16.453346,SHORT,17167.25,17168.0,6,-90.0,0,14,4
Pre_Fix_DB (processed_trades_backup_pre_ghost_fix),TM_10,NQ,T7976958c23d4,2024-04-19T18:56:29.953888,2024-04-19T18:56:30.363047,SHORT,17164.5,17164.0,6,60.0,0,14,4
Pre_Fix_DB (processed_trades_backup_pre_ghost_fix),TM_10,NQ,Td601546b85b8,2024-04-19T18:56:31.582676,2024-04-19T18:56:32.069511,SHORT,17164.5,17164.0,6,60.0,0,14,4
Pre_Fix_DB (processed_trades_backup_pre_ghost_fix),TM_10,NQ,T3b1ca8870694,2024-04-19T19:04:41.624973,2024-04-19T19:04:42.131695,LONG,17156.25,17155.75,6,-60.0,0,15,4
Pre_Fix_DB (processed_trades_backup_pre_ghost_fix),TM_10,NQ,T848a053d69dd,2024-04-19T19:04:43.365168,2024-04-19T19:04:43.872668,LONG,17156.25,17155.75,6,-60.0,0,15,4
Pre_Fix_DB (processed_trades_backup_pre_ghost_fix),TM_10,NQ,T59c3496adfaf,2024-04-19T19:06:32.758244,2024-04-19T19:06:33.178765,LONG,17132.75,17130.25,6,-300.0,0,15,4
Pre_Fix_DB (processed_trades_backup_pre_ghost_fix),TM_10,NQ,T226a4c888a49,2024-04-19T19:06:34.422422,2024-04-19T19:06:34.920968,LONG,17132.75,17130.25,6,-300.0,0,15,4
Pre_Fix_DB (processed_trades_backup_pre_ghost_fix),TM_10,NQ,T0d6a6842213b,2024-04-19T19:13:12.413203,2024-04-19T19:13:12.907740,SHORT,17190.5,17189.0,6,180.0,0,15,4
Pre_Fix_DB (processed_trades_backup_pre_ghost_fix),TM_10,NQ,T2c166d1868ac,2024-04-19T19:13:14.159220,2024-04-19T19:13:14.653450,SHORT,17190.5,17189.0,6,180.0,0,15,4
Pre_Fix_DB (processed_trades_backup_pre_ghost_fix),TM_10,NQ,Tecb753f3c27b,2024-04-19T19:16:13.028193,2024-04-19T19:16:13.480250,LONG,17180.75,17178.75,6,-240.0,0,15,4
Pre_Fix_DB (processed_trades_backup_pre_ghost_fix),TM_10,NQ,Te05a44b81b47,2024-04-19T19:16:14.704330,2024-04-19T19:16:15.184345,LONG,17180.75,17178.75,6,-240.0,0,15,4
Pre_Fix_DB (processed_trades_backup_pre_ghost_fix),TM_10,NQ,T6a3af336c6ef,2024-04-19T19:24:58.132302,2024-04-19T19:24:58.631619,LONG,17176.0,17177.25,6,150.0,0,15,4
Pre_Fix_DB (processed_trades_backup_pre_ghost_fix),TM_10,NQ,Te0f6a87e1d58,2024-04-19T19:24:59.947353,2024-04-19T19:25:00.440945,LONG,17176.0,17177.25,6,150.0,0,15,4
Pre_Fix_DB (processed_trades_backup_pre_ghost_fix),TM_10,NQ,T4f5e6afe229b,2024-04-19T19:28:13.228136,2024-04-19T19:28:13.726549,SHORT,17181.5,17182.75,6,-150.0,0,15,4
Pre_Fix_DB (processed_trades_backup_pre_ghost_fix),TM_10,NQ,T9d394b1cecc7,2024-04-19T19:28:15.038497,2024-04-19T19:28:15.543898,SHORT,17181.5,17182.75,6,-150.0,0,15,4
Pre_Fix_DB (processed_trades_backup_pre_ghost_fix),TM_10,NQ,T299fd5a12340,2024-04-19T19:41:05.696069,2024-04-19T19:41:06.194341,LONG,17133.0,17130.75,6,-270.0,0,15,4
Pre_Fix_DB (processed_trades_backup_pre_ghost_fix),TM_10,NQ,Te7e78fe5f157,2024-04-19T19:41:07.407214,2024-04-19T19:41:07.914055,LONG,17133.0,17130.75,6,-270.0,0,15,4
Pre_Fix_DB (processed_trades_backup_pre_ghost_fix),TM_10,NQ,Te5373a9bb78a,2024-04-19T19:44:39.307663,2024-04-19T19:44:39.805815,LONG,17129.0,17129.0,6,0.0,0,15,4
Pre_Fix_DB (processed_trades_backup_pre_ghost_fix),TM_10,NQ,T2bb233e01812,2024-04-19T19:44:41.112060,2024-04-19T19:44:41.612302,LONG,17129.0,17129.0,6,0.0,0,15,4
Pre_Fix_DB (processed_trades_backup_pre_ghost_fix),TM_10,NQ,Tcf8fb853991c,2024-04-19T19:56:03.632475,2024-04-19T19:56:04.122261,LONG,17185.0,17184.0,6,-120.0,0,15,4
Pre_Fix_DB (processed_trades_backup_pre_ghost_fix),TM_10,NQ,Ted9dd65705ff,2024-04-19T19:56:05.414350,2024-04-19T19:56:05.905848,LONG,17185.0,17184.0,6,-120.0,0,15,4
Pre_Fix_DB (processed_trades_backup_pre_ghost_fix),TM_10,NQ,Tba1b0e9e44c9,2024-04-19T19:59:24.707354,2024-04-19T19:59:25.220336,SHORT,17185.5,17186.0,6,-60.0,0,15,4
Pre_Fix_DB (processed_trades_backup_pre_ghost_fix),TM_10,NQ,T5d160f8f2bb5,2024-04-19T19:59:26.544218,2024-04-19T19:59:27.050367,SHORT,17185.5,17186.0,6,-60.0,0,15,4
Pre_Fix_DB (processed_trades_backup_pre_ghost_fix),TM_10,NQ,Tee01069e679b,2024-04-21T22:04:36.790786,2024-04-21T22:04:37.229912,SHORT,17222.75,17223.0,6,-30.0,0,18,6
Pre_Fix_DB (processed_trades_backup_pre_ghost_fix),TM_10,NQ,T7d99017c0eb0,2024-04-21T22:08:05.264692,2024-04-21T22:08:05.772716,SHORT,17218.75,17219.5,6,-90.0,0,18,6
Pre_Fix_DB (processed_trades_backup_pre_ghost_fix),TM_10,NQ,T54b472cc4cc0,2024-04-22T00:42:17.170962,2024-04-22T00:42:17.545803,SHORT,17232.75,17233.5,6,-90.0,0,20,6
Pre_Fix_DB (processed_trades_backup_pre_ghost_fix),TM_10,NQ,T7324c67b76e0,2024-04-22T01:00:55.739683,2024-04-22T01:00:56.248361,LONG,17224.75,17224.0,6,-90.0,0,21,6
Pre_Fix_DB (processed_trades_backup_pre_ghost_fix),TM_10,NQ,T8d365602a841,2024-04-22T01:42:42.853441,2024-04-22T01:42:43.341689,LONG,17224.75,17223.75,6,-120.0,0,21,6
Pre_Fix_DB (processed_trades_backup_pre_ghost_fix),TM_10,NQ,Tc20aaea231a9,2024-04-22T02:21:17.690741,2024-04-22T02:21:18.161090,SHORT,17255.25,17255.75,6,-60.0,0,22,6
Pre_Fix_DB (processed_trades_backup_pre_ghost_fix),TM_10,NQ,Tde3a8f21eac8,2024-04-22T03:32:58.893118,2024-04-22T03:32:59.429926,SHORT,17238.5,17239.5,6,-120.0,0,23,6
Pre_Fix_DB (processed_trades_backup_pre_ghost_fix),TM_10,NQ,T81e9eab1042b,2024-04-22T07:40:07.007330,2024-04-22T07:40:07.587064,LONG,17249.5,17249.0,6,-60.0,0,3,0
Pre_Fix_DB (processed_trades_backup_pre_ghost_fix),TM_10,NQ,T8ba0de4edc3e,2024-04-22T09:04:02.786866,2024-04-22T09:04:03.297453,LONG,17271.0,17270.0,6,-120.0,0,5,0
Pre_Fix_DB (processed_trades_backup_pre_ghost_fix),TM_10,NQ,T1ecc8464c277,2024-04-22T12:51:48.931773,2024-04-22T12:51:49.690981,LONG,17300.5,17299.25,6,-150.0,0,8,0
Pre_Fix_DB (processed_trades_backup_pre_ghost_fix),TM_10,NQ,T60940ea8f8c2,2024-04-22T13:04:51.426302,2024-04-22T13:04:52.115518,SHORT,17294.0,17295.0,6,-120.0,0,9,0
Pre_Fix_DB (processed_trades_backup_pre_ghost_fix),TM_10,NQ,T71421b400bb2,2024-04-22T13:23:23.815315,2024-04-22T13:23:24.433182,SHORT,17294.25,17295.25,6,-120.0,0,9,0
Pre_Fix_DB (processed_trades_backup_pre_ghost_fix),TM_10,NQ,T99b48bf2d49a,2024-04-22T13:30:07.367721,2024-04-22T13:30:07.969009,SHORT,17301.25,17299.75,6,180.0,0,9,0
Pre_Fix_DB (processed_trades_backup_pre_ghost_fix),TM_10,NQ,Tb6eefcac1bc3,2024-04-22T13:33:01.070565,2024-04-22T13:33:01.554422,LONG,17287.25,17288.5,6,150.0,0,9,0
Pre_Fix_DB (processed_trades_backup_pre_ghost_fix),TM_10,NQ,T5f6b058bf2fa,2024-04-22T13:36:57.770375,2024-04-22T13:36:58.594129,SHORT,17275.5,17277.25,6,-210.0,0,9,0
Pre_Fix_DB (processed_trades_backup_pre_ghost_fix),TM_10,NQ,T4c5c8e08d424,2024-04-22T13:39:54.907561,2024-04-22T13:39:55.604918,LONG,17286.75,17284.75,6,-240.0,0,9,0
Pre_Fix_DB (processed_trades_backup_pre_ghost_fix),TM_10,NQ,T82d4ef75f5e4,2024-04-22T13:43:59.825997,2024-04-22T13:44:06.122127,SHORT,17274.0,17274.0,4,0.0,0,9,0
Pre_Fix_DB (processed_trades_backup_pre_ghost_fix),TM_10,NQ,T639542396f88,2024-04-22T14:10:19.429701,2024-04-22T14:10:19.845766,LONG,17276.5,17276.25,6,-30.0,0,10,0
Pre_Fix_DB (processed_trades_backup_pre_ghost_fix),TM_10,NQ,T8761a28ec5a5,2024-04-22T14:10:35.837572,2024-04-22T14:10:36.369049,SHORT,17283.0,17283.0,6,0.0,0,10,0
Pre_Fix_DB (processed_trades_backup_pre_ghost_fix),TM_10,NQ,T26aa373bb3d1,2024-04-22T14:13:32.399588,2024-04-22T14:13:32.895108,SHORT,17281.75,17282.75,6,-120.0,0,10,0
Pre_Fix_DB (processed_trades_backup_pre_ghost_fix),TM_10,NQ,Tcea9919b4e93,2024-04-22T14:29:22.113104,2024-04-22T14:29:22.628844,LONG,17191.5,17191.5,6,0.0,0,10,0
Pre_Fix_DB (processed_trades_backup_pre_ghost_fix),TM_10,NQ,Tb13706d874ef,2024-04-22T14:50:26.044646,2024-04-22T14:50:26.698612,LONG,17199.5,17196.75,6,-330.0,0,10,0
Pre_Fix_DB (processed_trades_backup_pre_ghost_fix),TM_10,NQ,Taa66e2952486,2024-04-22T14:57:30.245701,2024-04-22T14:57:30.776767,LONG,17167.75,17168.75,6,120.0,0,10,0
Pre_Fix_DB (processed_trades_backup_pre_ghost_fix),TM_10,NQ,Ta81d437961f4,2024-04-22T15:05:59.435832,2024-04-22T15:06:00.030945,LONG,17176.75,17177.25,6,60.0,0,11,0
Pre_Fix_DB (processed_trades_backup_pre_ghost_fix),TM_10,NQ,T544818f140d7,2024-04-22T15:14:41.161630,2024-04-22T15:14:41.728009,LONG,17164.25,17161.0,6,-390.0,0,11,0
Pre_Fix_DB (processed_trades_backup_pre_ghost_fix),TM_10,NQ,Td92b6e35d54d,2024-04-22T15:28:49.035616,2024-04-22T15:28:49.626988,SHORT,17195.75,17199.0,6,-390.0,0,11,0
Pre_Fix_DB (processed_trades_backup_pre_ghost_fix),TM_10,NQ,Tc354799ccda0,2024-04-22T16:31:24.799463,2024-04-22T16:31:25.192196,LONG,17240.5,17240.5,6,0.0,0,12,0
Pre_Fix_DB (processed_trades_backup_pre_ghost_fix),TM_10,NQ,T49c9db1a4b77,2024-04-22T17:04:16.196386,2024-04-22T17:04:16.659594,SHORT,17280.0,17280.75,6,-90.0,0,13,0
Pre_Fix_DB (processed_trades_backup_pre_ghost_fix),TM_10,NQ,Tac890d7b42ea,2024-04-22T17:33:48.773365,2024-04-22T17:33:49.302541,LONG,17354.0,17352.75,6,-150.0,0,13,0
Pre_Fix_DB (processed_trades_backup_pre_ghost_fix),TM_10,NQ,Tc29386913a33,2024-04-22T17:55:02.617512,2024-04-22T17:55:03.187854,SHORT,17413.25,17413.25,6,0.0,0,13,0
Pre_Fix_DB (processed_trades_backup_pre_ghost_fix),TM_10,NQ,Tb4df89318403,2024-04-22T18:05:57.436231,2024-04-22T18:05:58.030176,LONG,17386.75,17386.25,6,-60.0,0,14,0
Pre_Fix_DB (processed_trades_backup_pre_ghost_fix),TM_10,NQ,T5769fc475ad0,2024-04-22T19:11:50.661405,2024-04-22T19:12:38.950982,SHORT,17400.25,17407.25,6,-840.0,0,15,0
Pre_Fix_DB (processed_trades_backup_pre_ghost_fix),TM_10,NQ,T4f555db9cc9d,2024-04-22T19:55:41.430767,2024-04-22T19:55:41.909745,LONG,17338.75,17338.25,6,-60.0,0,15,0
Pre_Fix_DB (processed_trades_backup_pre_ghost_fix),TM_10,NQ,Tecbfc91cac22,2024-04-22T22:01:28.249291,2024-04-22T22:01:28.755954,SHORT,17361.0,17362.0,6,-120.0,0,18,0
Pre_Fix_DB (processed_trades_backup_pre_ghost_fix),TM_10,NQ,Teb6d9277a990,2024-04-22T22:09:24.192171,2024-04-22T22:09:24.479787,LONG,17350.0,17349.75,6,-30.0,0,18,0
Pre_Fix_DB (processed_trades_backup_pre_ghost_fix),TM_10,NQ,Tece4387cb9c6,2024-04-22T23:54:41.265862,2024-04-22T23:54:41.778249,SHORT,17319.0,17319.75,6,-90.0,0,19,0
Pre_Fix_DB (processed_trades_backup_pre_ghost_fix),TM_10,NQ,Tb49cbb999fed,2024-04-23T00:05:46.420571,2024-04-23T00:05:46.924770,SHORT,17336.75,17337.75,6,-120.0,0,20,0
Pre_Fix_DB (processed_trades_backup_pre_ghost_fix),TM_10,NQ,T9a9bc5596294,2024-04-23T01:06:32.481396,2024-04-23T01:06:32.891050,SHORT,17322.75,17323.5,6,-90.0,0,21,0
Pre_Fix_DB (processed_trades_backup_pre_ghost_fix),TM_10,NQ,T9b51840b7018,2024-04-23T05:32:36.796078,2024-04-23T05:32:37.483764,LONG,17320.25,17319.25,6,-120.0,0,1,1
Pre_Fix_DB (processed_trades_backup_pre_ghost_fix),TM_10,NQ,Tb41d38290d93,2024-04-23T07:18:21.824818,2024-04-23T07:18:22.325105,LONG,17357.5,17355.75,6,-210.0,0,3,1
Pre_Fix_DB (processed_trades_backup_pre_ghost_fix),TM_10,NQ,T2d213be8d7f6,2024-04-23T09:19:32.567139,2024-04-23T09:19:33.062314,SHORT,17387.0,17388.25,6,-150.0,0,5,1
Pre_Fix_DB (processed_trades_backup_pre_ghost_fix),TM_10,NQ,T09bcd69712b0,2024-04-23T09:30:56.881458,2024-04-23T09:30:57.312467,SHORT,17392.75,17393.25,6,-60.0,0,5,1
Pre_Fix_DB (processed_trades_backup_pre_ghost_fix),TM_10,NQ,T1458b67a0f72,2024-04-23T09:36:14.890517,2024-04-23T09:36:15.397019,LONG,17382.75,17382.25,6,-60.0,0,5,1
Pre_Fix_DB (processed_trades_backup_pre_ghost_fix),TM_10,NQ,Teac9bf3373fa,2024-04-23T10:00:40.556063,2024-04-23T10:00:41.067626,LONG,17378.25,17377.5,6,-90.0,0,6,1
Pre_Fix_DB (processed_trades_backup_pre_ghost_fix),TM_10,NQ,Tf9d58d195e82,2024-04-23T10:52:21.205604,2024-04-23T10:52:21.737872,LONG,17412.0,17411.5,6,-60.0,0,6,1
Pre_Fix_DB (processed_trades_backup_pre_ghost_fix),TM_10,NQ,T6129498d067c,2024-04-23T11:29:37.821095,2024-04-23T11:29:38.290008,LONG,17402.5,17402.25,6,-30.0,0,7,1
Pre_Fix_DB (processed_trades_backup_pre_ghost_fix),TM_10,NQ,T1533f1cf8ee6,2024-04-23T11:46:39.035052,2024-04-23T11:46:49.540550,SHORT,17398.0,17398.5,6,-60.0,0,7,1
Pre_Fix_DB (processed_trades_backup_pre_ghost_fix),TM_10,NQ,Tcf6e37871ba8,2024-04-23T12:24:00.722541,2024-04-23T12:24:01.379200,SHORT,17381.5,17381.0,6,60.0,0,8,1
Pre_Fix_DB (processed_trades_backup_pre_ghost_fix),TM_10,NQ,T8ad93c1246bc,2024-04-23T12:33:23.431383,2024-04-23T12:33:23.931321,SHORT,17400.25,17400.0,6,30.0,0,8,1
Pre_Fix_DB (processed_trades_backup_pre_ghost_fix),TM_10,NQ,Td2c6efe4a069,2024-04-23T12:51:41.016634,2024-04-23T12:51:41.547750,LONG,17407.25,17406.75,6,-60.0,0,8,1
Pre_Fix_DB (processed_trades_backup_pre_ghost_fix),TM_10,NQ,T5ed79114a26c,2024-04-23T12:55:52.565400,2024-04-23T12:55:52.991136,SHORT,17420.5,17421.0,6,-60.0,0,8,1
Pre_Fix_DB (processed_trades_backup_pre_ghost_fix),TM_10,NQ,T74c7a36a6172,2024-04-23T13:33:52.620559,2024-04-23T13:33:53.131709,LONG,17456.5,17455.75,6,-90.0,0,9,1
Pre_Fix_DB (processed_trades_backup_pre_ghost_fix),TM_10,NQ,Ted0d9e54433f,2024-04-23T13:37:58.299576,2024-04-23T13:37:58.771991,LONG,17440.0,17439.75,6,-30.0,0,9,1
Pre_Fix_DB (processed_trades_backup_pre_ghost_fix),TM_10,NQ,Td181f63be987,2024-04-23T13:45:27.322763,2024-04-23T13:45:27.919780,LONG,17483.25,17483.5,6,30.0,0,9,1
Pre_Fix_DB (processed_trades_backup_pre_ghost_fix),TM_10,NQ,T86252a5e302b,2024-04-23T19:59:36.884104,2024-04-23T19:59:37.382705,LONG,17598.0,17597.5,6,-60.0,0,15,1
Pre_Fix_DB (processed_trades_backup_pre_ghost_fix),TM_10,NQ,Tc7cdddc9e04c,2024-04-24T01:31:20.745739,2024-04-24T01:31:21.166277,SHORT,17710.75,17711.25,6,-60.0,0,21,1
Pre_Fix_DB (processed_trades_backup_pre_ghost_fix),TM_10,NQ,Tf4a4663ed2dd,2024-04-24T06:00:14.493285,2024-04-24T06:00:29.150633,SHORT,17736.25,17739.5,6,-390.0,0,2,2
Pre_Fix_DB (processed_trades_backup_pre_ghost_fix),TM_10,NQ,Tafda6513af9b,2024-04-24T07:18:14.023850,2024-04-24T07:18:14.474477,LONG,17724.5,17723.75,6,-90.0,0,3,2
Pre_Fix_DB (processed_trades_backup_pre_ghost_fix),TM_10,NQ,T4ca18072dc51,2024-04-24T11:01:47.124753,2024-04-24T11:01:47.576438,SHORT,17705.75,17706.75,6,-120.0,0,7,2
Pre_Fix_DB (processed_trades_backup_pre_ghost_fix),TM_10,NQ,Ta8617349169c,2024-04-24T11:02:37.168697,2024-04-24T11:02:37.587636,SHORT,17695.25,17696.0,6,-90.0,0,7,2
Pre_Fix_DB (processed_trades_backup_pre_ghost_fix),TM_10,NQ,T79628c1422ff,2024-04-24T11:29:55.989597,2024-04-24T11:29:56.495193,SHORT,17716.0,17716.5,6,-60.0,0,7,2
Pre_Fix_DB (processed_trades_backup_pre_ghost_fix),TM_10,NQ,T43a301af4130,2024-04-24T22:15:34.789497,2024-04-24T22:15:35.360984,LONG,17468.75,17468.0,6,-90.0,0,18,2
Pre_Fix_DB (processed_trades_backup_pre_ghost_fix),TM_10,NQ,T611c7a9ad2f0,2024-04-24T22:15:36.799668,2024-04-24T22:15:37.300417,LONG,17468.75,17468.0,6,-90.0,0,18,2
Pre_Fix_DB (processed_trades_backup_pre_ghost_fix),TM_10,NQ,T85f5cc2cdb68,2024-04-25T00:29:05.332322,2024-04-25T00:29:05.773020,LONG,17469.0,17468.75,6,-30.0,0,20,2
Pre_Fix_DB (processed_trades_backup_pre_ghost_fix),TM_10,NQ,T769e29c03706,2024-04-25T02:17:07.183551,2024-04-25T02:24:57.517523,SHORT,17461.75,17469.5,6,-930.0,7,22,2
Pre_Fix_DB (processed_trades_backup_pre_ghost_fix),TM_10,NQ,Tcde0805de6f2,2024-04-25T04:06:07.033892,2024-04-25T04:06:07.545367,LONG,17455.25,17455.0,6,-30.0,0,0,3
Pre_Fix_DB (processed_trades_backup_pre_ghost_fix),TM_10,NQ,T32b00230f2f2,2024-04-25T06:00:38.045517,2024-04-25T06:00:38.606772,LONG,17414.25,17414.0,6,-30.0,0,2,3
Pre_Fix_DB (processed_trades_backup_pre_ghost_fix),TM_10,NQ,Tfb2e20dc2ae6,2024-04-25T07:18:55.265958,2024-04-25T07:18:55.768756,SHORT,17451.0,17451.75,6,-90.0,0,3,3
Pre_Fix_DB (processed_trades_backup_pre_ghost_fix),TM_10,NQ,Ta1cc767c371c,2024-04-25T10:45:21.339695,2024-04-25T10:45:21.755776,LONG,17503.0,17502.25,6,-90.0,0,6,3
Pre_Fix_DB (processed_trades_backup_pre_ghost_fix),TM_10,NQ,Te6967849a628,2024-04-25T10:55:37.890391,2024-04-25T10:55:38.396456,LONG,17485.25,17484.75,6,-60.0,0,6,3
Pre_Fix_DB (processed_trades_backup_pre_ghost_fix),TM_10,NQ,Tff67712bbe28,2024-04-25T11:41:59.819653,2024-04-25T11:42:00.321299,LONG,17480.5,17480.0,6,-60.0,0,7,3
Pre_Fix_DB (processed_trades_backup_pre_ghost_fix),TM_10,NQ,T8d1f0e0360e0,2024-04-25T12:25:15.267127,2024-04-25T12:25:32.683080,SHORT,17467.5,17470.0,6,-300.0,0,8,3
Pre_Fix_DB (processed_trades_backup_pre_ghost_fix),TM_10,NQ,T3752dc9768e3,2024-04-25T12:30:22.300097,2024-04-25T12:30:22.824468,LONG,17476.0,17473.5,6,-300.0,0,8,3
Pre_Fix_DB (processed_trades_backup_pre_ghost_fix),TM_10,NQ,Tfcbb7c82f478,2024-04-25T12:34:28.418638,2024-04-25T12:34:29.002251,SHORT,17417.0,17418.25,6,-150.0,0,8,3
Pre_Fix_DB (processed_trades_backup_pre_ghost_fix),TM_10,NQ,T10448aac4f2d,2024-04-25T12:43:54.540602,2024-04-25T12:43:55.015941,LONG,17409.75,17407.5,6,-270.0,0,8,3
Pre_Fix_DB (processed_trades_backup_pre_ghost_fix),TM_10,NQ,T6c369e35734a,2024-04-25T13:05:32.367409,2024-04-25T13:05:32.856901,LONG,17376.0,17375.25,6,-90.0,0,9,3
Pre_Fix_DB (processed_trades_backup_pre_ghost_fix),TM_10,NQ,T27f001279155,2024-04-25T13:28:00.974392,2024-04-25T13:28:01.465308,LONG,17354.0,17351.5,6,-300.0,0,9,3
Pre_Fix_DB (processed_trades_backup_pre_ghost_fix),TM_10,NQ,T8160ea91e767,2024-04-25T13:30:52.557512,2024-04-25T13:30:53.042108,SHORT,17351.25,17351.75,6,-60.0,0,9,3
Pre_Fix_DB (processed_trades_backup_pre_ghost_fix),TM_10,NQ,T0134630667ab,2024-04-25T13:37:46.270709,2024-04-25T13:37:46.784661,SHORT,17329.0,17330.0,6,-120.0,0,9,3
Pre_Fix_DB (processed_trades_backup_pre_ghost_fix),TM_10,NQ,Teca083e385ae,2024-04-25T13:47:24.051606,2024-04-25T13:47:24.559137,LONG,17378.0,17379.75,6,210.0,0,9,3
Pre_Fix_DB (processed_trades_backup_pre_ghost_fix),TM_10,NQ,T89d3f1b733a8,2024-04-25T13:48:48.625963,2024-04-25T13:48:49.095776,LONG,17357.25,17356.75,6,-60.0,0,9,3
Pre_Fix_DB (processed_trades_backup_pre_ghost_fix),TM_10,NQ,T77e418065a8e,2024-04-25T13:50:31.721538,2024-04-25T13:50:32.151504,LONG,17362.25,17362.25,6,0.0,0,9,3
Pre_Fix_DB (processed_trades_backup_pre_ghost_fix),TM_10,NQ,Tb754fa284fa6,2024-04-25T13:57:30.248323,2024-04-25T13:57:30.757599,LONG,17345.25,17344.5,6,-90.0,0,9,3
Pre_Fix_DB (processed_trades_backup_pre_ghost_fix),TM_10,NQ,T66b0583fcfbf,2024-04-25T14:07:05.190766,2024-04-25T14:07:05.664505,SHORT,17373.25,17374.75,6,-180.0,0,10,3
Pre_Fix_DB (processed_trades_backup_pre_ghost_fix),TM_10,NQ,T04c16efba6ca,2024-04-25T14:07:55.708903,2024-04-25T14:07:56.206520,LONG,17376.0,17374.25,6,-210.0,0,10,3
Pre_Fix_DB (processed_trades_backup_pre_ghost_fix),TM_10,NQ,T00c0d0d815fe,2024-04-25T14:11:23.306030,2024-04-25T14:11:23.799540,SHORT,17395.25,17395.25,6,0.0,0,10,3
Pre_Fix_DB (processed_trades_backup_pre_ghost_fix),TM_10,NQ,Ta4791d642db1,2024-04-25T14:15:58.976464,2024-04-25T14:16:28.833727,SHORT,17407.75,17413.75,6,-720.0,0,10,3
Pre_Fix_DB (processed_trades_backup_pre_ghost_fix),TM_10,NQ,Tc428ced48cd8,2024-04-25T14:52:22.391884,2024-04-25T14:52:23.095598,LONG,17358.75,17358.5,6,-30.0,0,10,3
Pre_Fix_DB (processed_trades_backup_pre_ghost_fix),TM_10,NQ,T98ac87ee82fa,2024-04-25T15:00:27.163841,2024-04-25T15:00:27.637716,SHORT,17362.0,17363.5,6,-180.0,0,11,3
Pre_Fix_DB (processed_trades_backup_pre_ghost_fix),TM_10,NQ,Tc1e2d00a45e2,2024-04-25T15:42:02.750357,2024-04-25T15:42:03.212190,LONG,17387.25,17386.5,6,-90.0,0,11,3
Pre_Fix_DB (processed_trades_backup_pre_ghost_fix),TM_10,NQ,T2dd79d6c3f4a,2024-04-25T15:44:07.251677,2024-04-25T15:44:07.760639,SHORT,17386.25,17385.5,6,90.0,0,11,3
Pre_Fix_DB (processed_trades_backup_pre_ghost_fix),TM_10,NQ,T0559b4f7f05a,2024-04-25T15:49:27.359782,2024-04-25T15:49:27.851875,LONG,17377.0,17377.5,6,60.0,0,11,3
Pre_Fix_DB (processed_trades_backup_pre_ghost_fix),TM_10,NQ,Te2c8b0a4b2f8,2024-04-25T15:54:03.005878,2024-04-25T15:54:03.572218,LONG,17382.75,17383.25,6,60.0,0,11,3
Pre_Fix_DB (processed_trades_backup_pre_ghost_fix),TM_10,NQ,T984783009926,2024-04-25T16:00:13.763908,2024-04-25T16:00:14.244574,SHORT,17412.5,17413.25,6,-90.0,0,12,3
Pre_Fix_DB (processed_trades_backup_pre_ghost_fix),TM_10,NQ,T5e9750393b17,2024-04-25T16:23:48.538323,2024-04-25T16:23:48.871400,LONG,17452.5,17452.5,6,0.0,0,12,3
Pre_Fix_DB (processed_trades_backup_pre_ghost_fix),TM_10,NQ,Tff88d2ed2c9f,2024-04-25T17:04:32.414304,2024-04-25T17:04:33.003064,SHORT,17506.0,17506.0,6,0.0,0,13,3
Pre_Fix_DB (processed_trades_backup_pre_ghost_fix),TM_10,NQ,Td2e010abcbc4,2024-04-25T17:13:29.193147,2024-04-25T17:13:29.707713,SHORT,17495.25,17496.25,6,-120.0,0,13,3
Pre_Fix_DB (processed_trades_backup_pre_ghost_fix),TM_10,NQ,Taee80705df7a,2024-04-25T17:29:03.241862,2024-04-25T17:29:03.757180,SHORT,17489.5,17490.0,6,-60.0,0,13,3
Pre_Fix_DB (processed_trades_backup_pre_ghost_fix),TM_10,NQ,T8822fb853e5f,2024-04-25T18:14:33.309541,2024-04-25T18:14:33.934380,SHORT,17569.5,17569.25,6,30.0,0,14,3
Pre_Fix_DB (processed_trades_backup_pre_ghost_fix),TM_10,NQ,T0720e5ebdcb7,2024-04-25T18:50:13.383788,2024-04-25T18:50:13.946560,LONG,17508.75,17509.75,6,120.0,0,14,3
Pre_Fix_DB (processed_trades_backup_pre_ghost_fix),TM_10,NQ,Tc65fd1e6d23d,2024-04-25T19:00:47.974834,2024-04-25T19:00:48.413539,SHORT,17530.75,17532.25,6,-180.0,0,15,3
Pre_Fix_DB (processed_trades_backup_pre_ghost_fix),TM_10,NQ,T98dc282d7d35,2024-04-25T19:09:02.195934,2024-04-25T19:09:02.790014,LONG,17566.75,17566.75,6,0.0,0,15,3
Pre_Fix_DB (processed_trades_backup_pre_ghost_fix),TM_10,NQ,T2b48d97f2815,2024-04-25T19:27:17.538769,2024-04-25T19:27:18.089748,LONG,17587.75,17585.25,6,-300.0,0,15,3
Pre_Fix_DB (processed_trades_backup_pre_ghost_fix),TM_10,NQ,T964db78c5146,2024-04-25T19:28:50.961157,2024-04-25T19:28:51.547341,LONG,17594.75,17595.0,6,30.0,0,15,3
Pre_Fix_DB (processed_trades_backup_pre_ghost_fix),TM_10,NQ,Ta5bc3891d004,2024-04-25T19:36:33.430744,2024-04-25T19:36:33.805550,LONG,17573.5,17574.0,6,60.0,0,15,3
Pre_Fix_DB (processed_trades_backup_pre_ghost_fix),TM_10,NQ,T6eae861158fd,2024-04-25T19:39:55.937910,2024-04-25T19:39:56.469074,LONG,17559.25,17559.0,6,-30.0,0,15,3
Pre_Fix_DB (processed_trades_backup_pre_ghost_fix),TM_10,NQ,T1722af467114,2024-04-25T20:01:11.006695,2024-04-25T20:01:11.591698,LONG,17619.75,17616.75,6,-360.0,0,16,3
Pre_Fix_DB (processed_trades_backup_pre_ghost_fix),TM_10,NQ,T68f9ac8b3e5f,2024-04-25T20:01:39.045954,2024-04-25T20:01:39.536348,LONG,17629.75,17626.75,6,-360.0,0,16,3
Pre_Fix_DB (processed_trades_backup_pre_ghost_fix),TM_10,NQ,T4b164128debc,2024-04-25T20:01:57.066285,2024-04-25T20:01:57.576075,LONG,17638.75,17637.5,6,-150.0,0,16,3
Pre_Fix_DB (processed_trades_backup_pre_ghost_fix),TM_10,NQ,T45e45d3393ae,2024-04-25T20:02:36.763606,2024-04-25T20:02:37.076117,SHORT,17669.5,17673.25,6,-450.0,0,16,3
Pre_Fix_DB (processed_trades_backup_pre_ghost_fix),TM_10,NQ,Tb77bffceebdf,2024-04-26T14:00:17.232975,2024-04-26T14:00:17.732268,LONG,17792.0,17794.25,6,270.0,0,10,4
Pre_Fix_DB (processed_trades_backup_pre_ghost_fix),TM_10,NQ,Te91b17cc6311,2024-04-26T14:11:35.888980,2024-04-26T14:11:36.320739,SHORT,17814.0,17813.25,6,90.0,0,10,4
Pre_Fix_DB (processed_trades_backup_pre_ghost_fix),TM_10,NQ,T9405afc2bb35,2024-04-26T14:14:31.341631,2024-04-26T14:15:03.775327,SHORT,17826.75,17834.5,6,-930.0,0,10,4
Pre_Fix_DB (processed_trades_backup_pre_ghost_fix),TM_10,NQ,Taaeaf75801e9,2024-04-26T14:17:23.452661,2024-04-26T14:17:23.953231,SHORT,17830.5,17832.25,6,-210.0,0,10,4
Pre_Fix_DB (processed_trades_backup_pre_ghost_fix),TM_10,NQ,T75154b1f6969,2024-04-26T14:36:03.642140,2024-04-26T14:36:04.100109,SHORT,17826.75,17827.0,6,-30.0,0,10,4
Pre_Fix_DB (processed_trades_backup_pre_ghost_fix),TM_10,NQ,T0ac2811ce481,2024-04-26T14:47:04.318813,2024-04-26T14:47:04.881889,LONG,17829.25,17828.0,6,-150.0,0,10,4
Pre_Fix_DB (processed_trades_backup_pre_ghost_fix),TM_10,NQ,T12ada82bd488,2024-04-26T14:56:48.126465,2024-04-26T14:56:48.626528,LONG,17853.5,17854.0,6,60.0,0,10,4
Pre_Fix_DB (processed_trades_backup_pre_ghost_fix),TM_10,NQ,Tf8d79b85a191,2024-04-26T15:06:41.952135,2024-04-26T15:06:42.388201,LONG,17861.25,17860.25,6,-120.0,0,11,4
Pre_Fix_DB (processed_trades_backup_pre_ghost_fix),TM_10,NQ,T4bb998f02612,2024-04-26T15:11:38.659482,2024-04-26T15:11:39.221888,LONG,17842.5,17841.5,6,-120.0,0,11,4
Pre_Fix_DB (processed_trades_backup_pre_ghost_fix),TM_10,NQ,Tfc7391cb088b,2024-04-26T15:20:49.079173,2024-04-26T15:20:49.501377,SHORT,17845.25,17845.0,6,30.0,0,11,4
Pre_Fix_DB (processed_trades_backup_pre_ghost_fix),TM_10,NQ,T6d08fbaae3c7,2024-04-26T17:01:02.071889,2024-04-26T17:01:02.565271,SHORT,17878.5,17878.5,6,0.0,0,13,4
Pre_Fix_DB (processed_trades_backup_pre_ghost_fix),TM_10,NQ,T2f75e2864939,2024-04-26T17:22:58.844300,2024-04-26T17:22:59.412443,LONG,17889.25,17889.0,6,-30.0,0,13,4
Pre_Fix_DB (processed_trades_backup_pre_ghost_fix),TM_10,NQ,T1d6eb64b19ab,2024-04-26T17:42:06.073898,2024-04-26T17:42:06.487802,LONG,17874.75,17873.75,6,-120.0,0,13,4
Pre_Fix_DB (processed_trades_backup_pre_ghost_fix),TM_10,NQ,T2abdf997e156,2024-04-26T18:03:01.214973,2024-04-26T18:03:01.724246,LONG,17865.0,17866.0,6,120.0,0,14,4
Pre_Fix_DB (processed_trades_backup_pre_ghost_fix),TM_10,NQ,T0df578117a24,2024-04-26T18:13:28.376639,2024-04-26T18:13:28.830080,LONG,17856.75,17856.5,6,-30.0,0,14,4
Pre_Fix_DB (processed_trades_backup_pre_ghost_fix),TM_10,NQ,T85c05752b45c,2024-04-26T18:23:27.637858,2024-04-26T18:23:28.058412,LONG,17858.25,17857.75,6,-60.0,0,14,4
Pre_Fix_DB (processed_trades_backup_pre_ghost_fix),TM_10,NQ,Tc81830f6da8d,2024-04-26T18:23:29.156961,2024-04-26T18:23:29.651245,LONG,17858.25,17857.75,6,-60.0,0,14,4
Pre_Fix_DB (processed_trades_backup_pre_ghost_fix),TM_10,NQ,T65af940e22fd,2024-04-26T19:46:00.043236,2024-04-26T19:46:00.552069,LONG,17865.75,17865.5,6,-30.0,0,15,4
Pre_Fix_DB (processed_trades_backup_pre_ghost_fix),TM_10,NQ,T821dd6254c6c,2024-04-26T19:46:01.802049,2024-04-26T19:46:02.307426,LONG,17865.75,17865.5,6,-30.0,0,15,4
Pre_Fix_DB (processed_trades_backup_pre_ghost_fix),TM_10,NQ,T96308f63f083,2024-04-26T20:09:10.386451,2024-04-26T20:19:57.710974,SHORT,17837.75,17837.25,4,40.0,10,16,4
Pre_Fix_DB (processed_trades_backup_pre_ghost_fix),TM_10,NQ,T720160ac5b01,2024-04-28T22:00:05.856989,2024-04-28T22:00:06.271494,SHORT,17862.75,17863.25,6,-60.0,0,18,6
Pre_Fix_DB (processed_trades_backup_pre_ghost_fix),TM_10,NQ,T9246037d166f,2024-04-29T07:12:43.087371,2024-04-29T07:12:43.593895,LONG,17899.75,17899.25,6,-60.0,0,3,0
Pre_Fix_DB (processed_trades_backup_pre_ghost_fix),TM_10,NQ,T9f7bbaa0458b,2024-04-29T10:28:56.541514,2024-04-29T10:28:57.033711,SHORT,17892.0,17892.5,6,-60.0,0,6,0
Pre_Fix_DB (processed_trades_backup_pre_ghost_fix),TM_10,NQ,Tea963c98b76e,2024-04-29T11:23:56.920064,2024-04-29T11:23:57.384312,LONG,17896.0,17895.5,6,-60.0,0,7,0
Pre_Fix_DB (processed_trades_backup_pre_ghost_fix),TM_10,NQ,Te70dfdd33c3e,2024-04-29T13:35:35.592320,2024-04-29T13:35:36.061186,LONG,17939.5,17938.75,6,-90.0,0,9,0
Pre_Fix_DB (processed_trades_backup_pre_ghost_fix),TM_10,NQ,T201e7a8710bf,2024-04-29T13:39:22.231820,2024-04-29T13:39:22.761707,LONG,17898.5,17899.0,6,60.0,0,9,0
Pre_Fix_DB (processed_trades_backup_pre_ghost_fix),TM_10,NQ,T4bbc4e8e5b9e,2024-04-29T13:49:40.901599,2024-04-29T13:49:41.381913,SHORT,17866.0,17866.25,6,-30.0,0,9,0
Pre_Fix_DB (processed_trades_backup_pre_ghost_fix),TM_10,NQ,T16a25ec8cb70,2024-04-29T13:55:12.675508,2024-04-29T13:55:13.164242,LONG,17841.0,17841.25,6,30.0,0,9,0
Pre_Fix_DB (processed_trades_backup_pre_ghost_fix),TM_10,NQ,T147427008632,2024-04-29T14:11:57.625187,2024-04-29T14:11:58.048765,SHORT,17886.5,17888.5,6,-240.0,0,10,0
Pre_Fix_DB (processed_trades_backup_pre_ghost_fix),TM_10,NQ,T85796a8a4ed9,2024-04-29T14:20:02.757180,2024-04-29T14:20:03.237872,LONG,17899.5,17899.75,6,30.0,0,10,0
Pre_Fix_DB (processed_trades_backup_pre_ghost_fix),TM_10,NQ,T106362f80dd9,2024-04-29T14:25:01.438639,2024-04-29T14:25:01.935688,LONG,17889.75,17890.0,6,30.0,0,10,0
Pre_Fix_DB (processed_trades_backup_pre_ghost_fix),TM_10,NQ,T740a51bac9dc,2024-04-29T14:35:22.932525,2024-04-29T14:35:23.246100,SHORT,17904.0,17905.5,6,-180.0,0,10,0
Pre_Fix_DB (processed_trades_backup_pre_ghost_fix),TM_10,NQ,T4a693aaeba0e,2024-04-29T14:42:29.446520,2024-04-29T14:42:49.146056,SHORT,17878.75,17886.0,6,-870.0,0,10,0
Pre_Fix_DB (processed_trades_backup_pre_ghost_fix),TM_10,NQ,T92bf93e684b5,2024-04-29T15:05:00.084893,2024-04-29T15:05:00.622252,LONG,17879.75,17879.5,6,-30.0,0,11,0
Pre_Fix_DB (processed_trades_backup_pre_ghost_fix),TM_10,NQ,Tf10e2a92bdbf,2024-04-29T15:12:26.816860,2024-04-29T15:12:27.341116,LONG,17880.25,17879.75,6,-60.0,0,11,0
Pre_Fix_DB (processed_trades_backup_pre_ghost_fix),TM_10,NQ,T816755309bc5,2024-04-29T15:19:22.940140,2024-04-29T15:19:23.471642,LONG,17885.25,17885.25,6,0.0,0,11,0
Pre_Fix_DB (processed_trades_backup_pre_ghost_fix),TM_10,NQ,T4793cd9b52ea,2024-04-29T15:24:03.098946,2024-04-29T15:24:03.521914,LONG,17868.25,17868.5,6,30.0,0,11,0
Pre_Fix_DB (processed_trades_backup_pre_ghost_fix),TM_10,NQ,Tea8afe9cc7d4,2024-04-29T15:38:51.464957,2024-04-29T15:38:52.061287,LONG,17855.5,17855.0,6,-60.0,0,11,0
Pre_Fix_DB (processed_trades_backup_pre_ghost_fix),TM_10,NQ,T7efdc8a6f56a,2024-04-29T15:49:12.785572,2024-04-29T15:49:13.277779,LONG,17875.25,17874.0,6,-150.0,0,11,0
Pre_Fix_DB (processed_trades_backup_pre_ghost_fix),TM_10,NQ,T14333d15642e,2024-04-29T16:24:10.190687,2024-04-29T16:25:55.863102,SHORT,17894.0,17893.75,4,20.0,1,12,0
Pre_Fix_DB (processed_trades_backup_pre_ghost_fix),TM_10,NQ,Tc8d27fefc9aa,2024-04-29T17:22:25.641561,2024-04-29T17:22:26.008158,SHORT,17908.0,17909.0,6,-120.0,0,13,0
Pre_Fix_DB (processed_trades_backup_pre_ghost_fix),TM_10,NQ,T441688149012,2024-04-29T17:49:35.130187,2024-04-29T17:49:35.641107,SHORT,17921.5,17922.0,6,-60.0,0,13,0
Pre_Fix_DB (processed_trades_backup_pre_ghost_fix),TM_10,NQ,Tc975a741444e,2024-04-29T17:53:27.373128,2024-04-29T17:53:27.917197,LONG,17913.5,17911.5,6,-240.0,0,13,0
Pre_Fix_DB (processed_trades_backup_pre_ghost_fix),TM_10,NQ,T6c87e4d69e6c,2024-04-29T18:37:39.112882,2024-04-29T18:39:22.181277,SHORT,17853.0,17860.25,6,-870.0,1,14,0
Pre_Fix_DB (processed_trades_backup_pre_ghost_fix),TM_10,NQ,T00c2fd3de2db,2024-04-29T18:53:06.163671,2024-04-29T18:53:06.613173,LONG,17879.25,17878.75,6,-60.0,0,14,0
Pre_Fix_DB (processed_trades_backup_pre_ghost_fix),TM_10,NQ,Tea6a7cdc1ca8,2024-04-29T19:01:51.846930,2024-04-29T19:02:02.932552,SHORT,17852.25,17852.0,4,20.0,0,15,0
Pre_Fix_DB (processed_trades_backup_pre_ghost_fix),TM_10,NQ,T3b9823b10a5c,2024-04-29T19:02:56.988547,2024-04-29T19:02:57.456456,LONG,17835.0,17832.25,6,-330.0,0,15,0
Pre_Fix_DB (processed_trades_backup_pre_ghost_fix),TM_10,NQ,Tb4ddbe8faaae,2024-04-29T19:07:41.604151,2024-04-29T19:07:45.449208,LONG,17810.75,17806.5,6,-510.0,0,15,0
Pre_Fix_DB (processed_trades_backup_pre_ghost_fix),TM_10,NQ,T775bc02fcc5d,2024-04-30T09:02:32.134814,2024-04-30T09:02:32.729100,LONG,17874.75,17874.25,6,-60.0,0,5,1
Pre_Fix_DB (processed_trades_backup_pre_ghost_fix),TM_10,NQ,Tfdfa603b227f,2024-04-30T10:38:00.604529,2024-04-30T10:38:00.937364,SHORT,17882.5,17883.0,6,-60.0,0,6,1
Pre_Fix_DB (processed_trades_backup_pre_ghost_fix),TM_10,NQ,Tfb1edabb5edc,2024-04-30T10:49:41.655810,2024-04-30T10:49:42.171446,SHORT,17890.0,17891.75,6,-210.0,0,6,1
Pre_Fix_DB (processed_trades_backup_pre_ghost_fix),TM_10,NQ,T88132cb6c4ab,2024-04-30T12:03:46.184049,2024-04-30T12:03:46.695561,SHORT,17880.75,17881.75,6,-120.0,0,8,1
Pre_Fix_DB (processed_trades_backup_pre_ghost_fix),TM_10,NQ,T320b58e8abc6,2024-04-30T12:32:59.796041,2024-04-30T12:33:05.043773,SHORT,17798.25,17805.5,6,-870.0,0,8,1
Pre_Fix_DB (processed_trades_backup_pre_ghost_fix),TM_10,NQ,T620d6c6bd149,2024-04-30T12:52:14.745308,2024-04-30T12:52:15.254284,LONG,17819.5,17818.75,6,-90.0,0,8,1
Pre_Fix_DB (processed_trades_backup_pre_ghost_fix),TM_10,NQ,T2f3012c6a615,2024-04-30T13:27:25.022407,2024-04-30T13:27:25.515648,LONG,17840.75,17840.5,6,-30.0,0,9,1
Pre_Fix_DB (processed_trades_backup_pre_ghost_fix),TM_10,NQ,Taf4705c29644,2024-04-30T13:30:03.026376,2024-04-30T13:30:03.534537,LONG,17838.25,17835.75,6,-300.0,0,9,1
Pre_Fix_DB (processed_trades_backup_pre_ghost_fix),TM_10,NQ,Tcec608aaf634,2024-04-30T13:32:38.082163,2024-04-30T13:32:38.573687,LONG,17828.75,17827.5,6,-150.0,0,9,1
Pre_Fix_DB (processed_trades_backup_pre_ghost_fix),TM_10,NQ,Te0d5b3ea46f4,2024-04-30T13:36:59.178052,2024-04-30T13:37:53.952444,SHORT,17837.75,17837.5,4,20.0,0,9,1
Pre_Fix_DB (processed_trades_backup_pre_ghost_fix),TM_10,NQ,Tdb086eb3c400,2024-04-30T13:42:36.787303,2024-04-30T13:42:37.280288,SHORT,17865.5,17866.25,6,-90.0,0,9,1
Pre_Fix_DB (processed_trades_backup_pre_ghost_fix),TM_10,NQ,Tdf3eb60eebea,2024-04-30T13:51:58.086537,2024-04-30T13:51:58.518390,LONG,17852.5,17851.5,6,-120.0,0,9,1
Pre_Fix_DB (processed_trades_backup_pre_ghost_fix),TM_10,NQ,Ta4f720769779,2024-04-30T14:02:27.367083,2024-04-30T14:02:27.658248,SHORT,17882.5,17883.0,6,-60.0,0,10,1
Pre_Fix_DB (processed_trades_backup_pre_ghost_fix),TM_10,NQ,T8ed14eef3381,2024-04-30T14:16:16.462003,2024-04-30T14:16:28.444291,SHORT,17867.5,17869.25,6,-210.0,0,10,1
Pre_Fix_DB (processed_trades_backup_pre_ghost_fix),TM_10,NQ,Tbe9d8c3d24a7,2024-04-30T14:37:04.908168,2024-04-30T14:37:05.390434,LONG,17837.0,17836.0,6,-120.0,0,10,1
Pre_Fix_DB (processed_trades_backup_pre_ghost_fix),TM_10,NQ,T6b5f6dc6e30f,2024-04-30T15:01:39.379005,2024-04-30T15:01:39.877774,LONG,17824.5,17823.0,6,-180.0,0,11,1
Pre_Fix_DB (processed_trades_backup_pre_ghost_fix),TM_10,NQ,Td6ea0f68a636,2024-04-30T15:05:36.994655,2024-04-30T15:05:37.494875,LONG,17822.75,17823.0,6,30.0,0,11,1
Pre_Fix_DB (processed_trades_backup_pre_ghost_fix),TM_10,NQ,T5c655cb85e16,2024-04-30T15:15:01.166403,2024-04-30T15:15:01.698214,LONG,17753.0,17753.75,6,90.0,0,11,1
Pre_Fix_DB (processed_trades_backup_pre_ghost_fix),TM_10,NQ,T524f691e0b13,2024-04-30T15:16:22.182814,2024-04-30T15:16:22.613814,SHORT,17773.25,17773.5,6,-30.0,0,11,1
Pre_Fix_DB (processed_trades_backup_pre_ghost_fix),TM_10,NQ,T3ef10ab7113c,2024-04-30T15:31:36.119771,2024-04-30T15:31:36.603226,LONG,17755.0,17755.0,6,0.0,0,11,1
Pre_Fix_DB (processed_trades_backup_pre_ghost_fix),TM_10,NQ,Ta72f539f0199,2024-04-30T16:01:01.239048,2024-04-30T16:01:01.762152,SHORT,17759.5,17759.75,6,-30.0,0,12,1
Pre_Fix_DB (processed_trades_backup_pre_ghost_fix),TM_10,NQ,Tecb557999fba,2024-04-30T16:44:09.655054,2024-04-30T16:44:36.750940,SHORT,17689.25,17695.75,6,-780.0,0,12,1
Pre_Fix_DB (processed_trades_backup_pre_ghost_fix),TM_10,NQ,T36f1754bfd53,2024-05-01T10:26:00.812626,2024-05-01T10:26:01.314511,LONG,17423.75,17423.25,6,-60.0,0,6,2
Pre_Fix_DB (processed_trades_backup_pre_ghost_fix),TM_10,NQ,T8814c0eaf42f,2024-05-01T12:18:07.241442,2024-05-01T12:18:07.731283,SHORT,17474.0,17474.75,6,-90.0,0,8,2
Pre_Fix_DB (processed_trades_backup_pre_ghost_fix),TM_10,NQ,Tc6add04b7df5,2024-05-01T12:30:05.011217,2024-05-01T12:30:09.605526,SHORT,17472.5,17474.25,4,-140.0,0,8,2
Pre_Fix_DB (processed_trades_backup_pre_ghost_fix),TM_10,NQ,Tfff07cd427a4,2024-05-01T13:00:38.414743,2024-05-01T13:00:38.686369,LONG,17505.5,17505.0,6,-60.0,0,9,2
Pre_Fix_DB (processed_trades_backup_pre_ghost_fix),TM_10,NQ,T2901860f41c0,2024-05-01T13:27:16.259494,2024-05-01T13:27:16.758054,LONG,17516.5,17516.25,6,-30.0,0,9,2
Pre_Fix_DB (processed_trades_backup_pre_ghost_fix),TM_10,NQ,T98b6ffca3b50,2024-05-01T13:31:20.306498,2024-05-01T13:31:20.816581,LONG,17495.0,17495.25,6,30.0,0,9,2
Pre_Fix_DB (processed_trades_backup_pre_ghost_fix),TM_10,NQ,Tafc9c4da6a6a,2024-05-01T13:36:25.356978,2024-05-01T13:36:25.864879,LONG,17495.25,17494.75,6,-60.0,0,9,2
Pre_Fix_DB (processed_trades_backup_pre_ghost_fix),TM_10,NQ,Tf57ce8a00ab8,2024-05-01T13:48:21.778444,2024-05-01T13:48:22.270963,LONG,17495.25,17494.75,6,-60.0,0,9,2
Pre_Fix_DB (processed_trades_backup_pre_ghost_fix),TM_10,NQ,T36268fe468cd,2024-05-01T14:00:11.360022,2024-05-01T14:00:11.764671,LONG,17471.5,17467.75,6,-450.0,0,10,2
Pre_Fix_DB (processed_trades_backup_pre_ghost_fix),TM_10,NQ,Te6e78b28c620,2024-05-01T14:17:27.561945,2024-05-01T14:17:28.049589,SHORT,17446.25,17446.75,6,-60.0,0,10,2
Pre_Fix_DB (processed_trades_backup_pre_ghost_fix),TM_10,NQ,T96f676653bdd,2024-05-01T14:20:27.153491,2024-05-01T14:20:27.627839,SHORT,17453.5,17455.0,6,-180.0,0,10,2
Pre_Fix_DB (processed_trades_backup_pre_ghost_fix),TM_10,NQ,T78d2842789e0,2024-05-01T14:20:53.639709,2024-05-01T14:20:54.145874,LONG,17454.75,17454.0,6,-90.0,0,10,2
Pre_Fix_DB (processed_trades_backup_pre_ghost_fix),TM_10,NQ,T06f25de0b2dd,2024-05-01T14:24:09.333266,2024-05-01T14:24:09.871399,SHORT,17446.75,17448.5,6,-210.0,0,10,2
Pre_Fix_DB (processed_trades_backup_pre_ghost_fix),TM_10,NQ,T703a80797281,2024-05-01T14:26:28.827997,2024-05-01T14:26:29.315466,SHORT,17451.5,17451.5,6,0.0,0,10,2
Pre_Fix_DB (processed_trades_backup_pre_ghost_fix),TM_10,NQ,Tce40c3e35da1,2024-05-01T15:08:28.858103,2024-05-01T15:08:29.325078,LONG,17462.25,17463.25,6,120.0,0,11,2
Pre_Fix_DB (processed_trades_backup_pre_ghost_fix),TM_10,NQ,Tf4c6515cb9ed,2024-05-01T15:21:33.121719,2024-05-01T15:21:53.036691,SHORT,17428.25,17433.0,6,-570.0,0,11,2
Pre_Fix_DB (processed_trades_backup_pre_ghost_fix),TM_10,NQ,T559eb3089aab,2024-05-02T11:30:52.175202,2024-05-02T11:30:52.618279,LONG,17595.0,17594.25,6,-90.0,0,7,3
Pre_Fix_DB (processed_trades_backup_pre_ghost_fix),TM_10,NQ,T3b9bd4fe1b20,2024-05-02T12:30:05.896731,2024-05-02T12:30:06.331261,LONG,17574.0,17572.25,6,-210.0,0,8,3
Pre_Fix_DB (processed_trades_backup_pre_ghost_fix),TM_10,NQ,T3141295f3008,2024-05-02T22:12:48.184705,2024-05-02T22:12:48.842537,LONG,17735.75,17735.0,6,-90.0,0,18,3
Pre_Fix_DB (processed_trades_backup_pre_ghost_fix),TM_10,NQ,Tf9ea2bf565ea,2024-05-02T22:19:28.363358,2024-05-02T22:19:28.789181,LONG,17771.75,17771.0,6,-90.0,0,18,3
Pre_Fix_DB (processed_trades_backup_pre_ghost_fix),TM_10,NQ,T3fcb6d58f428,2024-05-02T22:30:53.050707,2024-05-02T22:30:53.540085,LONG,17755.5,17754.75,6,-90.0,0,18,3
Pre_Fix_DB (processed_trades_backup_pre_ghost_fix),TM_10,NQ,T0ba7e40c0b76,2024-05-03T07:12:09.635438,2024-05-03T07:12:10.229394,LONG,17736.5,17736.0,6,-60.0,0,3,4
Pre_Fix_DB (processed_trades_backup_pre_ghost_fix),TM_10,NQ,T556a59c0bb66,2024-05-03T07:18:38.269777,2024-05-03T07:18:38.751710,SHORT,17729.25,17730.0,6,-90.0,0,3,4
Pre_Fix_DB (processed_trades_backup_pre_ghost_fix),TM_10,NQ,T2802bc784633,2024-05-03T07:37:13.440818,2024-05-03T07:37:13.937073,LONG,17733.25,17732.75,6,-60.0,0,3,4
Pre_Fix_DB (processed_trades_backup_pre_ghost_fix),TM_10,NQ,Td3b45ca615b4,2024-05-03T07:52:20.864171,2024-05-03T07:52:21.354407,SHORT,17739.0,17739.75,6,-90.0,0,3,4
Pre_Fix_DB (processed_trades_backup_pre_ghost_fix),TM_10,NQ,T99e8dbfd7399,2024-05-03T08:42:33.697230,2024-05-03T08:42:34.288232,SHORT,17756.0,17756.75,6,-90.0,0,4,4
Pre_Fix_DB (processed_trades_backup_pre_ghost_fix),TM_10,NQ,Tdf41f5260b9c,2024-05-03T12:29:51.748299,2024-05-03T12:29:52.217971,SHORT,17780.75,17786.5,6,-690.0,0,8,4
Pre_Fix_DB (processed_trades_backup_pre_ghost_fix),TM_10,NQ,Tf78a7105c007,2024-05-03T12:31:24.442635,2024-05-03T12:31:24.931459,SHORT,17902.25,17902.75,5,-50.0,0,8,4
Pre_Fix_DB (processed_trades_backup_pre_ghost_fix),TM_10,NQ,T44bb0b86bb27,2024-05-03T12:31:53.775336,2024-05-03T12:31:54.278871,LONG,17892.75,17893.5,5,75.0,0,8,4
Pre_Fix_DB (processed_trades_backup_pre_ghost_fix),TM_10,NQ,Te84fa13dce75,2024-05-03T12:35:04.910954,2024-05-03T12:35:05.569175,LONG,17914.75,17914.5,5,-25.0,0,8,4
Pre_Fix_DB (processed_trades_backup_pre_ghost_fix),TM_10,NQ,Ta394de990a03,2024-05-03T12:44:27.370274,2024-05-03T12:44:27.777402,LONG,17905.75,17904.75,5,-100.0,0,8,4
Pre_Fix_DB (processed_trades_backup_pre_ghost_fix),TM_10,NQ,T8f59967789cd,2024-05-03T12:46:17.744228,2024-05-03T12:46:18.236516,LONG,17924.75,17923.75,5,-100.0,0,8,4
Pre_Fix_DB (processed_trades_backup_pre_ghost_fix),TM_10,NQ,T26d37f05ea58,2024-05-03T12:49:52.852563,2024-05-03T12:49:53.362432,SHORT,17922.0,17922.5,5,-50.0,0,8,4
Pre_Fix_DB (processed_trades_backup_pre_ghost_fix),TM_10,NQ,T77ef0960852a,2024-05-03T13:01:01.578147,2024-05-03T13:01:01.996789,LONG,17927.5,17927.0,5,-50.0,0,9,4
Pre_Fix_DB (processed_trades_backup_pre_ghost_fix),TM_10,NQ,Te147e5118c32,2024-05-03T13:37:05.478415,2024-05-03T13:37:05.996527,SHORT,17947.25,17950.5,5,-325.0,0,9,4
Pre_Fix_DB (processed_trades_backup_pre_ghost_fix),TM_10,NQ,T2a52c35c0075,2024-05-03T13:37:15.972586,2024-05-03T13:37:16.538209,SHORT,17940.25,17942.0,5,-175.0,0,9,4
Pre_Fix_DB (processed_trades_backup_pre_ghost_fix),TM_10,NQ,Tf2985142b059,2024-05-03T13:42:59.083715,2024-05-03T13:42:59.575490,SHORT,17961.5,17963.25,5,-175.0,0,9,4
Pre_Fix_DB (processed_trades_backup_pre_ghost_fix),TM_10,NQ,T15029045d268,2024-05-03T13:46:26.110470,2024-05-03T13:46:26.626726,LONG,17993.0,17993.25,5,25.0,0,9,4
Pre_Fix_DB (processed_trades_backup_pre_ghost_fix),TM_10,NQ,T2b799a3d135d,2024-05-03T13:46:45.612169,2024-05-03T13:46:46.120219,SHORT,18004.25,18004.5,5,-25.0,0,9,4
Pre_Fix_DB (processed_trades_backup_pre_ghost_fix),TM_10,NQ,T8750842c25ff,2024-05-03T13:55:41.245448,2024-05-03T13:55:41.819757,SHORT,18005.75,18007.25,5,-150.0,0,9,4
Pre_Fix_DB (processed_trades_backup_pre_ghost_fix),TM_10,NQ,T1b1fc53b8d7d,2024-05-03T13:59:59.406290,2024-05-03T13:59:59.899977,LONG,18037.5,18041.5,5,400.0,0,9,4
Pre_Fix_DB (processed_trades_backup_pre_ghost_fix),TM_10,NQ,Tb0923cf79c80,2024-05-03T14:02:04.020562,2024-05-03T14:02:05.546151,LONG,17963.5,17963.75,6,30.0,0,10,4
Pre_Fix_DB (processed_trades_backup_pre_ghost_fix),TM_10,NQ,T8ce8ee729f0d,2024-05-06T13:18:13.723351,2024-05-06T13:18:14.328438,LONG,18064.75,18064.25,6,-60.0,0,9,0
Pre_Fix_DB (processed_trades_backup_pre_ghost_fix),TM_10,NQ,T1ae9a78a3e80,2024-05-06T13:31:05.062388,2024-05-06T13:31:05.578053,LONG,18056.75,18056.0,6,-90.0,0,9,0
Pre_Fix_DB (processed_trades_backup_pre_ghost_fix),TM_10,NQ,T55d5c7384798,2024-05-06T13:41:15.725468,2024-05-06T13:41:16.310465,LONG,18080.0,18078.25,6,-210.0,0,9,0
Pre_Fix_DB (processed_trades_backup_pre_ghost_fix),TM_10,NQ,T7781d95917c2,2024-05-06T13:42:19.314607,2024-05-06T13:42:19.755687,LONG,18083.5,18082.75,6,-90.0,0,9,0
Pre_Fix_DB (processed_trades_backup_pre_ghost_fix),TM_10,NQ,Tb7c3555a61f2,2024-05-06T14:06:16.905229,2024-05-06T14:06:17.405262,LONG,18109.0,18108.5,6,-60.0,0,10,0
Pre_Fix_DB (processed_trades_backup_pre_ghost_fix),TM_10,NQ,T774f2be44bfc,2024-05-06T14:19:07.517984,2024-05-06T14:19:08.023124,LONG,18090.0,18089.5,6,-60.0,0,10,0
Pre_Fix_DB (processed_trades_backup_pre_ghost_fix),TM_10,NQ,T4b296e676585,2024-05-06T15:04:59.912105,2024-05-06T15:05:00.438554,LONG,18081.0,18082.25,6,150.0,0,11,0
Pre_Fix_DB (processed_trades_backup_pre_ghost_fix),TM_10,NQ,T05566cd6100e,2024-05-06T16:21:05.758128,2024-05-06T16:21:06.165296,LONG,18069.75,18069.75,6,0.0,0,12,0
Pre_Fix_DB (processed_trades_backup_pre_ghost_fix),TM_10,NQ,T655d6f52594a,2024-05-06T18:23:53.789057,2024-05-06T18:23:54.386814,LONG,18136.0,18135.75,6,-30.0,0,14,0
Pre_Fix_DB (processed_trades_backup_pre_ghost_fix),TM_10,NQ,T3f45a26dc1f0,2024-05-06T18:42:02.549602,2024-05-06T18:42:03.069762,LONG,18133.5,18133.0,6,-60.0,0,14,0
Pre_Fix_DB (processed_trades_backup_pre_ghost_fix),TM_10,NQ,T57186a4e70d3,2024-05-06T19:04:35.435822,2024-05-06T19:04:35.865745,LONG,18143.0,18142.25,6,-90.0,0,15,0
Pre_Fix_DB (processed_trades_backup_pre_ghost_fix),TM_10,NQ,Ta47b5f369299,2024-05-06T20:04:53.873885,2024-05-06T20:07:10.189219,SHORT,18190.0,18189.5,4,40.0,2,16,0
Pre_Fix_DB (processed_trades_backup_pre_ghost_fix),TM_10,NQ,T8bfbaf0cdecf,2024-05-06T21:59:59.400337,2024-05-06T21:59:59.918291,LONG,18179.0,18177.25,6,-210.0,0,17,0
Pre_Fix_DB (processed_trades_backup_pre_ghost_fix),TM_10,NQ,Tcb065bebb111,2024-05-07T01:40:40.515187,2024-05-07T01:40:41.017135,LONG,18181.75,18181.0,6,-90.0,0,21,0
Pre_Fix_DB (processed_trades_backup_pre_ghost_fix),TM_10,NQ,T84540be2e060,2024-05-07T13:36:08.528398,2024-05-07T13:37:07.958421,SHORT,18220.25,18220.0,4,20.0,0,9,1
Pre_Fix_DB (processed_trades_backup_pre_ghost_fix),TM_10,NQ,T3caf8ed2c0aa,2024-05-07T13:41:59.156118,2024-05-07T13:43:25.478849,SHORT,18209.75,18216.5,6,-810.0,1,9,1
Pre_Fix_DB (processed_trades_backup_pre_ghost_fix),TM_10,NQ,Tabd8932c1506,2024-05-07T13:51:27.412664,2024-05-07T13:51:27.911839,LONG,18201.75,18201.25,6,-60.0,0,9,1
Pre_Fix_DB (processed_trades_backup_pre_ghost_fix),TM_10,NQ,T38f51be5410a,2024-05-07T13:53:15.860445,2024-05-07T13:53:16.358348,SHORT,18198.0,18198.25,6,-30.0,0,9,1
Pre_Fix_DB (processed_trades_backup_pre_ghost_fix),TM_10,NQ,T0ac54173c9d2,2024-05-07T14:04:05.509409,2024-05-07T14:04:06.004165,SHORT,18202.75,18202.5,6,30.0,0,10,1
Pre_Fix_DB (processed_trades_backup_pre_ghost_fix),TM_10,NQ,T3b4fe69ac821,2024-05-07T14:09:23.613918,2024-05-07T14:09:24.070057,SHORT,18199.75,18200.5,6,-90.0,0,10,1
Pre_Fix_DB (processed_trades_backup_pre_ghost_fix),TM_10,NQ,T6ae2d74e5007,2024-05-07T14:25:35.378285,2024-05-07T14:25:35.884557,LONG,18196.5,18195.25,6,-150.0,0,10,1
Pre_Fix_DB (processed_trades_backup_pre_ghost_fix),TM_10,NQ,T0a5db18e4185,2024-05-07T14:56:02.498403,2024-05-07T14:56:02.997817,SHORT,18242.0,18242.25,6,-30.0,0,10,1
Pre_Fix_DB (processed_trades_backup_pre_ghost_fix),TM_10,NQ,Tdf2b58dfb9d2,2024-05-07T15:10:56.238146,2024-05-07T15:10:56.710506,LONG,18253.0,18252.75,6,-30.0,0,11,1
Pre_Fix_DB (processed_trades_backup_pre_ghost_fix),TM_10,NQ,T1a11f45b4fde,2024-05-07T15:28:25.326887,2024-05-07T15:28:25.788520,LONG,18254.25,18253.75,6,-60.0,0,11,1
Pre_Fix_DB (processed_trades_backup_pre_ghost_fix),TM_10,NQ,T8f24c0e5a80e,2024-05-07T16:51:36.341373,2024-05-07T16:51:36.905990,LONG,18238.75,18239.5,6,90.0,0,12,1
Pre_Fix_DB (processed_trades_backup_pre_ghost_fix),TM_10,NQ,T84cf36b18fc5,2024-05-07T18:37:38.137991,2024-05-07T18:37:38.703792,LONG,18178.75,18179.0,6,30.0,0,14,1
Pre_Fix_DB (processed_trades_backup_pre_ghost_fix),TM_10,NQ,T36264a8b107b,2024-05-07T18:37:39.853405,2024-05-07T18:37:40.346312,LONG,18178.75,18179.0,6,30.0,0,14,1
Pre_Fix_DB (processed_trades_backup_pre_ghost_fix),TM_10,NQ,Tac35d59b1685,2024-05-07T18:51:16.380840,2024-05-07T18:51:16.932066,LONG,18194.0,18194.0,6,0.0,0,14,1
Pre_Fix_DB (processed_trades_backup_pre_ghost_fix),TM_10,NQ,T2d224a7cd0d3,2024-05-07T18:51:18.090097,2024-05-07T18:51:18.636345,LONG,18194.0,18194.0,6,0.0,0,14,1
Pre_Fix_DB (processed_trades_backup_pre_ghost_fix),TM_10,NQ,T8a8aebc8fafb,2024-05-07T19:19:38.969355,2024-05-07T19:19:39.443984,LONG,18194.75,18193.75,6,-120.0,0,15,1
Pre_Fix_DB (processed_trades_backup_pre_ghost_fix),TM_10,NQ,T369f57e8c7d4,2024-05-07T19:19:40.825506,2024-05-07T19:19:41.300339,LONG,18194.75,18193.75,6,-120.0,0,15,1
Pre_Fix_DB (processed_trades_backup_pre_ghost_fix),TM_10,NQ,T73d17565f197,2024-05-07T19:44:59.919701,2024-05-07T19:45:00.400731,LONG,18193.0,18192.5,6,-60.0,0,15,1
Pre_Fix_DB (processed_trades_backup_pre_ghost_fix),TM_10,NQ,T750c5bc1c47b,2024-05-07T19:45:01.745961,2024-05-07T19:45:02.227240,LONG,18193.0,18192.5,6,-60.0,0,15,1
Pre_Fix_DB (processed_trades_backup_pre_ghost_fix),TM_10,NQ,T6e87c6f2a0e1,2024-05-07T19:53:59.073793,2024-05-07T19:54:37.452050,SHORT,18210.0,18209.75,4,20.0,0,15,1
Pre_Fix_DB (processed_trades_backup_pre_ghost_fix),TM_10,NQ,T34c3c8bd9c42,2024-05-07T20:01:47.747190,2024-05-07T20:01:48.324531,LONG,18205.0,18204.75,6,-30.0,0,16,1
Pre_Fix_DB (processed_trades_backup_pre_ghost_fix),TM_10,NQ,Tc2a0191174b7,2024-05-07T20:01:49.603266,2024-05-07T20:01:50.119957,LONG,18205.0,18204.75,6,-30.0,0,16,1
Pre_Fix_DB (processed_trades_backup_pre_ghost_fix),TM_10,NQ,Ta1ad61dd9c6d,2024-05-08T10:46:08.222931,2024-05-08T10:46:08.713724,LONG,18193.0,18192.5,6,-60.0,0,6,2
Pre_Fix_DB (processed_trades_backup_pre_ghost_fix),TM_10,NQ,Te8253a43f23b,2024-05-08T11:14:03.527053,2024-05-08T11:14:04.039333,LONG,18160.75,18160.25,6,-60.0,0,7,2
Pre_Fix_DB (processed_trades_backup_pre_ghost_fix),TM_10,NQ,T44a1e00ad3dd,2024-05-08T13:03:19.328744,2024-05-08T13:07:43.029917,SHORT,18085.25,18092.0,6,-810.0,4,9,2
Pre_Fix_DB (processed_trades_backup_pre_ghost_fix),TM_10,NQ,T3841fc4f8623,2024-05-08T13:29:42.752688,2024-05-08T13:29:43.215690,SHORT,18083.25,18083.5,6,-30.0,0,9,2
Pre_Fix_DB (processed_trades_backup_pre_ghost_fix),TM_10,NQ,Tc8d5f60191d2,2024-05-08T14:02:08.259456,2024-05-08T14:02:08.785172,SHORT,18164.75,18164.5,6,30.0,0,10,2
Pre_Fix_DB (processed_trades_backup_pre_ghost_fix),TM_10,NQ,Tebbfe9d17cad,2024-05-08T14:03:59.780958,2024-05-08T14:04:00.300828,LONG,18172.5,18172.25,6,-30.0,0,10,2
Pre_Fix_DB (processed_trades_backup_pre_ghost_fix),TM_10,NQ,Tc1c51ceda66e,2024-05-08T14:16:25.509918,2024-05-08T14:16:26.006708,LONG,18164.75,18163.75,6,-120.0,0,10,2
Pre_Fix_DB (processed_trades_backup_pre_ghost_fix),TM_10,NQ,Taafee6ac5ef5,2024-05-08T14:32:53.239469,2024-05-08T14:32:53.851436,SHORT,18202.0,18202.5,6,-60.0,0,10,2
Pre_Fix_DB (processed_trades_backup_pre_ghost_fix),TM_10,NQ,Tc5751eb526a4,2024-05-08T15:30:11.978373,2024-05-08T15:30:12.299396,SHORT,18179.75,18181.5,6,-210.0,0,11,2
Pre_Fix_DB (processed_trades_backup_pre_ghost_fix),TM_10,NQ,T5a252b64086d,2024-05-08T18:05:42.983967,2024-05-08T18:05:43.419763,SHORT,18172.75,18173.0,6,-30.0,0,14,2
Pre_Fix_DB (processed_trades_backup_pre_ghost_fix),TM_10,NQ,Tf68e88349f3f,2024-05-08T20:00:05.480960,2024-05-08T20:00:05.956636,LONG,18180.0,18179.75,6,-30.0,0,16,2
Pre_Fix_DB (processed_trades_backup_pre_ghost_fix),TM_10,NQ,Tb8f03ab2cd84,2024-05-09T01:16:51.567950,2024-05-09T01:43:23.200384,SHORT,18160.0,18167.75,6,-930.0,26,21,2
Pre_Fix_DB (processed_trades_backup_pre_ghost_fix),TM_10,NQ,T26eddc89c805,2024-05-10T12:15:02.527384,2024-05-10T12:15:03.025242,LONG,18290.75,18289.75,6,-120.0,0,8,4
Pre_Fix_DB (processed_trades_backup_pre_ghost_fix),TM_10,NQ,Tce9a3548a7b4,2024-05-10T13:40:05.171254,2024-05-10T13:40:05.754565,LONG,18317.0,18316.0,6,-120.0,0,9,4
Pre_Fix_DB (processed_trades_backup_pre_ghost_fix),TM_10,NQ,T65f4785b3c89,2024-05-10T14:10:10.846995,2024-05-10T14:10:11.346764,LONG,18286.25,18287.5,6,150.0,0,10,4
Pre_Fix_DB (processed_trades_backup_pre_ghost_fix),TM_10,NQ,T96c26026d254,2024-05-10T14:36:30.155113,2024-05-10T14:36:44.624218,SHORT,18220.25,18219.75,4,40.0,0,10,4
Pre_Fix_DB (processed_trades_backup_pre_ghost_fix),TM_10,NQ,T3bf930f976aa,2024-05-10T14:44:40.766860,2024-05-10T14:44:41.139461,SHORT,18246.25,18247.0,6,-90.0,0,10,4
Pre_Fix_DB (processed_trades_backup_pre_ghost_fix),TM_10,NQ,Td7d126209d5c,2024-05-10T15:25:57.817070,2024-05-10T15:25:58.427443,SHORT,18228.0,18228.5,6,-60.0,0,11,4
Pre_Fix_DB (processed_trades_backup_pre_ghost_fix),TM_10,NQ,T002d30940863,2024-05-10T15:44:45.786312,2024-05-10T15:44:46.270742,LONG,18204.5,18204.0,6,-60.0,0,11,4
Pre_Fix_DB (processed_trades_backup_pre_ghost_fix),TM_10,NQ,T8dd7c9e4b6b3,2024-05-10T16:06:15.629030,2024-05-10T16:06:16.009227,LONG,18211.25,18212.5,6,150.0,0,12,4
Pre_Fix_DB (processed_trades_backup_pre_ghost_fix),TM_10,NQ,Ta9c8e81f1b28,2024-05-10T16:07:23.519136,2024-05-10T16:07:24.008798,LONG,18219.5,18218.75,6,-90.0,0,12,4
Pre_Fix_DB (processed_trades_backup_pre_ghost_fix),TM_10,NQ,T87d63537a69d,2024-05-10T16:22:18.079988,2024-05-10T16:22:18.644493,LONG,18237.0,18236.75,6,-30.0,0,12,4
Pre_Fix_DB (processed_trades_backup_pre_ghost_fix),TM_10,NQ,T9ced79832646,2024-05-10T16:59:32.086170,2024-05-10T16:59:32.648587,SHORT,18243.75,18245.0,6,-150.0,0,12,4
Pre_Fix_DB (processed_trades_backup_pre_ghost_fix),TM_10,NQ,T4e5e98c1cd77,2024-05-10T19:22:52.701581,2024-05-10T19:22:53.260583,SHORT,18263.5,18264.5,6,-120.0,0,15,4
Pre_Fix_DB (processed_trades_backup_pre_ghost_fix),TM_10,NQ,Td4bb341990f9,2024-05-12T22:24:18.381382,2024-05-12T22:24:19.224662,LONG,18239.5,18239.0,6,-60.0,0,18,6
Pre_Fix_DB (processed_trades_backup_pre_ghost_fix),TM_10,NQ,Te7caff52acae,2024-05-12T23:06:05.823669,2024-05-12T23:06:06.316172,SHORT,18250.25,18250.75,6,-60.0,0,19,6
Pre_Fix_DB (processed_trades_backup_pre_ghost_fix),TM_10,NQ,T6b17975a1555,2024-05-13T00:50:06.651158,2024-05-13T00:50:07.176786,LONG,18250.5,18250.0,6,-60.0,0,20,6
Pre_Fix_DB (processed_trades_backup_pre_ghost_fix),TM_10,NQ,T5411a25dea1a,2024-05-13T13:05:28.144810,2024-05-13T13:05:42.191074,SHORT,18311.5,18312.75,6,-150.0,0,9,0
Pre_Fix_DB (processed_trades_backup_pre_ghost_fix),TM_10,NQ,T389874490428,2024-05-13T13:30:05.945749,2024-05-13T13:30:06.569671,SHORT,18323.0,18323.0,6,0.0,0,9,0
Pre_Fix_DB (processed_trades_backup_pre_ghost_fix),TM_10,NQ,Td5753ed3224e,2024-05-13T13:41:47.455990,2024-05-13T13:41:47.813998,LONG,18276.25,18275.5,6,-90.0,0,9,0
Pre_Fix_DB (processed_trades_backup_pre_ghost_fix),TM_10,NQ,T4510e3eada8d,2024-05-13T13:46:07.469971,2024-05-13T13:46:08.001204,LONG,18258.5,18258.75,6,30.0,0,9,0
Pre_Fix_DB (processed_trades_backup_pre_ghost_fix),TM_10,NQ,T52f7e70a55ec,2024-05-13T13:57:57.795614,2024-05-13T13:57:58.293585,LONG,18270.0,18269.25,6,-90.0,0,9,0
Pre_Fix_DB (processed_trades_backup_pre_ghost_fix),TM_10,NQ,T1342e3949eb2,2024-05-13T14:03:41.906744,2024-05-13T14:03:42.366222,SHORT,18291.0,18292.25,6,-150.0,0,10,0
Pre_Fix_DB (processed_trades_backup_pre_ghost_fix),TM_10,NQ,T3052eb06b81c,2024-05-13T15:04:51.792205,2024-05-13T15:04:52.309586,LONG,18291.5,18291.75,6,30.0,0,11,0
Pre_Fix_DB (processed_trades_backup_pre_ghost_fix),TM_10,NQ,Tb1f097a0d089,2024-05-13T15:21:04.237386,2024-05-13T15:21:04.828214,LONG,18290.0,18289.75,6,-30.0,0,11,0
Pre_Fix_DB (processed_trades_backup_pre_ghost_fix),TM_10,NQ,T2d11a1f5f316,2024-05-13T15:30:03.938369,2024-05-13T15:30:04.500857,LONG,18267.5,18267.25,6,-30.0,0,11,0
Pre_Fix_DB (processed_trades_backup_pre_ghost_fix),TM_10,NQ,T7e5f01272206,2024-05-13T15:30:21.471962,2024-05-13T15:30:21.972994,LONG,18262.5,18262.0,6,-60.0,0,11,0
Pre_Fix_DB (processed_trades_backup_pre_ghost_fix),TM_10,NQ,T6e08e497d3ad,2024-05-13T16:59:58.967160,2024-05-13T16:59:59.488945,LONG,18293.5,18293.5,6,0.0,0,12,0
Pre_Fix_DB (processed_trades_backup_pre_ghost_fix),TM_10,NQ,T887b0929a0fe,2024-05-13T17:10:51.307707,2024-05-13T17:10:51.636522,LONG,18250.0,18250.0,6,0.0,0,13,0
Pre_Fix_DB (processed_trades_backup_pre_ghost_fix),TM_10,NQ,T1ec0b748debe,2024-05-13T17:32:24.057861,2024-05-13T17:32:24.463817,SHORT,18284.25,18284.5,6,-30.0,0,13,0
Pre_Fix_DB (processed_trades_backup_pre_ghost_fix),TM_10,NQ,T897fe07e9f85,2024-05-14T12:30:13.473720,2024-05-14T12:30:14.013570,LONG,18214.75,18214.0,6,-90.0,0,8,1
Pre_Fix_DB (processed_trades_backup_pre_ghost_fix),TM_10,NQ,T3de3918ec407,2024-05-14T12:30:36.491082,2024-05-14T12:30:36.956689,LONG,18206.5,18204.5,6,-240.0,0,8,1
Pre_Fix_DB (processed_trades_backup_pre_ghost_fix),TM_10,NQ,Tc3ca4dfddf56,2024-05-14T12:33:58.016339,2024-05-14T12:33:58.547198,LONG,18229.75,18229.25,6,-60.0,0,8,1
Pre_Fix_DB (processed_trades_backup_pre_ghost_fix),TM_10,NQ,T173ce4de2e12,2024-05-14T12:35:36.027471,2024-05-14T12:35:36.550520,LONG,18241.25,18241.25,6,0.0,0,8,1
Pre_Fix_DB (processed_trades_backup_pre_ghost_fix),TM_10,NQ,T56b8201441fa,2024-05-14T12:41:38.682235,2024-05-14T12:42:00.702899,SHORT,18261.5,18269.0,6,-900.0,0,8,1
Pre_Fix_DB (processed_trades_backup_pre_ghost_fix),TM_10,NQ,Tacd580b77c35,2024-05-14T13:28:15.808052,2024-05-14T13:30:00.415605,SHORT,18273.75,18277.5,6,-450.0,1,9,1
Pre_Fix_DB (processed_trades_backup_pre_ghost_fix),TM_10,NQ,Tbb627d9221b9,2024-05-14T17:19:37.059331,2024-05-14T17:19:37.556464,LONG,18309.25,18309.25,6,0.0,0,13,1
Pre_Fix_DB (processed_trades_backup_pre_ghost_fix),TM_10,NQ,Te6b8b6a263ca,2024-05-14T17:50:11.697320,2024-05-14T17:50:12.234154,SHORT,18329.5,18330.0,6,-60.0,0,13,1
Pre_Fix_DB (processed_trades_backup_pre_ghost_fix),TM_10,NQ,T57b16c5b2d29,2024-05-14T19:14:59.098236,2024-05-14T19:14:59.689665,SHORT,18408.25,18408.5,6,-30.0,0,15,1
Pre_Fix_DB (processed_trades_backup_pre_ghost_fix),TM_10,NQ,Tdf9a6254de9a,2024-05-14T19:49:59.128008,2024-05-14T19:49:59.621626,LONG,18418.75,18415.0,6,-450.0,0,15,1
Pre_Fix_DB (processed_trades_backup_pre_ghost_fix),TM_10,NQ,Ta59aaf1b0994,2024-05-15T02:42:51.609887,2024-05-15T02:42:52.172102,SHORT,18436.5,18436.0,6,60.0,0,22,1
Pre_Fix_DB (processed_trades_backup_pre_ghost_fix),TM_10,NQ,T90014b9e3dd1,2024-05-15T02:49:50.642848,2024-05-15T02:49:51.090680,SHORT,18426.75,18427.0,6,-30.0,0,22,1
Pre_Fix_DB (processed_trades_backup_pre_ghost_fix),TM_10,NQ,T1d552040d5f9,2024-05-15T12:29:13.568964,2024-05-15T12:29:13.965036,LONG,18410.0,18408.5,6,-180.0,0,8,2
Pre_Fix_DB (processed_trades_backup_pre_ghost_fix),TM_10,NQ,T18f9650af704,2024-05-15T23:06:23.978055,2024-05-15T23:06:24.491889,LONG,18709.5,18709.0,6,-60.0,0,19,2
Pre_Fix_DB (processed_trades_backup_pre_ghost_fix),TM_10,NQ,T30179638ee9c,2024-05-16T10:09:20.151873,2024-05-16T10:09:20.651189,SHORT,18719.75,18720.25,6,-60.0,0,6,3
Pre_Fix_DB (processed_trades_backup_pre_ghost_fix),TM_10,NQ,Td3f971f5ab30,2024-05-16T12:30:27.815182,2024-05-16T12:30:28.353324,SHORT,18721.75,18717.75,6,480.0,0,8,3
Pre_Fix_DB (processed_trades_backup_pre_ghost_fix),TM_10,NQ,T8cc00fda762d,2024-05-16T13:43:49.960874,2024-05-16T13:43:50.479524,SHORT,18689.25,18689.75,6,-60.0,0,9,3
Pre_Fix_DB (processed_trades_backup_pre_ghost_fix),TM_10,NQ,T9d3a860db838,2024-05-16T14:36:05.313538,2024-05-16T14:36:05.814748,LONG,18722.0,18722.0,6,0.0,0,10,3
Pre_Fix_DB (processed_trades_backup_pre_ghost_fix),TM_10,NQ,T763eeb52ae6c,2024-05-16T15:12:19.607358,2024-05-16T15:12:20.065587,SHORT,18746.75,18746.5,6,30.0,0,11,3
Pre_Fix_DB (processed_trades_backup_pre_ghost_fix),TM_10,NQ,T8cb76fbfba3e,2024-05-16T16:31:05.675161,2024-05-16T16:31:06.298392,LONG,18718.0,18717.0,6,-120.0,0,12,3
Pre_Fix_DB (processed_trades_backup_pre_ghost_fix),TM_10,NQ,Td15cf76da526,2024-05-16T17:25:05.164057,2024-05-16T17:25:05.558853,LONG,18682.75,18683.5,6,90.0,0,13,3
Pre_Fix_DB (processed_trades_backup_pre_ghost_fix),TM_10,NQ,Tb2152b01c09a,2024-05-16T18:11:43.121204,2024-05-16T18:11:43.619455,LONG,18688.0,18687.5,6,-60.0,0,14,3
Pre_Fix_DB (processed_trades_backup_pre_ghost_fix),TM_10,NQ,T2692aa63a547,2024-05-16T18:59:27.648044,2024-05-16T18:59:28.152505,LONG,18695.0,18694.5,6,-60.0,0,14,3
Pre_Fix_DB (processed_trades_backup_pre_ghost_fix),TM_10,NQ,Tb9f7b6c744f3,2024-05-16T19:39:42.025256,2024-05-16T19:39:42.474563,LONG,18665.75,18665.0,6,-90.0,0,15,3
Pre_Fix_DB (processed_trades_backup_pre_ghost_fix),TM_10,NQ,T7c245390c4f7,2024-05-16T22:05:31.000223,2024-05-16T22:05:31.510215,SHORT,18643.0,18643.75,6,-90.0,0,18,3
Pre_Fix_DB (processed_trades_backup_pre_ghost_fix),TM_10,NQ,Teb91ac56bd08,2024-05-17T06:46:10.654232,2024-05-17T06:46:10.861309,SHORT,18661.75,18662.0,6,-30.0,0,2,4
Pre_Fix_DB (processed_trades_backup_pre_ghost_fix),TM_10,NQ,Tcd2408984474,2024-05-17T10:21:06.124397,2024-05-17T10:21:06.418281,LONG,18657.25,18656.75,6,-60.0,0,6,4
Pre_Fix_DB (processed_trades_backup_pre_ghost_fix),TM_10,NQ,T14be9938e6b3,2024-05-17T11:57:16.053044,2024-05-17T11:57:16.680266,SHORT,18665.5,18666.5,6,-120.0,0,7,4
Pre_Fix_DB (processed_trades_backup_pre_ghost_fix),TM_10,NQ,Tcc9a4d25288d,2024-05-17T13:45:18.802886,2024-05-17T13:45:19.238777,LONG,18639.25,18639.0,6,-30.0,0,9,4
Pre_Fix_DB (processed_trades_backup_pre_ghost_fix),TM_10,NQ,Tb8966aa92206,2024-05-17T13:59:02.001753,2024-05-17T13:59:02.590357,LONG,18634.25,18633.75,6,-60.0,0,9,4
Pre_Fix_DB (processed_trades_backup_pre_ghost_fix),TM_10,NQ,T881232b093d2,2024-05-17T14:39:01.706046,2024-05-17T14:39:02.226356,LONG,18667.75,18666.0,6,-210.0,0,10,4
Pre_Fix_DB (processed_trades_backup_pre_ghost_fix),TM_10,NQ,Td19dc2450d77,2024-05-17T15:26:06.752935,2024-05-17T15:26:07.262641,LONG,18652.75,18652.25,6,-60.0,0,11,4
Pre_Fix_DB (processed_trades_backup_pre_ghost_fix),TM_10,NQ,T2e189b7e4bc6,2024-05-17T18:15:43.730305,2024-05-17T18:15:44.205714,LONG,18578.25,18576.75,6,-180.0,0,14,4
Pre_Fix_DB (processed_trades_backup_pre_ghost_fix),TM_10,NQ,T5285e4784e37,2024-05-17T18:45:52.617820,2024-05-17T18:45:53.116924,LONG,18580.0,18579.5,6,-60.0,0,14,4
Pre_Fix_DB (processed_trades_backup_pre_ghost_fix),TM_10,NQ,T0d309e7f4e0a,2024-05-17T19:53:14.170927,2024-05-17T19:53:14.638657,LONG,18634.75,18634.0,6,-90.0,0,15,4
Pre_Fix_DB (processed_trades_backup_pre_ghost_fix),TM_10,NQ,T594b39af279a,2024-05-19T22:03:49.217675,2024-05-19T22:03:49.736585,SHORT,18649.25,18648.5,6,90.0,0,18,6
Pre_Fix_DB (processed_trades_backup_pre_ghost_fix),TM_10,NQ,Td71aafadb791,2024-05-20T06:24:01.465685,2024-05-20T06:24:01.957376,LONG,18663.0,18662.75,6,-30.0,0,2,0
Pre_Fix_DB (processed_trades_backup_pre_ghost_fix),TM_10,NQ,Tcc8031082689,2024-05-20T12:22:32.932317,2024-05-20T12:22:33.555921,SHORT,18677.5,18677.25,6,30.0,0,8,0
Pre_Fix_DB (processed_trades_backup_pre_ghost_fix),TM_10,NQ,T406d99225746,2024-05-20T14:00:46.916013,2024-05-20T14:00:47.413956,SHORT,18743.25,18743.5,6,-30.0,0,10,0
Pre_Fix_DB (processed_trades_backup_pre_ghost_fix),TM_10,NQ,T5cec56ba2b50,2024-05-20T14:02:03.867064,2024-05-20T14:02:04.355189,LONG,18736.5,18736.5,6,0.0,0,10,0
Pre_Fix_DB (processed_trades_backup_pre_ghost_fix),TM_10,NQ,Tf64d66ae28e1,2024-05-20T14:06:58.334760,2024-05-20T14:06:58.821254,LONG,18742.25,18741.5,6,-90.0,0,10,0
Pre_Fix_DB (processed_trades_backup_pre_ghost_fix),TM_10,NQ,T19468428350d,2024-05-20T14:16:33.481724,2024-05-20T14:16:33.925247,LONG,18746.0,18746.0,6,0.0,0,10,0
Pre_Fix_DB (processed_trades_backup_pre_ghost_fix),TM_10,NQ,T9e5271fd1aa3,2024-05-20T15:31:04.584311,2024-05-20T15:31:05.142199,SHORT,18757.0,18757.5,6,-60.0,0,11,0
Pre_Fix_DB (processed_trades_backup_pre_ghost_fix),TM_10,NQ,T27b17e6e39fe,2024-05-20T15:51:30.341413,2024-05-20T15:51:31.384560,LONG,18737.75,18737.25,6,-60.0,0,11,0
Pre_Fix_DB (processed_trades_backup_pre_ghost_fix),TM_10,NQ,T6b8418162830,2024-05-21T07:17:35.798311,2024-05-21T07:17:36.295986,LONG,18754.0,18753.5,6,-60.0,0,3,1
Pre_Fix_DB (processed_trades_backup_pre_ghost_fix),TM_10,NQ,T81af819bd0f7,2024-05-21T12:11:32.853242,2024-05-21T12:11:33.390584,LONG,18758.0,18757.5,6,-60.0,0,8,1
Pre_Fix_DB (processed_trades_backup_pre_ghost_fix),TM_10,NQ,T91ab1c1f3b4b,2024-05-21T13:00:53.877872,2024-05-21T13:00:54.301405,SHORT,18712.0,18710.5,6,180.0,0,9,1
Pre_Fix_DB (processed_trades_backup_pre_ghost_fix),TM_10,NQ,T205281f02a6d,2024-05-21T13:13:26.409832,2024-05-21T13:13:26.881849,SHORT,18709.5,18709.5,6,0.0,0,9,1
Pre_Fix_DB (processed_trades_backup_pre_ghost_fix),TM_10,NQ,T048cf890b136,2024-05-21T13:48:20.524628,2024-05-21T13:48:43.103911,SHORT,18684.25,18690.5,6,-750.0,0,9,1
Pre_Fix_DB (processed_trades_backup_pre_ghost_fix),TM_10,NQ,T9b85725d899c,2024-05-21T14:44:18.391654,2024-05-21T14:44:18.899748,LONG,18741.25,18741.0,6,-30.0,0,10,1
Pre_Fix_DB (processed_trades_backup_pre_ghost_fix),TM_10,NQ,T0d79a7ee285e,2024-05-21T14:50:20.431016,2024-05-21T14:50:34.419709,LONG,18751.5,18744.0,6,-900.0,0,10,1
Pre_Fix_DB (processed_trades_backup_pre_ghost_fix),TM_10,NQ,Ta554956898b2,2024-05-21T15:36:16.348003,2024-05-21T15:36:16.754941,LONG,18744.75,18744.75,6,0.0,0,11,1
Pre_Fix_DB (processed_trades_backup_pre_ghost_fix),TM_10,NQ,T93292b47319a,2024-05-21T15:53:09.924392,2024-05-21T15:53:10.390392,LONG,18742.75,18742.75,6,0.0,0,11,1
Pre_Fix_DB (processed_trades_backup_pre_ghost_fix),TM_10,NQ,T45fb3fb1b584,2024-05-21T18:07:19.423331,2024-05-21T18:07:19.911427,LONG,18777.5,18777.25,6,-30.0,0,14,1
Pre_Fix_DB (processed_trades_backup_pre_ghost_fix),TM_10,NQ,T0825b50ba6b9,2024-05-21T19:55:49.718669,2024-05-21T19:55:50.155534,SHORT,18803.25,18803.75,6,-60.0,0,15,1
Pre_Fix_DB (processed_trades_backup_pre_ghost_fix),TM_10,NQ,T92fabd1fea09,2024-05-22T00:26:10.564793,2024-05-22T00:26:11.114605,SHORT,18815.75,18816.25,6,-60.0,0,20,1
Pre_Fix_DB (processed_trades_backup_pre_ghost_fix),TM_10,NQ,Tdafd7536ac49,2024-05-22T07:06:44.813353,2024-05-22T07:06:45.407684,LONG,18798.75,18798.25,6,-60.0,0,3,2
Pre_Fix_DB (processed_trades_backup_pre_ghost_fix),TM_10,NQ,T58f075b37307,2024-05-22T12:20:50.563984,2024-05-22T12:20:51.045882,LONG,18797.5,18796.75,6,-90.0,0,8,2
Pre_Fix_DB (processed_trades_backup_pre_ghost_fix),TM_10,NQ,T8b734838ccf1,2024-05-22T13:32:08.847155,2024-05-22T13:32:09.284951,SHORT,18821.0,18820.25,6,90.0,0,9,2
Pre_Fix_DB (processed_trades_backup_pre_ghost_fix),TM_10,NQ,Tbfb07b47f621,2024-05-22T13:35:57.807650,2024-05-22T13:35:58.300233,SHORT,18814.25,18813.25,6,120.0,0,9,2
Pre_Fix_DB (processed_trades_backup_pre_ghost_fix),TM_10,NQ,T53124d855f19,2024-05-22T13:56:55.630707,2024-05-22T13:56:56.217977,LONG,18824.5,18824.0,6,-60.0,0,9,2
Pre_Fix_DB (processed_trades_backup_pre_ghost_fix),TM_10,NQ,Tb21df49e6a86,2024-05-22T14:00:47.949571,2024-05-22T14:00:48.320589,SHORT,18821.5,18821.5,6,0.0,0,10,2
Pre_Fix_DB (processed_trades_backup_pre_ghost_fix),TM_10,NQ,Tcd3f9f008951,2024-05-22T14:27:42.058861,2024-05-22T14:27:42.562589,SHORT,18810.25,18810.5,6,-30.0,0,10,2
Pre_Fix_DB (processed_trades_backup_pre_ghost_fix),TM_10,NQ,Tfcf0f43a2456,2024-05-22T14:43:23.059918,2024-05-22T14:43:23.684657,SHORT,18810.5,18810.75,6,-30.0,0,10,2
Pre_Fix_DB (processed_trades_backup_pre_ghost_fix),TM_10,NQ,Tfdf2a4eeafa1,2024-05-22T17:41:00.772920,2024-05-22T17:41:01.253994,LONG,18766.0,18766.0,6,0.0,0,13,2
Pre_Fix_DB (processed_trades_backup_pre_ghost_fix),TM_10,NQ,T39cc7c7baf79,2024-05-22T17:44:21.875819,2024-05-22T17:44:22.356376,LONG,18759.5,18759.0,6,-60.0,0,13,2
Pre_Fix_DB (processed_trades_backup_pre_ghost_fix),TM_10,NQ,T7320d92d1258,2024-05-22T18:00:06.590266,2024-05-22T18:00:08.727748,LONG,18762.25,18756.75,6,-660.0,0,14,2
Pre_Fix_DB (processed_trades_backup_pre_ghost_fix),TM_10,NQ,T70c819e6f8a1,2024-05-22T20:14:06.593354,2024-05-22T20:14:07.092404,LONG,18784.25,18784.5,6,30.0,0,16,2
Pre_Fix_DB (processed_trades_backup_pre_ghost_fix),TM_10,NQ,T894cc23e47a2,2024-05-22T20:14:09.094720,2024-05-22T20:14:09.574895,LONG,18784.25,18784.5,6,30.0,0,16,2
Pre_Fix_DB (processed_trades_backup_pre_ghost_fix),TM_10,NQ,T2b402888db7f,2024-05-22T20:20:46.156207,2024-05-22T20:20:46.510204,LONG,18865.5,18852.0,6,-1620.0,0,16,2
Pre_Fix_DB (processed_trades_backup_pre_ghost_fix),TM_10,NQ,T4cd420667e77,2024-05-23T01:17:40.864974,2024-05-23T01:17:41.427089,LONG,18875.25,18874.0,6,-150.0,0,21,2
Pre_Fix_DB (processed_trades_backup_pre_ghost_fix),TM_10,NQ,T088dfbc7ae88,2024-05-23T02:42:38.041154,2024-05-23T02:42:38.572369,LONG,18908.75,18908.5,6,-30.0,0,22,2
Pre_Fix_DB (processed_trades_backup_pre_ghost_fix),TM_10,NQ,Tb5d8452faad0,2024-05-23T13:29:59.417661,2024-05-23T13:29:59.937792,LONG,18981.0,18979.5,6,-180.0,0,9,3
Pre_Fix_DB (processed_trades_backup_pre_ghost_fix),TM_10,NQ,T1b95a79822f8,2024-05-23T13:32:30.784965,2024-05-23T13:32:31.373694,LONG,18946.25,18945.75,6,-60.0,0,9,3
Pre_Fix_DB (processed_trades_backup_pre_ghost_fix),TM_10,NQ,T94e91263fd98,2024-05-23T13:32:31.734208,2024-05-23T13:32:32.307905,LONG,18946.25,18945.75,6,-60.0,0,9,3
Pre_Fix_DB (processed_trades_backup_pre_ghost_fix),TM_10,NQ,Td5d9ba83a6e0,2024-05-23T13:33:22.920676,2024-05-23T13:33:23.529752,LONG,18948.75,18949.25,6,60.0,0,9,3
Pre_Fix_DB (processed_trades_backup_pre_ghost_fix),TM_10,NQ,T12c3648ed43e,2024-05-23T13:33:23.892012,2024-05-23T13:33:24.400113,LONG,18948.75,18949.25,6,60.0,0,9,3
Pre_Fix_DB (processed_trades_backup_pre_ghost_fix),TM_10,NQ,Te44de9caf71d,2024-05-23T13:57:29.555379,2024-05-23T13:57:30.084983,LONG,18849.0,18849.0,6,0.0,0,9,3
Pre_Fix_DB (processed_trades_backup_pre_ghost_fix),TM_10,NQ,T3fb79d1fb21b,2024-05-23T13:59:00.042073,2024-05-23T13:59:00.786099,SHORT,18843.5,18843.25,6,30.0,0,9,3
Pre_Fix_DB (processed_trades_backup_pre_ghost_fix),TM_10,NQ,Td16e36550c02,2024-05-23T13:59:48.803984,2024-05-23T13:59:49.313375,LONG,18850.75,18849.5,6,-150.0,0,9,3
Pre_Fix_DB (processed_trades_backup_pre_ghost_fix),TM_10,NQ,Tdd2883aa344c,2024-05-23T14:03:30.759207,2024-05-23T14:03:31.009013,LONG,18851.5,18850.25,6,-150.0,0,10,3
Pre_Fix_DB (processed_trades_backup_pre_ghost_fix),TM_10,NQ,Tea38be603d28,2024-05-23T14:14:38.233624,2024-05-23T14:14:38.939883,SHORT,18902.5,18902.25,6,30.0,0,10,3
Pre_Fix_DB (processed_trades_backup_pre_ghost_fix),TM_10,NQ,T578e760ea1cd,2024-05-23T14:44:14.368441,2024-05-23T14:44:14.897431,LONG,18890.0,18890.5,6,60.0,0,10,3
Pre_Fix_DB (processed_trades_backup_pre_ghost_fix),TM_10,NQ,T57457b478e3b,2024-05-23T15:00:16.723642,2024-05-23T15:00:17.222926,LONG,18814.0,18814.0,6,0.0,0,11,3
Pre_Fix_DB (processed_trades_backup_pre_ghost_fix),TM_10,NQ,T0c20a853e971,2024-05-23T15:14:36.271362,2024-05-23T15:14:36.823046,LONG,18880.75,18880.5,6,-30.0,0,11,3
Pre_Fix_DB (processed_trades_backup_pre_ghost_fix),TM_10,NQ,Tc6a34743cea2,2024-05-23T15:45:32.129547,2024-05-23T15:45:32.783602,LONG,18914.0,18913.75,6,-30.0,0,11,3
Pre_Fix_DB (processed_trades_backup_pre_ghost_fix),TM_10,NQ,T4e1f3f5b2a13,2024-05-23T16:00:48.421623,2024-05-23T16:00:49.127245,LONG,18918.5,18918.0,6,-60.0,0,12,3
Pre_Fix_DB (processed_trades_backup_pre_ghost_fix),TM_10,NQ,T2e9fb75feacf,2024-05-23T16:43:25.050478,2024-05-23T16:43:25.970416,LONG,18900.75,18900.75,6,0.0,0,12,3
Pre_Fix_DB (processed_trades_backup_pre_ghost_fix),TM_10,NQ,T89cff0286a9f,2024-05-23T16:46:59.418611,2024-05-23T16:47:00.184337,LONG,18888.0,18888.5,6,60.0,0,12,3
Pre_Fix_DB (processed_trades_backup_pre_ghost_fix),TM_10,NQ,Tecfb6ae0cf1e,2024-05-23T17:02:47.881872,2024-05-23T17:02:48.624310,LONG,18848.75,18848.25,6,-60.0,0,13,3
Pre_Fix_DB (processed_trades_backup_pre_ghost_fix),TM_10,NQ,T4df9ee31cf15,2024-05-23T17:24:28.565177,2024-05-23T17:24:29.511024,LONG,18829.75,18829.0,6,-90.0,0,13,3
Pre_Fix_DB (processed_trades_backup_pre_ghost_fix),TM_10,NQ,T5aae19680610,2024-05-23T17:58:24.430645,2024-05-23T17:58:25.550664,SHORT,18718.0,18717.0,6,120.0,0,13,3
Pre_Fix_DB (processed_trades_backup_pre_ghost_fix),TM_10,NQ,T59c3ee91552e,2024-05-23T18:17:29.284554,2024-05-23T18:17:30.543435,LONG,18712.5,18712.25,6,-30.0,0,14,3
Pre_Fix_DB (processed_trades_backup_pre_ghost_fix),TM_10,NQ,T3d0d55cba203,2024-05-23T18:21:45.960990,2024-05-23T18:21:47.146355,SHORT,18693.5,18698.5,6,-600.0,0,14,3
Pre_Fix_DB (processed_trades_backup_pre_ghost_fix),TM_10,NQ,Tf89d370c140b,2024-05-23T18:22:44.046610,2024-05-23T18:22:45.053505,SHORT,18687.75,18687.75,6,0.0,0,14,3
Pre_Fix_DB (processed_trades_backup_pre_ghost_fix),TM_10,NQ,Tf695c81a4035,2024-05-23T18:32:17.463599,2024-05-23T18:32:18.715398,LONG,18661.75,18660.0,6,-210.0,0,14,3
Pre_Fix_DB (processed_trades_backup_pre_ghost_fix),TM_10,NQ,Tcb62fa06104e,2024-05-23T18:36:29.387192,2024-05-23T18:36:30.378819,LONG,18671.25,18672.25,6,120.0,0,14,3
Pre_Fix_DB (processed_trades_backup_pre_ghost_fix),TM_10,NQ,T5dfb3c82fe98,2024-05-23T18:45:11.664992,2024-05-23T18:45:12.663791,LONG,18671.0,18671.75,6,90.0,0,14,3
Pre_Fix_DB (processed_trades_backup_pre_ghost_fix),TM_10,NQ,T7b690baafa17,2024-05-23T18:49:00.290571,2024-05-23T18:49:01.327008,LONG,18656.5,18657.0,6,60.0,0,14,3
Pre_Fix_DB (processed_trades_backup_pre_ghost_fix),TM_10,NQ,T0532a20525a6,2024-05-23T18:58:13.741217,2024-05-23T18:58:14.751840,LONG,18629.0,18629.75,6,90.0,0,14,3
Pre_Fix_DB (processed_trades_backup_pre_ghost_fix),TM_10,NQ,T1a94e42dbd3f,2024-05-23T19:00:24.342603,2024-05-23T19:00:25.538792,LONG,18642.25,18640.25,6,-240.0,0,15,3
Pre_Fix_DB (processed_trades_backup_pre_ghost_fix),TM_10,NQ,T7089847b7c95,2024-05-23T19:15:18.931242,2024-05-23T19:15:19.721591,SHORT,18640.0,18640.0,6,0.0,0,15,3
Pre_Fix_DB (processed_trades_backup_pre_ghost_fix),TM_10,NQ,Tf6c30b865680,2024-05-23T19:15:47.815160,2024-05-23T19:15:48.303730,LONG,18641.5,18639.75,6,-210.0,0,15,3
Pre_Fix_DB (processed_trades_backup_pre_ghost_fix),TM_10,NQ,T24f76d08833b,2024-05-23T19:20:02.248043,2024-05-23T19:20:03.411831,LONG,18657.5,18657.25,6,-30.0,0,15,3
Pre_Fix_DB (processed_trades_backup_pre_ghost_fix),TM_10,NQ,T540a97a87925,2024-05-23T19:21:19.434842,2024-05-23T19:21:20.553613,LONG,18648.75,18648.5,6,-30.0,0,15,3
Pre_Fix_DB (processed_trades_backup_pre_ghost_fix),TM_10,NQ,T870d2b1599ec,2024-05-23T19:25:47.149081,2024-05-23T19:25:47.703652,SHORT,18646.5,18647.25,6,-90.0,0,15,3
Pre_Fix_DB (processed_trades_backup_pre_ghost_fix),TM_10,NQ,Tfd78ab2a6c0b,2024-05-23T19:34:30.655621,2024-05-23T19:34:31.747798,LONG,18676.25,18675.25,6,-120.0,0,15,3
Pre_Fix_DB (processed_trades_backup_pre_ghost_fix),TM_10,NQ,Tfb400ef4066a,2024-05-23T19:38:50.089908,2024-05-23T19:38:51.133670,SHORT,18685.5,18685.75,6,-30.0,0,15,3
Pre_Fix_DB (processed_trades_backup_pre_ghost_fix),TM_10,NQ,T73fc4ec8eaec,2024-05-23T19:52:27.214132,2024-05-23T19:52:28.517128,LONG,18691.25,18691.0,6,-30.0,0,15,3
Pre_Fix_DB (processed_trades_backup_pre_ghost_fix),TM_10,NQ,Taf2cc2c7ec79,2024-05-23T19:54:07.650269,2024-05-23T19:54:08.505424,SHORT,18704.75,18705.25,6,-60.0,0,15,3
Pre_Fix_DB (processed_trades_backup_pre_ghost_fix),TM_10,NQ,T8c99d484e65b,2024-05-23T19:55:08.468368,2024-05-23T19:55:09.757252,LONG,18686.5,18685.5,6,-120.0,0,15,3
Pre_Fix_DB (processed_trades_backup_pre_ghost_fix),TM_10,NQ,Tdf7d7424e350,2024-05-23T19:59:57.053915,2024-05-23T19:59:58.267886,SHORT,18694.75,18695.75,6,-120.0,0,15,3
Pre_Fix_DB (processed_trades_backup_pre_ghost_fix),TM_10,NQ,Tbd888d570410,2024-05-24T00:21:08.880739,2024-05-24T00:21:09.333624,LONG,18706.5,18705.75,6,-90.0,0,20,3
Pre_Fix_DB (processed_trades_backup_pre_ghost_fix),TM_10,NQ,Tfb1dd453ae8a,2024-05-24T00:45:21.219550,2024-05-24T00:45:21.623900,SHORT,18721.25,18722.0,6,-90.0,0,20,3
Pre_Fix_DB (processed_trades_backup_pre_ghost_fix),TM_10,NQ,T07f08df631ab,2024-05-24T11:13:35.518253,2024-05-24T11:13:35.975695,SHORT,18759.0,18759.5,6,-60.0,0,7,4
Pre_Fix_DB (processed_trades_backup_pre_ghost_fix),TM_10,NQ,T9ba2e35be321,2024-05-24T12:12:06.679221,2024-05-24T12:12:07.188544,LONG,18742.25,18741.5,6,-90.0,0,8,4
Pre_Fix_DB (processed_trades_backup_pre_ghost_fix),TM_10,NQ,T64fda25b18a3,2024-05-24T12:30:31.714448,2024-05-24T12:30:32.173649,LONG,18737.5,18735.75,6,-210.0,0,8,4
Pre_Fix_DB (processed_trades_backup_pre_ghost_fix),TM_10,NQ,T3b432a1b67fc,2024-05-24T12:31:37.200521,2024-05-24T12:31:37.749275,SHORT,18748.25,18749.25,6,-120.0,0,8,4
Pre_Fix_DB (processed_trades_backup_pre_ghost_fix),TM_10,NQ,Tc946565ac514,2024-05-24T12:34:26.606409,2024-05-24T12:34:27.091789,SHORT,18755.25,18755.5,6,-30.0,0,8,4
Pre_Fix_DB (processed_trades_backup_pre_ghost_fix),TM_10,NQ,Tbddf8a4c86df,2024-05-27T00:54:36.338216,2024-05-27T00:54:36.818792,LONG,18848.25,18847.0,6,-150.0,0,20,6
Pre_Fix_DB (processed_trades_backup_pre_ghost_fix),TM_10,NQ,Ta5ed4bd3ec0d,2024-05-27T02:40:24.487631,2024-05-27T02:40:24.842216,LONG,18849.75,18849.25,6,-60.0,0,22,6
Pre_Fix_DB (processed_trades_backup_pre_ghost_fix),TM_10,NQ,T20b8379b4846,2024-05-27T06:18:59.922966,2024-05-27T06:19:00.266936,SHORT,18872.0,18872.5,6,-60.0,0,2,0
Pre_Fix_DB (processed_trades_backup_pre_ghost_fix),TM_10,NQ,Tea780380105d,2024-05-27T14:35:38.394932,2024-05-27T14:35:38.976723,LONG,18888.0,18887.75,6,-30.0,0,10,0
Pre_Fix_DB (processed_trades_backup_pre_ghost_fix),TM_10,NQ,T9e49961ac82d,2024-05-27T15:08:33.343390,2024-05-27T15:08:34.005991,SHORT,18913.25,18914.0,6,-90.0,0,11,0
Pre_Fix_DB (processed_trades_backup_pre_ghost_fix),TM_10,NQ,T52b1e53c7878,2024-05-28T00:09:56.001419,2024-05-28T00:09:56.540665,LONG,18896.5,18896.5,6,0.0,0,20,0
Pre_Fix_DB (processed_trades_backup_pre_ghost_fix),TM_10,NQ,T3f88e095a7ad,2024-05-28T02:56:12.784005,2024-05-28T02:56:13.286519,SHORT,18917.25,18917.75,6,-60.0,0,22,0
Pre_Fix_DB (processed_trades_backup_pre_ghost_fix),TM_10,NQ,Tdb0b90a6e11d,2024-05-28T06:33:49.682514,2024-05-28T06:33:50.052423,LONG,18922.0,18921.5,6,-60.0,0,2,1
Pre_Fix_DB (processed_trades_backup_pre_ghost_fix),TM_10,NQ,Tb38dee11182f,2024-05-28T08:01:15.166002,2024-05-28T08:01:15.669760,SHORT,18928.0,18928.5,6,-60.0,0,4,1
Pre_Fix_DB (processed_trades_backup_pre_ghost_fix),TM_10,NQ,T76b0008c2d2b,2024-05-28T09:34:15.494485,2024-05-28T09:34:15.977309,LONG,18965.25,18964.75,6,-60.0,0,5,1
Pre_Fix_DB (processed_trades_backup_pre_ghost_fix),TM_10,NQ,Te6d632c1af41,2024-05-28T10:34:09.874306,2024-05-28T10:34:10.582458,LONG,18929.75,18929.0,6,-90.0,0,6,1
Pre_Fix_DB (processed_trades_backup_pre_ghost_fix),TM_10,NQ,T98029c142aef,2024-05-28T11:03:46.496200,2024-05-28T11:03:46.840507,LONG,18922.25,18922.0,6,-30.0,0,7,1
Pre_Fix_DB (processed_trades_backup_pre_ghost_fix),TM_10,NQ,T1bb1fd160e32,2024-05-28T13:29:59.757160,2024-05-28T13:30:00.304878,LONG,18919.0,18916.5,6,-300.0,0,9,1
Pre_Fix_DB (processed_trades_backup_pre_ghost_fix),TM_10,NQ,Tbae54680c1f2,2024-05-28T13:31:04.207379,2024-05-28T13:31:04.780375,LONG,18926.75,18926.75,6,0.0,0,9,1
Pre_Fix_DB (processed_trades_backup_pre_ghost_fix),TM_10,NQ,T4f7283ece043,2024-05-28T13:33:38.870282,2024-05-28T13:33:39.425571,LONG,18904.5,18904.75,6,30.0,0,9,1
Pre_Fix_DB (processed_trades_backup_pre_ghost_fix),TM_10,NQ,Tc362a57f54bb,2024-05-28T13:35:06.316585,2024-05-28T13:35:06.800409,SHORT,18912.75,18913.5,6,-90.0,0,9,1
Pre_Fix_DB (processed_trades_backup_pre_ghost_fix),TM_10,NQ,T943a63ccf155,2024-05-28T13:54:10.861932,2024-05-28T13:54:11.592140,SHORT,18854.0,18853.25,6,90.0,0,9,1
Pre_Fix_DB (processed_trades_backup_pre_ghost_fix),TM_10,NQ,Td5f06d90217e,2024-05-28T13:56:39.816433,2024-05-28T13:56:40.482356,LONG,18862.0,18859.25,6,-330.0,0,9,1
Pre_Fix_DB (processed_trades_backup_pre_ghost_fix),TM_10,NQ,Taebb294d0e41,2024-05-28T14:00:35.373627,2024-05-28T14:00:35.863848,SHORT,18859.75,18859.5,6,30.0,0,10,1
Pre_Fix_DB (processed_trades_backup_pre_ghost_fix),TM_10,NQ,Td0189777b920,2024-05-28T14:08:30.514859,2024-05-28T14:08:30.968341,SHORT,18895.0,18894.25,6,90.0,0,10,1
Pre_Fix_DB (processed_trades_backup_pre_ghost_fix),TM_10,NQ,Tc0ce831aea81,2024-05-28T14:15:38.707171,2024-05-28T14:15:39.207700,LONG,18877.25,18877.75,6,60.0,0,10,1
Pre_Fix_DB (processed_trades_backup_pre_ghost_fix),TM_10,NQ,T96ff894e82e1,2024-05-28T14:37:56.999176,2024-05-28T14:37:57.464262,LONG,18882.0,18881.75,6,-30.0,0,10,1
Pre_Fix_DB (processed_trades_backup_pre_ghost_fix),TM_10,NQ,T17e1e38f0908,2024-05-28T16:05:08.681393,2024-05-28T16:05:10.236764,SHORT,18918.75,18919.25,6,-60.0,0,12,1
Pre_Fix_DB (processed_trades_backup_pre_ghost_fix),TM_10,NQ,T1a09e5c9b59a,2024-05-28T16:51:34.321487,2024-05-28T16:51:34.843233,LONG,18940.25,18939.75,6,-60.0,0,12,1
Pre_Fix_DB (processed_trades_backup_pre_ghost_fix),TM_10,NQ,Taa4590af1030,2024-05-28T17:07:58.865677,2024-05-28T17:07:59.431470,LONG,18914.0,18914.0,6,0.0,0,13,1
Pre_Fix_DB (processed_trades_backup_pre_ghost_fix),TM_10,NQ,Ta7401257d1e8,2024-05-28T17:52:51.872441,2024-05-28T17:52:52.306593,LONG,18903.0,18902.25,6,-90.0,0,13,1
Pre_Fix_DB (processed_trades_backup_pre_ghost_fix),TM_10,NQ,T5bd2511236bb,2024-05-28T18:21:56.113640,2024-05-28T18:21:56.657865,LONG,18893.0,18892.5,6,-60.0,0,14,1
Pre_Fix_DB (processed_trades_backup_pre_ghost_fix),TM_10,NQ,T5b39a321df85,2024-05-28T18:36:28.532807,2024-05-28T18:36:29.021677,LONG,18843.75,18843.0,6,-90.0,0,14,1
Pre_Fix_DB (processed_trades_backup_pre_ghost_fix),TM_10,NQ,T8b0bb8fd34ea,2024-05-28T19:30:41.608545,2024-05-28T19:30:42.197216,LONG,18887.5,18886.5,6,-120.0,0,15,1
Pre_Fix_DB (processed_trades_backup_pre_ghost_fix),TM_10,NQ,T3c877c4458b2,2024-05-28T23:53:15.017306,2024-05-28T23:53:15.500561,LONG,18935.75,18934.75,6,-120.0,0,19,1
Pre_Fix_DB (processed_trades_backup_pre_ghost_fix),TM_10,NQ,T53545fe42538,2024-05-29T00:10:39.877475,2024-05-29T00:10:40.320368,LONG,18924.5,18923.5,6,-120.0,0,20,1
Pre_Fix_DB (processed_trades_backup_pre_ghost_fix),TM_10,NQ,T1e22212e0498,2024-05-29T00:51:19.884582,2024-05-29T00:51:20.374910,LONG,18910.75,18909.75,6,-120.0,0,20,1
Pre_Fix_DB (processed_trades_backup_pre_ghost_fix),TM_10,NQ,T43cd111586bd,2024-05-29T01:25:24.492627,2024-05-29T01:25:24.990425,LONG,18916.0,18915.5,6,-60.0,0,21,1
Pre_Fix_DB (processed_trades_backup_pre_ghost_fix),TM_10,NQ,T78e255cad276,2024-05-29T06:07:56.449231,2024-05-29T06:09:08.331409,SHORT,18860.25,18864.75,6,-540.0,1,2,2
Pre_Fix_DB (processed_trades_backup_pre_ghost_fix),TM_10,NQ,T09acfd0e76bd,2024-05-29T08:09:28.554077,2024-05-29T08:09:29.049478,LONG,18837.25,18837.5,6,30.0,0,4,2
Pre_Fix_DB (processed_trades_backup_pre_ghost_fix),TM_10,NQ,T227210a3162b,2024-05-29T09:17:24.980041,2024-05-29T09:17:25.377824,LONG,18818.5,18817.75,6,-90.0,0,5,2
Pre_Fix_DB (processed_trades_backup_pre_ghost_fix),TM_10,NQ,T45681bff9fa0,2024-05-29T09:50:45.053432,2024-05-29T09:50:45.653479,SHORT,18817.5,18817.75,6,-30.0,0,5,2
Pre_Fix_DB (processed_trades_backup_pre_ghost_fix),TM_10,NQ,T22ac59db2779,2024-05-29T11:13:27.530617,2024-05-29T11:13:27.900556,SHORT,18811.5,18811.5,6,0.0,0,7,2
Pre_Fix_DB (processed_trades_backup_pre_ghost_fix),TM_10,NQ,T63294664a517,2024-05-29T12:21:21.417536,2024-05-29T12:21:22.112703,SHORT,18822.75,18823.25,6,-60.0,0,8,2
Pre_Fix_DB (processed_trades_backup_pre_ghost_fix),TM_10,NQ,Tbf5a614712f3,2024-05-29T12:35:04.958653,2024-05-29T12:35:05.274052,LONG,18791.5,18789.5,6,-240.0,0,8,2
Pre_Fix_DB (processed_trades_backup_pre_ghost_fix),TM_10,NQ,T8649080fe115,2024-05-29T13:16:18.040944,2024-05-29T13:16:18.548173,SHORT,18766.25,18766.5,6,-30.0,0,9,2
Pre_Fix_DB (processed_trades_backup_pre_ghost_fix),TM_10,NQ,Tcdee1cd82d70,2024-05-29T13:33:33.420299,2024-05-29T13:33:34.016649,LONG,18800.25,18798.75,6,-180.0,0,9,2
Pre_Fix_DB (processed_trades_backup_pre_ghost_fix),TM_10,NQ,T19fe06040248,2024-05-29T13:40:18.768215,2024-05-29T13:41:05.667641,LONG,18797.75,18798.0,4,20.0,0,9,2
Pre_Fix_DB (processed_trades_backup_pre_ghost_fix),TM_10,NQ,Te51fc5eadccf,2024-05-29T14:01:59.644145,2024-05-29T14:02:19.696396,SHORT,18828.0,18827.75,4,20.0,0,10,2
Pre_Fix_DB (processed_trades_backup_pre_ghost_fix),TM_10,NQ,T3c8613902f5e,2024-05-29T14:06:20.370482,2024-05-29T14:06:43.512172,SHORT,18818.0,18824.25,6,-750.0,0,10,2
Pre_Fix_DB (processed_trades_backup_pre_ghost_fix),TM_10,NQ,T1c857e0875ca,2024-05-30T06:34:04.261930,2024-05-30T06:34:04.696247,SHORT,18667.5,18668.0,6,-60.0,0,2,3
Pre_Fix_DB (processed_trades_backup_pre_ghost_fix),TM_10,NQ,T13380e4b1d01,2024-05-30T07:50:09.862648,2024-05-30T07:52:03.302045,SHORT,18690.25,18697.5,6,-870.0,1,3,3
Pre_Fix_DB (processed_trades_backup_pre_ghost_fix),TM_10,NQ,T55db17136770,2024-05-30T11:45:09.589118,2024-05-30T11:45:09.966646,SHORT,18755.75,18756.25,6,-60.0,0,7,3
Pre_Fix_DB (processed_trades_backup_pre_ghost_fix),TM_10,NQ,T90712f37e890,2024-05-30T12:39:43.356644,2024-05-30T12:39:43.731285,SHORT,18765.0,18765.0,6,0.0,0,8,3
Pre_Fix_DB (processed_trades_backup_pre_ghost_fix),TM_10,NQ,T294048f5c595,2024-05-30T13:06:04.861604,2024-05-30T13:06:05.393491,LONG,18764.25,18763.75,6,-60.0,0,9,3
Pre_Fix_DB (processed_trades_backup_pre_ghost_fix),TM_10,NQ,Tc908f519904f,2024-05-30T13:31:52.561219,2024-05-30T13:31:53.040082,LONG,18758.0,18757.5,6,-60.0,0,9,3
Pre_Fix_DB (processed_trades_backup_pre_ghost_fix),TM_10,NQ,Tf03c12d320c8,2024-05-30T13:32:54.375286,2024-05-30T13:32:54.911095,LONG,18759.0,18757.75,6,-150.0,0,9,3
Pre_Fix_DB (processed_trades_backup_pre_ghost_fix),TM_10,NQ,Td4eb5b044357,2024-05-30T13:41:48.891767,2024-05-30T13:41:49.549105,SHORT,18737.0,18737.75,6,-90.0,0,9,3
Pre_Fix_DB (processed_trades_backup_pre_ghost_fix),TM_10,NQ,T3761b7c13ac6,2024-05-30T13:51:35.886083,2024-05-30T13:51:36.445802,LONG,18747.5,18745.75,6,-210.0,0,9,3
Pre_Fix_DB (processed_trades_backup_pre_ghost_fix),TM_10,NQ,T35e023a76fb1,2024-05-30T14:00:28.476809,2024-05-30T14:00:28.893274,LONG,18736.25,18736.25,6,0.0,0,10,3
Pre_Fix_DB (processed_trades_backup_pre_ghost_fix),TM_10,NQ,T8dd5ae0238a0,2024-05-30T14:04:01.995344,2024-05-30T14:04:02.492533,LONG,18729.75,18729.75,6,0.0,0,10,3
Pre_Fix_DB (processed_trades_backup_pre_ghost_fix),TM_10,NQ,Te1b8303edc56,2024-05-30T14:15:16.747674,2024-05-30T14:15:17.481847,SHORT,18698.75,18700.0,6,-150.0,0,10,3
Pre_Fix_DB (processed_trades_backup_pre_ghost_fix),TM_10,NQ,Td004af7f3fb8,2024-05-30T14:35:00.805134,2024-05-30T14:35:01.336389,LONG,18684.5,18683.0,6,-180.0,0,10,3
Pre_Fix_DB (processed_trades_backup_pre_ghost_fix),TM_10,NQ,T601e826c18b4,2024-05-30T15:16:27.124843,2024-05-30T15:16:27.622657,LONG,18649.75,18649.25,6,-60.0,0,11,3
Pre_Fix_DB (processed_trades_backup_pre_ghost_fix),TM_10,NQ,T677b503bfd7e,2024-05-30T15:16:28.035711,2024-05-30T15:16:28.439895,LONG,18649.75,18649.25,6,-60.0,0,11,3
Pre_Fix_DB (processed_trades_backup_pre_ghost_fix),TM_10,NQ,T54c00046b449,2024-05-30T15:59:15.876650,2024-05-30T15:59:16.445996,LONG,18673.25,18673.0,6,-30.0,0,11,3
Pre_Fix_DB (processed_trades_backup_pre_ghost_fix),TM_10,NQ,Tb283fde68d36,2024-05-30T17:23:02.973120,2024-05-30T17:23:03.348643,LONG,18714.0,18713.75,6,-30.0,0,13,3
Pre_Fix_DB (processed_trades_backup_pre_ghost_fix),TM_10,NQ,T7f67413f46fd,2024-05-30T17:45:08.427075,2024-05-30T17:45:08.896233,SHORT,18717.75,18718.25,6,-60.0,0,13,3
Pre_Fix_DB (processed_trades_backup_pre_ghost_fix),TM_10,NQ,Ta31f5634ceac,2024-05-30T18:47:47.534135,2024-05-30T18:47:47.841204,LONG,18672.0,18671.75,6,-30.0,0,14,3
Pre_Fix_DB (processed_trades_backup_pre_ghost_fix),TM_10,NQ,T294b25957839,2024-05-30T19:20:02.189119,2024-05-30T19:20:02.738451,LONG,18653.75,18648.75,6,-600.0,0,15,3
Pre_Fix_DB (processed_trades_backup_pre_ghost_fix),TM_10,NQ,T52a84395ce1e,2024-05-30T19:20:24.569479,2024-05-30T19:20:25.256754,LONG,18644.25,18643.25,6,-120.0,0,15,3
Pre_Fix_DB (processed_trades_backup_pre_ghost_fix),TM_10,NQ,T0ea90e3f2ddf,2024-05-30T19:35:25.076536,2024-05-30T19:35:25.583883,LONG,18605.25,18605.75,6,60.0,0,15,3
Pre_Fix_DB (processed_trades_backup_pre_ghost_fix),TM_10,NQ,T9fdeaa62ea07,2024-05-30T19:54:06.683271,2024-05-30T19:54:07.317232,SHORT,18607.75,18608.5,6,-90.0,0,15,3
Pre_Fix_DB (processed_trades_backup_pre_ghost_fix),TM_10,NQ,T585a45a7b90d,2024-05-30T19:59:28.838198,2024-05-30T19:59:29.335896,SHORT,18603.25,18602.75,6,60.0,0,15,3
Pre_Fix_DB (processed_trades_backup_pre_ghost_fix),TM_10,NQ,T5a1541ebcbe0,2024-05-30T20:59:42.444123,2024-05-30T20:59:42.944035,LONG,18594.75,18594.0,6,-90.0,0,16,3
Pre_Fix_DB (processed_trades_backup_pre_ghost_fix),TM_10,NQ,Tef1a13de20f2,2024-05-30T22:00:04.471836,2024-05-30T22:00:04.905492,LONG,18579.25,18578.5,6,-90.0,0,18,3
Pre_Fix_DB (processed_trades_backup_pre_ghost_fix),TM_10,NQ,T157b25a4e7cb,2024-05-31T09:21:11.338669,2024-05-31T09:21:11.842265,LONG,18532.75,18532.5,5,-25.0,0,5,4
Pre_Fix_DB (processed_trades_backup_pre_ghost_fix),TM_10,NQ,T20585370cad8,2024-05-31T10:31:56.351024,2024-05-31T10:31:56.869275,LONG,18518.75,18518.0,5,-75.0,0,6,4
Pre_Fix_DB (processed_trades_backup_pre_ghost_fix),TM_10,NQ,Ta0b90d01639c,2024-05-31T12:31:46.313798,2024-05-31T12:31:46.760942,SHORT,18605.75,18607.25,6,-180.0,0,8,4
Pre_Fix_DB (processed_trades_backup_pre_ghost_fix),TM_10,NQ,T7f813411f69f,2024-05-31T12:37:42.193264,2024-05-31T12:37:42.657887,SHORT,18631.5,18633.75,6,-270.0,0,8,4
Pre_Fix_DB (processed_trades_backup_pre_ghost_fix),TM_10,NQ,Tbf009a371b71,2024-05-31T12:52:53.436897,2024-05-31T12:53:45.933598,SHORT,18655.5,18655.0,4,40.0,0,8,4
Pre_Fix_DB (processed_trades_backup_pre_ghost_fix),TM_10,NQ,Tb8ab99caba23,2024-05-31T13:01:00.261752,2024-05-31T13:01:00.773222,LONG,18653.75,18653.25,6,-60.0,0,9,4
Pre_Fix_DB (processed_trades_backup_pre_ghost_fix),TM_10,NQ,Tf0a2451d5391,2024-05-31T13:33:26.181614,2024-05-31T13:33:35.682420,LONG,18592.75,18584.25,6,-1020.0,0,9,4
Pre_Fix_DB (processed_trades_backup_pre_ghost_fix),TM_10,NQ,T08ec00316feb,2024-05-31T13:38:45.782174,2024-05-31T13:38:46.269940,LONG,18597.25,18597.0,6,-30.0,0,9,4
Pre_Fix_DB (processed_trades_backup_pre_ghost_fix),TM_10,NQ,T1c9f219b0a05,2024-05-31T13:51:19.599233,2024-05-31T13:51:20.106554,LONG,18565.0,18565.5,6,60.0,0,9,4
Pre_Fix_DB (processed_trades_backup_pre_ghost_fix),TM_10,NQ,T03cb3194b13c,2024-05-31T13:54:57.631187,2024-05-31T13:55:01.622173,SHORT,18544.75,18544.25,4,40.0,0,9,4
Pre_Fix_DB (processed_trades_backup_pre_ghost_fix),TM_10,NQ,T84f83fc13b8f,2024-05-31T13:56:53.926881,2024-05-31T13:56:54.517945,SHORT,18546.25,18547.25,6,-120.0,0,9,4
Pre_Fix_DB (processed_trades_backup_pre_ghost_fix),TM_10,NQ,Tb1aab328813d,2024-05-31T14:15:31.142468,2024-05-31T14:15:31.529774,LONG,18474.5,18475.5,6,120.0,0,10,4
Pre_Fix_DB (processed_trades_backup_pre_ghost_fix),TM_10,NQ,Tb2434fe2fc2d,2024-05-31T14:20:10.146046,2024-05-31T14:20:10.704859,LONG,18469.25,18467.75,6,-180.0,0,10,4
Pre_Fix_DB (processed_trades_backup_pre_ghost_fix),TM_10,NQ,T4ba8e9c8086b,2024-05-31T14:27:37.800806,2024-05-31T14:27:38.295052,LONG,18439.0,18438.5,6,-60.0,0,10,4
Pre_Fix_DB (processed_trades_backup_pre_ghost_fix),TM_10,NQ,Tec5e33786464,2024-05-31T14:35:20.084930,2024-05-31T14:35:22.498066,SHORT,18371.0,18370.75,4,20.0,0,10,4
Pre_Fix_DB (processed_trades_backup_pre_ghost_fix),TM_10,NQ,T23545d2c7654,2024-05-31T15:03:07.519497,2024-05-31T15:03:08.024628,LONG,18359.75,18359.5,6,-30.0,0,11,4
Pre_Fix_DB (processed_trades_backup_pre_ghost_fix),TM_10,NQ,T101b4be3e4a2,2024-06-03T01:08:18.503540,2024-06-03T01:08:19.102767,LONG,18630.0,18629.25,6,-90.0,0,21,6
Pre_Fix_DB (processed_trades_backup_pre_ghost_fix),TM_10,NQ,Tbd0474019bef,2024-06-03T06:18:02.465929,2024-06-03T06:18:02.964245,LONG,18644.5,18643.25,6,-150.0,0,2,0
Pre_Fix_DB (processed_trades_backup_pre_ghost_fix),TM_10,NQ,Ta0ccfa16be2e,2024-06-03T07:07:20.806651,2024-06-03T07:07:21.305618,LONG,18666.5,18665.75,6,-90.0,0,3,0
Pre_Fix_DB (processed_trades_backup_pre_ghost_fix),TM_10,NQ,T9143b5a643d0,2024-06-03T07:21:56.317783,2024-06-03T07:21:56.814841,LONG,18637.75,18636.75,6,-120.0,0,3,0
Pre_Fix_DB (processed_trades_backup_pre_ghost_fix),TM_10,NQ,T7924d9eae04e,2024-06-03T07:31:04.290795,2024-06-03T07:31:04.820577,LONG,18644.25,18643.75,6,-60.0,0,3,0
Pre_Fix_DB (processed_trades_backup_pre_ghost_fix),TM_10,NQ,T51ed294dcbd8,2024-06-03T08:59:00.446511,2024-06-03T08:59:01.009419,SHORT,18666.75,18667.25,6,-60.0,0,4,0
Pre_Fix_DB (processed_trades_backup_pre_ghost_fix),TM_10,NQ,Tc54ecc0027c2,2024-06-03T09:53:18.611987,2024-06-03T09:53:19.143041,LONG,18663.25,18663.0,6,-30.0,0,5,0
Pre_Fix_DB (processed_trades_backup_pre_ghost_fix),TM_10,NQ,T346c164d137e,2024-06-03T13:35:31.106685,2024-06-03T13:35:31.634914,LONG,18704.25,18703.25,6,-120.0,0,9,0
Pre_Fix_DB (processed_trades_backup_pre_ghost_fix),TM_10,NQ,T486683e6a235,2024-06-03T13:54:50.675444,2024-06-03T13:55:48.260148,SHORT,18685.5,18685.25,4,20.0,0,9,0
Pre_Fix_DB (processed_trades_backup_pre_ghost_fix),TM_10,NQ,Tb7451ca88054,2024-06-03T14:18:45.817994,2024-06-03T14:18:46.349694,LONG,18690.5,18691.5,6,120.0,0,10,0
Pre_Fix_DB (processed_trades_backup_pre_ghost_fix),TM_10,NQ,Ta17be8937358,2024-06-03T14:33:56.964720,2024-06-03T14:33:57.434294,LONG,18679.25,18678.5,6,-90.0,0,10,0
Pre_Fix_DB (processed_trades_backup_pre_ghost_fix),TM_10,NQ,T7008be191db7,2024-06-03T14:36:25.966916,2024-06-03T14:36:26.456031,LONG,18655.75,18654.0,6,-210.0,0,10,0
Pre_Fix_DB (processed_trades_backup_pre_ghost_fix),TM_10,NQ,T7dd7d7cd37c7,2024-06-03T14:40:13.478455,2024-06-03T14:40:13.884510,LONG,18662.75,18662.0,6,-90.0,0,10,0
Pre_Fix_DB (processed_trades_backup_pre_ghost_fix),TM_10,NQ,Tf19abd0b906f,2024-06-03T14:44:01.023153,2024-06-03T14:44:01.523434,LONG,18652.25,18652.0,6,-30.0,0,10,0
Pre_Fix_DB (processed_trades_backup_pre_ghost_fix),TM_10,NQ,T65b884b93e67,2024-06-03T14:49:40.996601,2024-06-03T14:49:41.367582,SHORT,18611.75,18611.75,6,0.0,0,10,0
Pre_Fix_DB (processed_trades_backup_pre_ghost_fix),TM_10,NQ,T26d962a34b9c,2024-06-03T15:03:16.436093,2024-06-03T15:03:16.988113,LONG,18583.5,18582.5,6,-120.0,0,11,0
Pre_Fix_DB (processed_trades_backup_pre_ghost_fix),TM_10,NQ,Td2f658d87b17,2024-06-03T15:05:44.437240,2024-06-03T15:05:45.062962,LONG,18566.0,18565.25,6,-90.0,0,11,0
Pre_Fix_DB (processed_trades_backup_pre_ghost_fix),TM_10,NQ,T188ce2f98ce0,2024-06-03T15:48:17.117627,2024-06-03T15:48:17.555607,LONG,18605.25,18605.25,6,0.0,0,11,0
Pre_Fix_DB (processed_trades_backup_pre_ghost_fix),TM_10,NQ,T021b4e418f8c,2024-06-03T16:01:07.180917,2024-06-03T16:01:32.962726,SHORT,18606.5,18606.25,4,20.0,0,12,0
Pre_Fix_DB (processed_trades_backup_pre_ghost_fix),TM_10,NQ,T748ef9b1fe74,2024-06-03T16:16:40.177681,2024-06-03T16:16:48.057175,SHORT,18530.5,18539.5,6,-1080.0,0,12,0
Pre_Fix_DB (processed_trades_backup_pre_ghost_fix),TM_10,NQ,T5fccd64fc8b8,2024-06-03T16:26:53.211860,2024-06-03T16:26:53.552217,LONG,18504.25,18505.25,6,120.0,0,12,0
Pre_Fix_DB (processed_trades_backup_pre_ghost_fix),TM_10,NQ,Tcb72e708f2c1,2024-06-03T17:50:31.386152,2024-06-03T17:50:31.889082,LONG,18562.0,18561.75,6,-30.0,0,13,0
Pre_Fix_DB (processed_trades_backup_pre_ghost_fix),TM_10,NQ,Tb2764d15eed2,2024-06-03T17:52:38.446545,2024-06-03T17:52:38.860178,LONG,18564.25,18564.0,6,-30.0,0,13,0
Pre_Fix_DB (processed_trades_backup_pre_ghost_fix),TM_10,NQ,T6bec55d4d909,2024-06-03T18:09:41.911267,2024-06-03T18:09:42.408702,SHORT,18562.0,18562.5,6,-60.0,0,14,0
Pre_Fix_DB (processed_trades_backup_pre_ghost_fix),TM_10,NQ,Tc1c2a113a88f,2024-06-03T19:24:44.271855,2024-06-03T19:24:44.736452,LONG,18587.25,18587.5,6,30.0,0,15,0
Pre_Fix_DB (processed_trades_backup_pre_ghost_fix),TM_10,NQ,T166ec86bc273,2024-06-03T19:47:07.377055,2024-06-03T19:47:07.739177,SHORT,18588.0,18588.75,6,-90.0,0,15,0
Pre_Fix_DB (processed_trades_backup_pre_ghost_fix),TM_10,NQ,Tefa348ad3259,2024-06-03T19:50:09.734104,2024-06-03T19:50:10.475425,SHORT,18591.0,18592.0,6,-120.0,0,15,0
Pre_Fix_DB (processed_trades_backup_pre_ghost_fix),TM_10,NQ,Tdf9d639c3c09,2024-06-03T19:51:24.669959,2024-06-03T19:51:25.212912,LONG,18594.5,18595.25,6,90.0,0,15,0
Pre_Fix_DB (processed_trades_backup_pre_ghost_fix),TM_10,NQ,T0eb6b6377239,2024-06-03T19:55:05.690554,2024-06-03T19:55:06.213324,SHORT,18612.75,18613.0,6,-30.0,0,15,0
Pre_Fix_DB (processed_trades_backup_pre_ghost_fix),TM_10,NQ,Taa73a1d31e52,2024-06-03T19:59:04.232012,2024-06-03T19:59:04.704121,LONG,18631.25,18631.0,6,-30.0,0,15,0
Pre_Fix_DB (processed_trades_backup_pre_ghost_fix),TM_10,NQ,T2aa0007f3ba0,2024-06-04T00:10:50.397901,2024-06-04T00:10:50.896525,LONG,18661.25,18660.75,6,-60.0,0,20,0
Pre_Fix_DB (processed_trades_backup_pre_ghost_fix),TM_10,NQ,T269a17d1b5e2,2024-06-04T02:55:51.479126,2024-06-04T02:55:52.011037,LONG,18655.0,18654.5,6,-60.0,0,22,0
Pre_Fix_DB (processed_trades_backup_pre_ghost_fix),TM_10,NQ,Td38522295373,2024-06-04T03:25:40.243811,2024-06-04T03:25:40.746397,LONG,18647.75,18647.25,6,-60.0,0,23,0
Pre_Fix_DB (processed_trades_backup_pre_ghost_fix),TM_10,NQ,Tf792e63039ba,2024-06-04T03:32:04.392529,2024-06-04T03:32:05.018012,LONG,18650.75,18650.25,6,-60.0,0,23,0
Pre_Fix_DB (processed_trades_backup_pre_ghost_fix),TM_10,NQ,T712a92d4f12b,2024-06-04T06:55:52.617607,2024-06-04T06:55:52.870137,SHORT,18595.25,18595.75,6,-60.0,0,2,1
Pre_Fix_DB (processed_trades_backup_pre_ghost_fix),TM_10,NQ,T5fe96498b9de,2024-06-04T07:04:07.400954,2024-06-04T07:04:07.834598,LONG,18594.5,18594.0,6,-60.0,0,3,1
Pre_Fix_DB (processed_trades_backup_pre_ghost_fix),TM_10,NQ,Td0bab0d2fd5b,2024-06-04T07:34:39.517937,2024-06-04T07:34:39.986498,SHORT,18605.25,18605.75,6,-60.0,0,3,1
Pre_Fix_DB (processed_trades_backup_pre_ghost_fix),TM_10,NQ,T751eacc462d2,2024-06-04T08:39:27.928208,2024-06-04T08:40:58.362442,SHORT,18571.25,18570.75,4,40.0,1,4,1
Pre_Fix_DB (processed_trades_backup_pre_ghost_fix),TM_10,NQ,T4e903daff0ef,2024-06-04T09:15:27.122122,2024-06-04T09:16:02.042911,SHORT,18545.5,18545.25,4,20.0,0,5,1
Pre_Fix_DB (processed_trades_backup_pre_ghost_fix),TM_10,NQ,Td51281dd3df9,2024-06-04T09:22:14.424463,2024-06-04T09:22:14.916830,LONG,18541.25,18540.5,6,-90.0,0,5,1
Pre_Fix_DB (processed_trades_backup_pre_ghost_fix),TM_10,NQ,T909a731922d5,2024-06-04T09:40:22.440292,2024-06-04T09:40:22.947448,LONG,18549.0,18548.5,6,-60.0,0,5,1
Pre_Fix_DB (processed_trades_backup_pre_ghost_fix),TM_10,NQ,T29f75f155a4a,2024-06-04T10:06:11.674539,2024-06-04T10:06:12.067082,SHORT,18538.5,18539.5,6,-120.0,0,6,1
Pre_Fix_DB (processed_trades_backup_pre_ghost_fix),TM_10,NQ,Ted0877d98f0f,2024-06-04T10:30:05.677953,2024-06-04T10:30:06.221024,LONG,18542.0,18541.75,6,-30.0,0,6,1
Pre_Fix_DB (processed_trades_backup_pre_ghost_fix),TM_10,NQ,T660ce4f22861,2024-06-04T11:49:03.795632,2024-06-04T11:51:18.185325,SHORT,18582.0,18582.0,4,0.0,2,7,1
Pre_Fix_DB (processed_trades_backup_pre_ghost_fix),TM_10,NQ,T092c6651f5a6,2024-06-04T12:07:38.185398,2024-06-04T12:07:38.628035,LONG,18567.5,18564.75,6,-330.0,0,8,1
Pre_Fix_DB (processed_trades_backup_pre_ghost_fix),TM_10,NQ,T1a46163dc407,2024-06-04T13:27:40.500456,2024-06-04T13:27:41.098521,LONG,18631.25,18630.5,6,-90.0,0,9,1
Pre_Fix_DB (processed_trades_backup_pre_ghost_fix),TM_10,NQ,T3cb4ced5121c,2024-06-04T13:55:24.983984,2024-06-04T13:55:25.511608,LONG,18620.0,18619.25,6,-90.0,0,9,1
Pre_Fix_DB (processed_trades_backup_pre_ghost_fix),TM_10,NQ,Tbfa1d3b6a22d,2024-06-04T14:02:24.070974,2024-06-04T14:02:32.600686,SHORT,18648.75,18648.75,4,0.0,0,10,1
Pre_Fix_DB (processed_trades_backup_pre_ghost_fix),TM_10,NQ,T110497b252bb,2024-06-04T14:08:11.078874,2024-06-04T14:08:11.656293,SHORT,18607.75,18609.0,6,-150.0,0,10,1
Pre_Fix_DB (processed_trades_backup_pre_ghost_fix),TM_10,NQ,T7be7dc6c3f41,2024-06-04T14:45:47.131189,2024-06-04T14:45:47.638307,LONG,18646.75,18646.75,6,0.0,0,10,1
Pre_Fix_DB (processed_trades_backup_pre_ghost_fix),TM_10,NQ,Ta6312d87a9b7,2024-06-04T14:53:49.858733,2024-06-04T14:53:50.368665,LONG,18623.75,18622.75,6,-120.0,0,10,1
Pre_Fix_DB (processed_trades_backup_pre_ghost_fix),TM_10,NQ,Tddf804a8bc63,2024-06-04T15:00:45.213830,2024-06-04T15:00:45.501809,LONG,18596.5,18597.25,6,90.0,0,11,1
Pre_Fix_DB (processed_trades_backup_pre_ghost_fix),TM_10,NQ,Tdd835c539bdc,2024-06-04T15:01:04.584100,2024-06-04T15:01:11.921022,LONG,18607.0,18607.25,4,20.0,0,11,1
Pre_Fix_DB (processed_trades_backup_pre_ghost_fix),TM_10,NQ,T996a3e6022fb,2024-06-04T15:04:10.554285,2024-06-04T15:04:11.062918,SHORT,18606.5,18606.5,6,0.0,0,11,1
Pre_Fix_DB (processed_trades_backup_pre_ghost_fix),TM_10,NQ,T4b311ec43a94,2024-06-04T15:43:43.641563,2024-06-04T15:44:03.712244,SHORT,18591.0,18594.0,6,-360.0,0,11,1
Pre_Fix_DB (processed_trades_backup_pre_ghost_fix),TM_10,NQ,Tabdd361748b5,2024-06-04T16:13:12.960232,2024-06-04T16:13:13.457629,LONG,18583.0,18582.75,6,-30.0,0,12,1
Pre_Fix_DB (processed_trades_backup_pre_ghost_fix),TM_10,NQ,T41ee424d7e41,2024-06-04T16:24:14.082126,2024-06-04T16:24:14.666523,LONG,18587.25,18586.0,6,-150.0,0,12,1
Pre_Fix_DB (processed_trades_backup_pre_ghost_fix),TM_10,NQ,Tcae3e5a08cbf,2024-06-04T16:36:47.291102,2024-06-04T16:36:47.791393,LONG,18605.75,18604.75,6,-120.0,0,12,1
Pre_Fix_DB (processed_trades_backup_pre_ghost_fix),TM_10,NQ,T0bcfaa64ae89,2024-06-04T17:37:34.039936,2024-06-04T17:39:46.777509,SHORT,18617.5,18625.5,6,-960.0,2,13,1
Pre_Fix_DB (processed_trades_backup_pre_ghost_fix),TM_10,NQ,T39396ba0727f,2024-06-04T18:31:26.058999,2024-06-04T18:31:26.639245,LONG,18718.25,18718.0,6,-30.0,0,14,1
Pre_Fix_DB (processed_trades_backup_pre_ghost_fix),TM_10,NQ,Tf4acdf2a5b9e,2024-06-04T18:42:40.699776,2024-06-04T18:42:41.227601,LONG,18730.5,18730.25,6,-30.0,0,14,1
Pre_Fix_DB (processed_trades_backup_pre_ghost_fix),TM_10,NQ,Tb46336e37d55,2024-06-04T18:49:05.371604,2024-06-04T18:49:05.871700,SHORT,18738.0,18739.25,6,-150.0,0,14,1
Pre_Fix_DB (processed_trades_backup_pre_ghost_fix),TM_10,NQ,T44c4a29e9df0,2024-06-04T19:02:27.507579,2024-06-04T19:02:28.004737,LONG,18667.25,18666.5,6,-90.0,0,15,1
Pre_Fix_DB (processed_trades_backup_pre_ghost_fix),TM_10,NQ,T25229abbd708,2024-06-04T19:07:29.689937,2024-06-04T19:07:30.067721,LONG,18635.0,18635.25,6,30.0,0,15,1
Pre_Fix_DB (processed_trades_backup_pre_ghost_fix),TM_10,NQ,T2e03e7bfe48b,2024-06-04T19:09:39.993758,2024-06-04T19:09:40.455897,SHORT,18657.5,18657.75,6,-30.0,0,15,1
Pre_Fix_DB (processed_trades_backup_pre_ghost_fix),TM_10,NQ,T5d08b42b4ab9,2024-06-04T19:32:06.325922,2024-06-04T19:32:06.742209,SHORT,18655.5,18655.5,6,0.0,0,15,1
Pre_Fix_DB (processed_trades_backup_pre_ghost_fix),TM_10,NQ,T492baf01f03b,2024-06-04T19:54:29.070538,2024-06-04T19:54:29.503386,LONG,18705.0,18705.75,6,90.0,0,15,1
Pre_Fix_DB (processed_trades_backup_pre_ghost_fix),TM_10,NQ,Tcfd452967e89,2024-06-04T20:11:08.921681,2024-06-04T20:11:09.392425,SHORT,18702.75,18703.25,6,-60.0,0,16,1
Pre_Fix_DB (processed_trades_backup_pre_ghost_fix),TM_10,NQ,Tde4de52a7563,2024-06-04T23:22:03.695301,2024-06-04T23:22:04.114333,SHORT,18728.5,18729.25,6,-90.0,0,19,1
Pre_Fix_DB (processed_trades_backup_pre_ghost_fix),TM_10,NQ,T9aca65f0c089,2024-06-05T01:41:24.899397,2024-06-05T01:41:25.429645,LONG,18727.5,18727.0,6,-60.0,0,21,1
Pre_Fix_DB (processed_trades_backup_pre_ghost_fix),TM_10,NQ,Tf5ec34653ef0,2024-06-05T02:11:00.024372,2024-06-05T02:11:00.585278,SHORT,18759.25,18759.5,6,-30.0,0,22,1
Pre_Fix_DB (processed_trades_backup_pre_ghost_fix),TM_10,NQ,T9834ca0a0e5d,2024-06-05T10:36:13.753825,2024-06-05T10:36:14.236611,LONG,18795.0,18794.5,6,-60.0,0,6,2
Pre_Fix_DB (processed_trades_backup_pre_ghost_fix),TM_10,NQ,Tf21d3cebe534,2024-06-05T11:00:26.239825,2024-06-05T11:00:26.741036,LONG,18773.75,18773.25,6,-60.0,0,7,2
Pre_Fix_DB (processed_trades_backup_pre_ghost_fix),TM_10,NQ,T746b1fa41511,2024-06-05T12:15:00.746105,2024-06-05T12:15:01.530078,LONG,18809.5,18809.5,6,0.0,0,8,2
Pre_Fix_DB (processed_trades_backup_pre_ghost_fix),TM_10,NQ,Tb7df20df5bc9,2024-06-05T13:37:09.874937,2024-06-05T13:37:10.407970,LONG,18824.5,18824.0,6,-60.0,0,9,2
Pre_Fix_DB (processed_trades_backup_pre_ghost_fix),TM_10,NQ,Tbd07f02cd3c6,2024-06-05T13:45:00.090413,2024-06-05T13:45:00.592093,SHORT,18841.0,18842.25,6,-150.0,0,9,2
Pre_Fix_DB (processed_trades_backup_pre_ghost_fix),TM_10,NQ,Te33c5fd28609,2024-06-05T13:55:50.402789,2024-06-05T13:55:50.905947,LONG,18857.25,18857.25,6,0.0,0,9,2
Pre_Fix_DB (processed_trades_backup_pre_ghost_fix),TM_10,NQ,T3b8068a6eceb,2024-06-05T13:55:51.757894,2024-06-05T13:55:52.259583,LONG,18857.25,18857.25,6,0.0,0,9,2
Pre_Fix_DB (processed_trades_backup_pre_ghost_fix),TM_10,NQ,T97e48ebff014,2024-06-05T14:01:50.506064,2024-06-05T14:01:51.022075,LONG,18850.0,18852.25,6,270.0,0,10,2
Pre_Fix_DB (processed_trades_backup_pre_ghost_fix),TM_10,NQ,T492532459870,2024-06-05T14:01:51.824983,2024-06-05T14:01:52.340949,LONG,18850.0,18852.25,6,270.0,0,10,2
Pre_Fix_DB (processed_trades_backup_pre_ghost_fix),TM_10,NQ,T806acc148041,2024-06-05T14:02:32.139968,2024-06-05T14:02:32.530304,SHORT,18852.75,18852.25,6,60.0,0,10,2
Pre_Fix_DB (processed_trades_backup_pre_ghost_fix),TM_10,NQ,Tadd6bdb06aac,2024-06-05T14:02:33.329676,2024-06-05T14:02:33.831951,SHORT,18852.75,18852.25,6,60.0,0,10,2
Pre_Fix_DB (processed_trades_backup_pre_ghost_fix),TM_10,NQ,T52dfbcebdc2d,2024-06-05T14:10:55.629961,2024-06-05T14:10:56.165422,SHORT,18831.25,18832.75,6,-180.0,0,10,2
Pre_Fix_DB (processed_trades_backup_pre_ghost_fix),TM_10,NQ,Tb9d278eb5442,2024-06-05T14:10:56.865410,2024-06-05T14:10:57.366223,SHORT,18831.25,18832.75,6,-180.0,0,10,2
Pre_Fix_DB (processed_trades_backup_pre_ghost_fix),TM_10,NQ,T969955889c11,2024-06-05T14:12:50.718946,2024-06-05T14:12:51.134301,SHORT,18831.75,18832.75,6,-120.0,0,10,2
Pre_Fix_DB (processed_trades_backup_pre_ghost_fix),TM_10,NQ,Tdac40c151569,2024-06-05T14:12:51.871198,2024-06-05T14:12:52.372088,SHORT,18831.75,18832.75,6,-120.0,0,10,2
Pre_Fix_DB (processed_trades_backup_pre_ghost_fix),TM_10,NQ,Tc954778feb42,2024-06-05T17:03:16.789977,2024-06-05T17:03:17.298840,SHORT,19010.5,19011.25,6,-90.0,0,13,2
Pre_Fix_DB (processed_trades_backup_pre_ghost_fix),TM_10,NQ,T423d483b6683,2024-06-05T17:42:46.421769,2024-06-05T17:43:31.104326,LONG,19011.0,19011.25,4,20.0,0,13,2
Pre_Fix_DB (processed_trades_backup_pre_ghost_fix),TM_10,NQ,T1e64fc82eceb,2024-06-07T12:33:43.141767,2024-06-07T12:33:43.407507,LONG,19015.75,19013.25,6,-300.0,0,8,4
Pre_Fix_DB (processed_trades_backup_pre_ghost_fix),TM_10,NQ,Te085f9655686,2024-06-07T12:35:25.898007,2024-06-07T12:35:26.801618,LONG,19019.75,19018.5,6,-150.0,0,8,4
Pre_Fix_DB (processed_trades_backup_pre_ghost_fix),TM_10,NQ,T1fb880789afb,2024-06-07T12:40:02.017440,2024-06-07T12:40:02.518125,SHORT,19001.75,19002.0,6,-30.0,0,8,4
Pre_Fix_DB (processed_trades_backup_pre_ghost_fix),TM_10,NQ,Tdee53d20493d,2024-06-07T12:45:00.611816,2024-06-07T12:45:01.735790,SHORT,18952.25,18950.75,6,180.0,0,8,4
Pre_Fix_DB (processed_trades_backup_pre_ghost_fix),TM_10,NQ,T5f7355bb3655,2024-06-07T13:00:22.766120,2024-06-07T13:00:23.232921,LONG,18977.75,18976.5,6,-150.0,0,9,4
Pre_Fix_DB (processed_trades_backup_pre_ghost_fix),TM_10,NQ,T2c4c4f1bc523,2024-06-07T13:00:46.169775,2024-06-07T13:01:10.501242,LONG,18985.75,18986.0,4,20.0,0,9,4
Pre_Fix_DB (processed_trades_backup_pre_ghost_fix),TM_10,NQ,Tcd1723ebedab,2024-06-07T13:07:16.915137,2024-06-07T13:07:17.479969,SHORT,19023.5,19023.5,6,0.0,0,9,4
Pre_Fix_DB (processed_trades_backup_pre_ghost_fix),TM_10,NQ,T975ade64a3ae,2024-06-07T13:29:30.509016,2024-06-07T13:29:31.014350,SHORT,19039.75,19040.25,6,-60.0,0,9,4
Pre_Fix_DB (processed_trades_backup_pre_ghost_fix),TM_10,NQ,T054732760d20,2024-06-07T13:30:07.512894,2024-06-07T13:30:10.066218,LONG,19033.25,19026.75,6,-780.0,0,9,4
Pre_Fix_DB (processed_trades_backup_pre_ghost_fix),TM_10,NQ,T6dc8c107d9fc,2024-06-07T13:39:32.136910,2024-06-07T13:39:39.832989,LONG,19005.5,19004.0,6,-180.0,0,9,4
Pre_Fix_DB (processed_trades_backup_pre_ghost_fix),TM_10,NQ,T976317505cfa,2024-06-07T13:55:20.967675,2024-06-07T13:55:29.285294,LONG,19038.5,19041.75,6,390.0,0,9,4
Pre_Fix_DB (processed_trades_backup_pre_ghost_fix),TM_10,NQ,T5230d50c264d,2024-06-07T13:55:29.805110,2024-06-07T13:57:19.397828,LONG,19042.5,19033.0,6,-1140.0,1,9,4
Pre_Fix_DB (processed_trades_backup_pre_ghost_fix),TM_10,NQ,Td27ee4f9f82d,2024-06-07T14:10:39.026872,2024-06-07T14:10:39.465783,LONG,19032.5,19033.25,4,60.0,0,10,4
Pre_Fix_DB (processed_trades_backup_pre_ghost_fix),TM_10,NQ,T1c830d519868,2024-06-07T14:22:55.811200,2024-06-07T14:23:24.514551,LONG,19041.25,19041.5,4,20.0,0,10,4
Pre_Fix_DB (processed_trades_backup_pre_ghost_fix),TM_10,NQ,T11fbe9ec6309,2024-06-07T14:33:45.947676,2024-06-07T14:34:50.519732,SHORT,19036.25,19044.5,4,-660.0,1,10,4
Pre_Fix_DB (processed_trades_backup_pre_ghost_fix),TM_10,NQ,T845fcacfd3f9,2024-06-07T14:39:20.747209,2024-06-07T14:39:21.032646,LONG,19072.5,19072.5,4,0.0,0,10,4
Pre_Fix_DB (processed_trades_backup_pre_ghost_fix),TM_10,NQ,T23fd4559beb8,2024-06-07T14:55:50.562564,2024-06-07T14:55:52.213522,LONG,19088.5,19088.0,4,-40.0,0,10,4
Pre_Fix_DB (processed_trades_backup_pre_ghost_fix),TM_10,NQ,Ta345a16d6186,2024-06-07T17:24:25.115898,2024-06-07T17:24:25.618781,SHORT,19154.5,19154.25,6,30.0,0,13,4
Pre_Fix_DB (processed_trades_backup_pre_ghost_fix),TM_10,NQ,T182ab1c65a7a,2024-06-07T18:03:33.338915,2024-06-07T18:03:33.833879,SHORT,19079.5,19080.25,6,-90.0,0,14,4
Pre_Fix_DB (processed_trades_backup_pre_ghost_fix),TM_10,NQ,Tece598ad8ded,2024-06-07T18:04:20.795587,2024-06-07T18:04:59.845046,LONG,19070.5,19064.75,6,-690.0,0,14,4
Pre_Fix_DB (processed_trades_backup_pre_ghost_fix),TM_10,NQ,T1db77ba4fe07,2024-06-07T18:30:35.128925,2024-06-07T18:31:28.608790,LONG,19048.75,19049.0,4,20.0,0,14,4
Pre_Fix_DB (processed_trades_backup_pre_ghost_fix),TM_10,NQ,T9c1d5aec4379,2024-06-07T18:38:34.191009,2024-06-07T18:39:18.433261,SHORT,19042.25,19050.25,6,-960.0,0,14,4
Pre_Fix_DB (processed_trades_backup_pre_ghost_fix),TM_10,NQ,Tca82c2929786,2024-06-07T18:48:17.299231,2024-06-07T18:48:17.924361,SHORT,19062.25,19063.25,6,-120.0,0,14,4
Pre_Fix_DB (processed_trades_backup_pre_ghost_fix),TM_10,NQ,T77133358a80f,2024-06-07T18:56:18.778659,2024-06-07T18:56:19.258499,SHORT,19057.5,19058.25,6,-90.0,0,14,4
Pre_Fix_DB (processed_trades_backup_pre_ghost_fix),TM_10,NQ,T674da686f5f7,2024-06-07T19:07:31.842112,2024-06-07T19:07:32.376312,LONG,19034.5,19034.25,6,-30.0,0,15,4
Pre_Fix_DB (processed_trades_backup_pre_ghost_fix),TM_10,NQ,Ta6cc716ca977,2024-06-07T19:31:17.161779,2024-06-07T19:32:11.095669,LONG,19049.0,19049.25,4,20.0,0,15,4
Pre_Fix_DB (processed_trades_backup_pre_ghost_fix),TM_10,NQ,T6b735e207303,2024-06-07T19:36:07.742400,2024-06-07T19:36:31.494128,LONG,19044.5,19039.0,6,-660.0,0,15,4
Pre_Fix_DB (processed_trades_backup_pre_ghost_fix),TM_10,NQ,Tcfcce5823120,2024-06-07T19:40:51.787737,2024-06-07T19:40:52.285480,SHORT,19047.75,19048.5,6,-90.0,0,15,4
Pre_Fix_DB (processed_trades_backup_pre_ghost_fix),TM_10,NQ,Tbb23dee54ac2,2024-06-07T19:40:53.636856,2024-06-07T19:40:54.134634,SHORT,19047.75,19048.5,6,-90.0,0,15,4
Pre_Fix_DB (processed_trades_backup_pre_ghost_fix),TM_10,NQ,Tff21204dfb00,2024-06-07T19:50:21.992258,2024-06-07T19:50:22.609677,LONG,19037.0,19036.75,6,-30.0,0,15,4
Pre_Fix_DB (processed_trades_backup_pre_ghost_fix),TM_10,NQ,T0ed57a652d1a,2024-06-07T20:01:45.083546,2024-06-07T20:01:45.582152,SHORT,19035.0,19036.25,6,-150.0,0,16,4
Pre_Fix_DB (processed_trades_backup_pre_ghost_fix),TM_10,NQ,Tb8e8b6097ced,2024-06-07T20:01:47.110919,2024-06-07T20:01:47.614011,SHORT,19035.0,19036.25,6,-150.0,0,16,4
Pre_Fix_DB (processed_trades_backup_pre_ghost_fix),TM_10,NQ,T268b82b38225,2024-06-09T22:36:35.173800,2024-06-09T22:36:35.642318,LONG,19036.5,19035.5,6,-120.0,0,18,6
Pre_Fix_DB (processed_trades_backup_pre_ghost_fix),TM_10,NQ,T2a39ba7418cb,2024-06-10T07:32:41.899471,2024-06-10T07:32:42.524678,SHORT,19014.25,19014.25,6,0.0,0,3,0
Pre_Fix_DB (processed_trades_backup_pre_ghost_fix),TM_10,NQ,T3a8e1abf5ce2,2024-06-10T09:25:05.770279,2024-06-10T09:25:06.266926,LONG,18975.0,18974.75,6,-30.0,0,5,0
Pre_Fix_DB (processed_trades_backup_pre_ghost_fix),TM_10,NQ,T2c06de5b7d8e,2024-06-10T11:58:42.760866,2024-06-10T11:58:55.758250,LONG,19024.5,19023.5,6,-120.0,0,7,0
Pre_Fix_DB (processed_trades_backup_pre_ghost_fix),TM_10,NQ,T08da34ccca93,2024-06-10T12:23:08.924418,2024-06-10T12:25:37.732825,SHORT,19023.75,19028.25,6,-540.0,2,8,0
Pre_Fix_DB (processed_trades_backup_pre_ghost_fix),TM_10,NQ,Tcade9e81561a,2024-06-10T13:44:25.071914,2024-06-10T13:44:26.962881,LONG,19007.0,19006.0,6,-120.0,0,9,0
Pre_Fix_DB (processed_trades_backup_pre_ghost_fix),TM_10,NQ,T983438867f40,2024-06-10T13:53:02.360666,2024-06-10T13:53:02.891386,SHORT,18992.0,18993.75,6,-210.0,0,9,0
Pre_Fix_DB (processed_trades_backup_pre_ghost_fix),TM_10,NQ,T7652cb9f56ff,2024-06-10T14:06:58.987388,2024-06-10T14:07:27.179947,SHORT,18994.25,19003.5,6,-1110.0,0,10,0
Pre_Fix_DB (processed_trades_backup_pre_ghost_fix),TM_10,NQ,Te568aff2bbc4,2024-06-10T14:12:51.067130,2024-06-10T14:12:52.430113,LONG,19002.75,19002.25,6,-60.0,0,10,0
Pre_Fix_DB (processed_trades_backup_pre_ghost_fix),TM_10,NQ,Ta6d510eadac1,2024-06-10T14:13:56.163331,2024-06-10T14:14:22.461509,LONG,19009.5,19001.0,6,-1020.0,0,10,0
Pre_Fix_DB (processed_trades_backup_pre_ghost_fix),TM_10,NQ,Td258872163c0,2024-06-10T16:18:16.571026,2024-06-10T16:18:17.021210,SHORT,19116.25,19116.5,6,-30.0,0,12,0
Pre_Fix_DB (processed_trades_backup_pre_ghost_fix),TM_10,NQ,T8884f42b0e04,2024-06-10T16:33:08.260875,2024-06-10T16:42:45.586472,LONG,19107.25,19107.5,4,20.0,9,12,0
Pre_Fix_DB (processed_trades_backup_pre_ghost_fix),TM_10,NQ,T2715ac99712e,2024-06-23T23:43:06.882535,2024-06-23T23:43:07.309219,SHORT,20012.0,20012.75,6,-90.0,0,19,6
Pre_Fix_DB (processed_trades_backup_pre_ghost_fix),TM_10,NQ,T4a94d19bc41c,2024-07-07T22:01:42.246857,2024-07-07T22:01:42.729408,SHORT,20596.0,20597.0,6,-120.0,0,18,6
Pre_Fix_DB (processed_trades_backup_pre_ghost_fix),TM_10,NQ,T2b7e6d854f3a,2024-07-10T13:35:45.288336,2024-07-10T13:35:46.158692,LONG,20735.0,20734.25,6,-90.0,0,9,2
Pre_Fix_DB (processed_trades_backup_pre_ghost_fix),TM_10,NQ,Tae6a5e1ed778,2024-07-10T13:36:00.469769,2024-07-10T13:37:38.933259,LONG,20738.0,20730.0,6,-960.0,1,9,2
Pre_Fix_DB (processed_trades_backup_pre_ghost_fix),TM_10,NQ,T3b7844754a22,2024-07-10T13:50:45.741491,2024-07-10T13:50:46.153913,SHORT,20764.75,20765.75,6,-120.0,0,9,2
Pre_Fix_DB (processed_trades_backup_pre_ghost_fix),TM_10,NQ,Tdcb931af03f1,2024-07-10T15:01:13.186178,2024-07-10T15:01:21.267955,LONG,20717.0,20714.75,6,-270.0,0,11,2
Pre_Fix_DB (processed_trades_backup_pre_ghost_fix),TM_10,NQ,Taefe9d869d55,2024-07-21T22:00:46.052104,2024-07-21T22:00:46.882141,LONG,19729.25,19728.0,6,-150.0,0,18,6
Pre_Fix_DB (processed_trades_backup_pre_ghost_fix),TM_10,NQ,T5cf20c5b7365,2024-07-21T22:12:17.847797,2024-07-21T22:13:17.926594,LONG,19747.0,19747.5,4,40.0,1,18,6
Pre_Fix_DB (processed_trades_backup_pre_ghost_fix),TM_10,NQ,T43aedce6153f,2024-07-21T22:21:46.132180,2024-07-21T22:21:46.607395,SHORT,19758.0,19761.5,6,-420.0,0,18,6
Pre_Fix_DB (processed_trades_backup_pre_ghost_fix),TM_10,NQ,T4e63b2330730,2024-07-21T23:33:25.303279,2024-07-21T23:35:45.520729,LONG,19830.0,19821.5,6,-1020.0,2,19,6
Pre_Fix_DB (processed_trades_backup_pre_ghost_fix),TM_10,NQ,T8c169052a3a6,2024-07-28T22:00:06.120079,2024-07-28T22:00:06.669137,SHORT,19184.5,19188.0,6,-420.0,0,18,6
Pre_Fix_DB (processed_trades_backup_pre_ghost_fix),TM_10,NQ,Tdff6702685e6,2024-07-28T22:01:29.746910,2024-07-28T22:02:29.592779,LONG,19214.5,19206.0,6,-1020.0,0,18,6
Pre_Fix_DB (processed_trades_backup_pre_ghost_fix),TM_10,NQ,Ta98e114499ae,2024-07-28T22:16:37.728088,2024-07-28T22:16:38.222836,SHORT,19228.75,19229.5,6,-90.0,0,18,6
Pre_Fix_DB (processed_trades_backup_pre_ghost_fix),TM_10,NQ,T70ae34390d17,2024-07-28T23:13:31.721177,2024-07-28T23:14:00.402262,LONG,19238.25,19237.5,4,-60.0,0,19,6
Pre_Fix_DB (processed_trades_backup_pre_ghost_fix),TM_10,NQ,T592a292d6958,2024-07-28T23:42:56.706264,2024-07-28T23:43:58.998495,LONG,19248.5,19248.0,4,-40.0,1,19,6
Pre_Fix_DB (processed_trades_backup_pre_ghost_fix),TM_10,NQ,Tfab5ba4d7ed7,2024-08-04T22:01:44.281067,2024-08-04T22:01:44.724067,LONG,18305.25,18302.75,6,-300.0,0,18,6
Pre_Fix_DB (processed_trades_backup_pre_ghost_fix),TM_10,NQ,T0bedd366c642,2024-12-26T14:41:05.052734,2024-12-26T14:41:07.587748,SHORT,21981.75,21985.25,6,-420.0,0,9,3
Pre_Fix_DB (processed_trades_backup_pre_ghost_fix),TM_10,NQ,Taa126e40def4,2024-12-26T23:00:00.914054,2024-12-26T23:00:01.323492,SHORT,21981.75,21986.5,6,-570.0,0,18,3
Pre_Fix_DB (processed_trades_backup_pre_ghost_fix),TM_10,NQ,Tf7b100705499,2024-12-31T14:45:45.303234,2024-12-31T14:45:47.192798,SHORT,21409.5,21411.0,6,-180.0,0,9,1
Pre_Fix_DB (processed_trades_backup_pre_ghost_fix),TM_10,NQ,Td48aaa8b4ab5,2024-12-31T14:47:54.416356,2024-12-31T14:47:56.171237,LONG,21447.0,21445.75,6,-150.0,0,9,1
Pre_Fix_DB (processed_trades_backup_pre_ghost_fix),TM_10,NQ,T60cd0d5db63c,2024-12-31T15:50:06.219624,2024-12-31T15:50:08.818068,LONG,21378.0,21378.25,6,30.0,0,10,1
Pre_Fix_DB (processed_trades_backup_pre_ghost_fix),TM_10,NQ,Tb45e6b4f717d,2024-12-31T18:50:05.033281,2024-12-31T18:50:07.442315,LONG,21255.0,21261.25,6,750.0,0,13,1
Pre_Fix_DB (processed_trades_backup_pre_ghost_fix),TM_10,NQ,T9c8403e35c2a,2024-12-31T19:33:25.921977,2024-12-31T19:33:26.406110,SHORT,21195.75,21196.0,6,-30.0,0,14,1
Pre_Fix_DB (processed_trades_backup_pre_ghost_fix),TM_10,NQ,T33b18923ef1c,2024-12-31T20:16:17.224337,2024-12-31T20:16:19.581467,LONG,21225.25,21224.5,6,-90.0,0,15,1
Pre_Fix_DB (processed_trades_backup_pre_ghost_fix),TM_10,NQ,T64291d2d0893,2024-12-31T20:39:44.055077,2024-12-31T20:39:44.684200,SHORT,21272.25,21273.25,6,-120.0,0,15,1
Pre_Fix_DB (processed_trades_backup_pre_ghost_fix),TM_10,NQ,T04c54aa43ee1,2024-12-31T20:53:12.231699,2024-12-31T20:53:14.599720,LONG,21240.25,21240.25,6,0.0,0,15,1
Pre_Fix_DB (processed_trades_backup_pre_ghost_fix),TM_10,NQ,Te4d6018732f1,2025-06-06T12:53:51.856274,2025-06-06T12:53:53.336825,SHORT,21761.25,21761.5,6,-30.0,0,8,4
Pre_Fix_DB (processed_trades_backup_pre_ghost_fix),TM_10,NQ,T54745c52c48d,2025-06-06T12:58:53.979762,2025-06-06T12:58:55.416443,LONG,21761.25,21760.25,6,-120.0,0,8,4
Pre_Fix_DB (processed_trades_backup_pre_ghost_fix),TM_10,NQ,T9b57b902d84b,2025-06-06T14:52:13.938014,2025-06-06T14:52:15.587901,SHORT,21830.75,21829.0,6,210.0,0,10,4
Pre_Fix_DB (processed_trades_backup_pre_ghost_fix),TM_10,NQ,T71bde884135b,2025-06-06T15:20:46.024237,2025-06-06T15:20:47.502823,SHORT,21748.5,21751.75,6,-390.0,0,11,4
Pre_Fix_DB (processed_trades_backup_pre_ghost_fix),TM_10,NQ,T1ab1d8864b88,2025-06-11T10:44:12.267870,2025-06-11T10:44:14.447148,LONG,21926.0,21923.75,6,-270.0,0,6,2
Pre_Fix_DB (processed_trades_backup_pre_ghost_fix),TM_10,NQ,Tbe94998376e6,2025-06-11T12:30:21.683890,2025-06-11T12:30:23.675520,SHORT,22028.0,22039.25,6,-1350.0,0,8,2
Pre_Fix_DB (processed_trades_backup_pre_ghost_fix),TM_10,NQ,Tc72040074bd4,2025-06-11T12:30:31.502939,2025-06-11T12:30:33.644683,LONG,22054.5,22045.25,6,-1110.0,0,8,2
Pre_Fix_DB (processed_trades_backup_pre_ghost_fix),TM_10,NQ,T646b070a24a0,2025-06-11T13:30:59.976399,2025-06-11T13:31:01.383535,SHORT,22012.5,22015.25,6,-330.0,0,9,2
Pre_Fix_DB (processed_trades_backup_pre_ghost_fix),TM_10,NQ,T8879d6f75f21,2025-06-11T14:12:41.973630,2025-06-11T14:12:43.735846,SHORT,22001.25,22003.25,6,-240.0,0,10,2
Pre_Fix_DB (processed_trades_backup_pre_ghost_fix),TM_10,NQ,Td0e5293fcb20,2025-06-11T16:19:20.751558,2025-06-11T16:19:22.352153,SHORT,21930.5,21933.5,6,-360.0,0,12,2
Pre_Fix_DB (processed_trades_backup_pre_ghost_fix),TM_10,NQ,Tf9a02256b36e,2025-06-11T18:02:26.119020,2025-06-11T18:02:27.632366,LONG,21880.75,21880.5,6,-30.0,0,14,2
Pre_Fix_DB (processed_trades_backup_pre_ghost_fix),TM_10,NQ,Tf2d4b81eaafc,2025-06-11T18:10:00.806763,2025-06-11T18:10:02.418671,SHORT,21875.5,21879.5,6,-480.0,0,14,2
Pre_Fix_DB (processed_trades_backup_pre_ghost_fix),TM_10,NQ,T0e38887544e8,2025-06-11T18:18:43.067627,2025-06-11T18:19:05.200881,SHORT,21828.75,21820.0,6,1050.0,0,14,2
Pre_Fix_DB (processed_trades_backup_pre_ghost_fix),TM_10,NQ,Tc497c349ffb7,2025-06-11T18:56:08.333831,2025-06-11T18:56:15.467545,SHORT,21861.75,21860.25,6,180.0,0,14,2
Pre_Fix_DB (processed_trades_backup_pre_ghost_fix),TM_10,NQ,T432d5b129ecb,2025-06-11T19:53:52.100834,2025-06-11T19:53:54.609529,SHORT,21870.0,21871.5,6,-180.0,0,15,2
Pre_Fix_DB (processed_trades_backup_pre_ghost_fix),TM_10,NQ,T445fcf87f7e3,2025-06-13T00:02:13.817167,2025-06-13T00:02:15.286196,LONG,21752.75,21742.75,6,-1200.0,0,20,3
Pre_Fix_DB (processed_trades_backup_pre_ghost_fix),TM_10,NQ,T49995e4cc14a,2025-06-13T00:06:33.908314,2025-06-13T00:06:35.409342,LONG,21692.5,21688.5,6,-480.0,0,20,3
Pre_Fix_DB (processed_trades_backup_pre_ghost_fix),TM_10,NQ,T90531386ff59,2025-06-13T00:11:45.507005,2025-06-13T00:11:47.486685,SHORT,21653.5,21661.25,6,-930.0,0,20,3
Pre_Fix_DB (processed_trades_backup_pre_ghost_fix),TM_10,NQ,T1779c66ab1a8,2025-06-13T00:16:54.022511,2025-06-13T00:16:55.603774,SHORT,21670.5,21673.75,6,-390.0,0,20,3
Pre_Fix_DB (processed_trades_backup_pre_ghost_fix),TM_10,NQ,Te7bf7aea34fe,2025-06-13T00:32:59.457458,2025-06-13T00:33:01.414625,SHORT,21560.0,21562.0,6,-240.0,0,20,3
Pre_Fix_DB (processed_trades_backup_pre_ghost_fix),TM_10,NQ,Td8a59d3d9ebf,2025-06-13T01:42:36.563983,2025-06-13T01:42:38.576938,SHORT,21554.75,21562.75,6,-960.0,0,21,3
Pre_Fix_DB (processed_trades_backup_pre_ghost_fix),TM_10,NQ,T632e857b8976,2025-06-13T07:15:39.108703,2025-06-13T07:15:43.478297,SHORT,21623.25,21621.0,6,270.0,0,3,4
Pre_Fix_DB (processed_trades_backup_pre_ghost_fix),TM_10,NQ,T27b4396992a1,2025-06-13T09:29:22.031660,2025-06-13T09:29:23.430452,LONG,21630.0,21630.5,6,60.0,0,5,4
Pre_Fix_DB (processed_trades_backup_pre_ghost_fix),TM_10,NQ,Td8b1e6d62d51,2025-06-13T13:35:26.884561,2025-06-13T13:35:28.373940,LONG,21763.75,21761.0,6,-330.0,0,9,4
Pre_Fix_DB (processed_trades_backup_pre_ghost_fix),TM_10,NQ,T4598735988b3,2025-06-13T15:15:44.748654,2025-06-13T15:15:46.649075,SHORT,21764.5,21768.0,6,-420.0,0,11,4
Pre_Fix_DB (processed_trades_backup_pre_ghost_fix),TM_10,NQ,T3bc00013df3d,2025-06-13T17:21:03.535336,2025-06-13T17:21:30.329516,SHORT,21809.5,21802.75,6,810.0,0,13,4
Pre_Fix_DB (processed_trades_backup_pre_ghost_fix),TM_10,NQ,Tcc6dcbf640e5,2025-06-13T19:50:01.745189,2025-06-13T19:50:03.606856,SHORT,21644.5,21645.0,6,-60.0,0,15,4
Pre_Fix_DB (processed_trades_backup_pre_ghost_fix),TM_10,NQ,T90d3d013a55e,2025-06-13T19:50:02.910477,2025-06-13T19:50:04.833689,SHORT,21644.5,21645.0,6,-60.0,0,15,4
Pre_Fix_DB (processed_trades_backup_pre_ghost_fix),TM_10,NQ,T3f0adcc3ae81,2025-06-22T22:01:11.789180,2025-06-22T22:01:13.434532,SHORT,21690.0,21694.25,6,-510.0,0,18,6
Pre_Fix_DB (processed_trades_backup_pre_ghost_fix),TM_10,NQ,T7e15595a670b,2025-06-22T22:01:44.908152,2025-06-22T22:01:46.392142,LONG,21700.0,21694.75,6,-630.0,0,18,6
Pre_Fix_DB (processed_trades_backup_pre_ghost_fix),TM_10,NQ,Tdf6df6e3a9d4,2025-06-22T22:03:40.950643,2025-06-22T22:03:42.449735,LONG,21702.75,21701.25,6,-180.0,0,18,6
Pre_Fix_DB (processed_trades_backup_pre_ghost_fix),TM_10,NQ,T169455a9df1a,2025-06-29T22:00:00.045837,2025-06-29T22:00:01.587668,SHORT,22760.0,22762.75,6,-330.0,0,18,6
Pre_Fix_DB (processed_trades_backup_pre_ghost_fix),TM_10,NQ,T468f22e6e2ad,2025-07-02T12:15:14.979864,2025-07-02T12:15:16.445678,LONG,22653.75,22647.5,6,-750.0,0,8,2
Pre_Fix_DB (processed_trades_backup_pre_ghost_fix),TM_10,NQ,T85660f3e9988,2025-07-02T13:31:28.558680,2025-07-02T13:31:30.529337,LONG,22670.5,22669.5,6,-120.0,0,9,2
Pre_Fix_DB (processed_trades_backup_pre_ghost_fix),TM_10,NQ,T1889fbf66d90,2025-07-02T15:21:46.442560,2025-07-02T15:21:48.439890,LONG,22825.25,22825.5,6,30.0,0,11,2
Pre_Fix_DB (processed_trades_backup_pre_ghost_fix),TM_10,NQ,T6e412d9bb519,2025-07-02T15:45:36.018189,2025-07-02T15:45:37.514730,LONG,22814.0,22814.25,6,30.0,0,11,2
Pre_Fix_DB (processed_trades_backup_pre_ghost_fix),TM_10,NQ,Te1f2044400ac,2025-07-04T13:58:46.011922,2025-07-04T13:58:47.571930,LONG,22916.75,22916.0,6,-90.0,0,9,4
Pre_Fix_DB (processed_trades_backup_pre_ghost_fix),TM_10,NQ,T91f8cd5ca105,2025-07-07T16:21:31.959096,2025-07-07T16:21:33.403220,SHORT,22855.5,22859.5,6,-480.0,0,12,0
Pre_Fix_DB (processed_trades_backup_pre_ghost_fix),TM_10,NQ,T26592b6995e8,2025-07-13T22:03:06.437915,2025-07-13T22:03:08.334426,LONG,22836.5,22838.5,6,240.0,0,18,6
Pre_Fix_DB (processed_trades_backup_pre_ghost_fix),TM_10,NQ,Tf90bb907537f,2025-07-13T22:04:33.924863,2025-07-13T22:04:35.399590,SHORT,22842.0,22839.75,6,270.0,0,18,6
Pre_Fix_DB (processed_trades_backup_pre_ghost_fix),TM_9,NQ,T4624d8608e32,2024-03-18T13:41:31.302293,2024-03-18T13:41:31.781341,SHORT,18345.5,18345.0,6,60.0,0,9,0
Pre_Fix_DB (processed_trades_backup_pre_ghost_fix),TM_9,NQ,T657415ea8dae,2024-03-18T14:03:56.668482,2024-03-18T14:03:57.168749,LONG,18310.75,18309.75,6,-120.0,0,10,0
Pre_Fix_DB (processed_trades_backup_pre_ghost_fix),TM_9,NQ,Te2214cfa44a2,2024-03-18T15:38:32.071108,2024-03-18T15:38:32.560309,LONG,18309.0,18308.5,6,-60.0,0,11,0
Pre_Fix_DB (processed_trades_backup_pre_ghost_fix),TM_9,NQ,T910feacfb4f6,2024-03-18T18:40:49.329365,2024-03-18T18:40:49.844891,SHORT,18287.25,18287.75,6,-60.0,0,14,0
Pre_Fix_DB (processed_trades_backup_pre_ghost_fix),TM_9,NQ,Td93bde7a66ad,2024-03-18T19:42:52.477531,2024-03-18T19:42:53.009466,LONG,18266.75,18266.25,6,-60.0,0,15,0
Pre_Fix_DB (processed_trades_backup_pre_ghost_fix),TM_9,NQ,T6be171433969,2024-03-18T20:08:06.795927,2024-03-18T20:08:07.289168,LONG,18234.0,18233.75,6,-30.0,0,16,0
Pre_Fix_DB (processed_trades_backup_pre_ghost_fix),TM_9,NQ,Tffd4cffc61af,2024-03-18T22:00:18.030322,2024-03-18T22:00:18.510490,LONG,18220.25,18218.25,6,-240.0,0,18,0
Pre_Fix_DB (processed_trades_backup_pre_ghost_fix),TM_9,NQ,T753a997cdb52,2024-03-19T11:03:46.150226,2024-03-19T11:03:46.562668,LONG,18147.5,18147.5,6,0.0,0,7,1
Pre_Fix_DB (processed_trades_backup_pre_ghost_fix),TM_9,NQ,T4b92f502044c,2024-03-19T12:08:57.697919,2024-03-19T12:11:09.763306,SHORT,18104.5,18104.25,4,20.0,2,8,1
Pre_Fix_DB (processed_trades_backup_pre_ghost_fix),TM_9,NQ,T75cd0a5705b5,2024-03-19T12:57:39.582387,2024-03-19T12:57:40.018273,SHORT,18132.25,18132.25,6,0.0,0,8,1
Pre_Fix_DB (processed_trades_backup_pre_ghost_fix),TM_9,NQ,T8ba71f2c2059,2024-03-19T13:51:26.744740,2024-03-19T13:51:27.103560,SHORT,18085.0,18085.0,6,0.0,0,9,1
Pre_Fix_DB (processed_trades_backup_pre_ghost_fix),TM_9,NQ,Tc089ce576512,2024-03-19T14:34:12.313058,2024-03-19T14:34:12.841415,LONG,18094.25,18093.75,6,-60.0,0,10,1
Pre_Fix_DB (processed_trades_backup_pre_ghost_fix),TM_9,NQ,T86e8e8109f29,2024-03-19T15:39:37.249630,2024-03-19T15:39:37.826652,SHORT,18148.5,18148.5,6,0.0,0,11,1
Pre_Fix_DB (processed_trades_backup_pre_ghost_fix),TM_9,NQ,T5a6dc1f57d6a,2024-03-19T16:07:46.577863,2024-03-19T16:07:47.081474,SHORT,18167.25,18167.75,6,-60.0,0,12,1
Pre_Fix_DB (processed_trades_backup_pre_ghost_fix),TM_9,NQ,T2da1001d0d29,2024-03-19T16:51:32.925380,2024-03-19T16:51:33.424826,SHORT,18257.75,18258.0,6,-30.0,0,12,1
Pre_Fix_DB (processed_trades_backup_pre_ghost_fix),TM_9,NQ,Tb5934c6ffb0f,2024-03-20T10:31:46.599573,2024-03-20T10:31:47.254086,LONG,18277.75,18276.75,6,-120.0,0,6,2
Pre_Fix_DB (processed_trades_backup_pre_ghost_fix),TM_9,NQ,T9fc953c7f674,2024-03-20T11:04:59.675958,2024-03-20T11:05:00.020297,SHORT,18300.0,18300.5,6,-60.0,0,7,2
Pre_Fix_DB (processed_trades_backup_pre_ghost_fix),TM_9,NQ,T635f83795a0b,2024-03-20T14:23:50.036081,2024-03-20T14:24:16.868823,SHORT,18275.5,18282.5,6,-840.0,0,10,2
Pre_Fix_DB (processed_trades_backup_pre_ghost_fix),TM_9,NQ,T3b10bdafb698,2024-03-20T18:00:37.412906,2024-03-20T18:00:37.942497,LONG,18321.75,18320.0,6,-210.0,0,14,2
Pre_Fix_DB (processed_trades_backup_pre_ghost_fix),TM_9,NQ,Tcd5aee4697fb,2024-03-20T18:14:28.996028,2024-03-20T18:14:29.467796,LONG,18347.25,18347.0,6,-30.0,0,14,2
Pre_Fix_DB (processed_trades_backup_pre_ghost_fix),TM_9,NQ,Tf22e85726310,2024-03-20T19:05:04.952186,2024-03-20T19:05:05.446403,LONG,18441.0,18439.5,6,-180.0,0,15,2
Pre_Fix_DB (processed_trades_backup_pre_ghost_fix),TM_9,NQ,T63da181f5791,2024-03-20T19:13:23.661634,2024-03-20T19:13:24.137324,LONG,18444.5,18442.75,6,-210.0,0,15,2
Pre_Fix_DB (processed_trades_backup_pre_ghost_fix),TM_9,NQ,T3d8af6f88727,2024-03-20T20:01:19.208168,2024-03-20T20:01:19.830902,SHORT,18499.25,18497.75,6,180.0,0,16,2
Pre_Fix_DB (processed_trades_backup_pre_ghost_fix),TM_9,NQ,T4767eaa5743c,2024-03-21T09:25:18.136502,2024-03-21T09:25:18.631413,LONG,18591.0,18589.5,6,-180.0,0,5,3
Pre_Fix_DB (processed_trades_backup_pre_ghost_fix),TM_9,NQ,T63e456f7b7d0,2024-03-21T13:38:09.819148,2024-03-21T13:38:10.321416,LONG,18682.75,18683.25,6,60.0,0,9,3
Pre_Fix_DB (processed_trades_backup_pre_ghost_fix),TM_9,NQ,Tb96dc2b6fc65,2024-03-21T13:49:39.430155,2024-03-21T13:49:40.022773,LONG,18641.25,18642.25,6,120.0,0,9,3
Pre_Fix_DB (processed_trades_backup_pre_ghost_fix),TM_9,NQ,Tccd84d8f9aa3,2024-03-21T14:00:15.388284,2024-03-21T14:00:15.766838,LONG,18651.0,18649.5,6,-180.0,0,10,3
Pre_Fix_DB (processed_trades_backup_pre_ghost_fix),TM_9,NQ,T02a3e8e8cd9f,2024-03-21T14:13:38.939579,2024-03-21T14:13:39.395312,SHORT,18645.5,18645.5,6,0.0,0,10,3
Pre_Fix_DB (processed_trades_backup_pre_ghost_fix),TM_9,NQ,Tb3ae703f4242,2024-03-21T16:27:23.641418,2024-03-21T16:27:24.043009,SHORT,18703.0,18703.25,6,-30.0,0,12,3
Pre_Fix_DB (processed_trades_backup_pre_ghost_fix),TM_9,NQ,Tab6754e10308,2024-03-21T17:31:04.958453,2024-03-21T17:31:05.490109,LONG,18655.0,18654.5,6,-60.0,0,13,3
Pre_Fix_DB (processed_trades_backup_pre_ghost_fix),TM_9,NQ,T25e48b8c6898,2024-03-21T17:53:48.990540,2024-03-21T17:53:49.426853,LONG,18621.75,18621.5,6,-30.0,0,13,3
Pre_Fix_DB (processed_trades_backup_pre_ghost_fix),TM_9,NQ,Ta7c910a2de7a,2024-03-21T18:08:43.750075,2024-03-21T18:08:44.210827,LONG,18595.75,18595.25,6,-60.0,0,14,3
Pre_Fix_DB (processed_trades_backup_pre_ghost_fix),TM_9,NQ,Tb166f6df2e5a,2024-03-21T19:34:43.294853,2024-03-21T19:35:18.898519,SHORT,18579.5,18578.75,4,60.0,0,15,3
Pre_Fix_DB (processed_trades_backup_pre_ghost_fix),TM_9,NQ,Ta680d74175d9,2024-03-22T09:01:29.528669,2024-03-22T09:01:30.060452,SHORT,18600.25,18600.0,6,30.0,0,5,4
Pre_Fix_DB (processed_trades_backup_pre_ghost_fix),TM_9,NQ,T373a7ee09a03,2024-03-22T13:42:13.250277,2024-03-22T13:42:13.737538,SHORT,18519.0,18519.5,6,-60.0,0,9,4
Pre_Fix_DB (processed_trades_backup_pre_ghost_fix),TM_9,NQ,T50e3cd2cfcb6,2024-03-22T14:19:22.936878,2024-03-22T14:19:23.400947,LONG,18540.75,18542.5,6,210.0,0,10,4
Pre_Fix_DB (processed_trades_backup_pre_ghost_fix),TM_9,NQ,T41bab47734a2,2024-03-22T16:15:23.578284,2024-03-22T16:18:18.101200,SHORT,18542.5,18542.25,4,20.0,2,12,4
Pre_Fix_DB (processed_trades_backup_pre_ghost_fix),TM_9,NQ,T237005660035,2024-03-24T22:08:51.872348,2024-03-24T22:08:52.392843,SHORT,18571.0,18572.75,6,-210.0,0,18,6
Pre_Fix_DB (processed_trades_backup_pre_ghost_fix),TM_9,NQ,T49435895c33f,2024-03-25T13:33:26.742232,2024-03-25T13:33:27.367052,SHORT,18477.25,18479.25,6,-240.0,0,9,0
Pre_Fix_DB (processed_trades_backup_pre_ghost_fix),TM_9,NQ,T29e47350c853,2024-03-25T14:48:00.460392,2024-03-25T14:48:00.957323,LONG,18502.5,18502.75,6,30.0,0,10,0
Pre_Fix_DB (processed_trades_backup_pre_ghost_fix),TM_9,NQ,T1d027e34d6dc,2024-03-25T15:39:10.678614,2024-03-25T15:39:11.160929,LONG,18537.0,18536.75,6,-30.0,0,11,0
Pre_Fix_DB (processed_trades_backup_pre_ghost_fix),TM_9,NQ,T605463290613,2024-03-25T19:57:01.531123,2024-03-25T19:57:02.009990,LONG,18510.0,18509.5,6,-60.0,0,15,0
Pre_Fix_DB (processed_trades_backup_pre_ghost_fix),TM_9,NQ,T30c328e668ee,2024-03-26T05:06:16.387700,2024-03-26T05:06:16.876903,LONG,18540.75,18540.0,6,-90.0,0,1,1
Pre_Fix_DB (processed_trades_backup_pre_ghost_fix),TM_9,NQ,Ta823baf49de0,2024-03-26T13:38:42.654085,2024-03-26T13:38:43.127250,SHORT,18573.5,18574.25,6,-90.0,0,9,1
Pre_Fix_DB (processed_trades_backup_pre_ghost_fix),TM_9,NQ,T2f0b223fabab,2024-03-26T14:59:12.376463,2024-03-26T15:06:41.489235,SHORT,18563.0,18561.5,4,120.0,7,10,1
Pre_Fix_DB (processed_trades_backup_pre_ghost_fix),TM_9,NQ,T7bedd0cd521d,2024-03-26T17:45:32.654224,2024-03-26T17:55:11.586805,SHORT,18536.75,18545.0,6,-990.0,9,13,1
Pre_Fix_DB (processed_trades_backup_pre_ghost_fix),TM_9,NQ,Tb3fbdd1e52e7,2024-03-26T18:56:33.069797,2024-03-26T18:56:33.453683,LONG,18556.25,18555.5,6,-90.0,0,14,1
Pre_Fix_DB (processed_trades_backup_pre_ghost_fix),TM_9,NQ,T36b5fe0c0805,2024-03-27T10:20:20.071090,2024-03-27T10:20:20.504658,SHORT,18528.75,18533.25,6,-540.0,0,6,2
Pre_Fix_DB (processed_trades_backup_pre_ghost_fix),TM_9,NQ,Tf0082b432c8c,2024-03-27T13:46:26.805912,2024-03-27T13:46:27.336673,LONG,18507.75,18507.5,6,-30.0,0,9,2
Pre_Fix_DB (processed_trades_backup_pre_ghost_fix),TM_9,NQ,T935ec8d8c98f,2024-03-27T13:56:34.955102,2024-03-27T13:56:35.603558,LONG,18451.25,18449.75,6,-180.0,0,9,2
Pre_Fix_DB (processed_trades_backup_pre_ghost_fix),TM_9,NQ,T7817dbcf6020,2024-03-27T14:03:55.714645,2024-03-27T14:03:56.200414,LONG,18389.0,18387.75,6,-150.0,0,10,2
Pre_Fix_DB (processed_trades_backup_pre_ghost_fix),TM_9,NQ,Tc198654b7f91,2024-03-27T14:13:23.053154,2024-03-27T14:13:23.477682,LONG,18404.5,18403.5,6,-120.0,0,10,2
Pre_Fix_DB (processed_trades_backup_pre_ghost_fix),TM_9,NQ,T8dfe728a1d68,2024-03-27T15:29:28.021926,2024-03-27T15:29:28.457727,SHORT,18405.75,18407.0,6,-150.0,0,11,2
Pre_Fix_DB (processed_trades_backup_pre_ghost_fix),TM_9,NQ,T83a160770034,2024-03-27T19:36:06.810863,2024-03-27T19:36:07.326558,SHORT,18448.75,18450.5,6,-210.0,0,15,2
Pre_Fix_DB (processed_trades_backup_pre_ghost_fix),TM_9,NQ,Te6c3f7f007a8,2024-03-27T23:51:58.735245,2024-03-27T23:51:59.378437,LONG,18477.25,18476.75,6,-60.0,0,19,2
Pre_Fix_DB (processed_trades_backup_pre_ghost_fix),TM_9,NQ,T7081afbf476b,2024-03-28T17:12:56.806586,2024-03-28T17:12:57.340043,LONG,18459.75,18459.25,6,-60.0,0,13,3
Pre_Fix_DB (processed_trades_backup_pre_ghost_fix),TM_9,NQ,T7963e55c0b72,2024-03-31T22:00:27.713575,2024-03-31T22:00:28.322008,SHORT,18537.5,18549.75,6,-1470.0,0,18,6
Pre_Fix_DB (processed_trades_backup_pre_ghost_fix),TM_9,NQ,T550a294a53af,2024-03-31T22:04:33.354809,2024-03-31T22:04:33.854491,SHORT,18557.0,18558.5,6,-180.0,0,18,6
Pre_Fix_DB (processed_trades_backup_pre_ghost_fix),TM_9,NQ,Tbbf4cb37b84f,2024-04-01T13:55:12.344512,2024-04-01T13:55:12.845646,LONG,18598.75,18598.0,6,-90.0,0,9,0
Pre_Fix_DB (processed_trades_backup_pre_ghost_fix),TM_9,NQ,T178a780f5ced,2024-04-01T14:00:33.413587,2024-04-01T14:00:33.956017,LONG,18592.75,18594.0,6,150.0,0,10,0
Pre_Fix_DB (processed_trades_backup_pre_ghost_fix),TM_9,NQ,T9ccdcf783b66,2024-04-01T15:10:19.028171,2024-04-01T15:10:19.860957,SHORT,18468.25,18468.5,6,-30.0,0,11,0
Pre_Fix_DB (processed_trades_backup_pre_ghost_fix),TM_9,NQ,Tde35a8ea57c2,2024-04-01T15:15:40.121642,2024-04-01T15:15:40.533222,LONG,18453.5,18452.75,6,-90.0,0,11,0
Pre_Fix_DB (processed_trades_backup_pre_ghost_fix),TM_9,NQ,T8a64bff4cff9,2024-04-01T15:27:51.313454,2024-04-01T15:27:51.665532,SHORT,18465.25,18466.0,6,-90.0,0,11,0
Pre_Fix_DB (processed_trades_backup_pre_ghost_fix),TM_9,NQ,T2e56853f3dc1,2024-04-01T17:53:00.047621,2024-04-01T17:53:00.544905,SHORT,18444.75,18444.75,6,0.0,0,13,0
Pre_Fix_DB (processed_trades_backup_pre_ghost_fix),TM_9,NQ,T58316245a8d2,2024-04-01T19:44:20.765439,2024-04-01T19:44:21.390392,LONG,18480.25,18480.0,6,-30.0,0,15,0
Pre_Fix_DB (processed_trades_backup_pre_ghost_fix),TM_9,NQ,T979bc96ed8a8,2024-04-01T19:58:27.549630,2024-04-01T19:58:28.083423,SHORT,18492.75,18492.75,6,0.0,0,15,0
Pre_Fix_DB (processed_trades_backup_pre_ghost_fix),TM_9,NQ,Tb716b2b394b8,2024-04-02T14:00:37.945266,2024-04-02T14:00:38.432084,LONG,18239.25,18239.5,6,30.0,0,10,1
Pre_Fix_DB (processed_trades_backup_pre_ghost_fix),TM_9,NQ,T7e82ff8547af,2024-04-02T16:59:44.186985,2024-04-02T16:59:44.630060,SHORT,18289.5,18289.75,6,-30.0,0,12,1
Pre_Fix_DB (processed_trades_backup_pre_ghost_fix),TM_9,NQ,Tfbbc46823ad9,2024-04-03T06:13:59.360608,2024-04-03T06:13:59.848684,LONG,18284.5,18283.75,6,-90.0,0,2,2
Pre_Fix_DB (processed_trades_backup_pre_ghost_fix),TM_9,NQ,T68c557ef0baa,2024-04-03T11:24:08.503422,2024-04-03T11:24:08.731475,SHORT,18297.0,18298.5,6,-180.0,0,7,2
Pre_Fix_DB (processed_trades_backup_pre_ghost_fix),TM_9,NQ,T83d497963ccd,2024-04-03T13:37:15.733249,2024-04-03T13:37:16.324733,SHORT,18278.25,18278.5,6,-30.0,0,9,2
Pre_Fix_DB (processed_trades_backup_pre_ghost_fix),TM_9,NQ,T633f55e67c13,2024-04-03T13:42:31.745819,2024-04-03T13:42:32.342873,SHORT,18261.0,18261.5,6,-60.0,0,9,2
Pre_Fix_DB (processed_trades_backup_pre_ghost_fix),TM_9,NQ,T1e5161e950a3,2024-04-03T14:56:49.874479,2024-04-03T14:56:50.400330,LONG,18425.25,18427.75,6,300.0,0,10,2
Pre_Fix_DB (processed_trades_backup_pre_ghost_fix),TM_9,NQ,T110b5466dd98,2024-04-03T18:17:48.760546,2024-04-03T18:17:49.321702,SHORT,18410.25,18410.75,6,-60.0,0,14,2
Pre_Fix_DB (processed_trades_backup_pre_ghost_fix),TM_9,NQ,T2899c35ceb4f,2024-04-03T19:14:09.430835,2024-04-03T19:14:09.896832,LONG,18366.25,18365.25,6,-120.0,0,15,2
Pre_Fix_DB (processed_trades_backup_pre_ghost_fix),TM_9,NQ,T3ff496976a61,2024-04-04T05:22:37.592780,2024-04-04T05:22:38.056241,SHORT,18438.75,18439.5,6,-90.0,0,1,3
Pre_Fix_DB (processed_trades_backup_pre_ghost_fix),TM_9,NQ,Te893f1f5d7e0,2024-04-04T12:31:06.418871,2024-04-04T12:31:06.893090,SHORT,18448.75,18448.25,6,60.0,0,8,3
Pre_Fix_DB (processed_trades_backup_pre_ghost_fix),TM_9,NQ,T77e9eb883c91,2024-04-04T13:29:59.392710,2024-04-04T13:29:59.954951,SHORT,18543.25,18548.25,6,-600.0,0,9,3
Pre_Fix_DB (processed_trades_backup_pre_ghost_fix),TM_9,NQ,T84f3c80d7082,2024-04-04T14:19:45.385236,2024-04-04T14:20:28.152809,SHORT,18509.0,18513.5,6,-540.0,0,10,3
Pre_Fix_DB (processed_trades_backup_pre_ghost_fix),TM_9,NQ,Ta62ab6fc6470,2024-04-04T15:30:27.405279,2024-04-04T15:30:28.149311,LONG,18506.0,18505.75,6,-30.0,0,11,3
Pre_Fix_DB (processed_trades_backup_pre_ghost_fix),TM_9,NQ,T5523b55dc513,2024-04-04T17:02:23.434870,2024-04-04T17:02:23.755266,SHORT,18546.25,18546.75,6,-60.0,0,13,3
Pre_Fix_DB (processed_trades_backup_pre_ghost_fix),TM_9,NQ,T3630a5117989,2024-04-04T18:00:17.931893,2024-04-04T18:00:18.626547,LONG,18485.0,18485.75,6,90.0,0,14,3
Pre_Fix_DB (processed_trades_backup_pre_ghost_fix),TM_9,NQ,Ta1c0479b2710,2024-04-04T18:23:36.545941,2024-04-04T18:23:36.948011,LONG,18401.0,18400.5,6,-60.0,0,14,3
Pre_Fix_DB (processed_trades_backup_pre_ghost_fix),TM_9,NQ,Tffb7f7e4903e,2024-04-04T19:05:13.179016,2024-04-04T19:05:13.742450,LONG,18192.25,18194.25,6,240.0,0,15,3
Pre_Fix_DB (processed_trades_backup_pre_ghost_fix),TM_9,NQ,T40bdf9342010,2024-04-04T19:05:14.911486,2024-04-04T19:05:15.410138,LONG,18192.25,18194.25,6,240.0,0,15,3
Pre_Fix_DB (processed_trades_backup_pre_ghost_fix),TM_9,NQ,Tf65f36cc19ef,2024-04-04T19:14:32.179505,2024-04-04T19:14:32.674675,LONG,18190.0,18189.25,6,-90.0,0,15,3
Pre_Fix_DB (processed_trades_backup_pre_ghost_fix),TM_9,NQ,T97f5406d7133,2024-04-04T19:14:33.982950,2024-04-04T19:14:34.478758,LONG,18190.0,18189.25,6,-90.0,0,15,3
Pre_Fix_DB (processed_trades_backup_pre_ghost_fix),TM_9,NQ,Tfb7214b6f378,2024-04-04T19:22:57.746249,2024-04-04T19:22:58.240260,SHORT,18157.5,18157.0,6,60.0,0,15,3
Pre_Fix_DB (processed_trades_backup_pre_ghost_fix),TM_9,NQ,Tedc0af73d208,2024-04-04T19:22:59.508795,2024-04-04T19:23:00.005715,SHORT,18157.5,18157.0,6,60.0,0,15,3
Pre_Fix_DB (processed_trades_backup_pre_ghost_fix),TM_9,NQ,T765fb66e253e,2024-04-04T19:34:46.529052,2024-04-04T19:34:46.903512,SHORT,18138.75,18138.25,6,60.0,0,15,3
Pre_Fix_DB (processed_trades_backup_pre_ghost_fix),TM_9,NQ,Tdf57f96c8076,2024-04-04T19:34:48.133301,2024-04-04T19:34:48.597242,SHORT,18138.75,18138.25,6,60.0,0,15,3
Pre_Fix_DB (processed_trades_backup_pre_ghost_fix),TM_9,NQ,T3f3e761974cb,2024-04-05T00:38:58.087002,2024-04-05T00:38:58.580877,LONG,18074.0,18073.25,6,-90.0,0,20,3
Pre_Fix_DB (processed_trades_backup_pre_ghost_fix),TM_9,NQ,T6ece0f0dbfc3,2024-04-05T12:30:45.608351,2024-04-05T12:30:46.063071,SHORT,18086.25,18090.75,6,-540.0,0,8,4
Pre_Fix_DB (processed_trades_backup_pre_ghost_fix),TM_9,NQ,T5fd697c06da1,2024-04-05T12:46:39.115436,2024-04-05T12:46:39.678602,SHORT,18164.0,18164.75,6,-90.0,0,8,4
Pre_Fix_DB (processed_trades_backup_pre_ghost_fix),TM_9,NQ,Te3e7ea5b02a5,2024-04-05T12:50:14.155334,2024-04-05T12:50:14.718004,LONG,18156.75,18158.5,6,210.0,0,8,4
Pre_Fix_DB (processed_trades_backup_pre_ghost_fix),TM_9,NQ,Te1000bef3da8,2024-04-05T12:58:01.818957,2024-04-05T12:58:02.285583,LONG,18136.0,18135.0,6,-120.0,0,8,4
Pre_Fix_DB (processed_trades_backup_pre_ghost_fix),TM_9,NQ,T0d508ee8d826,2024-04-05T13:11:14.220079,2024-04-05T13:11:14.786989,LONG,18130.5,18128.5,6,-240.0,0,9,4
Pre_Fix_DB (processed_trades_backup_pre_ghost_fix),TM_9,NQ,T2b67cffbfccc,2024-04-05T13:40:54.270607,2024-04-05T13:40:54.734391,LONG,18124.75,18125.0,6,30.0,0,9,4
Pre_Fix_DB (processed_trades_backup_pre_ghost_fix),TM_9,NQ,Ta947281ae54b,2024-04-05T13:52:35.803792,2024-04-05T13:52:36.290502,SHORT,18203.5,18204.25,6,-90.0,0,9,4
Pre_Fix_DB (processed_trades_backup_pre_ghost_fix),TM_9,NQ,T308445146223,2024-04-05T15:09:16.580022,2024-04-05T15:09:17.113626,LONG,18297.5,18296.75,6,-90.0,0,11,4
Pre_Fix_DB (processed_trades_backup_pre_ghost_fix),TM_9,NQ,T2c12d9ffad53,2024-04-05T15:29:57.641428,2024-04-05T15:29:58.111937,SHORT,18283.75,18283.5,6,30.0,0,11,4
Pre_Fix_DB (processed_trades_backup_pre_ghost_fix),TM_9,NQ,T1a24106d5261,2024-04-05T18:00:10.426804,2024-04-05T18:00:10.940894,LONG,18279.5,18278.0,6,-180.0,0,14,4
Pre_Fix_DB (processed_trades_backup_pre_ghost_fix),TM_9,NQ,T57bb7b558714,2024-04-05T18:09:29.439546,2024-04-05T18:09:30.026331,SHORT,18327.5,18327.0,6,60.0,0,14,4
Pre_Fix_DB (processed_trades_backup_pre_ghost_fix),TM_9,NQ,T31bfa0cc3921,2024-04-05T18:30:59.464431,2024-04-05T18:31:05.299345,SHORT,18286.25,18294.75,6,-1020.0,0,14,4
Pre_Fix_DB (processed_trades_backup_pre_ghost_fix),TM_9,NQ,T5429b1fb69e4,2024-04-05T19:11:07.085324,2024-04-05T19:11:07.617241,LONG,18289.0,18289.0,6,0.0,0,15,4
Pre_Fix_DB (processed_trades_backup_pre_ghost_fix),TM_9,NQ,Tcb6e54420949,2024-04-05T19:31:56.088729,2024-04-05T19:31:56.622246,LONG,18299.75,18298.25,6,-180.0,0,15,4
Pre_Fix_DB (processed_trades_backup_pre_ghost_fix),TM_9,NQ,T0b8f9b4b35ef,2024-04-05T19:52:46.714994,2024-04-05T19:52:47.091042,LONG,18314.25,18314.0,6,-30.0,0,15,4
Pre_Fix_DB (processed_trades_backup_pre_ghost_fix),TM_9,NQ,T9e998b833721,2024-04-07T22:01:22.662470,2024-04-07T22:01:23.150296,SHORT,18345.25,18346.0,6,-90.0,0,18,6
Pre_Fix_DB (processed_trades_backup_pre_ghost_fix),TM_9,NQ,T570d2e78f7e2,2024-04-08T10:56:16.894997,2024-04-08T10:56:17.293542,LONG,18305.75,18306.0,6,30.0,0,6,0
Pre_Fix_DB (processed_trades_backup_pre_ghost_fix),TM_9,NQ,T71a2704fa85d,2024-04-08T10:56:17.591776,2024-04-08T10:56:18.070547,LONG,18305.75,18306.0,6,30.0,0,6,0
Pre_Fix_DB (processed_trades_backup_pre_ghost_fix),TM_9,NQ,Td7a5cf2956e3,2024-04-08T13:32:14.629569,2024-04-08T13:33:18.443785,SHORT,18312.75,18312.5,4,20.0,1,9,0
Pre_Fix_DB (processed_trades_backup_pre_ghost_fix),TM_9,NQ,Ta09728722348,2024-04-08T13:50:51.328236,2024-04-08T13:50:51.828453,SHORT,18277.0,18278.25,6,-150.0,0,9,0
Pre_Fix_DB (processed_trades_backup_pre_ghost_fix),TM_9,NQ,Taf51bb6df6cf,2024-04-08T14:03:54.786185,2024-04-08T14:03:55.385981,SHORT,18288.5,18289.75,6,-150.0,0,10,0
Pre_Fix_DB (processed_trades_backup_pre_ghost_fix),TM_9,NQ,T6ed15c402905,2024-04-08T14:05:28.727101,2024-04-08T14:05:29.181716,LONG,18303.5,18303.5,6,0.0,0,10,0
Pre_Fix_DB (processed_trades_backup_pre_ghost_fix),TM_9,NQ,Td4aced64a2f4,2024-04-08T14:17:49.781908,2024-04-08T14:17:50.340762,SHORT,18308.0,18308.5,6,-60.0,0,10,0
Pre_Fix_DB (processed_trades_backup_pre_ghost_fix),TM_9,NQ,Tcd7a16706da2,2024-04-08T14:29:34.095496,2024-04-08T14:29:34.526592,SHORT,18339.0,18338.75,6,30.0,0,10,0
Pre_Fix_DB (processed_trades_backup_pre_ghost_fix),TM_9,NQ,T02245266628c,2024-04-08T14:43:01.466650,2024-04-08T14:43:01.957838,LONG,18342.5,18342.0,6,-60.0,0,10,0
Pre_Fix_DB (processed_trades_backup_pre_ghost_fix),TM_9,NQ,Tc63b2512864d,2024-04-08T15:36:22.058303,2024-04-08T15:36:22.557487,LONG,18310.75,18308.5,6,-270.0,0,11,0
Pre_Fix_DB (processed_trades_backup_pre_ghost_fix),TM_9,NQ,T7d2748197e70,2024-04-08T15:59:43.556614,2024-04-08T15:59:44.046362,LONG,18302.75,18301.75,6,-120.0,0,11,0
Pre_Fix_DB (processed_trades_backup_pre_ghost_fix),TM_9,NQ,Td46391e455eb,2024-04-08T23:43:48.922804,2024-04-08T23:43:49.516077,SHORT,18304.75,18305.5,6,-90.0,0,19,0
Pre_Fix_DB (processed_trades_backup_pre_ghost_fix),TM_9,NQ,T7883338a03b8,2024-04-09T14:05:39.242781,2024-04-09T14:06:13.952570,SHORT,18343.75,18350.75,6,-840.0,0,10,1
Pre_Fix_DB (processed_trades_backup_pre_ghost_fix),TM_9,NQ,T060c7f9ec1d5,2024-04-09T14:30:08.967745,2024-04-09T14:30:09.488089,LONG,18264.75,18264.5,6,-30.0,0,10,1
Pre_Fix_DB (processed_trades_backup_pre_ghost_fix),TM_9,NQ,T78823536dc2f,2024-04-09T14:43:34.693645,2024-04-09T14:43:35.193119,LONG,18178.0,18177.25,6,-90.0,0,10,1
Pre_Fix_DB (processed_trades_backup_pre_ghost_fix),TM_9,NQ,T2337179c70d6,2024-04-09T14:57:49.115313,2024-04-09T14:57:49.645243,LONG,18183.5,18183.5,6,0.0,0,10,1
Pre_Fix_DB (processed_trades_backup_pre_ghost_fix),TM_9,NQ,Tf708f0723d97,2024-04-09T15:28:28.250328,2024-04-09T15:28:28.839701,LONG,18224.75,18224.5,6,-30.0,0,11,1
Pre_Fix_DB (processed_trades_backup_pre_ghost_fix),TM_9,NQ,Tde8034f30b66,2024-04-09T16:45:46.344371,2024-04-09T16:45:46.834799,SHORT,18294.0,18294.5,6,-60.0,0,12,1
Pre_Fix_DB (processed_trades_backup_pre_ghost_fix),TM_9,NQ,Tc1e71b995338,2024-04-09T18:02:03.850450,2024-04-09T18:02:04.291544,LONG,18239.0,18240.75,6,210.0,0,14,1
Pre_Fix_DB (processed_trades_backup_pre_ghost_fix),TM_9,NQ,T71ac621e403d,2024-04-09T19:34:45.547853,2024-04-09T19:34:46.081911,SHORT,18328.25,18328.0,6,30.0,0,15,1
Pre_Fix_DB (processed_trades_backup_pre_ghost_fix),TM_9,NQ,T4b025a0a4fd4,2024-04-10T09:33:40.647574,2024-04-10T09:33:41.170580,LONG,18383.0,18383.0,6,0.0,0,5,2
Pre_Fix_DB (processed_trades_backup_pre_ghost_fix),TM_9,NQ,T342bad9e81bd,2024-04-10T10:43:03.536040,2024-04-10T10:43:04.111552,LONG,18365.75,18365.25,6,-60.0,0,6,2
Pre_Fix_DB (processed_trades_backup_pre_ghost_fix),TM_9,NQ,T701bdbf424c1,2024-04-10T12:29:49.484288,2024-04-10T12:29:50.164420,SHORT,18441.75,18464.5,6,-2730.0,0,8,2
Pre_Fix_DB (processed_trades_backup_pre_ghost_fix),TM_9,NQ,T7be0f4f481b3,2024-04-10T12:30:55.050764,2024-04-10T12:30:55.518980,LONG,18182.75,18179.25,6,-420.0,0,8,2
Pre_Fix_DB (processed_trades_backup_pre_ghost_fix),TM_9,NQ,T461e8bd029da,2024-04-10T12:31:49.004178,2024-04-10T12:31:53.999484,SHORT,18132.5,18133.25,4,-60.0,0,8,2
Pre_Fix_DB (processed_trades_backup_pre_ghost_fix),TM_9,NQ,T490cdb097c19,2024-04-10T12:41:57.093759,2024-04-10T12:41:57.582358,LONG,18068.25,18062.25,6,-720.0,0,8,2
Pre_Fix_DB (processed_trades_backup_pre_ghost_fix),TM_9,NQ,Tece42d505447,2024-04-10T12:51:01.552977,2024-04-10T12:51:02.061708,LONG,18098.25,18098.0,6,-30.0,0,8,2
Pre_Fix_DB (processed_trades_backup_pre_ghost_fix),TM_9,NQ,Td4d06525141e,2024-04-10T12:57:30.087508,2024-04-10T12:57:30.599073,LONG,18098.25,18097.75,6,-60.0,0,8,2
Pre_Fix_DB (processed_trades_backup_pre_ghost_fix),TM_9,NQ,Td778de670962,2024-04-10T13:15:08.157976,2024-04-10T13:15:08.726800,LONG,18088.75,18087.25,6,-180.0,0,9,2
Pre_Fix_DB (processed_trades_backup_pre_ghost_fix),TM_9,NQ,T9e5fdf98dda5,2024-04-10T13:34:08.766138,2024-04-10T13:34:09.292646,LONG,18130.25,18130.5,6,30.0,0,9,2
Pre_Fix_DB (processed_trades_backup_pre_ghost_fix),TM_9,NQ,T142a67f9a292,2024-04-10T13:47:55.082032,2024-04-10T13:47:55.413902,LONG,18135.25,18135.75,6,60.0,0,9,2
Pre_Fix_DB (processed_trades_backup_pre_ghost_fix),TM_9,NQ,T85b5e594df31,2024-04-10T13:59:26.587811,2024-04-10T13:59:27.213048,LONG,18173.0,18174.75,6,210.0,0,9,2
Pre_Fix_DB (processed_trades_backup_pre_ghost_fix),TM_9,NQ,T53141e0da505,2024-04-10T14:10:11.064945,2024-04-10T14:10:11.559721,SHORT,18187.0,18185.5,6,180.0,0,10,2
Pre_Fix_DB (processed_trades_backup_pre_ghost_fix),TM_9,NQ,T4a3c07f38999,2024-04-10T14:21:28.154478,2024-04-10T14:21:28.745935,SHORT,18181.75,18179.5,6,270.0,0,10,2
Pre_Fix_DB (processed_trades_backup_pre_ghost_fix),TM_9,NQ,T12b3b812b3e5,2024-04-10T14:23:34.183454,2024-04-10T14:23:34.679811,LONG,18168.0,18168.25,6,30.0,0,10,2
Pre_Fix_DB (processed_trades_backup_pre_ghost_fix),TM_9,NQ,T4743334d2a70,2024-04-10T14:35:50.813378,2024-04-10T14:36:05.003337,SHORT,18189.0,18197.0,6,-960.0,0,10,2
Pre_Fix_DB (processed_trades_backup_pre_ghost_fix),TM_9,NQ,Tcd6aec45d6ea,2024-04-10T14:40:33.365182,2024-04-10T14:40:33.770914,SHORT,18210.25,18210.5,6,-30.0,0,10,2
Pre_Fix_DB (processed_trades_backup_pre_ghost_fix),TM_9,NQ,Tfae8f7994f4e,2024-04-10T15:09:03.806453,2024-04-10T15:09:35.125244,SHORT,18144.0,18150.75,6,-810.0,0,11,2
Pre_Fix_DB (processed_trades_backup_pre_ghost_fix),TM_9,NQ,Te76010f8c790,2024-04-10T15:13:48.377526,2024-04-10T15:13:48.811114,LONG,18150.0,18149.75,6,-30.0,0,11,2
Pre_Fix_DB (processed_trades_backup_pre_ghost_fix),TM_9,NQ,T61632150bed9,2024-04-10T17:06:44.030133,2024-04-10T17:06:44.761360,LONG,18130.25,18130.25,6,0.0,0,13,2
Pre_Fix_DB (processed_trades_backup_pre_ghost_fix),TM_9,NQ,T83ae335a9d48,2024-04-10T17:22:51.726768,2024-04-10T17:22:52.259723,SHORT,18218.25,18218.0,6,30.0,0,13,2
Pre_Fix_DB (processed_trades_backup_pre_ghost_fix),TM_9,NQ,Tce2406cfe5a8,2024-04-10T18:04:15.466942,2024-04-10T18:04:16.390157,SHORT,18186.25,18187.75,6,-180.0,0,14,2
Pre_Fix_DB (processed_trades_backup_pre_ghost_fix),TM_9,NQ,Td63aa503c3cb,2024-04-10T18:38:28.144362,2024-04-10T18:38:28.833982,LONG,18159.25,18159.5,6,30.0,0,14,2
Pre_Fix_DB (processed_trades_backup_pre_ghost_fix),TM_9,NQ,T5f1f9b1ff2de,2024-04-10T18:52:29.745697,2024-04-10T18:52:30.338382,SHORT,18160.75,18160.75,6,0.0,0,14,2
Pre_Fix_DB (processed_trades_backup_pre_ghost_fix),TM_9,NQ,T7586489171ed,2024-04-10T19:22:05.400689,2024-04-10T19:22:06.008239,SHORT,18180.25,18183.75,6,-420.0,0,15,2
Pre_Fix_DB (processed_trades_backup_pre_ghost_fix),TM_9,NQ,Tb026375b6e4e,2024-04-10T19:42:44.576188,2024-04-10T19:43:33.767419,SHORT,18194.75,18203.0,6,-990.0,0,15,2
Pre_Fix_DB (processed_trades_backup_pre_ghost_fix),TM_9,NQ,Te95395254eda,2024-04-11T13:41:01.263495,2024-04-11T13:41:01.829564,LONG,18247.0,18245.25,6,-210.0,0,9,3
Pre_Fix_DB (processed_trades_backup_pre_ghost_fix),TM_9,NQ,T304e3235a32e,2024-04-11T13:45:54.291149,2024-04-11T13:45:54.792533,LONG,18259.0,18255.75,6,-390.0,0,9,3
Pre_Fix_DB (processed_trades_backup_pre_ghost_fix),TM_9,NQ,T6f0909207b15,2024-04-11T13:52:24.866608,2024-04-11T13:52:25.332219,SHORT,18266.0,18268.0,6,-240.0,0,9,3
Pre_Fix_DB (processed_trades_backup_pre_ghost_fix),TM_9,NQ,T1c7e846d9e88,2024-04-11T14:05:54.959778,2024-04-11T14:05:55.459866,SHORT,18231.5,18232.5,6,-120.0,0,10,3
Pre_Fix_DB (processed_trades_backup_pre_ghost_fix),TM_9,NQ,T22419668eb57,2024-04-11T14:15:06.476635,2024-04-11T14:15:07.016365,LONG,18204.0,18202.5,6,-180.0,0,10,3
Pre_Fix_DB (processed_trades_backup_pre_ghost_fix),TM_9,NQ,Te9974442b8e9,2024-04-11T15:02:11.762866,2024-04-11T15:02:12.265168,LONG,18252.25,18252.25,6,0.0,0,11,3
Pre_Fix_DB (processed_trades_backup_pre_ghost_fix),TM_9,NQ,Tb92ebad82975,2024-04-11T15:12:05.403452,2024-04-11T15:12:06.029973,LONG,18260.0,18259.75,6,-30.0,0,11,3
Pre_Fix_DB (processed_trades_backup_pre_ghost_fix),TM_9,NQ,Tf0992896ca84,2024-04-11T15:18:20.886458,2024-04-11T15:18:21.417711,SHORT,18254.75,18255.0,6,-30.0,0,11,3
Pre_Fix_DB (processed_trades_backup_pre_ghost_fix),TM_9,NQ,Ta276bc15f722,2024-04-11T16:23:35.216682,2024-04-11T16:23:35.787944,LONG,18320.25,18319.0,6,-150.0,0,12,3
Pre_Fix_DB (processed_trades_backup_pre_ghost_fix),TM_9,NQ,Ta15a6ed94e6f,2024-04-11T17:39:00.080466,2024-04-11T17:42:11.275440,SHORT,18405.25,18405.0,4,20.0,3,13,3
Pre_Fix_DB (processed_trades_backup_pre_ghost_fix),TM_9,NQ,Tb70a61ef37be,2024-04-11T18:07:45.263912,2024-04-11T18:07:45.735783,SHORT,18465.75,18466.25,6,-60.0,0,14,3
Pre_Fix_DB (processed_trades_backup_pre_ghost_fix),TM_9,NQ,T1ed2efd3dd19,2024-04-11T18:26:15.799197,2024-04-11T18:26:16.298355,SHORT,18492.5,18493.0,6,-60.0,0,14,3
Pre_Fix_DB (processed_trades_backup_pre_ghost_fix),TM_9,NQ,T37139270d56c,2024-04-11T19:40:30.606911,2024-04-11T19:40:31.052435,SHORT,18514.75,18515.25,6,-60.0,0,15,3
Pre_Fix_DB (processed_trades_backup_pre_ghost_fix),TM_9,NQ,T7ffddb85d6c1,2024-04-12T07:47:04.655677,2024-04-12T07:47:05.116508,LONG,18468.25,18467.5,6,-90.0,0,3,4
Pre_Fix_DB (processed_trades_backup_pre_ghost_fix),TM_9,NQ,T141e562a4af2,2024-04-12T13:24:33.232877,2024-04-12T13:25:57.016264,SHORT,18288.5,18296.5,6,-960.0,1,9,4
Pre_Fix_DB (processed_trades_backup_pre_ghost_fix),TM_9,NQ,T81ff00f72dd3,2024-04-12T13:37:23.762358,2024-04-12T13:37:24.262706,SHORT,18301.5,18303.75,6,-270.0,0,9,4
Pre_Fix_DB (processed_trades_backup_pre_ghost_fix),TM_9,NQ,T5ff16953d1ef,2024-04-12T14:36:27.974541,2024-04-12T14:36:28.463812,LONG,18250.75,18248.25,6,-300.0,0,10,4
Pre_Fix_DB (processed_trades_backup_pre_ghost_fix),TM_9,NQ,T776082f95354,2024-04-12T15:00:18.650318,2024-04-12T15:00:19.152154,LONG,18215.75,18214.0,6,-210.0,0,11,4
Pre_Fix_DB (processed_trades_backup_pre_ghost_fix),TM_9,NQ,Tac676ca8a253,2024-04-12T16:06:16.289451,2024-04-12T16:06:16.816248,LONG,18262.5,18262.0,6,-60.0,0,12,4
Pre_Fix_DB (processed_trades_backup_pre_ghost_fix),TM_9,NQ,T49efcec7dbfb,2024-04-12T16:42:03.838533,2024-04-12T16:42:04.547931,LONG,18159.25,18159.25,6,0.0,0,12,4
Pre_Fix_DB (processed_trades_backup_pre_ghost_fix),TM_9,NQ,T77ac4a161afc,2024-04-12T17:02:04.846872,2024-04-12T17:02:05.399302,SHORT,18150.75,18151.75,6,-120.0,0,13,4
Pre_Fix_DB (processed_trades_backup_pre_ghost_fix),TM_9,NQ,T9c4a40309b5e,2024-04-12T17:42:17.534997,2024-04-12T17:42:18.045273,SHORT,18157.5,18157.25,6,30.0,0,13,4
Pre_Fix_DB (processed_trades_backup_pre_ghost_fix),TM_9,NQ,T74cde5b2beb0,2024-04-12T19:38:52.374206,2024-04-12T19:38:52.931076,SHORT,18137.0,18137.5,6,-60.0,0,15,4
Pre_Fix_DB (processed_trades_backup_pre_ghost_fix),TM_9,NQ,T515d9828e6ad,2024-04-14T22:00:02.006927,2024-04-14T22:00:02.506136,LONG,18170.25,18168.5,6,-210.0,0,18,6
Pre_Fix_DB (processed_trades_backup_pre_ghost_fix),TM_9,NQ,T2f2615df8e3b,2024-04-14T22:00:36.126403,2024-04-14T22:00:36.624414,LONG,18198.0,18196.5,6,-180.0,0,18,6
Pre_Fix_DB (processed_trades_backup_pre_ghost_fix),TM_9,NQ,Tb69bd9274038,2024-04-15T05:02:31.841206,2024-04-15T05:02:32.238891,SHORT,18259.25,18260.5,6,-150.0,0,1,0
Pre_Fix_DB (processed_trades_backup_pre_ghost_fix),TM_9,NQ,T0fd097fe260c,2024-04-15T06:30:28.700117,2024-04-15T06:30:29.267754,SHORT,18271.75,18272.25,6,-60.0,0,2,0
Pre_Fix_DB (processed_trades_backup_pre_ghost_fix),TM_9,NQ,T76e66e261eca,2024-04-15T09:22:51.095772,2024-04-15T09:28:02.716935,SHORT,18268.0,18274.25,6,-750.0,5,5,0
Pre_Fix_DB (processed_trades_backup_pre_ghost_fix),TM_9,NQ,T9c7918e2390d,2024-04-15T12:32:31.215289,2024-04-15T12:32:31.722572,LONG,18296.25,18294.75,6,-180.0,0,8,0
Pre_Fix_DB (processed_trades_backup_pre_ghost_fix),TM_9,NQ,T8928be42715c,2024-04-15T14:43:17.425753,2024-04-15T14:43:44.434784,SHORT,18197.25,18203.25,6,-720.0,0,10,0
Pre_Fix_DB (processed_trades_backup_pre_ghost_fix),TM_9,NQ,T45e2701116b4,2024-04-15T14:51:56.047875,2024-04-15T14:51:56.543060,SHORT,18197.75,18198.25,6,-60.0,0,10,0
Pre_Fix_DB (processed_trades_backup_pre_ghost_fix),TM_9,NQ,T6125ccb5872a,2024-04-15T14:51:57.371919,2024-04-15T14:51:57.866415,SHORT,18197.75,18198.25,6,-60.0,0,10,0
Pre_Fix_DB (processed_trades_backup_pre_ghost_fix),TM_9,NQ,T4b11f28fd4c9,2024-04-15T16:15:59.189633,2024-04-15T16:15:59.763319,SHORT,18205.0,18205.5,6,-60.0,0,12,0
Pre_Fix_DB (processed_trades_backup_pre_ghost_fix),TM_9,NQ,T5c08344aaff2,2024-04-15T16:16:00.639013,2024-04-15T16:16:01.163061,SHORT,18205.0,18205.5,6,-60.0,0,12,0
Pre_Fix_DB (processed_trades_backup_pre_ghost_fix),TM_9,NQ,Tc58ff8565b27,2024-04-15T16:40:28.886332,2024-04-15T16:40:29.393692,LONG,18112.75,18112.25,6,-60.0,0,12,0
Pre_Fix_DB (processed_trades_backup_pre_ghost_fix),TM_9,NQ,Tb4b86faabea0,2024-04-15T17:03:56.058538,2024-04-15T17:03:56.527618,SHORT,18113.5,18112.75,6,90.0,0,13,0
Pre_Fix_DB (processed_trades_backup_pre_ghost_fix),TM_9,NQ,T649c02fa8bab,2024-04-15T17:46:43.502418,2024-04-15T17:47:04.230214,SHORT,17905.25,17905.0,4,20.0,0,13,0
Pre_Fix_DB (processed_trades_backup_pre_ghost_fix),TM_9,NQ,T1a37fa3ce26f,2024-04-15T18:22:00.545609,2024-04-15T18:23:38.258813,SHORT,17882.25,17882.0,4,20.0,1,14,0
Pre_Fix_DB (processed_trades_backup_pre_ghost_fix),TM_9,NQ,Tc8192a97d828,2024-04-15T19:17:03.723381,2024-04-15T19:20:26.962730,SHORT,17859.0,17858.75,4,20.0,3,15,0
Pre_Fix_DB (processed_trades_backup_pre_ghost_fix),TM_9,NQ,Tbd4f5814ceae,2024-04-15T19:45:02.769524,2024-04-15T19:45:03.157383,SHORT,17867.75,17870.25,6,-300.0,0,15,0
Pre_Fix_DB (processed_trades_backup_pre_ghost_fix),TM_9,NQ,T2d954042a81b,2024-04-16T02:40:32.886997,2024-04-16T02:40:33.388852,LONG,17819.0,17817.25,6,-210.0,0,22,0
Pre_Fix_DB (processed_trades_backup_pre_ghost_fix),TM_9,NQ,T296eb5fb4ad0,2024-04-16T10:28:16.778273,2024-04-16T10:28:17.214602,LONG,17814.5,17812.75,6,-210.0,0,6,1
Pre_Fix_DB (processed_trades_backup_pre_ghost_fix),TM_9,NQ,T35fc71b6fcdc,2024-04-16T13:25:58.666642,2024-04-16T13:25:59.160585,LONG,17867.5,17868.0,6,60.0,0,9,1
Pre_Fix_DB (processed_trades_backup_pre_ghost_fix),TM_9,NQ,Td53d32bb92c8,2024-04-16T13:33:39.996390,2024-04-16T13:33:40.598315,SHORT,17857.0,17856.0,6,120.0,0,9,1
Pre_Fix_DB (processed_trades_backup_pre_ghost_fix),TM_9,NQ,T9926211bb7c1,2024-04-16T13:38:22.624587,2024-04-16T13:38:23.315119,LONG,17854.0,17855.0,6,120.0,0,9,1
Pre_Fix_DB (processed_trades_backup_pre_ghost_fix),TM_9,NQ,Ta85957f5ba8b,2024-04-16T14:07:24.511939,2024-04-16T14:07:24.997668,LONG,17887.75,17887.0,6,-90.0,0,10,1
Pre_Fix_DB (processed_trades_backup_pre_ghost_fix),TM_9,NQ,T01185dca99e0,2024-04-16T15:03:57.094749,2024-04-16T15:03:57.599351,LONG,17878.5,17878.0,6,-60.0,0,11,1
Pre_Fix_DB (processed_trades_backup_pre_ghost_fix),TM_9,NQ,Tc2f26ecb0c45,2024-04-16T15:20:07.456970,2024-04-16T15:20:07.974985,SHORT,17879.5,17879.5,6,0.0,0,11,1
Pre_Fix_DB (processed_trades_backup_pre_ghost_fix),TM_9,NQ,Tb0b97e4387c4,2024-04-16T15:51:33.091930,2024-04-16T15:51:33.561389,SHORT,17916.75,17917.0,6,-30.0,0,11,1
Pre_Fix_DB (processed_trades_backup_pre_ghost_fix),TM_9,NQ,Tf685adc502fa,2024-04-16T16:55:45.363070,2024-04-16T16:55:45.870949,SHORT,17909.75,17912.25,6,-300.0,0,12,1
Pre_Fix_DB (processed_trades_backup_pre_ghost_fix),TM_9,NQ,T306b3650844b,2024-04-16T17:12:15.089107,2024-04-16T17:12:15.589589,SHORT,17901.5,17902.25,6,-90.0,0,13,1
Pre_Fix_DB (processed_trades_backup_pre_ghost_fix),TM_9,NQ,Tad01e995f088,2024-04-16T17:32:07.995066,2024-04-16T17:32:08.487271,LONG,17839.25,17839.5,6,30.0,0,13,1
Pre_Fix_DB (processed_trades_backup_pre_ghost_fix),TM_9,NQ,T6d20546abe4b,2024-04-16T17:32:52.530238,2024-04-16T17:32:53.025232,SHORT,17861.75,17864.75,6,-360.0,0,13,1
Pre_Fix_DB (processed_trades_backup_pre_ghost_fix),TM_9,NQ,T682fb9c3e08c,2024-04-16T17:44:11.825246,2024-04-16T17:44:12.253110,LONG,17886.75,17888.0,6,150.0,0,13,1
Pre_Fix_DB (processed_trades_backup_pre_ghost_fix),TM_9,NQ,T1ca09a3766f4,2024-04-16T18:01:51.912339,2024-04-16T18:01:52.316542,SHORT,17873.0,17875.5,6,-300.0,0,14,1
Pre_Fix_DB (processed_trades_backup_pre_ghost_fix),TM_9,NQ,T17798ef7d12d,2024-04-16T18:14:18.394707,2024-04-16T18:14:19.019520,LONG,17941.5,17941.25,6,-30.0,0,14,1
Pre_Fix_DB (processed_trades_backup_pre_ghost_fix),TM_9,NQ,Taa15b7444669,2024-04-16T19:23:15.999881,2024-04-16T19:23:16.624748,LONG,17941.25,17940.75,6,-60.0,0,15,1
Pre_Fix_DB (processed_trades_backup_pre_ghost_fix),TM_9,NQ,T3163129a575a,2024-04-16T20:14:58.007378,2024-04-16T20:14:58.494282,LONG,17880.5,17879.75,6,-90.0,0,16,1
Pre_Fix_DB (processed_trades_backup_pre_ghost_fix),TM_9,NQ,T7cb602315073,2024-04-17T00:32:52.022067,2024-04-17T00:32:52.544799,LONG,17899.0,17899.25,6,30.0,0,20,1
Pre_Fix_DB (processed_trades_backup_pre_ghost_fix),TM_9,NQ,Tb18b607ed82a,2024-04-17T00:51:58.714049,2024-04-17T00:51:59.121708,LONG,17912.0,17910.75,6,-150.0,0,20,1
Pre_Fix_DB (processed_trades_backup_pre_ghost_fix),TM_9,NQ,Td2c1871b8c1f,2024-04-17T06:03:59.727916,2024-04-17T06:04:00.043584,LONG,17803.5,17802.5,6,-120.0,0,2,2
Pre_Fix_DB (processed_trades_backup_pre_ghost_fix),TM_9,NQ,Teb68db3fe050,2024-04-17T09:00:05.438229,2024-04-17T09:00:06.190083,LONG,17890.25,17894.75,6,540.0,0,5,2
Pre_Fix_DB (processed_trades_backup_pre_ghost_fix),TM_9,NQ,T5fa7b9312a1b,2024-04-17T10:51:22.265261,2024-04-17T10:51:22.811518,SHORT,17932.75,17933.5,6,-90.0,0,6,2
Pre_Fix_DB (processed_trades_backup_pre_ghost_fix),TM_9,NQ,T85c67ce03b80,2024-04-17T13:13:43.626287,2024-04-17T13:13:44.103711,SHORT,17949.0,17949.5,6,-60.0,0,9,2
Pre_Fix_DB (processed_trades_backup_pre_ghost_fix),TM_9,NQ,Tc3eccc71a5f0,2024-04-17T14:01:06.775681,2024-04-17T14:01:07.235214,LONG,17872.5,17873.75,6,150.0,0,10,2
Pre_Fix_DB (processed_trades_backup_pre_ghost_fix),TM_9,NQ,T1c29d3eedbbd,2024-04-17T14:36:50.763762,2024-04-17T14:36:51.202704,LONG,17828.5,17827.75,6,-90.0,0,10,2
Pre_Fix_DB (processed_trades_backup_pre_ghost_fix),TM_9,NQ,T14ba118f858b,2024-04-17T14:57:53.411111,2024-04-17T14:57:53.837004,SHORT,17801.5,17802.0,6,-60.0,0,10,2
Pre_Fix_DB (processed_trades_backup_pre_ghost_fix),TM_9,NQ,T2c51dbfaf349,2024-04-17T15:21:52.035231,2024-04-17T15:21:52.555885,LONG,17777.0,17777.5,6,60.0,0,11,2
Pre_Fix_DB (processed_trades_backup_pre_ghost_fix),TM_9,NQ,Ta5669ef1ada7,2024-04-17T16:22:18.511469,2024-04-17T16:22:19.011634,LONG,17682.0,17682.0,6,0.0,0,12,2
Pre_Fix_DB (processed_trades_backup_pre_ghost_fix),TM_9,NQ,T3ef4b7b4f176,2024-04-17T16:36:04.612061,2024-04-17T16:36:05.111846,LONG,17663.5,17662.5,6,-120.0,0,12,2
Pre_Fix_DB (processed_trades_backup_pre_ghost_fix),TM_9,NQ,T51295f0e54ad,2024-04-17T17:01:59.916306,2024-04-17T17:02:00.314219,SHORT,17657.25,17661.5,6,-510.0,0,13,2
Pre_Fix_DB (processed_trades_backup_pre_ghost_fix),TM_9,NQ,T2008f61cb7ce,2024-04-17T17:02:09.314925,2024-04-17T17:02:09.826144,SHORT,17664.75,17663.5,6,150.0,0,13,2
Pre_Fix_DB (processed_trades_backup_pre_ghost_fix),TM_9,NQ,T93a8e2357691,2024-04-17T17:17:47.756944,2024-04-17T17:18:25.932074,SHORT,17684.0,17691.25,6,-870.0,0,13,2
Pre_Fix_DB (processed_trades_backup_pre_ghost_fix),TM_9,NQ,T7be8afcd0983,2024-04-17T17:41:43.823009,2024-04-17T17:41:44.291877,SHORT,17714.5,17715.5,6,-120.0,0,13,2
Pre_Fix_DB (processed_trades_backup_pre_ghost_fix),TM_9,NQ,T0b9994ad67cc,2024-04-17T18:29:38.025632,2024-04-17T18:29:38.513802,SHORT,17714.75,17714.75,6,0.0,0,14,2
Pre_Fix_DB (processed_trades_backup_pre_ghost_fix),TM_9,NQ,T23f478d8ea08,2024-04-17T18:39:23.706944,2024-04-17T18:39:24.235732,LONG,17712.75,17712.25,6,-60.0,0,14,2
Pre_Fix_DB (processed_trades_backup_pre_ghost_fix),TM_9,NQ,T2368faae05c0,2024-04-17T19:59:40.100833,2024-04-17T19:59:40.513020,LONG,17662.5,17662.5,6,0.0,0,15,2
Pre_Fix_DB (processed_trades_backup_pre_ghost_fix),TM_9,NQ,Tf29a1520ece1,2024-04-18T07:25:29.493862,2024-04-18T07:25:29.987639,LONG,17755.0,17754.25,6,-90.0,0,3,3
Pre_Fix_DB (processed_trades_backup_pre_ghost_fix),TM_9,NQ,T0a775af8e5b9,2024-04-18T13:00:53.885819,2024-04-18T13:01:46.562366,SHORT,17674.75,17682.25,6,-900.0,0,9,3
Pre_Fix_DB (processed_trades_backup_pre_ghost_fix),TM_9,NQ,T1a1421ed8aef,2024-04-18T13:31:18.985683,2024-04-18T13:31:19.481602,LONG,17657.0,17658.0,6,120.0,0,9,3
Pre_Fix_DB (processed_trades_backup_pre_ghost_fix),TM_9,NQ,Tde84a115a684,2024-04-18T13:46:53.512701,2024-04-18T13:46:54.004740,SHORT,17607.75,17609.0,6,-150.0,0,9,3
Pre_Fix_DB (processed_trades_backup_pre_ghost_fix),TM_9,NQ,Tbaa3617c9d3d,2024-04-18T13:48:17.560255,2024-04-18T13:48:18.071646,SHORT,17603.25,17602.5,6,90.0,0,9,3
Pre_Fix_DB (processed_trades_backup_pre_ghost_fix),TM_9,NQ,Tf78fe527ed03,2024-04-18T14:17:19.183251,2024-04-18T14:17:19.432885,SHORT,17661.0,17663.25,6,-270.0,0,10,3
Pre_Fix_DB (processed_trades_backup_pre_ghost_fix),TM_9,NQ,Tee1fad389c47,2024-04-18T14:28:22.280038,2024-04-18T14:28:54.368681,SHORT,17648.0,17655.5,6,-900.0,0,10,3
Pre_Fix_DB (processed_trades_backup_pre_ghost_fix),TM_9,NQ,Te74b414b96cb,2024-04-18T14:58:45.013801,2024-04-18T14:58:45.387846,SHORT,17707.0,17707.5,6,-60.0,0,10,3
Pre_Fix_DB (processed_trades_backup_pre_ghost_fix),TM_9,NQ,Tf4bde748fc96,2024-04-18T15:05:16.894743,2024-04-18T15:05:17.176464,LONG,17703.25,17702.25,6,-120.0,0,11,3
Pre_Fix_DB (processed_trades_backup_pre_ghost_fix),TM_9,NQ,Tf0ccd0a72c7c,2024-04-18T15:40:33.555113,2024-04-18T15:40:34.103727,LONG,17693.5,17693.5,6,0.0,0,11,3
Pre_Fix_DB (processed_trades_backup_pre_ghost_fix),TM_9,NQ,T720bb0091345,2024-04-18T15:50:11.366361,2024-04-18T15:50:11.867605,LONG,17686.75,17686.0,6,-90.0,0,11,3
Pre_Fix_DB (processed_trades_backup_pre_ghost_fix),TM_9,NQ,T5a8aeffa0814,2024-04-18T16:05:21.797093,2024-04-18T16:05:22.190126,SHORT,17685.0,17686.0,6,-120.0,0,12,3
Pre_Fix_DB (processed_trades_backup_pre_ghost_fix),TM_9,NQ,T5c8fa4106a13,2024-04-18T16:36:09.662852,2024-04-18T16:36:10.162092,LONG,17667.5,17666.5,6,-120.0,0,12,3
Pre_Fix_DB (processed_trades_backup_pre_ghost_fix),TM_9,NQ,T6eaba7266b0c,2024-04-18T16:55:31.234073,2024-04-18T16:55:31.796213,LONG,17623.25,17621.5,6,-210.0,0,12,3
Pre_Fix_DB (processed_trades_backup_pre_ghost_fix),TM_9,NQ,T8399b4e62d49,2024-04-18T17:10:54.448366,2024-04-18T17:10:54.827407,LONG,17596.0,17596.5,6,60.0,0,13,3
Pre_Fix_DB (processed_trades_backup_pre_ghost_fix),TM_9,NQ,T3596364491e5,2024-04-18T17:28:27.468664,2024-04-18T17:28:27.905754,LONG,17563.25,17563.5,6,30.0,0,13,3
Pre_Fix_DB (processed_trades_backup_pre_ghost_fix),TM_9,NQ,Tb84df8859276,2024-04-18T18:59:20.876275,2024-04-18T18:59:21.501958,LONG,17528.0,17528.75,6,90.0,0,14,3
Pre_Fix_DB (processed_trades_backup_pre_ghost_fix),TM_9,NQ,T94e0c0bed93c,2024-04-18T19:25:23.983846,2024-04-18T19:26:17.233002,SHORT,17548.75,17555.75,6,-840.0,0,15,3
Pre_Fix_DB (processed_trades_backup_pre_ghost_fix),TM_9,NQ,Tfd8d7627752d,2024-04-18T20:00:39.657529,2024-04-18T20:00:40.109358,LONG,17535.25,17535.25,6,0.0,0,16,3
Pre_Fix_DB (processed_trades_backup_pre_ghost_fix),TM_9,NQ,T7f19b081dfbd,2024-04-18T20:01:29.167994,2024-04-18T20:01:29.731521,SHORT,17559.0,17560.75,6,-210.0,0,16,3
Pre_Fix_DB (processed_trades_backup_pre_ghost_fix),TM_9,NQ,T52178f4180ce,2024-04-18T23:52:54.984063,2024-04-18T23:52:55.552693,LONG,17492.0,17490.75,6,-150.0,0,19,3
Pre_Fix_DB (processed_trades_backup_pre_ghost_fix),TM_9,NQ,T7cac10c416c9,2024-04-19T01:09:05.388582,2024-04-19T01:09:05.891018,LONG,17401.0,17400.5,6,-60.0,0,21,3
Pre_Fix_DB (processed_trades_backup_pre_ghost_fix),TM_9,NQ,Td8db554e583a,2024-04-19T01:31:55.320841,2024-04-19T01:32:09.258675,SHORT,17294.75,17303.25,6,-1020.0,0,21,3
Pre_Fix_DB (processed_trades_backup_pre_ghost_fix),TM_9,NQ,T864dca3be415,2024-04-19T01:45:27.938057,2024-04-19T01:45:28.497255,LONG,17256.5,17256.5,6,0.0,0,21,3
Pre_Fix_DB (processed_trades_backup_pre_ghost_fix),TM_9,NQ,Tc6efaf65df4d,2024-04-19T01:51:15.155820,2024-04-19T01:51:15.678550,SHORT,17294.25,17298.0,6,-450.0,0,21,3
Pre_Fix_DB (processed_trades_backup_pre_ghost_fix),TM_9,NQ,Tec7e974b5291,2024-04-19T02:35:07.274825,2024-04-19T02:35:07.800756,LONG,17253.0,17251.0,6,-240.0,0,22,3
Pre_Fix_DB (processed_trades_backup_pre_ghost_fix),TM_9,NQ,T625ea0499578,2024-04-19T03:24:08.349345,2024-04-19T03:24:08.773653,LONG,17317.75,17316.25,6,-180.0,0,23,3
Pre_Fix_DB (processed_trades_backup_pre_ghost_fix),TM_9,NQ,T0fc0f1030561,2024-04-19T03:54:13.423146,2024-04-19T03:54:13.832725,SHORT,17346.0,17347.75,6,-210.0,0,23,3
Pre_Fix_DB (processed_trades_backup_pre_ghost_fix),TM_9,NQ,T64b84e2f8e90,2024-04-19T03:57:26.227198,2024-04-19T03:57:26.797312,SHORT,17333.5,17334.75,6,-150.0,0,23,3
Pre_Fix_DB (processed_trades_backup_pre_ghost_fix),TM_9,NQ,T7e0630c7c2a5,2024-04-19T05:15:02.946321,2024-04-19T05:15:03.917019,SHORT,17364.75,17367.0,6,-270.0,0,1,4
Pre_Fix_DB (processed_trades_backup_pre_ghost_fix),TM_9,NQ,Tb34cef8b0d04,2024-04-19T05:22:38.487900,2024-04-19T05:22:39.173189,LONG,17367.25,17366.75,6,-60.0,0,1,4
Pre_Fix_DB (processed_trades_backup_pre_ghost_fix),TM_9,NQ,T47ebb5957eb6,2024-04-19T06:05:16.838399,2024-04-19T06:05:17.182836,LONG,17375.25,17373.75,6,-180.0,0,2,4
Pre_Fix_DB (processed_trades_backup_pre_ghost_fix),TM_9,NQ,Tffdcdb0475d8,2024-04-19T06:45:12.984550,2024-04-19T06:45:13.487012,SHORT,17429.75,17431.5,6,-210.0,0,2,4
Pre_Fix_DB (processed_trades_backup_pre_ghost_fix),TM_9,NQ,T230bb8ab26cc,2024-04-19T06:57:52.531947,2024-04-19T06:57:53.042848,SHORT,17426.5,17427.5,6,-120.0,0,2,4
Pre_Fix_DB (processed_trades_backup_pre_ghost_fix),TM_9,NQ,T957115ae11fe,2024-04-19T08:07:24.070674,2024-04-19T08:07:24.568059,SHORT,17416.5,17417.25,6,-90.0,0,4,4
Pre_Fix_DB (processed_trades_backup_pre_ghost_fix),TM_9,NQ,Td6231f36bf70,2024-04-19T08:16:37.835636,2024-04-19T08:16:38.459043,LONG,17414.75,17413.75,6,-120.0,0,4,4
Pre_Fix_DB (processed_trades_backup_pre_ghost_fix),TM_9,NQ,Tc4eb339bf93d,2024-04-19T12:34:26.844251,2024-04-19T12:34:27.572240,SHORT,17547.75,17549.25,6,-180.0,0,8,4
Pre_Fix_DB (processed_trades_backup_pre_ghost_fix),TM_9,NQ,Ted8d9c32789e,2024-04-19T13:05:21.289938,2024-04-19T13:05:21.827225,LONG,17507.0,17506.0,6,-120.0,0,9,4
Pre_Fix_DB (processed_trades_backup_pre_ghost_fix),TM_9,NQ,Tc7d55c80d62c,2024-04-19T13:36:01.791941,2024-04-19T13:36:02.503479,LONG,17461.75,17460.0,6,-210.0,0,9,4
Pre_Fix_DB (processed_trades_backup_pre_ghost_fix),TM_9,NQ,T55985af7a7d0,2024-04-19T13:36:02.802854,2024-04-19T13:36:03.562736,LONG,17461.75,17460.0,6,-210.0,0,9,4
Pre_Fix_DB (processed_trades_backup_pre_ghost_fix),TM_9,NQ,Td4c5da2d3101,2024-04-19T13:41:50.023810,2024-04-19T13:41:50.528995,LONG,17457.75,17458.5,6,90.0,0,9,4
Pre_Fix_DB (processed_trades_backup_pre_ghost_fix),TM_9,NQ,T722a82fecd66,2024-04-19T13:41:50.938368,2024-04-19T13:41:51.486408,LONG,17457.75,17458.5,6,90.0,0,9,4
Pre_Fix_DB (processed_trades_backup_pre_ghost_fix),TM_9,NQ,Tb14868b3f18f,2024-04-19T13:59:17.688545,2024-04-19T14:00:51.234888,SHORT,17461.25,17461.0,4,20.0,1,9,4
Pre_Fix_DB (processed_trades_backup_pre_ghost_fix),TM_9,NQ,Tb3280162c445,2024-04-19T14:06:20.845252,2024-04-19T14:06:21.668113,LONG,17459.0,17458.5,6,-60.0,0,10,4
Pre_Fix_DB (processed_trades_backup_pre_ghost_fix),TM_9,NQ,T804fdb231938,2024-04-19T14:06:21.960766,2024-04-19T14:06:22.661039,LONG,17459.0,17458.5,6,-60.0,0,10,4
Pre_Fix_DB (processed_trades_backup_pre_ghost_fix),TM_9,NQ,Tbc97a50b43b0,2024-04-19T14:12:26.437139,2024-04-19T14:12:26.960811,LONG,17435.0,17435.5,6,60.0,0,10,4
Pre_Fix_DB (processed_trades_backup_pre_ghost_fix),TM_9,NQ,T09ad1c9acbe2,2024-04-19T14:12:27.069528,2024-04-19T14:12:28.075865,LONG,17435.0,17435.5,6,60.0,0,10,4
Pre_Fix_DB (processed_trades_backup_pre_ghost_fix),TM_9,NQ,Td1d8223d1a26,2024-04-19T14:31:29.684446,2024-04-19T14:31:30.186737,SHORT,17403.5,17403.0,6,60.0,0,10,4
Pre_Fix_DB (processed_trades_backup_pre_ghost_fix),TM_9,NQ,Tc18c97990b2b,2024-04-19T14:31:30.772245,2024-04-19T14:31:31.253141,SHORT,17403.5,17403.0,6,60.0,0,10,4
Pre_Fix_DB (processed_trades_backup_pre_ghost_fix),TM_9,NQ,Ta2e0ec9a6cc2,2024-04-19T14:46:59.758308,2024-04-19T14:47:00.229491,SHORT,17393.0,17395.0,6,-240.0,0,10,4
Pre_Fix_DB (processed_trades_backup_pre_ghost_fix),TM_9,NQ,T623d60657d90,2024-04-19T14:47:00.820839,2024-04-19T14:47:01.303021,SHORT,17393.0,17395.0,6,-240.0,0,10,4
Pre_Fix_DB (processed_trades_backup_pre_ghost_fix),TM_9,NQ,Tfb0db59d67d9,2024-04-19T15:30:09.268364,2024-04-19T15:30:09.745408,LONG,17341.25,17341.5,6,30.0,0,11,4
Pre_Fix_DB (processed_trades_backup_pre_ghost_fix),TM_9,NQ,T026e6fe3e554,2024-04-19T15:30:10.616916,2024-04-19T15:30:11.086319,LONG,17341.25,17341.5,6,30.0,0,11,4
Pre_Fix_DB (processed_trades_backup_pre_ghost_fix),TM_9,NQ,Teb21d9b3f361,2024-04-19T15:37:47.536260,2024-04-19T15:37:48.004049,LONG,17335.75,17338.75,6,360.0,0,11,4
Pre_Fix_DB (processed_trades_backup_pre_ghost_fix),TM_9,NQ,T6fa0ffc95243,2024-04-19T15:37:48.805138,2024-04-19T15:37:49.220847,LONG,17335.75,17338.75,6,360.0,0,11,4
Pre_Fix_DB (processed_trades_backup_pre_ghost_fix),TM_9,NQ,T9bc5c3ce385f,2024-04-19T15:51:51.339739,2024-04-19T15:51:51.829935,SHORT,17327.75,17328.0,6,-30.0,0,11,4
Pre_Fix_DB (processed_trades_backup_pre_ghost_fix),TM_9,NQ,T50699b8c6b72,2024-04-19T15:51:52.642125,2024-04-19T15:51:53.132202,SHORT,17327.75,17328.0,6,-30.0,0,11,4
Pre_Fix_DB (processed_trades_backup_pre_ghost_fix),TM_9,NQ,T9080248ea50f,2024-04-19T16:29:03.365205,2024-04-19T16:29:03.836858,LONG,17215.25,17216.25,6,120.0,0,12,4
Pre_Fix_DB (processed_trades_backup_pre_ghost_fix),TM_9,NQ,T0db26d2c8226,2024-04-19T16:30:40.856830,2024-04-19T16:30:41.381074,LONG,17227.0,17226.25,6,-90.0,0,12,4
Pre_Fix_DB (processed_trades_backup_pre_ghost_fix),TM_9,NQ,T19d8e637fafc,2024-04-19T16:30:42.242099,2024-04-19T16:30:42.766633,LONG,17227.0,17226.25,6,-90.0,0,12,4
Pre_Fix_DB (processed_trades_backup_pre_ghost_fix),TM_9,NQ,T1e01827b52d7,2024-04-19T16:42:51.782073,2024-04-19T16:42:52.298131,LONG,17228.25,17230.5,6,270.0,0,12,4
Pre_Fix_DB (processed_trades_backup_pre_ghost_fix),TM_9,NQ,Tbd1f3b631f93,2024-04-19T16:42:53.091020,2024-04-19T16:42:53.598882,LONG,17228.25,17230.5,6,270.0,0,12,4
Pre_Fix_DB (processed_trades_backup_pre_ghost_fix),TM_9,NQ,Tcca7c52bad8d,2024-04-19T16:53:18.205887,2024-04-19T16:53:18.716038,SHORT,17281.5,17282.25,6,-90.0,0,12,4
Pre_Fix_DB (processed_trades_backup_pre_ghost_fix),TM_9,NQ,Tb935d344cab0,2024-04-19T16:53:19.550866,2024-04-19T16:53:20.058068,SHORT,17281.5,17282.25,6,-90.0,0,12,4
Pre_Fix_DB (processed_trades_backup_pre_ghost_fix),TM_9,NQ,Tf359ce3a3147,2024-04-19T18:00:21.528544,2024-04-19T18:00:22.004920,LONG,17276.25,17276.25,6,0.0,0,14,4
Pre_Fix_DB (processed_trades_backup_pre_ghost_fix),TM_9,NQ,T641db0151a59,2024-04-19T18:00:23.075521,2024-04-19T18:00:23.564344,LONG,17276.25,17276.25,6,0.0,0,14,4
Pre_Fix_DB (processed_trades_backup_pre_ghost_fix),TM_9,NQ,Ta4b612374170,2024-04-19T18:45:21.669985,2024-04-19T18:45:22.263427,LONG,17150.25,17150.0,6,-30.0,0,14,4
Pre_Fix_DB (processed_trades_backup_pre_ghost_fix),TM_9,NQ,T3ca8881bd24a,2024-04-19T18:45:23.245278,2024-04-19T18:45:23.793409,LONG,17150.25,17150.0,6,-30.0,0,14,4
Pre_Fix_DB (processed_trades_backup_pre_ghost_fix),TM_9,NQ,T72c5b07922b2,2024-04-19T19:06:59.180462,2024-04-19T19:06:59.691063,LONG,17143.75,17142.5,6,-150.0,0,15,4
Pre_Fix_DB (processed_trades_backup_pre_ghost_fix),TM_9,NQ,Tce0d245b5781,2024-04-19T19:07:00.928311,2024-04-19T19:07:01.438480,LONG,17143.75,17142.5,6,-150.0,0,15,4
Pre_Fix_DB (processed_trades_backup_pre_ghost_fix),TM_9,NQ,Ta1792e9de16a,2024-04-19T19:22:53.080995,2024-04-19T19:23:06.068703,SHORT,17179.25,17182.5,6,-390.0,0,15,4
Pre_Fix_DB (processed_trades_backup_pre_ghost_fix),TM_9,NQ,T8ac712f6d6f2,2024-04-19T19:46:22.348724,2024-04-19T19:47:04.329563,SHORT,17124.5,17124.25,4,20.0,0,15,4
Pre_Fix_DB (processed_trades_backup_pre_ghost_fix),TM_9,NQ,Tf06560bfa570,2024-04-19T19:53:29.082316,2024-04-19T19:53:29.626975,SHORT,17165.0,17166.5,6,-180.0,0,15,4
Pre_Fix_DB (processed_trades_backup_pre_ghost_fix),TM_9,NQ,Tcf149fee3c11,2024-04-19T20:07:25.407771,2024-04-19T20:07:25.939855,LONG,17163.0,17163.5,6,60.0,0,16,4
Pre_Fix_DB (processed_trades_backup_pre_ghost_fix),TM_9,NQ,T648bc80c3e27,2024-04-19T20:07:27.232995,2024-04-19T20:07:27.763944,LONG,17163.0,17163.5,6,60.0,0,16,4
Pre_Fix_DB (processed_trades_backup_pre_ghost_fix),TM_9,NQ,T09e71bc508e5,2024-04-21T22:01:19.433303,2024-04-21T22:01:19.859303,LONG,17211.25,17210.0,6,-150.0,0,18,6
Pre_Fix_DB (processed_trades_backup_pre_ghost_fix),TM_9,NQ,T3b8fa3423878,2024-04-22T12:36:45.362501,2024-04-22T12:36:45.916419,LONG,17269.25,17268.5,6,-90.0,0,8,0
Pre_Fix_DB (processed_trades_backup_pre_ghost_fix),TM_9,NQ,T8c083dccecd2,2024-04-22T13:28:31.484635,2024-04-22T13:30:00.022109,SHORT,17285.75,17294.5,6,-1050.0,1,9,0
Pre_Fix_DB (processed_trades_backup_pre_ghost_fix),TM_9,NQ,Tb1eaa2773e86,2024-04-23T20:03:07.798482,2024-04-23T20:03:08.436336,SHORT,17648.5,17649.5,6,-120.0,0,16,1
Pre_Fix_DB (processed_trades_backup_pre_ghost_fix),TM_9,NQ,Tdcc14ef667b1,2024-04-23T20:03:10.830091,2024-04-23T20:03:15.747544,SHORT,17633.5,17624.75,6,1050.0,0,16,1
Pre_Fix_DB (processed_trades_backup_pre_ghost_fix),TM_9,NQ,Tbf0a44f2c0f7,2024-04-24T06:20:19.984752,2024-04-24T06:20:20.498665,LONG,17744.5,17743.0,6,-180.0,0,2,2
Pre_Fix_DB (processed_trades_backup_pre_ghost_fix),TM_9,NQ,Tf827949b13e6,2024-04-24T08:54:09.504575,2024-04-24T08:54:09.849870,LONG,17695.0,17693.75,6,-150.0,0,4,2
Pre_Fix_DB (processed_trades_backup_pre_ghost_fix),TM_9,NQ,T65f7ccd27f42,2024-04-24T13:37:27.661714,2024-04-24T13:37:28.223040,SHORT,17765.25,17770.0,6,-570.0,0,9,2
Pre_Fix_DB (processed_trades_backup_pre_ghost_fix),TM_9,NQ,Ta5f017b3fffc,2024-04-24T13:41:49.266485,2024-04-24T13:41:49.738361,SHORT,17777.75,17779.0,6,-150.0,0,9,2
Pre_Fix_DB (processed_trades_backup_pre_ghost_fix),TM_9,NQ,Td50a251899de,2024-04-24T13:57:43.948121,2024-04-24T13:57:44.436507,LONG,17732.25,17731.25,6,-120.0,0,9,2
Pre_Fix_DB (processed_trades_backup_pre_ghost_fix),TM_9,NQ,T7f9d61795637,2024-04-24T14:11:14.942486,2024-04-24T14:11:15.446415,SHORT,17748.75,17750.0,6,-150.0,0,10,2
Pre_Fix_DB (processed_trades_backup_pre_ghost_fix),TM_9,NQ,T721d4ca8959a,2024-04-24T14:25:04.306981,2024-04-24T14:25:04.813787,SHORT,17747.5,17746.25,6,150.0,0,10,2
Pre_Fix_DB (processed_trades_backup_pre_ghost_fix),TM_9,NQ,T62980f5d2a5c,2024-04-24T14:36:18.356780,2024-04-24T14:36:18.760994,LONG,17725.75,17725.75,6,0.0,0,10,2
Pre_Fix_DB (processed_trades_backup_pre_ghost_fix),TM_9,NQ,Tf9f63f38d1d8,2024-04-24T14:45:44.116730,2024-04-24T14:45:44.648116,LONG,17692.75,17692.75,6,0.0,0,10,2
Pre_Fix_DB (processed_trades_backup_pre_ghost_fix),TM_9,NQ,Td2d257d87234,2024-04-24T17:50:05.878191,2024-04-24T17:50:06.302919,SHORT,17684.0,17684.5,6,-60.0,0,13,2
Pre_Fix_DB (processed_trades_backup_pre_ghost_fix),TM_9,NQ,T2df5351a7832,2024-04-24T18:07:03.591519,2024-04-24T18:07:04.087784,LONG,17661.75,17659.25,6,-300.0,0,14,2
Pre_Fix_DB (processed_trades_backup_pre_ghost_fix),TM_9,NQ,T498e59f123a1,2024-04-24T18:50:41.859157,2024-04-24T18:54:04.597607,SHORT,17623.75,17623.5,4,20.0,3,14,2
Pre_Fix_DB (processed_trades_backup_pre_ghost_fix),TM_9,NQ,T182e0f788f9b,2024-04-24T19:59:58.974041,2024-04-24T19:59:59.443369,SHORT,17661.25,17658.75,6,300.0,0,15,2
Pre_Fix_DB (processed_trades_backup_pre_ghost_fix),TM_9,NQ,T167d81f280d0,2024-04-24T20:00:00.623038,2024-04-24T20:00:01.114464,SHORT,17661.25,17658.75,6,300.0,0,16,2
Pre_Fix_DB (processed_trades_backup_pre_ghost_fix),TM_9,NQ,T302be114fa7e,2024-04-24T20:27:33.217360,2024-04-24T20:27:33.778915,LONG,17507.0,17505.75,6,-150.0,0,16,2
Pre_Fix_DB (processed_trades_backup_pre_ghost_fix),TM_9,NQ,T977ae736ce0e,2024-04-24T20:27:35.001927,2024-04-24T20:27:35.474022,LONG,17507.0,17505.75,6,-150.0,0,16,2
Pre_Fix_DB (processed_trades_backup_pre_ghost_fix),TM_9,NQ,T442a096a21c7,2024-04-24T20:47:14.379743,2024-04-24T20:47:14.871221,LONG,17508.0,17506.25,6,-210.0,0,16,2
Pre_Fix_DB (processed_trades_backup_pre_ghost_fix),TM_9,NQ,T0682e8844c78,2024-04-24T20:47:16.226936,2024-04-24T20:47:16.717713,LONG,17508.0,17506.25,6,-210.0,0,16,2
Pre_Fix_DB (processed_trades_backup_pre_ghost_fix),TM_9,NQ,T2d5cf3524915,2024-04-24T22:00:28.458290,2024-04-24T22:00:28.976141,LONG,17460.5,17459.0,6,-180.0,0,18,2
Pre_Fix_DB (processed_trades_backup_pre_ghost_fix),TM_9,NQ,T276e4695286c,2024-04-24T22:00:30.532296,2024-04-24T22:00:31.049697,LONG,17460.5,17459.0,6,-180.0,0,18,2
Pre_Fix_DB (processed_trades_backup_pre_ghost_fix),TM_9,NQ,Tf12d8a35af59,2024-04-24T22:29:04.692773,2024-04-24T22:29:05.177729,SHORT,17476.75,17477.75,6,-120.0,0,18,2
Pre_Fix_DB (processed_trades_backup_pre_ghost_fix),TM_9,NQ,T1c86d6b4e6cf,2024-04-24T22:37:00.136478,2024-04-24T22:40:52.396201,SHORT,17467.0,17467.25,4,-20.0,3,18,2
Pre_Fix_DB (processed_trades_backup_pre_ghost_fix),TM_9,NQ,T2fd2c2b0783f,2024-04-25T04:49:11.194769,2024-04-25T04:49:11.693277,LONG,17449.75,17449.25,6,-60.0,0,0,3
Pre_Fix_DB (processed_trades_backup_pre_ghost_fix),TM_9,NQ,Tb7c45f2a6d42,2024-04-25T06:42:58.023665,2024-04-25T06:42:58.547269,LONG,17433.0,17432.25,6,-90.0,0,2,3
Pre_Fix_DB (processed_trades_backup_pre_ghost_fix),TM_9,NQ,T1f05c76f3be1,2024-04-25T07:35:01.168244,2024-04-25T07:35:01.662419,LONG,17456.5,17455.5,6,-120.0,0,3,3
Pre_Fix_DB (processed_trades_backup_pre_ghost_fix),TM_9,NQ,T1ad6579a3c3b,2024-04-25T12:30:14.877605,2024-04-25T12:30:15.366255,SHORT,17503.75,17506.75,6,-360.0,0,8,3
Pre_Fix_DB (processed_trades_backup_pre_ghost_fix),TM_9,NQ,Tc381431b715c,2024-04-25T12:30:37.776588,2024-04-25T12:30:38.339463,LONG,17464.75,17464.0,6,-90.0,0,8,3
Pre_Fix_DB (processed_trades_backup_pre_ghost_fix),TM_9,NQ,Tca121526be93,2024-04-25T12:31:14.404577,2024-04-25T12:31:14.932502,LONG,17442.0,17443.75,6,210.0,0,8,3
Pre_Fix_DB (processed_trades_backup_pre_ghost_fix),TM_9,NQ,T0a1a79eb3549,2024-04-25T13:31:28.601438,2024-04-25T13:31:29.182131,SHORT,17334.25,17334.5,6,-30.0,0,9,3
Pre_Fix_DB (processed_trades_backup_pre_ghost_fix),TM_9,NQ,Ta0138bd44584,2024-04-25T13:37:53.798098,2024-04-25T13:38:13.331508,SHORT,17322.0,17329.75,6,-930.0,0,9,3
Pre_Fix_DB (processed_trades_backup_pre_ghost_fix),TM_9,NQ,T98fa985d6957,2024-04-25T13:48:39.199948,2024-04-25T13:48:39.733800,SHORT,17358.5,17359.75,6,-150.0,0,9,3
Pre_Fix_DB (processed_trades_backup_pre_ghost_fix),TM_9,NQ,T1df202d2dfdb,2024-04-25T14:39:08.083903,2024-04-25T14:39:08.604233,LONG,17402.5,17403.75,6,150.0,0,10,3
Pre_Fix_DB (processed_trades_backup_pre_ghost_fix),TM_9,NQ,T5b09f85cb151,2024-04-25T15:16:05.073168,2024-04-25T15:16:05.574956,SHORT,17373.5,17374.25,6,-90.0,0,11,3
Pre_Fix_DB (processed_trades_backup_pre_ghost_fix),TM_9,NQ,Tc93207e6c57b,2024-04-25T16:25:50.562733,2024-04-25T16:25:50.891427,SHORT,17462.0,17462.5,6,-60.0,0,12,3
Pre_Fix_DB (processed_trades_backup_pre_ghost_fix),TM_9,NQ,T7f93635536e8,2024-04-25T16:50:42.159795,2024-04-25T16:50:42.722720,SHORT,17475.75,17476.25,6,-60.0,0,12,3
Pre_Fix_DB (processed_trades_backup_pre_ghost_fix),TM_9,NQ,Td7ee28a42fff,2024-04-25T17:33:00.946119,2024-04-25T17:33:01.468728,SHORT,17507.0,17507.5,6,-60.0,0,13,3
Pre_Fix_DB (processed_trades_backup_pre_ghost_fix),TM_9,NQ,T4a35ac93f90d,2024-04-25T18:07:18.784872,2024-04-25T18:07:19.286165,LONG,17572.25,17571.75,6,-60.0,0,14,3
Pre_Fix_DB (processed_trades_backup_pre_ghost_fix),TM_9,NQ,T8e701784665b,2024-04-25T18:40:12.105819,2024-04-25T18:40:12.641267,LONG,17499.0,17495.75,6,-390.0,0,14,3
Pre_Fix_DB (processed_trades_backup_pre_ghost_fix),TM_9,NQ,T1089d3cd5bb0,2024-04-25T19:43:12.897592,2024-04-25T19:43:13.416352,LONG,17558.75,17559.0,6,30.0,0,15,3
Pre_Fix_DB (processed_trades_backup_pre_ghost_fix),TM_9,NQ,T7d39679cb639,2024-04-25T20:00:03.141207,2024-04-25T20:00:18.457601,SHORT,17551.75,17554.5,6,-330.0,0,16,3
Pre_Fix_DB (processed_trades_backup_pre_ghost_fix),TM_9,NQ,Te2af8d705d62,2024-04-25T20:00:36.119998,2024-04-25T20:00:36.584741,SHORT,17586.0,17594.5,6,-1020.0,0,16,3
Pre_Fix_DB (processed_trades_backup_pre_ghost_fix),TM_9,NQ,Tb607a285d3bb,2024-04-25T20:01:26.594614,2024-04-25T20:01:27.189032,LONG,17617.25,17624.5,6,870.0,0,16,3
Pre_Fix_DB (processed_trades_backup_pre_ghost_fix),TM_9,NQ,T0034c1c73e81,2024-04-25T20:04:22.088287,2024-04-25T20:04:22.628573,SHORT,17760.0,17763.25,6,-390.0,0,16,3
Pre_Fix_DB (processed_trades_backup_pre_ghost_fix),TM_9,NQ,T76b49a48ef4c,2024-04-25T20:10:27.796635,2024-04-25T20:10:34.060000,SHORT,17788.0,17793.0,6,-600.0,0,16,3
Pre_Fix_DB (processed_trades_backup_pre_ghost_fix),TM_9,NQ,T5894d14edf6e,2024-04-25T22:02:39.635276,2024-04-25T22:02:40.133650,LONG,17794.75,17793.25,6,-180.0,0,18,3
Pre_Fix_DB (processed_trades_backup_pre_ghost_fix),TM_9,NQ,Td6ee7343e0fb,2024-04-26T01:16:08.038480,2024-04-26T01:16:08.433031,LONG,17762.75,17761.75,6,-120.0,0,21,3
Pre_Fix_DB (processed_trades_backup_pre_ghost_fix),TM_9,NQ,T61446ea535e7,2024-04-26T03:40:03.953338,2024-04-26T03:40:04.446018,SHORT,17765.5,17766.25,6,-90.0,0,23,3
Pre_Fix_DB (processed_trades_backup_pre_ghost_fix),TM_9,NQ,T3b70bba487b9,2024-04-26T08:53:08.117186,2024-04-26T08:53:08.664009,LONG,17735.75,17735.0,6,-90.0,0,4,4
Pre_Fix_DB (processed_trades_backup_pre_ghost_fix),TM_9,NQ,T03cc529a06ce,2024-04-26T12:31:15.815005,2024-04-26T12:31:16.247696,LONG,17802.25,17801.25,6,-120.0,0,8,4
Pre_Fix_DB (processed_trades_backup_pre_ghost_fix),TM_9,NQ,T545de7ade1b9,2024-04-26T12:51:27.918370,2024-04-26T12:51:28.416935,LONG,17718.5,17718.75,6,30.0,0,8,4
Pre_Fix_DB (processed_trades_backup_pre_ghost_fix),TM_9,NQ,T874a3856ab6e,2024-04-26T12:56:29.894173,2024-04-26T12:56:30.503747,LONG,17719.0,17718.75,6,-30.0,0,8,4
Pre_Fix_DB (processed_trades_backup_pre_ghost_fix),TM_9,NQ,T1ac643a9d659,2024-04-26T13:28:12.116001,2024-04-26T13:28:12.614169,LONG,17699.0,17697.75,6,-150.0,0,9,4
Pre_Fix_DB (processed_trades_backup_pre_ghost_fix),TM_9,NQ,T46ab71a30a82,2024-04-26T13:33:11.125177,2024-04-26T13:33:11.643017,LONG,17681.0,17680.25,6,-90.0,0,9,4
Pre_Fix_DB (processed_trades_backup_pre_ghost_fix),TM_9,NQ,T9d015692f8c9,2024-04-26T13:37:00.211840,2024-04-26T13:37:00.718546,SHORT,17719.25,17720.5,6,-150.0,0,9,4
Pre_Fix_DB (processed_trades_backup_pre_ghost_fix),TM_9,NQ,T411a264dfde6,2024-04-26T13:49:55.444765,2024-04-26T13:49:55.976295,SHORT,17758.25,17758.25,6,0.0,0,9,4
Pre_Fix_DB (processed_trades_backup_pre_ghost_fix),TM_9,NQ,T95e108b7da0b,2024-04-26T14:00:48.578832,2024-04-26T14:00:49.071654,LONG,17797.5,17797.25,6,-30.0,0,10,4
Pre_Fix_DB (processed_trades_backup_pre_ghost_fix),TM_9,NQ,T40afa3d888e2,2024-04-26T14:29:03.149130,2024-04-26T14:29:03.741192,LONG,17807.5,17806.5,6,-120.0,0,10,4
Pre_Fix_DB (processed_trades_backup_pre_ghost_fix),TM_9,NQ,T997f7c247906,2024-04-26T14:32:22.404739,2024-04-26T14:32:22.780384,LONG,17804.75,17802.75,6,-240.0,0,10,4
Pre_Fix_DB (processed_trades_backup_pre_ghost_fix),TM_9,NQ,T85dd554ad846,2024-04-26T14:37:01.491894,2024-04-26T14:37:01.990012,SHORT,17812.75,17813.5,6,-90.0,0,10,4
Pre_Fix_DB (processed_trades_backup_pre_ghost_fix),TM_9,NQ,Ta9e2910adbd2,2024-04-26T15:09:49.946844,2024-04-26T15:09:50.451201,SHORT,17858.5,17860.25,6,-210.0,0,11,4
Pre_Fix_DB (processed_trades_backup_pre_ghost_fix),TM_9,NQ,Te6724b92cecc,2024-04-26T19:55:40.643195,2024-04-26T19:55:41.158133,LONG,17851.75,17851.75,6,0.0,0,15,4
Pre_Fix_DB (processed_trades_backup_pre_ghost_fix),TM_9,NQ,Tdd6eccce6c9a,2024-04-28T22:03:55.971695,2024-04-28T22:03:56.561999,SHORT,17854.75,17855.75,6,-120.0,0,18,6
Pre_Fix_DB (processed_trades_backup_pre_ghost_fix),TM_9,NQ,T6514d0b497a6,2024-04-29T01:48:36.958952,2024-04-29T01:48:37.456726,SHORT,17897.0,17897.75,6,-90.0,0,21,6
Pre_Fix_DB (processed_trades_backup_pre_ghost_fix),TM_9,NQ,T458458c82c10,2024-04-29T05:52:28.338773,2024-04-29T05:52:28.816275,SHORT,17918.75,17919.5,6,-90.0,0,1,0
Pre_Fix_DB (processed_trades_backup_pre_ghost_fix),TM_9,NQ,T68cfbaafec3c,2024-04-29T13:41:42.287388,2024-04-29T13:41:42.790620,LONG,17865.5,17866.0,6,60.0,0,9,0
Pre_Fix_DB (processed_trades_backup_pre_ghost_fix),TM_9,NQ,T38c76b3f7010,2024-04-29T13:46:05.344276,2024-04-29T13:46:05.831354,LONG,17858.75,17857.0,6,-210.0,0,9,0
Pre_Fix_DB (processed_trades_backup_pre_ghost_fix),TM_9,NQ,T46aa2fa41a9e,2024-04-29T14:30:10.712341,2024-04-29T14:30:11.212404,LONG,17902.75,17903.0,6,30.0,0,10,0
Pre_Fix_DB (processed_trades_backup_pre_ghost_fix),TM_9,NQ,T59292b4ccd6e,2024-04-29T15:05:28.617118,2024-04-29T15:05:29.121775,LONG,17866.5,17864.75,6,-210.0,0,11,0
Pre_Fix_DB (processed_trades_backup_pre_ghost_fix),TM_9,NQ,T58173c99b841,2024-04-29T18:00:15.743221,2024-04-29T18:00:16.276177,LONG,17899.5,17897.0,6,-300.0,0,14,0
Pre_Fix_DB (processed_trades_backup_pre_ghost_fix),TM_9,NQ,T9885ee105cc5,2024-04-29T18:23:07.310433,2024-04-29T18:23:07.934689,LONG,17891.0,17890.5,6,-60.0,0,14,0
Pre_Fix_DB (processed_trades_backup_pre_ghost_fix),TM_9,NQ,Tb9c77f2726be,2024-04-29T18:30:04.957679,2024-04-29T18:30:05.850745,LONG,17883.75,17883.0,6,-90.0,0,14,0
Pre_Fix_DB (processed_trades_backup_pre_ghost_fix),TM_9,NQ,T27a5449b2ed3,2024-04-29T18:32:03.076429,2024-04-29T18:32:03.387014,LONG,17867.5,17868.5,6,120.0,0,14,0
Pre_Fix_DB (processed_trades_backup_pre_ghost_fix),TM_9,NQ,T9d38bccb199e,2024-04-30T09:24:49.686751,2024-04-30T09:24:50.191788,LONG,17884.75,17884.0,6,-90.0,0,5,1
Pre_Fix_DB (processed_trades_backup_pre_ghost_fix),TM_9,NQ,T762db723c1c1,2024-04-30T12:41:42.591175,2024-04-30T12:41:43.107551,LONG,17816.5,17816.5,6,0.0,0,8,1
Pre_Fix_DB (processed_trades_backup_pre_ghost_fix),TM_9,NQ,T26f722dceee2,2024-04-30T14:03:09.750389,2024-04-30T14:05:28.496826,SHORT,17871.0,17870.25,4,60.0,2,10,1
Pre_Fix_DB (processed_trades_backup_pre_ghost_fix),TM_9,NQ,Tcba1fd2e04ef,2024-04-30T15:24:31.959747,2024-04-30T15:24:55.661770,SHORT,17758.5,17766.25,6,-930.0,0,11,1
Pre_Fix_DB (processed_trades_backup_pre_ghost_fix),TM_9,NQ,Tfd15840800d5,2024-04-30T17:00:48.014738,2024-04-30T17:01:14.939394,SHORT,17691.25,17698.5,6,-870.0,0,13,1
Pre_Fix_DB (processed_trades_backup_pre_ghost_fix),TM_9,NQ,Tf7dad2dd4974,2024-04-30T17:22:17.214282,2024-04-30T17:22:17.750419,LONG,17697.5,17697.0,6,-60.0,0,13,1
Pre_Fix_DB (processed_trades_backup_pre_ghost_fix),TM_9,NQ,Tdd97c7644ad5,2024-04-30T18:28:21.598078,2024-04-30T18:28:22.086128,LONG,17691.5,17692.5,6,120.0,0,14,1
Pre_Fix_DB (processed_trades_backup_pre_ghost_fix),TM_9,NQ,T34cf36ab7ab4,2024-04-30T19:50:25.076256,2024-04-30T19:50:25.557800,SHORT,17683.75,17685.25,6,-180.0,0,15,1
Pre_Fix_DB (processed_trades_backup_pre_ghost_fix),TM_9,NQ,T8c494ef32952,2024-04-30T19:59:12.246776,2024-04-30T19:59:12.710652,LONG,17579.0,17578.25,6,-90.0,0,15,1
Pre_Fix_DB (processed_trades_backup_pre_ghost_fix),TM_9,NQ,T42019e54a279,2024-04-30T22:00:13.411181,2024-04-30T22:00:13.951776,LONG,17479.5,17478.5,6,-120.0,0,18,1
Pre_Fix_DB (processed_trades_backup_pre_ghost_fix),TM_9,NQ,Tc6521985b686,2024-05-01T06:00:33.232132,2024-05-01T06:00:33.735298,SHORT,17505.5,17505.75,6,-30.0,0,2,2
Pre_Fix_DB (processed_trades_backup_pre_ghost_fix),TM_9,NQ,Tec56984c76a7,2024-05-01T13:16:34.588877,2024-05-01T13:16:34.973577,SHORT,17515.5,17515.5,6,0.0,0,9,2
Pre_Fix_DB (processed_trades_backup_pre_ghost_fix),TM_9,NQ,T799e9144e68b,2024-05-01T13:29:59.383731,2024-05-01T13:29:59.881694,SHORT,17500.75,17495.25,6,660.0,0,9,2
Pre_Fix_DB (processed_trades_backup_pre_ghost_fix),TM_9,NQ,T84ae60fb67d9,2024-05-01T13:45:08.773932,2024-05-01T13:45:09.198212,SHORT,17485.5,17486.0,6,-60.0,0,9,2
Pre_Fix_DB (processed_trades_backup_pre_ghost_fix),TM_9,NQ,T851f8ac365d2,2024-05-01T13:51:35.824554,2024-05-01T13:51:36.311310,LONG,17497.0,17497.25,6,30.0,0,9,2
Pre_Fix_DB (processed_trades_backup_pre_ghost_fix),TM_9,NQ,T25f4ce027c27,2024-05-01T13:59:00.124961,2024-05-01T13:59:00.595130,LONG,17481.0,17480.5,6,-60.0,0,9,2
Pre_Fix_DB (processed_trades_backup_pre_ghost_fix),TM_9,NQ,T998668f70f74,2024-05-01T14:42:11.237499,2024-05-01T14:42:11.830927,SHORT,17475.0,17476.75,6,-210.0,0,10,2
Pre_Fix_DB (processed_trades_backup_pre_ghost_fix),TM_9,NQ,T85b366ecc637,2024-05-01T15:27:25.790169,2024-05-01T15:27:26.262646,SHORT,17452.5,17452.5,6,0.0,0,11,2
Pre_Fix_DB (processed_trades_backup_pre_ghost_fix),TM_9,NQ,T22979bfd64ea,2024-05-01T16:32:42.124792,2024-05-01T16:32:42.614669,SHORT,17444.25,17444.5,6,-30.0,0,12,2
Pre_Fix_DB (processed_trades_backup_pre_ghost_fix),TM_9,NQ,T4d5704a175c1,2024-05-01T18:00:09.620615,2024-05-01T18:00:10.025024,LONG,17490.75,17484.0,6,-810.0,0,14,2
Pre_Fix_DB (processed_trades_backup_pre_ghost_fix),TM_9,NQ,Td8fb403a32f9,2024-05-01T18:00:22.479802,2024-05-01T18:00:22.981206,SHORT,17469.25,17473.5,6,-510.0,0,14,2
Pre_Fix_DB (processed_trades_backup_pre_ghost_fix),TM_9,NQ,T222ab4837da3,2024-05-01T18:03:49.131182,2024-05-01T18:03:49.633711,LONG,17496.5,17496.5,6,0.0,0,14,2
Pre_Fix_DB (processed_trades_backup_pre_ghost_fix),TM_9,NQ,T20e676aa2764,2024-05-01T18:11:59.980604,2024-05-01T18:12:00.300771,LONG,17478.75,17479.25,6,60.0,0,14,2
Pre_Fix_DB (processed_trades_backup_pre_ghost_fix),TM_9,NQ,T9ce3e01b4cc8,2024-05-01T18:32:03.906992,2024-05-01T18:32:04.472282,LONG,17482.25,17475.75,6,-780.0,0,14,2
Pre_Fix_DB (processed_trades_backup_pre_ghost_fix),TM_9,NQ,T38aa2d51f428,2024-05-01T18:32:53.391674,2024-05-01T18:32:53.895298,SHORT,17502.75,17505.5,6,-330.0,0,14,2
Pre_Fix_DB (processed_trades_backup_pre_ghost_fix),TM_9,NQ,T3e8abbd6ba71,2024-05-01T18:36:44.977228,2024-05-01T18:36:45.479506,SHORT,17542.0,17544.5,6,-300.0,0,14,2
Pre_Fix_DB (processed_trades_backup_pre_ghost_fix),TM_9,NQ,Tef5e001ea117,2024-05-01T18:38:01.208948,2024-05-01T18:38:01.599433,SHORT,17558.25,17563.0,6,-570.0,0,14,2
Pre_Fix_DB (processed_trades_backup_pre_ghost_fix),TM_9,NQ,T770c7f78d670,2024-05-01T18:39:07.675893,2024-05-01T18:39:08.098869,SHORT,17569.0,17570.5,6,-180.0,0,14,2
Pre_Fix_DB (processed_trades_backup_pre_ghost_fix),TM_9,NQ,Tfedbd9e20ff7,2024-05-01T18:42:45.188087,2024-05-01T18:42:45.750995,LONG,17675.5,17677.25,6,210.0,0,14,2
Pre_Fix_DB (processed_trades_backup_pre_ghost_fix),TM_9,NQ,Tcccbf0c6ec24,2024-05-01T18:51:37.976933,2024-05-01T18:51:38.491159,LONG,17714.25,17713.0,6,-150.0,0,14,2
Pre_Fix_DB (processed_trades_backup_pre_ghost_fix),TM_9,NQ,T838decdc1a07,2024-05-01T18:56:44.592455,2024-05-01T18:56:45.079539,LONG,17721.25,17720.25,6,-120.0,0,14,2
Pre_Fix_DB (processed_trades_backup_pre_ghost_fix),TM_9,NQ,T4ed1523d069a,2024-05-01T18:57:39.172383,2024-05-01T18:57:39.796216,SHORT,17724.75,17724.5,6,30.0,0,14,2
Pre_Fix_DB (processed_trades_backup_pre_ghost_fix),TM_9,NQ,Taf210597223a,2024-05-01T19:02:39.756731,2024-05-01T19:02:40.257271,SHORT,17770.75,17773.25,6,-300.0,0,15,2
Pre_Fix_DB (processed_trades_backup_pre_ghost_fix),TM_9,NQ,T7a8d69db1c7a,2024-05-01T19:04:23.842686,2024-05-01T19:04:24.270224,SHORT,17751.25,17751.5,6,-30.0,0,15,2
Pre_Fix_DB (processed_trades_backup_pre_ghost_fix),TM_9,NQ,Ta57fc027ef3e,2024-05-01T19:07:14.845939,2024-05-01T19:07:15.405762,LONG,17746.0,17747.5,6,180.0,0,15,2
Pre_Fix_DB (processed_trades_backup_pre_ghost_fix),TM_9,NQ,Tc4638bcb55be,2024-05-01T19:08:50.906720,2024-05-01T19:08:51.397929,SHORT,17767.0,17769.0,6,-240.0,0,15,2
Pre_Fix_DB (processed_trades_backup_pre_ghost_fix),TM_9,NQ,T27ba446b210f,2024-05-01T19:15:34.662686,2024-05-01T19:15:35.288283,SHORT,17754.0,17758.5,6,-540.0,0,15,2
Pre_Fix_DB (processed_trades_backup_pre_ghost_fix),TM_9,NQ,T654dda61105b,2024-05-01T19:34:15.697837,2024-05-01T19:34:16.140404,SHORT,17648.5,17647.5,6,120.0,0,15,2
Pre_Fix_DB (processed_trades_backup_pre_ghost_fix),TM_9,NQ,Ta8e22fc01775,2024-05-01T19:38:30.282288,2024-05-01T19:38:30.755657,LONG,17598.75,17596.25,6,-300.0,0,15,2
Pre_Fix_DB (processed_trades_backup_pre_ghost_fix),TM_9,NQ,Td20b64f86c28,2024-05-01T19:59:47.417387,2024-05-01T19:59:47.978269,LONG,17439.75,17438.0,6,-210.0,0,15,2
Pre_Fix_DB (processed_trades_backup_pre_ghost_fix),TM_9,NQ,T8c23c348c942,2024-05-01T20:01:52.035390,2024-05-01T20:01:52.492697,SHORT,17462.5,17463.25,6,-90.0,0,16,2
Pre_Fix_DB (processed_trades_backup_pre_ghost_fix),TM_9,NQ,T461cc2a3f767,2024-05-01T20:02:17.533145,2024-05-01T20:02:18.071167,SHORT,17468.5,17469.0,6,-60.0,0,16,2
Pre_Fix_DB (processed_trades_backup_pre_ghost_fix),TM_9,NQ,T375f3a4261b8,2024-05-01T22:00:32.471245,2024-05-01T22:00:32.910740,SHORT,17488.75,17489.25,6,-60.0,0,18,2
Pre_Fix_DB (processed_trades_backup_pre_ghost_fix),TM_9,NQ,T6a812f8f9a99,2024-05-02T12:31:20.900989,2024-05-02T12:31:21.328771,LONG,17584.0,17582.75,6,-150.0,0,8,3
Pre_Fix_DB (processed_trades_backup_pre_ghost_fix),TM_9,NQ,T321469f9295d,2024-05-02T12:37:03.522624,2024-05-02T12:37:04.007952,SHORT,17605.0,17605.5,6,-60.0,0,8,3
Pre_Fix_DB (processed_trades_backup_pre_ghost_fix),TM_9,NQ,T9f905d170633,2024-05-02T13:31:12.786304,2024-05-02T13:31:13.256411,LONG,17567.75,17568.75,6,120.0,0,9,3
Pre_Fix_DB (processed_trades_backup_pre_ghost_fix),TM_9,NQ,T9ee60a07a274,2024-05-02T13:34:37.261670,2024-05-02T13:34:37.747085,SHORT,17556.0,17558.25,6,-270.0,0,9,3
Pre_Fix_DB (processed_trades_backup_pre_ghost_fix),TM_9,NQ,T292a90bd0767,2024-05-02T13:43:07.280565,2024-05-02T13:43:07.778556,SHORT,17547.0,17546.75,6,30.0,0,9,3
Pre_Fix_DB (processed_trades_backup_pre_ghost_fix),TM_9,NQ,T8d8e2b7f0207,2024-05-02T14:10:18.481635,2024-05-02T14:10:19.073958,LONG,17412.0,17410.5,6,-180.0,0,10,3
Pre_Fix_DB (processed_trades_backup_pre_ghost_fix),TM_9,NQ,Tffbd6e326760,2024-05-02T14:31:24.967486,2024-05-02T14:31:25.465144,LONG,17511.25,17509.5,6,-210.0,0,10,3
Pre_Fix_DB (processed_trades_backup_pre_ghost_fix),TM_9,NQ,T97555e44cae9,2024-05-02T14:39:07.788079,2024-05-02T14:39:08.279766,LONG,17492.25,17492.5,6,30.0,0,10,3
Pre_Fix_DB (processed_trades_backup_pre_ghost_fix),TM_9,NQ,T6911fb8e1869,2024-05-02T14:46:48.934002,2024-05-02T14:46:49.435579,LONG,17466.25,17466.5,6,30.0,0,10,3
Pre_Fix_DB (processed_trades_backup_pre_ghost_fix),TM_9,NQ,T08e69109bea6,2024-05-02T15:24:02.968744,2024-05-02T15:24:03.499857,LONG,17530.0,17531.0,6,120.0,0,11,3
Pre_Fix_DB (processed_trades_backup_pre_ghost_fix),TM_9,NQ,Tda41757f8a05,2024-05-02T15:32:52.074633,2024-05-02T15:32:52.447396,LONG,17508.75,17507.5,6,-150.0,0,11,3
Pre_Fix_DB (processed_trades_backup_pre_ghost_fix),TM_9,NQ,T760a28e5c300,2024-05-02T16:36:24.351959,2024-05-02T16:36:24.861179,LONG,17499.75,17499.25,6,-60.0,0,12,3
Pre_Fix_DB (processed_trades_backup_pre_ghost_fix),TM_9,NQ,T5710e0943844,2024-05-02T19:23:03.703032,2024-05-02T19:23:04.204454,LONG,17675.25,17675.0,6,-30.0,0,15,3
Pre_Fix_DB (processed_trades_backup_pre_ghost_fix),TM_9,NQ,T03e54c742f55,2024-05-02T19:45:08.298917,2024-05-02T19:45:08.735932,LONG,17617.5,17615.25,6,-270.0,0,15,3
Pre_Fix_DB (processed_trades_backup_pre_ghost_fix),TM_9,NQ,T761483f0dc54,2024-05-02T20:30:10.627721,2024-05-02T20:30:11.128354,LONG,17726.5,17722.75,6,-450.0,0,16,3
Pre_Fix_DB (processed_trades_backup_pre_ghost_fix),TM_9,NQ,T78e07a1d120a,2024-05-03T12:29:53.791741,2024-05-03T12:29:57.055051,SHORT,17762.75,17769.5,6,-810.0,0,8,4
Pre_Fix_DB (processed_trades_backup_pre_ghost_fix),TM_9,NQ,T0e7b6eec39d0,2024-05-06T14:10:42.925537,2024-05-06T14:10:43.310037,SHORT,18093.25,18094.75,6,-180.0,0,10,0
Pre_Fix_DB (processed_trades_backup_pre_ghost_fix),TM_9,NQ,T2674d822b99d,2024-05-06T14:21:36.520998,2024-05-06T14:21:37.114991,LONG,18099.0,18099.0,6,0.0,0,10,0
Pre_Fix_DB (processed_trades_backup_pre_ghost_fix),TM_9,NQ,T0794c2511449,2024-05-06T15:10:10.000002,2024-05-06T15:10:10.660498,LONG,18099.25,18099.0,6,-30.0,0,11,0
Pre_Fix_DB (processed_trades_backup_pre_ghost_fix),TM_9,NQ,T9b63c1ebc6b3,2024-05-06T16:28:05.292482,2024-05-06T16:28:05.775125,LONG,18092.0,18091.5,6,-60.0,0,12,0
Pre_Fix_DB (processed_trades_backup_pre_ghost_fix),TM_9,NQ,T8992bf58c45f,2024-05-06T18:42:12.966836,2024-05-06T18:42:13.473007,SHORT,18130.75,18132.5,6,-210.0,0,14,0
Pre_Fix_DB (processed_trades_backup_pre_ghost_fix),TM_9,NQ,T4116bbf73c8d,2024-05-07T08:21:10.213536,2024-05-07T08:21:10.692380,LONG,18175.0,18174.5,6,-60.0,0,4,1
Pre_Fix_DB (processed_trades_backup_pre_ghost_fix),TM_9,NQ,Tfdbf66f97df0,2024-05-07T14:01:12.056792,2024-05-07T14:01:12.618196,LONG,18186.5,18185.5,6,-120.0,0,10,1
Pre_Fix_DB (processed_trades_backup_pre_ghost_fix),TM_9,NQ,T12ee94aed5e3,2024-05-07T14:14:46.130482,2024-05-07T14:14:46.653148,SHORT,18214.5,18214.75,6,-30.0,0,10,1
Pre_Fix_DB (processed_trades_backup_pre_ghost_fix),TM_9,NQ,T35e8f2834068,2024-05-07T14:23:59.792250,2024-05-07T14:24:00.290931,LONG,18189.5,18189.5,6,0.0,0,10,1
Pre_Fix_DB (processed_trades_backup_pre_ghost_fix),TM_9,NQ,Tf3bfb8967644,2024-05-07T15:33:28.548132,2024-05-07T15:33:29.050230,SHORT,18238.25,18238.75,6,-60.0,0,11,1
Pre_Fix_DB (processed_trades_backup_pre_ghost_fix),TM_9,NQ,T5abe2e1deef0,2024-05-07T16:43:58.196831,2024-05-07T16:43:58.687355,LONG,18258.5,18258.0,6,-60.0,0,12,1
Pre_Fix_DB (processed_trades_backup_pre_ghost_fix),TM_9,NQ,T5d52a0cdb820,2024-05-07T17:01:12.594402,2024-05-07T17:01:13.054632,LONG,18251.25,18250.75,6,-60.0,0,13,1
Pre_Fix_DB (processed_trades_backup_pre_ghost_fix),TM_9,NQ,Tef8d12dd6e5b,2024-05-07T17:50:24.794630,2024-05-07T17:50:25.147458,LONG,18213.75,18213.5,6,-30.0,0,13,1
Pre_Fix_DB (processed_trades_backup_pre_ghost_fix),TM_9,NQ,T4118e4da5f6f,2024-05-07T18:02:42.971890,2024-05-07T18:02:43.486068,LONG,18206.25,18206.25,6,0.0,0,14,1
Pre_Fix_DB (processed_trades_backup_pre_ghost_fix),TM_9,NQ,Tc22aadc2088d,2024-05-07T19:55:18.341415,2024-05-07T19:55:18.874244,SHORT,18191.75,18194.0,6,-270.0,0,15,1
Pre_Fix_DB (processed_trades_backup_pre_ghost_fix),TM_9,NQ,T5a677434564f,2024-05-07T19:55:20.056407,2024-05-07T19:55:20.589549,SHORT,18191.75,18194.0,6,-270.0,0,15,1
Pre_Fix_DB (processed_trades_backup_pre_ghost_fix),TM_9,NQ,T543239c06a5c,2024-05-07T20:44:44.719361,2024-05-07T20:44:45.122184,SHORT,18204.25,18205.0,6,-90.0,0,16,1
Pre_Fix_DB (processed_trades_backup_pre_ghost_fix),TM_9,NQ,Td4b4289024d6,2024-05-07T20:44:46.570779,2024-05-07T20:44:47.059127,SHORT,18204.25,18205.0,6,-90.0,0,16,1
Pre_Fix_DB (processed_trades_backup_pre_ghost_fix),TM_9,NQ,Tfe886e8d9926,2024-05-08T14:20:27.797450,2024-05-08T14:20:28.099771,LONG,18178.0,18180.0,6,240.0,0,10,2
Pre_Fix_DB (processed_trades_backup_pre_ghost_fix),TM_9,NQ,T42910fd9262c,2024-05-08T15:28:36.197369,2024-05-08T15:28:36.799015,LONG,18191.75,18192.0,6,30.0,0,11,2
Pre_Fix_DB (processed_trades_backup_pre_ghost_fix),TM_9,NQ,T2642748d0e3e,2024-05-08T15:50:23.601375,2024-05-08T15:50:24.034729,LONG,18183.5,18183.5,6,0.0,0,11,2
Pre_Fix_DB (processed_trades_backup_pre_ghost_fix),TM_9,NQ,T93cd39e9f4cb,2024-05-08T16:41:18.558146,2024-05-08T16:41:19.075719,LONG,18176.75,18176.5,6,-30.0,0,12,2
Pre_Fix_DB (processed_trades_backup_pre_ghost_fix),TM_9,NQ,Tfa96f9ff63af,2024-05-08T20:00:05.606737,2024-05-08T20:00:06.200376,SHORT,18179.5,18180.25,6,-90.0,0,16,2
Pre_Fix_DB (processed_trades_backup_pre_ghost_fix),TM_9,NQ,Tf053f92924b1,2024-05-09T07:57:19.996623,2024-05-09T07:57:20.397332,LONG,18121.25,18120.0,6,-150.0,0,3,3
Pre_Fix_DB (processed_trades_backup_pre_ghost_fix),TM_9,NQ,Td9af186127d8,2024-05-09T09:32:39.389950,2024-05-09T09:32:39.675227,LONG,18126.75,18126.25,6,-60.0,0,5,3
Pre_Fix_DB (processed_trades_backup_pre_ghost_fix),TM_9,NQ,Tfd7416bb3423,2024-05-09T12:33:24.734955,2024-05-09T12:33:25.228793,SHORT,18193.75,18193.75,6,0.0,0,8,3
Pre_Fix_DB (processed_trades_backup_pre_ghost_fix),TM_9,NQ,T15316d185058,2024-05-09T13:41:25.543885,2024-05-09T13:41:26.062651,LONG,18140.5,18139.5,6,-120.0,0,9,3
Pre_Fix_DB (processed_trades_backup_pre_ghost_fix),TM_9,NQ,T4d0384e61426,2024-05-10T14:00:13.477870,2024-05-10T14:01:10.421715,LONG,18315.5,18304.5,6,-1320.0,0,10,4
Pre_Fix_DB (processed_trades_backup_pre_ghost_fix),TM_9,NQ,Tb12b350f6b9a,2024-05-10T14:30:58.535866,2024-05-10T14:30:59.010151,LONG,18219.5,18219.0,6,-60.0,0,10,4
Pre_Fix_DB (processed_trades_backup_pre_ghost_fix),TM_9,NQ,Ta96b3b253062,2024-05-10T17:08:33.646648,2024-05-10T17:08:34.122564,SHORT,18226.0,18226.5,6,-60.0,0,13,4
Pre_Fix_DB (processed_trades_backup_pre_ghost_fix),TM_9,NQ,T2ccb42887f03,2024-05-10T19:59:07.795749,2024-05-10T19:59:08.176798,SHORT,18269.0,18269.25,6,-30.0,0,15,4
Pre_Fix_DB (processed_trades_backup_pre_ghost_fix),TM_9,NQ,T13dfad8cad79,2024-05-10T20:00:15.160465,2024-05-10T20:00:15.678445,SHORT,18248.5,18250.0,6,-180.0,0,16,4
Pre_Fix_DB (processed_trades_backup_pre_ghost_fix),TM_9,NQ,T46100da68751,2024-05-12T22:30:55.454751,2024-05-13T00:10:45.062752,SHORT,18248.25,18248.0,4,20.0,99,18,6
Pre_Fix_DB (processed_trades_backup_pre_ghost_fix),TM_9,NQ,Te0d99c42dcc7,2024-05-13T13:45:26.902938,2024-05-13T13:45:27.312910,LONG,18262.25,18261.75,6,-60.0,0,9,0
Pre_Fix_DB (processed_trades_backup_pre_ghost_fix),TM_9,NQ,T50a55bcaec7d,2024-05-13T14:49:41.145190,2024-05-13T14:49:41.610914,LONG,18304.25,18303.25,6,-120.0,0,10,0
Pre_Fix_DB (processed_trades_backup_pre_ghost_fix),TM_9,NQ,T9b00bfcef3fa,2024-05-15T04:29:48.283181,2024-05-15T04:29:48.784312,SHORT,18416.75,18417.5,6,-90.0,0,0,2
Pre_Fix_DB (processed_trades_backup_pre_ghost_fix),TM_9,NQ,T766803063610,2024-05-15T13:29:59.469410,2024-05-15T13:29:59.909123,LONG,18513.75,18513.75,6,0.0,0,9,2
Pre_Fix_DB (processed_trades_backup_pre_ghost_fix),TM_9,NQ,T1671336b1c8e,2024-05-15T13:51:44.966157,2024-05-15T13:51:46.216469,LONG,18467.5,18466.5,6,-120.0,0,9,2
Pre_Fix_DB (processed_trades_backup_pre_ghost_fix),TM_9,NQ,T0dd5b5309d4f,2024-05-15T14:37:35.442627,2024-05-15T14:37:35.972778,SHORT,18555.75,18556.25,6,-60.0,0,10,2
Pre_Fix_DB (processed_trades_backup_pre_ghost_fix),TM_9,NQ,Tee7bbadae149,2024-05-15T16:10:35.605733,2024-05-15T16:10:36.003061,LONG,18601.25,18601.75,6,60.0,0,12,2
Pre_Fix_DB (processed_trades_backup_pre_ghost_fix),TM_9,NQ,Tf2f6bbee47f1,2024-05-16T07:20:30.867753,2024-05-16T07:20:31.499029,LONG,18731.0,18730.5,6,-60.0,0,3,3
Pre_Fix_DB (processed_trades_backup_pre_ghost_fix),TM_9,NQ,T2b0458deb2dd,2024-05-16T13:49:58.490628,2024-05-16T13:49:58.990009,SHORT,18703.75,18704.75,6,-120.0,0,9,3
Pre_Fix_DB (processed_trades_backup_pre_ghost_fix),TM_9,NQ,T7cf28d1b5327,2024-05-17T07:06:26.157685,2024-05-17T07:06:26.607416,SHORT,18653.0,18653.75,6,-90.0,0,3,4
Pre_Fix_DB (processed_trades_backup_pre_ghost_fix),TM_9,NQ,T1cbe6d67206a,2024-05-17T15:09:19.313877,2024-05-17T15:09:19.815831,LONG,18654.0,18654.0,6,0.0,0,11,4
Pre_Fix_DB (processed_trades_backup_pre_ghost_fix),TM_9,NQ,Td2be042d662e,2024-05-17T16:43:05.588374,2024-05-17T16:43:05.994945,LONG,18626.25,18625.5,6,-90.0,0,12,4
Pre_Fix_DB (processed_trades_backup_pre_ghost_fix),TM_9,NQ,Ta19c3b4db3f1,2024-05-17T19:59:57.301176,2024-05-17T19:59:57.794567,LONG,18639.25,18639.5,6,30.0,0,15,4
Pre_Fix_DB (processed_trades_backup_pre_ghost_fix),TM_9,NQ,T35c5b0477a41,2024-05-20T14:57:33.590159,2024-05-20T14:57:34.195169,SHORT,18745.75,18746.25,6,-60.0,0,10,0
Pre_Fix_DB (processed_trades_backup_pre_ghost_fix),TM_9,NQ,T098477efcc76,2024-05-20T15:16:33.714555,2024-05-20T15:16:34.259397,LONG,18731.75,18731.25,6,-60.0,0,11,0
Pre_Fix_DB (processed_trades_backup_pre_ghost_fix),TM_9,NQ,Tc5956d603adc,2024-05-22T10:29:15.603655,2024-05-22T10:29:16.079784,LONG,18767.5,18767.0,6,-60.0,0,6,2
Pre_Fix_DB (processed_trades_backup_pre_ghost_fix),TM_9,NQ,T4a236847c463,2024-05-22T15:05:07.619556,2024-05-22T15:05:08.154348,SHORT,18833.25,18833.25,6,0.0,0,11,2
Pre_Fix_DB (processed_trades_backup_pre_ghost_fix),TM_9,NQ,T7579593257a8,2024-05-22T16:07:05.740382,2024-05-22T16:07:06.271727,LONG,18825.5,18825.25,6,-30.0,0,12,2
Pre_Fix_DB (processed_trades_backup_pre_ghost_fix),TM_9,NQ,T2e10d3ff33f2,2024-05-22T18:00:27.480263,2024-05-22T18:00:27.850648,LONG,18737.75,18737.5,6,-30.0,0,14,2
Pre_Fix_DB (processed_trades_backup_pre_ghost_fix),TM_9,NQ,T9a06f24fd1dc,2024-05-22T18:01:49.990024,2024-05-22T18:01:50.329095,SHORT,18750.5,18750.5,4,0.0,0,14,2
Pre_Fix_DB (processed_trades_backup_pre_ghost_fix),TM_9,NQ,Tc4dad5d069d8,2024-05-22T23:22:53.672556,2024-05-22T23:22:54.172146,LONG,18868.75,18868.25,6,-60.0,0,19,2
Pre_Fix_DB (processed_trades_backup_pre_ghost_fix),TM_9,NQ,Tfbda872679d9,2024-05-23T06:27:53.240529,2024-05-23T06:27:53.735172,LONG,18937.5,18937.0,6,-60.0,0,2,3
Pre_Fix_DB (processed_trades_backup_pre_ghost_fix),TM_9,NQ,T3be4a95f01b1,2024-05-23T09:31:36.813633,2024-05-23T09:31:37.324870,LONG,18950.75,18950.25,6,-60.0,0,5,3
Pre_Fix_DB (processed_trades_backup_pre_ghost_fix),TM_9,NQ,T282d6a8abeb1,2024-05-23T13:36:07.742696,2024-05-23T13:36:08.310595,LONG,18954.25,18953.75,6,-60.0,0,9,3
Pre_Fix_DB (processed_trades_backup_pre_ghost_fix),TM_9,NQ,Teb7b174c7213,2024-05-23T13:36:08.667138,2024-05-23T13:36:09.151110,LONG,18954.25,18953.75,6,-60.0,0,9,3
Pre_Fix_DB (processed_trades_backup_pre_ghost_fix),TM_9,NQ,Ta452add43fae,2024-05-23T15:31:01.391787,2024-05-23T15:31:02.138387,SHORT,18902.0,18900.75,6,150.0,0,11,3
Pre_Fix_DB (processed_trades_backup_pre_ghost_fix),TM_9,NQ,Te9ed54c0ecd4,2024-05-23T16:01:33.503094,2024-05-23T16:01:34.143473,SHORT,18932.0,18932.75,6,-90.0,0,12,3
Pre_Fix_DB (processed_trades_backup_pre_ghost_fix),TM_9,NQ,Td2376b4ea882,2024-05-23T16:07:32.190740,2024-05-23T16:07:33.157048,SHORT,18911.25,18906.75,6,540.0,0,12,3
Pre_Fix_DB (processed_trades_backup_pre_ghost_fix),TM_9,NQ,T1cb70c8bebbe,2024-05-23T16:11:45.871113,2024-05-23T16:11:46.594335,LONG,18896.5,18895.25,6,-150.0,0,12,3
Pre_Fix_DB (processed_trades_backup_pre_ghost_fix),TM_9,NQ,T78211bbdeddb,2024-05-23T18:06:02.716649,2024-05-23T18:06:04.247731,LONG,18689.5,18684.0,6,-660.0,0,14,3
Pre_Fix_DB (processed_trades_backup_pre_ghost_fix),TM_9,NQ,T01e1fa1dd7f4,2024-05-23T18:18:48.900229,2024-05-23T18:18:50.047443,SHORT,18701.0,18698.75,6,270.0,0,14,3
Pre_Fix_DB (processed_trades_backup_pre_ghost_fix),TM_9,NQ,T532253e8b679,2024-05-23T18:28:58.766176,2024-05-23T18:30:00.824542,SHORT,18678.75,18669.5,6,1110.0,1,14,3
Pre_Fix_DB (processed_trades_backup_pre_ghost_fix),TM_9,NQ,T3cea35369706,2024-05-23T19:32:31.451611,2024-05-23T19:32:32.769936,SHORT,18669.75,18671.5,6,-210.0,0,15,3
Pre_Fix_DB (processed_trades_backup_pre_ghost_fix),TM_9,NQ,T65c434c1f70a,2024-05-23T19:52:37.848752,2024-05-23T19:52:38.943828,LONG,18702.0,18703.0,6,120.0,0,15,3
Pre_Fix_DB (processed_trades_backup_pre_ghost_fix),TM_9,NQ,T239c6d5c3b92,2024-05-24T14:49:30.223806,2024-05-24T14:49:30.796983,LONG,18839.75,18841.75,6,240.0,0,10,4
Pre_Fix_DB (processed_trades_backup_pre_ghost_fix),TM_9,NQ,Ta2842964c947,2024-05-24T14:49:31.344630,2024-05-24T14:49:31.902710,LONG,18839.75,18841.75,6,240.0,0,10,4
Pre_Fix_DB (processed_trades_backup_pre_ghost_fix),TM_9,NQ,Td26675fc602d,2024-05-24T15:39:32.161655,2024-05-24T15:39:32.609325,LONG,18885.5,18885.5,6,0.0,0,11,4
Pre_Fix_DB (processed_trades_backup_pre_ghost_fix),TM_9,NQ,Td331a33dcb60,2024-05-24T15:39:33.376576,2024-05-24T15:39:33.786455,LONG,18885.5,18885.5,6,0.0,0,11,4
Pre_Fix_DB (processed_trades_backup_pre_ghost_fix),TM_9,NQ,T6d398899a72c,2024-05-24T19:02:04.222430,2024-05-24T19:02:04.905596,LONG,18861.5,18861.75,6,30.0,0,15,4
Pre_Fix_DB (processed_trades_backup_pre_ghost_fix),TM_9,NQ,T39454c223c86,2024-05-24T19:02:05.815202,2024-05-24T19:02:06.443299,LONG,18861.5,18861.75,6,30.0,0,15,4
Pre_Fix_DB (processed_trades_backup_pre_ghost_fix),TM_9,NQ,T6356c7b6b9c5,2024-05-28T10:31:16.454190,2024-05-28T10:46:08.838237,LONG,18926.0,18926.0,4,0.0,14,6,1
Pre_Fix_DB (processed_trades_backup_pre_ghost_fix),TM_9,NQ,T2a55250af7bd,2024-05-29T02:51:47.036840,2024-05-29T02:51:47.513829,LONG,18896.75,18896.25,6,-60.0,0,22,1
Pre_Fix_DB (processed_trades_backup_pre_ghost_fix),TM_9,NQ,Tb8be05f85ced,2024-05-29T06:00:55.586606,2024-05-29T06:00:55.862041,LONG,18851.75,18851.0,6,-90.0,0,2,2
Pre_Fix_DB (processed_trades_backup_pre_ghost_fix),TM_9,NQ,T65533d697589,2024-05-29T13:27:20.609233,2024-05-29T13:27:20.943472,LONG,18762.5,18761.25,6,-150.0,0,9,2
Pre_Fix_DB (processed_trades_backup_pre_ghost_fix),TM_9,NQ,T481466c6998f,2024-05-30T12:56:32.250537,2024-05-30T12:56:32.503889,SHORT,18764.0,18764.5,6,-60.0,0,8,3
Pre_Fix_DB (processed_trades_backup_pre_ghost_fix),TM_9,NQ,T6851a7ab40e8,2024-05-30T13:33:56.805018,2024-05-30T13:33:57.264740,SHORT,18746.75,18747.5,6,-90.0,0,9,3
Pre_Fix_DB (processed_trades_backup_pre_ghost_fix),TM_9,NQ,Tcc0b26a5f01c,2024-05-30T13:55:57.942569,2024-05-30T13:55:58.433665,SHORT,18733.5,18734.25,6,-90.0,0,9,3
Pre_Fix_DB (processed_trades_backup_pre_ghost_fix),TM_9,NQ,Tb28c55117438,2024-05-30T16:04:19.786877,2024-05-30T16:04:20.400709,LONG,18692.5,18692.75,6,30.0,0,12,3
Pre_Fix_DB (processed_trades_backup_pre_ghost_fix),TM_9,NQ,Ta6f8e138c4a8,2024-05-30T16:04:21.732706,2024-05-30T16:04:22.202965,LONG,18692.5,18692.75,6,30.0,0,12,3
Pre_Fix_DB (processed_trades_backup_pre_ghost_fix),TM_9,NQ,T41e41e7aa594,2024-05-30T17:03:31.859667,2024-05-30T17:03:32.498630,SHORT,18686.75,18688.0,6,-150.0,0,13,3
Pre_Fix_DB (processed_trades_backup_pre_ghost_fix),TM_9,NQ,Te0c38c2414a6,2024-05-30T18:17:28.669790,2024-05-30T18:17:29.352414,LONG,18677.0,18676.0,6,-120.0,0,14,3
Pre_Fix_DB (processed_trades_backup_pre_ghost_fix),TM_9,NQ,T1103b90a54d0,2024-05-30T20:06:50.678546,2024-05-30T20:06:51.138665,LONG,18582.25,18582.0,6,-30.0,0,16,3
Pre_Fix_DB (processed_trades_backup_pre_ghost_fix),TM_9,NQ,T97e92063caa2,2024-05-31T00:35:10.906715,2024-05-31T00:35:11.469050,LONG,18507.0,18506.5,6,-60.0,0,20,3
Pre_Fix_DB (processed_trades_backup_pre_ghost_fix),TM_9,NQ,T03c259f7980e,2024-05-31T10:57:04.801632,2024-05-31T10:57:05.178824,LONG,18505.75,18505.0,6,-90.0,0,6,4
Pre_Fix_DB (processed_trades_backup_pre_ghost_fix),TM_9,NQ,Ta51f30b86462,2024-05-31T13:07:57.227420,2024-05-31T13:07:57.694789,LONG,18634.75,18634.75,6,0.0,0,9,4
Pre_Fix_DB (processed_trades_backup_pre_ghost_fix),TM_9,NQ,Teaaea8b6bb3d,2024-05-31T13:47:38.413477,2024-05-31T13:47:38.963843,LONG,18581.5,18581.0,6,-60.0,0,9,4
Pre_Fix_DB (processed_trades_backup_pre_ghost_fix),TM_9,NQ,T699002c22a82,2024-05-31T14:07:41.619171,2024-05-31T14:07:41.989084,SHORT,18545.25,18544.25,6,120.0,0,10,4
Pre_Fix_DB (processed_trades_backup_pre_ghost_fix),TM_9,NQ,Td616baff9429,2024-05-31T14:49:05.164250,2024-05-31T14:49:05.570853,LONG,18380.75,18380.25,6,-60.0,0,10,4
Pre_Fix_DB (processed_trades_backup_pre_ghost_fix),TM_9,NQ,Td4d7f0bd7a65,2024-05-31T15:34:13.035134,2024-05-31T15:34:13.588774,LONG,18309.75,18309.25,6,-60.0,0,11,4
Pre_Fix_DB (processed_trades_backup_pre_ghost_fix),TM_9,NQ,T19a73e1ec03c,2024-05-31T20:05:08.210898,2024-05-31T20:05:19.330118,LONG,18598.75,18591.75,6,-840.0,0,16,4
Pre_Fix_DB (processed_trades_backup_pre_ghost_fix),TM_9,NQ,T41b97783113a,2024-06-02T22:02:29.869822,2024-06-02T22:02:30.348734,LONG,18572.5,18570.25,6,-270.0,0,18,6
Pre_Fix_DB (processed_trades_backup_pre_ghost_fix),TM_9,NQ,T35e920383d43,2024-06-02T22:15:17.350919,2024-06-02T22:15:17.864982,LONG,18564.0,18563.25,6,-90.0,0,18,6
Pre_Fix_DB (processed_trades_backup_pre_ghost_fix),TM_9,NQ,T672c6aca7b8c,2024-06-02T23:05:45.928151,2024-06-02T23:05:46.448134,LONG,18586.5,18585.75,6,-90.0,0,19,6
Pre_Fix_DB (processed_trades_backup_pre_ghost_fix),TM_9,NQ,Tdab2a5eb6bf2,2024-06-03T07:22:39.789492,2024-06-03T07:22:40.240610,LONG,18633.5,18632.25,6,-150.0,0,3,0
Pre_Fix_DB (processed_trades_backup_pre_ghost_fix),TM_9,NQ,Ta14f1a3f8962,2024-06-03T10:26:19.924309,2024-06-03T10:26:20.230265,LONG,18675.75,18675.5,6,-30.0,0,6,0
Pre_Fix_DB (processed_trades_backup_pre_ghost_fix),TM_9,NQ,Tfe8930ad4649,2024-06-03T11:26:59.627207,2024-06-03T11:27:00.156147,SHORT,18662.5,18663.0,6,-60.0,0,7,0
Pre_Fix_DB (processed_trades_backup_pre_ghost_fix),TM_9,NQ,T8c06a5c4e3e7,2024-06-03T13:35:13.844474,2024-06-03T13:36:46.913767,SHORT,18707.75,18714.75,6,-840.0,1,9,0
Pre_Fix_DB (processed_trades_backup_pre_ghost_fix),TM_9,NQ,T2a7696cd594a,2024-06-04T11:16:33.929488,2024-06-04T11:21:45.949619,SHORT,18571.5,18577.25,6,-690.0,5,7,1
Pre_Fix_DB (processed_trades_backup_pre_ghost_fix),TM_9,NQ,T4362b393ce07,2024-06-04T12:04:44.850855,2024-06-04T12:05:18.254294,SHORT,18575.25,18574.5,4,60.0,0,8,1
Pre_Fix_DB (processed_trades_backup_pre_ghost_fix),TM_9,NQ,T467508254dd4,2024-06-04T12:20:27.613255,2024-06-04T12:20:28.026564,LONG,18588.0,18587.25,6,-90.0,0,8,1
Pre_Fix_DB (processed_trades_backup_pre_ghost_fix),TM_9,NQ,T48f14505ca23,2024-06-04T13:41:03.269619,2024-06-04T13:41:03.784798,SHORT,18606.0,18606.25,6,-30.0,0,9,1
Pre_Fix_DB (processed_trades_backup_pre_ghost_fix),TM_9,NQ,T27b1d722e153,2024-06-04T14:48:20.710076,2024-06-04T14:48:21.398158,LONG,18620.75,18621.25,6,60.0,0,10,1
Pre_Fix_DB (processed_trades_backup_pre_ghost_fix),TM_9,NQ,Te295d6ba0aa5,2024-06-04T15:17:20.875132,2024-06-04T15:17:21.211259,LONG,18612.25,18611.0,6,-150.0,0,11,1
Pre_Fix_DB (processed_trades_backup_pre_ghost_fix),TM_9,NQ,T506435606fd6,2024-06-04T16:00:21.791025,2024-06-04T16:00:22.415515,SHORT,18582.25,18581.0,6,150.0,0,12,1
Pre_Fix_DB (processed_trades_backup_pre_ghost_fix),TM_9,NQ,Tda104d24a4ff,2024-06-04T17:57:16.833361,2024-06-04T17:57:17.333360,SHORT,18621.0,18621.0,6,0.0,0,13,1
Pre_Fix_DB (processed_trades_backup_pre_ghost_fix),TM_9,NQ,T746c59461f7d,2024-06-04T18:57:51.481460,2024-06-04T18:57:51.931516,LONG,18719.0,18718.0,6,-120.0,0,14,1
Pre_Fix_DB (processed_trades_backup_pre_ghost_fix),TM_9,NQ,Tbe2fbc1bfbde,2024-06-04T19:33:24.328844,2024-06-04T19:33:24.823267,LONG,18672.0,18671.25,6,-90.0,0,15,1
Pre_Fix_DB (processed_trades_backup_pre_ghost_fix),TM_9,NQ,T05015f5598bf,2024-06-04T20:14:59.215383,2024-06-04T20:14:59.500333,LONG,18700.0,18699.5,6,-60.0,0,16,1
Pre_Fix_DB (processed_trades_backup_pre_ghost_fix),TM_9,NQ,Taeb4f3d6e57d,2024-06-05T01:21:05.008528,2024-06-05T01:21:05.603472,SHORT,18717.25,18717.25,6,0.0,0,21,1
Pre_Fix_DB (processed_trades_backup_pre_ghost_fix),TM_9,NQ,T38cd2fbf6444,2024-06-05T11:27:40.499484,2024-06-05T11:27:41.006581,LONG,18785.75,18785.25,6,-60.0,0,7,2
Pre_Fix_DB (processed_trades_backup_pre_ghost_fix),TM_9,NQ,T7cd5b4938be5,2024-06-05T11:53:02.366718,2024-06-05T11:53:02.794354,SHORT,18814.5,18815.0,6,-60.0,0,7,2
Pre_Fix_DB (processed_trades_backup_pre_ghost_fix),TM_9,NQ,T352463750067,2024-06-05T13:32:38.243299,2024-06-05T13:32:38.791953,LONG,18843.5,18843.5,6,0.0,0,9,2
Pre_Fix_DB (processed_trades_backup_pre_ghost_fix),TM_9,NQ,Te94b3f81b334,2024-06-05T13:45:00.090671,2024-06-05T13:45:00.592315,SHORT,18840.5,18842.25,6,-210.0,0,9,2
Pre_Fix_DB (processed_trades_backup_pre_ghost_fix),TM_9,NQ,T1ec0c3e566e2,2024-06-05T13:52:01.769973,2024-06-05T13:52:02.489010,LONG,18843.5,18843.75,6,30.0,0,9,2
Pre_Fix_DB (processed_trades_backup_pre_ghost_fix),TM_9,NQ,T151230af611b,2024-06-05T13:52:03.025308,2024-06-05T13:52:03.752875,LONG,18843.5,18843.75,6,30.0,0,9,2
Pre_Fix_DB (processed_trades_backup_pre_ghost_fix),TM_9,NQ,Tb6c4f7b45f97,2024-06-05T14:21:04.309499,2024-06-05T14:21:16.814654,LONG,18842.5,18845.25,6,330.0,0,10,2
Pre_Fix_DB (processed_trades_backup_pre_ghost_fix),TM_9,NQ,Tdcaaaaba3b32,2024-06-05T14:21:17.236420,2024-06-05T14:21:17.947726,LONG,18845.25,18845.25,6,0.0,0,10,2
Pre_Fix_DB (processed_trades_backup_pre_ghost_fix),TM_9,NQ,Tcdf3c747e3fd,2024-06-05T15:04:14.246721,2024-06-05T15:04:14.907170,SHORT,18940.0,18941.0,6,-120.0,0,11,2
Pre_Fix_DB (processed_trades_backup_pre_ghost_fix),TM_9,NQ,Ta03be57514ce,2024-06-05T15:04:15.444849,2024-06-05T15:04:16.061371,SHORT,18940.0,18941.0,6,-120.0,0,11,2
Pre_Fix_DB (processed_trades_backup_pre_ghost_fix),TM_9,NQ,T739a4f20a6f6,2024-06-05T16:37:48.284190,2024-06-05T16:37:48.851772,SHORT,18985.0,18985.0,6,0.0,0,12,2
Pre_Fix_DB (processed_trades_backup_pre_ghost_fix),TM_9,NQ,T2693724f730a,2024-06-05T16:37:49.737589,2024-06-05T16:37:50.228130,SHORT,18985.0,18985.0,6,0.0,0,12,2
Pre_Fix_DB (processed_trades_backup_pre_ghost_fix),TM_9,NQ,T111bb55592bd,2024-06-05T19:28:14.598423,2024-06-05T19:29:44.862252,SHORT,19026.25,19033.75,6,-900.0,1,15,2
Pre_Fix_DB (processed_trades_backup_pre_ghost_fix),TM_9,NQ,T7ea5e72696a5,2024-06-06T01:31:21.390528,2024-06-06T02:07:23.224543,LONG,19094.0,19094.25,4,20.0,36,21,2
Pre_Fix_DB (processed_trades_backup_pre_ghost_fix),TM_9,NQ,T310b3cfb77ea,2024-06-06T10:09:15.643975,2024-06-06T10:13:53.353527,LONG,19094.25,19086.75,6,-900.0,4,6,3
Pre_Fix_DB (processed_trades_backup_pre_ghost_fix),TM_9,NQ,T197d1789884f,2024-06-06T12:31:10.333784,2024-06-06T12:31:46.284556,SHORT,19095.75,19090.75,6,600.0,0,8,3
Pre_Fix_DB (processed_trades_backup_pre_ghost_fix),TM_9,NQ,T49a5ee3a96b7,2024-06-06T12:43:40.437271,2024-06-06T12:45:11.441958,LONG,19079.0,19079.25,4,20.0,1,8,3
Pre_Fix_DB (processed_trades_backup_pre_ghost_fix),TM_9,NQ,T4f582cf9f9cf,2024-06-06T13:58:10.798498,2024-06-06T13:58:29.096163,LONG,19047.0,19047.25,4,20.0,0,9,3
Pre_Fix_DB (processed_trades_backup_pre_ghost_fix),TM_9,NQ,T8cadfdd95d59,2024-06-06T14:16:59.880352,2024-06-06T14:17:02.672817,SHORT,19053.25,19054.5,6,-150.0,0,10,3
Pre_Fix_DB (processed_trades_backup_pre_ghost_fix),TM_9,NQ,T8802bb6c810a,2024-06-06T15:30:01.925892,2024-06-06T15:30:06.807455,LONG,19063.0,19062.75,6,-30.0,0,11,3
Pre_Fix_DB (processed_trades_backup_pre_ghost_fix),TM_9,NQ,T735670eacacb,2024-06-06T17:01:56.818351,2024-06-06T17:01:57.353485,SHORT,19067.0,19067.0,6,0.0,0,13,3
Pre_Fix_DB (processed_trades_backup_pre_ghost_fix),TM_9,NQ,Ta2803d4f76d8,2024-06-06T18:09:04.807121,2024-06-06T18:09:05.307726,LONG,19031.5,19031.0,6,-60.0,0,14,3
Pre_Fix_DB (processed_trades_backup_pre_ghost_fix),TM_9,NQ,T5f7a35253f7e,2024-06-06T18:50:34.195387,2024-06-06T18:50:34.660661,SHORT,19066.75,19068.25,6,-180.0,0,14,3
Pre_Fix_DB (processed_trades_backup_pre_ghost_fix),TM_9,NQ,Td86709a11605,2024-06-07T12:37:52.520686,2024-06-07T12:37:59.808316,LONG,19023.25,19013.75,6,-1140.0,0,8,4
Pre_Fix_DB (processed_trades_backup_pre_ghost_fix),TM_9,NQ,Ta926baaf8ca7,2024-06-07T12:55:01.179196,2024-06-07T12:55:01.635886,LONG,18964.5,18962.75,6,-210.0,0,8,4
Pre_Fix_DB (processed_trades_backup_pre_ghost_fix),TM_9,NQ,Td9ab273554e5,2024-06-07T13:15:27.797348,2024-06-07T13:15:38.303684,LONG,19012.5,19010.75,6,-210.0,0,9,4
Pre_Fix_DB (processed_trades_backup_pre_ghost_fix),TM_9,NQ,T7de7706a2398,2024-06-07T13:15:38.785894,2024-06-07T13:24:24.066038,LONG,19011.25,19017.0,4,460.0,8,9,4
Pre_Fix_DB (processed_trades_backup_pre_ghost_fix),TM_9,NQ,Taf4046089c3c,2024-06-07T13:37:51.093148,2024-06-07T13:37:59.645327,LONG,19020.25,19016.25,4,-320.0,0,9,4
Pre_Fix_DB (processed_trades_backup_pre_ghost_fix),TM_9,NQ,T9ae85217ae53,2024-06-07T13:38:00.203090,2024-06-07T13:38:06.205891,LONG,19014.0,19008.5,4,-440.0,0,9,4
Pre_Fix_DB (processed_trades_backup_pre_ghost_fix),TM_9,NQ,T9d154f5d617d,2024-06-07T13:42:37.286955,2024-06-07T13:57:32.746273,LONG,19002.5,19028.5,4,2080.0,14,9,4
Pre_Fix_DB (processed_trades_backup_pre_ghost_fix),TM_9,NQ,Tc742089c8792,2024-06-07T19:02:08.895058,2024-06-07T19:04:16.575112,LONG,19058.5,19058.75,4,20.0,2,15,4
Pre_Fix_DB (processed_trades_backup_pre_ghost_fix),TM_9,NQ,T3d0e2c1dab06,2024-06-07T19:49:59.259818,2024-06-07T19:49:59.673356,SHORT,19026.75,19028.25,6,-180.0,0,15,4
Pre_Fix_DB (processed_trades_backup_pre_ghost_fix),TM_9,NQ,T899c20320881,2024-06-07T19:50:01.175953,2024-06-07T19:50:01.645754,SHORT,19026.75,19028.25,6,-180.0,0,15,4
Pre_Fix_DB (processed_trades_backup_pre_ghost_fix),TM_9,NQ,T28cef85884fb,2024-06-10T06:02:30.220003,2024-06-10T06:02:30.741876,SHORT,19030.25,19031.5,6,-150.0,0,2,0
Pre_Fix_DB (processed_trades_backup_pre_ghost_fix),TM_9,NQ,T36cf1bf79f41,2024-06-10T07:14:07.764923,2024-06-10T07:14:08.165606,SHORT,19005.5,19006.5,6,-120.0,0,3,0
Pre_Fix_DB (processed_trades_backup_pre_ghost_fix),TM_9,NQ,Tbf1c09640589,2024-06-10T13:18:29.179578,2024-06-10T13:18:29.681716,LONG,18985.25,18983.5,6,-210.0,0,9,0
Pre_Fix_DB (processed_trades_backup_pre_ghost_fix),TM_9,NQ,T92ddaf8674a1,2024-06-10T13:41:45.486274,2024-06-10T13:43:21.968355,LONG,19020.0,19012.0,6,-960.0,1,9,0
Pre_Fix_DB (processed_trades_backup_pre_ghost_fix),TM_9,NQ,T3d19e15323d8,2024-06-10T14:16:59.195211,2024-06-10T14:17:16.225200,SHORT,18993.5,19001.5,6,-960.0,0,10,0
Pre_Fix_DB (processed_trades_backup_pre_ghost_fix),TM_9,NQ,Ta0c59defdc06,2024-06-10T14:54:07.010263,2024-06-10T14:54:07.546427,SHORT,19056.75,19057.5,6,-90.0,0,10,0
Pre_Fix_DB (processed_trades_backup_pre_ghost_fix),TM_9,NQ,Tae9de09cbf02,2024-06-10T18:19:12.562211,2024-06-10T18:19:20.700486,LONG,19069.0,19067.0,6,-240.0,0,14,0
Pre_Fix_DB (processed_trades_backup_pre_ghost_fix),TM_9,NQ,T71d2cf9bb290,2024-06-30T22:00:56.665819,2024-06-30T22:04:41.660144,SHORT,19958.75,19968.0,6,-1110.0,3,18,6
Pre_Fix_DB (processed_trades_backup_pre_ghost_fix),TM_9,NQ,Tba211814dd5c,2024-06-30T23:17:57.392843,2024-06-30T23:18:01.857620,LONG,19946.75,19946.5,6,-30.0,0,19,6
Pre_Fix_DB (processed_trades_backup_pre_ghost_fix),TM_9,NQ,T4bc42c4c340d,2024-07-07T22:04:22.624006,2024-07-07T22:27:05.391451,LONG,20601.5,20601.75,4,20.0,22,18,6
Pre_Fix_DB (processed_trades_backup_pre_ghost_fix),TM_9,NQ,T84103dbab276,2024-07-14T22:00:23.718061,2024-07-14T22:00:24.275283,LONG,20552.0,20548.5,6,-420.0,0,18,6
Pre_Fix_DB (processed_trades_backup_pre_ghost_fix),TM_9,NQ,Tbd6d2b6df584,2024-07-21T22:00:42.019788,2024-07-21T22:00:42.584116,SHORT,19731.25,19736.25,6,-600.0,0,18,6
Pre_Fix_DB (processed_trades_backup_pre_ghost_fix),TM_9,NQ,T07d2c0cd3043,2024-07-21T22:16:19.030614,2024-07-21T22:21:43.998817,LONG,19759.75,19759.75,4,0.0,5,18,6
Pre_Fix_DB (processed_trades_backup_pre_ghost_fix),TM_9,NQ,Tb904c138f47f,2024-07-21T23:14:42.203430,2024-07-21T23:14:42.890050,SHORT,19813.75,19814.5,6,-90.0,0,19,6
Pre_Fix_DB (processed_trades_backup_pre_ghost_fix),TM_9,NQ,T1ec3f2e8f893,2024-07-21T23:18:28.527469,2024-07-21T23:26:22.939639,LONG,19826.75,19828.0,4,100.0,7,19,6
Pre_Fix_DB (processed_trades_backup_pre_ghost_fix),TM_9,NQ,T09fbf5856327,2024-08-04T22:06:49.354218,2024-08-04T22:06:49.785287,LONG,18292.0,18289.5,6,-300.0,0,18,6
Pre_Fix_DB (processed_trades_backup_pre_ghost_fix),TM_9,NQ,Tf089fc4154c8,2024-08-04T22:09:09.351472,2024-08-04T22:09:09.906925,SHORT,18292.0,18293.75,6,-210.0,0,18,6
Pre_Fix_DB (processed_trades_backup_pre_ghost_fix),TM_9,NQ,Te7d08c813aaa,2024-08-04T22:19:44.170257,2024-08-04T22:19:44.773206,SHORT,18316.5,18317.5,6,-120.0,0,18,6
Pre_Fix_DB (processed_trades_backup_pre_ghost_fix),TM_9,NQ,Tcc37edfcdff7,2024-08-04T22:51:19.348361,2024-08-04T22:51:19.721206,SHORT,18367.75,18369.75,6,-240.0,0,18,6
Pre_Fix_DB (processed_trades_backup_pre_ghost_fix),TM_9,NQ,T18be2c316ee8,2024-08-04T23:03:53.263808,2024-08-04T23:03:53.670554,LONG,18319.0,18315.0,6,-480.0,0,19,6
Pre_Fix_DB (processed_trades_backup_pre_ghost_fix),TM_9,NQ,T4c1a9428f798,2024-08-04T23:24:12.859874,2024-08-04T23:24:15.302855,LONG,18276.75,18273.0,6,-450.0,0,19,6
Pre_Fix_DB (processed_trades_backup_pre_ghost_fix),TM_9,NQ,Td154ace71176,2024-08-04T23:45:01.061171,2024-08-04T23:45:13.048059,LONG,18265.0,18262.0,6,-360.0,0,19,6
Pre_Fix_DB (processed_trades_backup_pre_ghost_fix),TM_9,NQ,T7a051771d78a,2024-10-27T22:00:52.352291,2024-10-27T22:00:53.382975,SHORT,20549.5,20548.0,6,180.0,0,18,6
Pre_Fix_DB (processed_trades_backup_pre_ghost_fix),TM_U-D-1_1,NQ,T1af48a38e135,2024-07-30T18:52:01.998421,2024-07-30T18:52:41.866916,LONG,18960.75,18953.25,6,-900.0,0,14,1
Pre_Fix_DB (processed_trades_backup_pre_ghost_fix),TM_U-D-1_1,NQ,T679f6808e504,2024-07-30T20:03:09.271154,2024-07-30T20:03:12.093582,LONG,18756.0,18752.0,6,-480.0,0,16,1
Pre_Fix_DB (processed_trades_backup_pre_ghost_fix),TM_U-D-1_1,NQ,T86ac03df49ce,2024-07-30T20:04:55.266483,2024-07-30T20:04:55.707353,SHORT,18754.25,18755.75,6,-180.0,0,16,1
Pre_Fix_DB (processed_trades_backup_pre_ghost_fix),TM_U-D-1_1,NQ,T5ab4e2ef6531,2024-08-02T09:30:22.651681,2024-08-02T09:33:05.285651,LONG,18679.75,18673.0,6,-810.0,2,5,4
Pre_Fix_DB (processed_trades_backup_pre_ghost_fix),TM_U-D-1_1,NQ,Tebba151ed358,2024-08-02T14:44:58.326884,2024-08-02T14:45:03.402823,SHORT,18452.5,18461.5,6,-1080.0,0,10,4
Pre_Fix_DB (processed_trades_backup_pre_ghost_fix),TM_U-D-1_1,NQ,T039aa7f32496,2024-08-02T15:52:02.059681,2024-08-02T15:52:05.651370,LONG,18569.75,18562.75,6,-840.0,0,11,4
Pre_Fix_DB (processed_trades_backup_pre_ghost_fix),TM_U-D-1_1,NQ,Tb24c96f028a7,2024-08-02T17:31:04.822726,2024-08-02T17:34:49.615768,LONG,18495.75,18486.5,4,-740.0,3,13,4
Pre_Fix_DB (processed_trades_backup_pre_ghost_fix),TM_U-D-1_1,NQ,Tc505303fb900,2024-08-02T19:00:07.823388,2024-08-02T19:00:13.601203,LONG,18520.5,18510.25,6,-1230.0,0,15,4
Pre_Fix_DB (processed_trades_backup_pre_ghost_fix),TM_U-D-1_1,NQ,Tf410bd41ebbd,2024-08-04T22:53:32.829280,2024-08-04T22:54:51.754592,LONG,18371.5,18364.75,6,-810.0,1,18,6
Pre_Fix_DB (processed_trades_backup_pre_ghost_fix),TM_U-D-1_1,NQ,T547ff3a582e4,2024-08-04T23:04:14.633719,2024-08-04T23:04:18.985624,LONG,18333.0,18328.75,6,-510.0,0,19,6
Pre_Fix_DB (processed_trades_backup_pre_ghost_fix),TM_U-D-1_1,NQ,T3661d3a8aab7,2024-08-06T06:47:08.625610,2024-08-06T06:47:41.924980,LONG,18283.0,18274.0,6,-1080.0,0,2,1
Pre_Fix_DB (processed_trades_backup_pre_ghost_fix),TM_U-D-1_1,NQ,Tbd063f0d0def,2024-08-06T07:00:47.929931,2024-08-06T07:00:55.476757,LONG,18243.25,18234.5,6,-1050.0,0,3,1
Pre_Fix_DB (processed_trades_backup_pre_ghost_fix),TM_U-D-1_1,NQ,T842148c0dcc4,2024-08-06T07:52:13.283847,2024-08-06T07:53:06.530295,LONG,18259.0,18251.25,6,-930.0,0,3,1
Pre_Fix_DB (processed_trades_backup_pre_ghost_fix),TM_U-D-1_1,NQ,T120a107501fc,2024-08-06T09:46:56.537638,2024-08-06T09:48:23.246517,LONG,18073.75,18064.25,6,-1140.0,1,5,1
Pre_Fix_DB (processed_trades_backup_pre_ghost_fix),TM_U-D-1_1,NQ,Tae63f21d88cc,2024-08-06T13:59:13.487864,2024-08-06T13:59:15.377630,LONG,18123.5,18120.0,6,-420.0,0,9,1
Pre_Fix_DB (processed_trades_backup_pre_ghost_fix),TM_U-D-1_1,NQ,T9f9c1ddc310f,2024-08-06T20:24:40.253474,2024-08-06T20:25:13.489863,LONG,18224.25,18214.75,6,-1140.0,0,16,1
Pre_Fix_DB (processed_trades_backup_pre_ghost_fix),TM_U-D-1_1,NQ,Ta47ded85620f,2024-08-07T01:57:54.493170,2024-08-07T01:58:07.334692,LONG,18285.25,18275.25,6,-1200.0,0,21,1
Pre_Fix_DB (processed_trades_backup_pre_ghost_fix),TM_U-D-1_1,NQ,T31dd915c9e9a,2024-08-07T03:03:08.109611,2024-08-07T03:04:46.883361,LONG,18364.75,18358.25,4,-520.0,1,23,1
Pre_Fix_DB (processed_trades_backup_pre_ghost_fix),TM_U-D-1_1,NQ,T555e85314101,2024-08-07T08:19:51.184601,2024-08-07T08:20:08.233932,LONG,18360.5,18352.5,6,-960.0,0,4,2
Pre_Fix_DB (processed_trades_backup_pre_ghost_fix),TM_U-D-1_1,NQ,Tb4e5220db78a,2024-08-07T10:15:50.237255,2024-08-07T10:16:55.565845,LONG,18426.5,18418.25,6,-990.0,1,6,2
Pre_Fix_DB (processed_trades_backup_pre_ghost_fix),TM_U-D-1_1,NQ,Ta72d7976c2a5,2024-08-07T12:29:55.109808,2024-08-07T12:29:59.133609,SHORT,18391.25,18395.25,6,-480.0,0,8,2
Pre_Fix_DB (processed_trades_backup_pre_ghost_fix),TM_U-D-1_1,NQ,T222eefa16337,2024-08-07T13:42:53.923034,2024-08-07T13:42:56.793965,LONG,18501.0,18494.75,6,-750.0,0,9,2
Pre_Fix_DB (processed_trades_backup_pre_ghost_fix),TM_U-D-1_1,NQ,T2de273367b06,2024-08-09T00:29:58.935851,2024-08-09T00:30:00.492214,LONG,18520.75,18517.0,6,-450.0,0,20,3
Pre_Fix_DB (processed_trades_backup_pre_ghost_fix),TM_U-D-1_1,NQ,Tef5fda5cb613,2024-08-13T01:17:51.179624,2024-08-13T01:22:42.522884,LONG,18660.75,18652.75,6,-960.0,4,21,0
Pre_Fix_DB (processed_trades_backup_pre_ghost_fix),V500_SIM10,NQ,T541cadfaf4a2,2024-10-22T16:25:39.094527,2024-10-22T16:25:40.349549,LONG,20443.5,20442.5,5,-100.0,0,12,1
Pre_Fix_DB (processed_trades_backup_pre_ghost_fix),V500_SIM10,NQ,T4e37590427ec,2024-10-22T16:29:03.305618,2024-10-22T16:29:03.724428,LONG,20433.25,20433.25,5,0.0,0,12,1
Pre_Fix_DB (processed_trades_backup_pre_ghost_fix),V500_SIM10,NQ,T38bc8f4aa3da,2024-10-22T16:31:50.585975,2024-10-22T16:31:51.189385,SHORT,20445.75,20446.25,4,-40.0,0,12,1
Pre_Fix_DB (processed_trades_backup_pre_ghost_fix),TM_9,ZBM,Td12e236db1ba,2024-05-27T07:23:09.653217,2024-05-27T10:40:15.665884,SHORT,116.8125,116.96875,6,-0.94,197,3,0
Pre_Fix_DB (processed_trades_backup_pre_ghost_fix),TM_9,ZBM,T6fb2d7dc0b3f,2024-05-28T17:01:57.108179,2024-05-28T17:44:00.297949,LONG,116.09375,115.78125,4,-1.25,42,13,1
Pre_Fix_DB (processed_trades_backup_pre_ghost_fix),TM_9,ZBM,Ta7fd5707402b,2024-05-28T19:22:10.219091,2024-05-28T19:22:10.682771,SHORT,115.84375,115.875,8,-0.25,0,15,1
Pre_Fix_DB (processed_trades_backup_pre_ghost_fix),TM_10,ZBU,T8b8f104d0499,2024-06-06T11:48:52.633886,2024-06-06T12:15:55.448662,LONG,118.96875,118.875,6,-0.56,27,7,3
Pre_Fix_DB (processed_trades_backup_pre_ghost_fix),TM_10,ZBU,T17493c714ed3,2024-06-06T12:36:16.137623,2024-06-06T13:32:54.876050,SHORT,118.9375,119.15625,6,-1.31,56,8,3
Pre_Fix_DB (processed_trades_backup_pre_ghost_fix),TM_9,ZBU,T96f98baf578f,2024-05-30T07:21:01.755738,2024-05-30T07:21:02.299181,SHORT,115.09375,115.125,6,-0.19,0,3,3
Pre_Fix_DB (processed_trades_backup_pre_ghost_fix),TM_9,ZBU,Tc7befc310ff3,2024-06-02T22:43:28.465033,2024-06-02T22:43:29.059855,LONG,116.28125,116.25,6,-0.19,0,18,6
Pre_Fix_DB (processed_trades_backup_pre_ghost_fix),TM_9,ZBU,T2308ee470ed7,2024-06-03T13:07:03.703720,2024-06-03T13:07:04.139074,SHORT,116.71875,116.75,6,-0.19,0,9,0
Pre_Fix_DB (processed_trades_backup_pre_ghost_fix),TM_9,ZBU,Tef329b7d063a,2024-06-04T15:42:44.620268,2024-06-04T15:42:45.129838,LONG,118.46875,118.4375,6,-0.19,0,11,1
Pre_Fix_DB (processed_trades_backup_pre_ghost_fix),TM_9,ZBU,T2a0f1796b445,2024-06-05T12:44:50.519700,2024-06-05T12:44:51.006930,SHORT,118.96875,119.0,6,-0.19,0,8,2
Pre_Fix_DB (processed_trades_backup_pre_ghost_fix),TM_9,ZBU,Tb373237d7848,2024-06-05T15:05:47.625643,2024-06-05T15:05:48.094469,SHORT,119.0625,119.09375,6,-0.19,0,11,2
Pre_Fix_DB (processed_trades_backup_pre_ghost_fix),TM_9,ZBU,T6fbc17752607,2024-06-05T15:05:48.893812,2024-06-05T15:05:49.365140,SHORT,119.0625,119.09375,6,-0.19,0,11,2
Pre_Fix_DB (processed_trades_backup_pre_ghost_fix),TM_9,ZBU,T1d6f93f1361d,2024-06-06T08:26:20.615206,2024-06-06T11:52:11.701859,LONG,119.03125,118.90625,6,-0.75,205,4,3
Pre_Fix_DB (processed_trades_backup_pre_ghost_fix),TM_9,ZBU,T0e43ed58bb3d,2024-06-06T12:35:10.355365,2024-06-06T12:35:10.823744,SHORT,118.96875,119.0,6,-0.19,0,8,3
Pre_Fix_DB (processed_trades_backup_pre_ghost_fix),TM_10,ZNU,T7106d8d6945d,2024-06-04T15:58:56.497836,2024-06-04T15:58:56.808143,LONG,110.0,109.984375,6,-0.09,0,11,1
Pre_Fix_DB (processed_trades_backup_pre_ghost_fix),TM_10,ZNU,T3671e214b18e,2024-06-05T12:22:27.353276,2024-06-05T13:30:00.072371,SHORT,110.0,110.140625,6,-0.84,67,8,2
Pre_Fix_DB (processed_trades_backup_pre_ghost_fix),TM_10,ZNU,T9d607fc72106,2024-06-05T15:16:29.343477,2024-06-05T15:16:29.791860,LONG,110.234375,110.21875,6,-0.09,0,11,2
Pre_Fix_DB (processed_trades_backup_pre_ghost_fix),TM_10,ZNU,T9f20add8f0e0,2024-06-05T15:16:30.678365,2024-06-05T15:16:31.125021,LONG,110.234375,110.21875,6,-0.09,0,11,2
Pre_Fix_DB (processed_trades_backup_pre_ghost_fix),TM_10,ZNU,T31a56a37a1ee,2024-06-06T12:35:10.354974,2024-06-06T12:35:10.728508,LONG,110.1875,110.171875,6,-0.09,0,8,3
Pre_Fix_DB (processed_trades_backup_pre_ghost_fix),TM_9,ZNU,Tf0abe1ac197f,2024-06-07T20:15:01.469672,2024-06-07T20:15:01.799662,SHORT,109.28125,109.296875,6,-0.09,0,16,4
Pre_Fix_DB (processed_trades_backup_pre_ghost_fix),TM_9,ZNU,T17c976f3a388,2024-06-07T20:15:03.430465,2024-06-07T20:15:03.760279,SHORT,109.28125,109.296875,6,-0.09,0,16,4
